path,local_path,type,size,compressed_size,zip_mode,zip_timestamp,sha256,symlink_target
file_contexts,file_contexts,file,173007,24860,0o100644,2009-01-01 00:00:00,cf7e2d5b98b86ca5af4483f253c8b8f3f9a3cef46b777e04770a74cedfb9fb28,
device_table.txt,device_table.txt,file,1223,422,0o100644,2009-01-01 00:00:00,72dfd03d5b237f468b08b3d7e2da604f8784e4beae482e87e13d4aa6d05327e5,
system/__emptyfile__,system/__emptyfile__,file,0,0,0o40755,2024-02-02 11:17:48,e3b0c44298fc1c149afbf4c8996fb92427ae41e4649b934ca495991b7852b855,
system/,system/,directory,0,0,0o40755,2009-01-01 00:00:00,,
system/build.prop,system/build.prop,file,69,67,0o100644,2009-01-01 00:00:00,b0e41b8576d3f5a5321a495ebb69d6f371560ba98e3ab74e3a79c6279943be09,
system/home/__emptyfile__,system/home/__emptyfile__,file,0,0,0o40755,2024-02-02 11:17:48,e3b0c44298fc1c149afbf4c8996fb92427ae41e4649b934ca495991b7852b855,
system/home/,system/home/,directory,0,0,0o40755,2009-01-01 00:00:00,,
system/home/qrtr/__emptyfile__,system/home/qrtr/__emptyfile__,file,0,0,0o40755,2024-02-02 11:17:48,e3b0c44298fc1c149afbf4c8996fb92427ae41e4649b934ca495991b7852b855,
system/home/qrtr/,system/home/qrtr/,directory,0,0,0o40755,2009-01-01 00:00:00,,
system/home/qrtr/.bashrc,system/home/qrtr/.bashrc,file,410,256,0o100755,2009-01-01 00:00:00,a58074b4d1a36caebb6617d019643dd334f430332ad7ee63e1a55d9276b505ce,
system/home/qrtr/.profile,system/home/qrtr/.profile,file,241,181,0o100755,2009-01-01 00:00:00,ae9f94718cf33010670937eb2b92dcacf1f8c0f5ec51eca6ae3f1347c0b224db,
system/home/audio/__emptyfile__,system/home/audio/__emptyfile__,file,0,0,0o40755,2024-02-02 11:17:48,e3b0c44298fc1c149afbf4c8996fb92427ae41e4649b934ca495991b7852b855,
system/home/audio/,system/home/audio/,directory,0,0,0o40755,2009-01-01 00:00:00,,
system/home/audio/.bashrc,system/home/audio/.bashrc,file,410,256,0o100755,2009-01-01 00:00:00,a58074b4d1a36caebb6617d019643dd334f430332ad7ee63e1a55d9276b505ce,
system/home/audio/.profile,system/home/audio/.profile,file,241,181,0o100755,2009-01-01 00:00:00,ae9f94718cf33010670937eb2b92dcacf1f8c0f5ec51eca6ae3f1347c0b224db,
system/home/bluetooth/__emptyfile__,system/home/bluetooth/__emptyfile__,file,0,0,0o40755,2024-02-02 11:17:48,e3b0c44298fc1c149afbf4c8996fb92427ae41e4649b934ca495991b7852b855,
system/home/bluetooth/,system/home/bluetooth/,directory,0,0,0o40755,2009-01-01 00:00:00,,
system/home/bluetooth/.bashrc,system/home/bluetooth/.bashrc,file,410,256,0o100755,2009-01-01 00:00:00,a58074b4d1a36caebb6617d019643dd334f430332ad7ee63e1a55d9276b505ce,
system/home/bluetooth/.profile,system/home/bluetooth/.profile,file,241,181,0o100755,2009-01-01 00:00:00,ae9f94718cf33010670937eb2b92dcacf1f8c0f5ec51eca6ae3f1347c0b224db,
system/home/ipcwebsvr/__emptyfile__,system/home/ipcwebsvr/__emptyfile__,file,0,0,0o40755,2024-02-02 11:17:48,e3b0c44298fc1c149afbf4c8996fb92427ae41e4649b934ca495991b7852b855,
system/home/ipcwebsvr/,system/home/ipcwebsvr/,directory,0,0,0o40755,2009-01-01 00:00:00,,
system/home/ipcwebsvr/.bashrc,system/home/ipcwebsvr/.bashrc,file,410,256,0o100755,2009-01-01 00:00:00,a58074b4d1a36caebb6617d019643dd334f430332ad7ee63e1a55d9276b505ce,
system/home/ipcwebsvr/.profile,system/home/ipcwebsvr/.profile,file,241,181,0o100755,2009-01-01 00:00:00,ae9f94718cf33010670937eb2b92dcacf1f8c0f5ec51eca6ae3f1347c0b224db,
system/home/mcm/__emptyfile__,system/home/mcm/__emptyfile__,file,0,0,0o40755,2024-02-02 11:17:48,e3b0c44298fc1c149afbf4c8996fb92427ae41e4649b934ca495991b7852b855,
system/home/mcm/,system/home/mcm/,directory,0,0,0o40755,2009-01-01 00:00:00,,
system/home/mcm/.bashrc,system/home/mcm/.bashrc,file,410,256,0o100755,2009-01-01 00:00:00,a58074b4d1a36caebb6617d019643dd334f430332ad7ee63e1a55d9276b505ce,
system/home/mcm/.profile,system/home/mcm/.profile,file,241,181,0o100755,2009-01-01 00:00:00,ae9f94718cf33010670937eb2b92dcacf1f8c0f5ec51eca6ae3f1347c0b224db,
system/home/leprop/__emptyfile__,system/home/leprop/__emptyfile__,file,0,0,0o40755,2024-02-02 11:17:48,e3b0c44298fc1c149afbf4c8996fb92427ae41e4649b934ca495991b7852b855,
system/home/leprop/,system/home/leprop/,directory,0,0,0o40755,2009-01-01 00:00:00,,
system/home/leprop/.bashrc,system/home/leprop/.bashrc,file,410,256,0o100755,2009-01-01 00:00:00,a58074b4d1a36caebb6617d019643dd334f430332ad7ee63e1a55d9276b505ce,
system/home/leprop/.profile,system/home/leprop/.profile,file,241,181,0o100755,2009-01-01 00:00:00,ae9f94718cf33010670937eb2b92dcacf1f8c0f5ec51eca6ae3f1347c0b224db,
system/home/vnw/__emptyfile__,system/home/vnw/__emptyfile__,file,0,0,0o40755,2024-02-02 11:17:48,e3b0c44298fc1c149afbf4c8996fb92427ae41e4649b934ca495991b7852b855,
system/home/vnw/,system/home/vnw/,directory,0,0,0o40755,2009-01-01 00:00:00,,
system/home/vnw/.bashrc,system/home/vnw/.bashrc,file,410,256,0o100755,2009-01-01 00:00:00,a58074b4d1a36caebb6617d019643dd334f430332ad7ee63e1a55d9276b505ce,
system/home/vnw/.profile,system/home/vnw/.profile,file,241,181,0o100755,2009-01-01 00:00:00,ae9f94718cf33010670937eb2b92dcacf1f8c0f5ec51eca6ae3f1347c0b224db,
system/home/camera/__emptyfile__,system/home/camera/__emptyfile__,file,0,0,0o40755,2024-02-02 11:17:48,e3b0c44298fc1c149afbf4c8996fb92427ae41e4649b934ca495991b7852b855,
system/home/camera/,system/home/camera/,directory,0,0,0o40755,2009-01-01 00:00:00,,
system/home/camera/.bashrc,system/home/camera/.bashrc,file,410,256,0o100755,2009-01-01 00:00:00,a58074b4d1a36caebb6617d019643dd334f430332ad7ee63e1a55d9276b505ce,
system/home/camera/.profile,system/home/camera/.profile,file,241,181,0o100755,2009-01-01 00:00:00,ae9f94718cf33010670937eb2b92dcacf1f8c0f5ec51eca6ae3f1347c0b224db,
system/home/powermgr/__emptyfile__,system/home/powermgr/__emptyfile__,file,0,0,0o40755,2024-02-02 11:17:48,e3b0c44298fc1c149afbf4c8996fb92427ae41e4649b934ca495991b7852b855,
system/home/powermgr/,system/home/powermgr/,directory,0,0,0o40755,2009-01-01 00:00:00,,
system/home/powermgr/.bashrc,system/home/powermgr/.bashrc,file,410,256,0o100755,2009-01-01 00:00:00,a58074b4d1a36caebb6617d019643dd334f430332ad7ee63e1a55d9276b505ce,
system/home/powermgr/.profile,system/home/powermgr/.profile,file,241,181,0o100755,2009-01-01 00:00:00,ae9f94718cf33010670937eb2b92dcacf1f8c0f5ec51eca6ae3f1347c0b224db,
system/home/qmmfsvr/__emptyfile__,system/home/qmmfsvr/__emptyfile__,file,0,0,0o40755,2024-02-02 11:17:48,e3b0c44298fc1c149afbf4c8996fb92427ae41e4649b934ca495991b7852b855,
system/home/qmmfsvr/,system/home/qmmfsvr/,directory,0,0,0o40755,2009-01-01 00:00:00,,
system/home/qmmfsvr/.bashrc,system/home/qmmfsvr/.bashrc,file,410,256,0o100755,2009-01-01 00:00:00,a58074b4d1a36caebb6617d019643dd334f430332ad7ee63e1a55d9276b505ce,
system/home/qmmfsvr/.profile,system/home/qmmfsvr/.profile,file,241,181,0o100755,2009-01-01 00:00:00,ae9f94718cf33010670937eb2b92dcacf1f8c0f5ec51eca6ae3f1347c0b224db,
system/home/locclient/__emptyfile__,system/home/locclient/__emptyfile__,file,0,0,0o40755,2024-02-02 11:17:48,e3b0c44298fc1c149afbf4c8996fb92427ae41e4649b934ca495991b7852b855,
system/home/locclient/,system/home/locclient/,directory,0,0,0o40755,2009-01-01 00:00:00,,
system/home/locclient/.bashrc,system/home/locclient/.bashrc,file,410,256,0o100755,2009-01-01 00:00:00,a58074b4d1a36caebb6617d019643dd334f430332ad7ee63e1a55d9276b505ce,
system/home/locclient/.profile,system/home/locclient/.profile,file,241,181,0o100755,2009-01-01 00:00:00,ae9f94718cf33010670937eb2b92dcacf1f8c0f5ec51eca6ae3f1347c0b224db,
system/home/media/__emptyfile__,system/home/media/__emptyfile__,file,0,0,0o40755,2024-02-02 11:17:48,e3b0c44298fc1c149afbf4c8996fb92427ae41e4649b934ca495991b7852b855,
system/home/media/,system/home/media/,directory,0,0,0o40755,2009-01-01 00:00:00,,
system/home/media/.bashrc,system/home/media/.bashrc,file,410,256,0o100755,2009-01-01 00:00:00,a58074b4d1a36caebb6617d019643dd334f430332ad7ee63e1a55d9276b505ce,
system/home/media/.profile,system/home/media/.profile,file,241,181,0o100755,2009-01-01 00:00:00,ae9f94718cf33010670937eb2b92dcacf1f8c0f5ec51eca6ae3f1347c0b224db,
system/home/sensors/__emptyfile__,system/home/sensors/__emptyfile__,file,0,0,0o40755,2024-02-02 11:17:48,e3b0c44298fc1c149afbf4c8996fb92427ae41e4649b934ca495991b7852b855,
system/home/sensors/,system/home/sensors/,directory,0,0,0o40755,2009-01-01 00:00:00,,
system/home/sensors/.bashrc,system/home/sensors/.bashrc,file,410,256,0o100755,2009-01-01 00:00:00,a58074b4d1a36caebb6617d019643dd334f430332ad7ee63e1a55d9276b505ce,
system/home/sensors/.profile,system/home/sensors/.profile,file,241,181,0o100755,2009-01-01 00:00:00,ae9f94718cf33010670937eb2b92dcacf1f8c0f5ec51eca6ae3f1347c0b224db,
system/home/input/__emptyfile__,system/home/input/__emptyfile__,file,0,0,0o40755,2024-02-02 11:17:48,e3b0c44298fc1c149afbf4c8996fb92427ae41e4649b934ca495991b7852b855,
system/home/input/,system/home/input/,directory,0,0,0o40755,2009-01-01 00:00:00,,
system/home/input/.bashrc,system/home/input/.bashrc,file,410,256,0o100755,2009-01-01 00:00:00,a58074b4d1a36caebb6617d019643dd334f430332ad7ee63e1a55d9276b505ce,
system/home/input/.profile,system/home/input/.profile,file,241,181,0o100755,2009-01-01 00:00:00,ae9f94718cf33010670937eb2b92dcacf1f8c0f5ec51eca6ae3f1347c0b224db,
system/home/system/__emptyfile__,system/home/system/__emptyfile__,file,0,0,0o40755,2024-02-02 11:17:48,e3b0c44298fc1c149afbf4c8996fb92427ae41e4649b934ca495991b7852b855,
system/home/system/,system/home/system/,directory,0,0,0o40755,2009-01-01 00:00:00,,
system/home/system/.bashrc,system/home/system/.bashrc,file,410,256,0o100755,2009-01-01 00:00:00,a58074b4d1a36caebb6617d019643dd334f430332ad7ee63e1a55d9276b505ce,
system/home/system/.profile,system/home/system/.profile,file,241,181,0o100755,2009-01-01 00:00:00,ae9f94718cf33010670937eb2b92dcacf1f8c0f5ec51eca6ae3f1347c0b224db,
system/home/logd/__emptyfile__,system/home/logd/__emptyfile__,file,0,0,0o40755,2024-02-02 11:17:48,e3b0c44298fc1c149afbf4c8996fb92427ae41e4649b934ca495991b7852b855,
system/home/logd/,system/home/logd/,directory,0,0,0o40755,2009-01-01 00:00:00,,
system/home/logd/.bashrc,system/home/logd/.bashrc,file,410,256,0o100755,2009-01-01 00:00:00,a58074b4d1a36caebb6617d019643dd334f430332ad7ee63e1a55d9276b505ce,
system/home/logd/.profile,system/home/logd/.profile,file,241,181,0o100755,2009-01-01 00:00:00,ae9f94718cf33010670937eb2b92dcacf1f8c0f5ec51eca6ae3f1347c0b224db,
system/home/radio/__emptyfile__,system/home/radio/__emptyfile__,file,0,0,0o40755,2024-02-02 11:17:48,e3b0c44298fc1c149afbf4c8996fb92427ae41e4649b934ca495991b7852b855,
system/home/radio/,system/home/radio/,directory,0,0,0o40755,2009-01-01 00:00:00,,
system/home/radio/.bashrc,system/home/radio/.bashrc,file,410,256,0o100755,2009-01-01 00:00:00,a58074b4d1a36caebb6617d019643dd334f430332ad7ee63e1a55d9276b505ce,
system/home/radio/.profile,system/home/radio/.profile,file,241,181,0o100755,2009-01-01 00:00:00,ae9f94718cf33010670937eb2b92dcacf1f8c0f5ec51eca6ae3f1347c0b224db,
system/home/wifi/__emptyfile__,system/home/wifi/__emptyfile__,file,0,0,0o40755,2024-02-02 11:17:48,e3b0c44298fc1c149afbf4c8996fb92427ae41e4649b934ca495991b7852b855,
system/home/wifi/,system/home/wifi/,directory,0,0,0o40755,2009-01-01 00:00:00,,
system/home/wifi/.bashrc,system/home/wifi/.bashrc,file,410,256,0o100755,2009-01-01 00:00:00,a58074b4d1a36caebb6617d019643dd334f430332ad7ee63e1a55d9276b505ce,
system/home/wifi/.profile,system/home/wifi/.profile,file,241,181,0o100755,2009-01-01 00:00:00,ae9f94718cf33010670937eb2b92dcacf1f8c0f5ec51eca6ae3f1347c0b224db,
system/home/qmmfwebsvr/__emptyfile__,system/home/qmmfwebsvr/__emptyfile__,file,0,0,0o40755,2024-02-02 11:17:48,e3b0c44298fc1c149afbf4c8996fb92427ae41e4649b934ca495991b7852b855,
system/home/qmmfwebsvr/,system/home/qmmfwebsvr/,directory,0,0,0o40755,2009-01-01 00:00:00,,
system/home/qmmfwebsvr/.bashrc,system/home/qmmfwebsvr/.bashrc,file,410,256,0o100755,2009-01-01 00:00:00,a58074b4d1a36caebb6617d019643dd334f430332ad7ee63e1a55d9276b505ce,
system/home/qmmfwebsvr/.profile,system/home/qmmfwebsvr/.profile,file,241,181,0o100755,2009-01-01 00:00:00,ae9f94718cf33010670937eb2b92dcacf1f8c0f5ec51eca6ae3f1347c0b224db,
system/home/root/__emptyfile__,system/home/root/__emptyfile__,file,0,0,0o40700,2024-02-02 11:17:48,e3b0c44298fc1c149afbf4c8996fb92427ae41e4649b934ca495991b7852b855,
system/home/root/,system/home/root/,directory,0,0,0o40700,2009-01-01 00:00:00,,
system/home/adb/__emptyfile__,system/home/adb/__emptyfile__,file,0,0,0o40755,2024-02-02 11:17:48,e3b0c44298fc1c149afbf4c8996fb92427ae41e4649b934ca495991b7852b855,
system/home/adb/,system/home/adb/,directory,0,0,0o40755,2009-01-01 00:00:00,,
system/home/adb/.bashrc,system/home/adb/.bashrc,file,410,256,0o100755,2009-01-01 00:00:00,a58074b4d1a36caebb6617d019643dd334f430332ad7ee63e1a55d9276b505ce,
system/home/adb/.profile,system/home/adb/.profile,file,241,181,0o100755,2009-01-01 00:00:00,ae9f94718cf33010670937eb2b92dcacf1f8c0f5ec51eca6ae3f1347c0b224db,
system/home/gps/__emptyfile__,system/home/gps/__emptyfile__,file,0,0,0o40755,2024-02-02 11:17:48,e3b0c44298fc1c149afbf4c8996fb92427ae41e4649b934ca495991b7852b855,
system/home/gps/,system/home/gps/,directory,0,0,0o40755,2009-01-01 00:00:00,,
system/home/gps/.bashrc,system/home/gps/.bashrc,file,410,256,0o100755,2009-01-01 00:00:00,a58074b4d1a36caebb6617d019643dd334f430332ad7ee63e1a55d9276b505ce,
system/home/gps/.profile,system/home/gps/.profile,file,241,181,0o100755,2009-01-01 00:00:00,ae9f94718cf33010670937eb2b92dcacf1f8c0f5ec51eca6ae3f1347c0b224db,
system/home/apps/__emptyfile__,system/home/apps/__emptyfile__,file,0,0,0o40755,2024-02-02 11:17:48,e3b0c44298fc1c149afbf4c8996fb92427ae41e4649b934ca495991b7852b855,
system/home/apps/,system/home/apps/,directory,0,0,0o40755,2009-01-01 00:00:00,,
system/home/apps/.bashrc,system/home/apps/.bashrc,file,410,256,0o100755,2009-01-01 00:00:00,a58074b4d1a36caebb6617d019643dd334f430332ad7ee63e1a55d9276b505ce,
system/home/apps/.profile,system/home/apps/.profile,file,241,181,0o100755,2009-01-01 00:00:00,ae9f94718cf33010670937eb2b92dcacf1f8c0f5ec51eca6ae3f1347c0b224db,
system/home/ubi/__emptyfile__,system/home/ubi/__emptyfile__,file,0,0,0o40755,2024-02-02 11:17:48,e3b0c44298fc1c149afbf4c8996fb92427ae41e4649b934ca495991b7852b855,
system/home/ubi/,system/home/ubi/,directory,0,0,0o40755,2009-01-01 00:00:00,,
system/home/ubi/.bashrc,system/home/ubi/.bashrc,file,410,256,0o100755,2009-01-01 00:00:00,a58074b4d1a36caebb6617d019643dd334f430332ad7ee63e1a55d9276b505ce,
system/home/ubi/.profile,system/home/ubi/.profile,file,241,181,0o100755,2009-01-01 00:00:00,ae9f94718cf33010670937eb2b92dcacf1f8c0f5ec51eca6ae3f1347c0b224db,
system/home/graphics/__emptyfile__,system/home/graphics/__emptyfile__,file,0,0,0o40755,2024-02-02 11:17:48,e3b0c44298fc1c149afbf4c8996fb92427ae41e4649b934ca495991b7852b855,
system/home/graphics/,system/home/graphics/,directory,0,0,0o40755,2009-01-01 00:00:00,,
system/home/graphics/.bashrc,system/home/graphics/.bashrc,file,410,256,0o100755,2009-01-01 00:00:00,a58074b4d1a36caebb6617d019643dd334f430332ad7ee63e1a55d9276b505ce,
system/home/graphics/.profile,system/home/graphics/.profile,file,241,181,0o100755,2009-01-01 00:00:00,ae9f94718cf33010670937eb2b92dcacf1f8c0f5ec51eca6ae3f1347c0b224db,
system/sbin/__emptyfile__,system/sbin/__emptyfile__,file,0,0,0o40755,2024-02-02 11:17:48,e3b0c44298fc1c149afbf4c8996fb92427ae41e4649b934ca495991b7852b855,
system/sbin/,system/sbin/,directory,0,0,0o40755,2009-01-01 00:00:00,,
system/sbin/fs-scrub-daemon,system/sbin/fs-scrub-daemon,file,26376,12338,0o100755,2009-01-01 00:00:00,ef93a8a46ec9d7ed88bfe30eef92c75a0cb43575d8c22ef909617777c6e90ba6,
system/sbin/reboot-daemon,system/sbin/reboot-daemon,file,5764,2113,0o100755,2009-01-01 00:00:00,a645633ce18f779f9441d6d5d8f6bd8cc80005db289fac2b8ee117d318a0cb0b,
system/sbin/sys_shutdown,system/sbin/sys_shutdown,file,9860,4036,0o100755,2009-01-01 00:00:00,3d62cadc79c1f4d60d7f33a4ccd4296f1db62c050ba52fffa174849bd123bed8,
system/sbin/init_mss,system/sbin/init_mss,file,5760,1941,0o100755,2009-01-01 00:00:00,e5013f10f5cb844ea58382a30217caf12bae7b2dd5449d105f9ff5186e14fdba,
system/sbin/setfiles,system/sbin/setfiles,file,13952,6024,0o100755,2009-01-01 00:00:00,1b8986b485d83eed9a6ec01774901fa0d9ea6acbf2d586a80a127a887c66a1ca,
system/sbin/agetty,system/sbin/agetty,file,39176,22845,0o100755,2009-01-01 00:00:00,2c49d9c4d2ae5ab92d28039eb45a8bd108065f9c5c3f780d7f3d53c5465f75f5,
system/sbin/rtmon,system/sbin/rtmon,file,26244,13486,0o100755,2009-01-01 00:00:00,bc4d69c9c0a759396995cdc7b6b58d613ce94ee1add8650f3169f0605095341a,
system/sbin/ifcfg,system/sbin/ifcfg,file,3110,1158,0o100755,2009-01-01 00:00:00,5521ed0f45d8371aa1be215f4c2f05f005d8b5ba3c0b471fd8b04455df4331dc,
system/sbin/usb/__emptyfile__,system/sbin/usb/__emptyfile__,file,0,0,0o40755,2024-02-02 11:17:48,e3b0c44298fc1c149afbf4c8996fb92427ae41e4649b934ca495991b7852b855,
system/sbin/usb/,system/sbin/usb/,directory,0,0,0o40755,2009-01-01 00:00:00,,
system/sbin/usb/debuger/__emptyfile__,system/sbin/usb/debuger/__emptyfile__,file,0,0,0o40755,2024-02-02 11:17:48,e3b0c44298fc1c149afbf4c8996fb92427ae41e4649b934ca495991b7852b855,
system/sbin/usb/debuger/,system/sbin/usb/debuger/,directory,0,0,0o40755,2009-01-01 00:00:00,,
system/sbin/usb/debuger/debugFiles,system/sbin/usb/debuger/debugFiles,file,866,157,0o100755,2009-01-01 00:00:00,44f72c45872acd2cd1e03d64948ffdfbc1b34ad7ae5b66686826f300743e7f67,
system/sbin/usb/debuger/help,system/sbin/usb/debuger/help,file,1261,592,0o100755,2009-01-01 00:00:00,93f93703cab6d0aa4ba55b69b5b2ddb7af8ac67df5b2fc466dbbe227ca54a3e7,
system/sbin/usb/target,system/sbin/usb/target,file,2784,1243,0o100755,2009-01-01 00:00:00,daaaf8e2c885d9eb063bd6f7f260f68eb6439eb4c1b84501f723583976119afa,
system/sbin/usb/compositions/__emptyfile__,system/sbin/usb/compositions/__emptyfile__,file,0,0,0o40755,2024-02-02 11:17:48,e3b0c44298fc1c149afbf4c8996fb92427ae41e4649b934ca495991b7852b855,
system/sbin/usb/compositions/,system/sbin/usb/compositions/,directory,0,0,0o40755,2009-01-01 00:00:00,,
system/sbin/usb/compositions/9022,system/sbin/usb/compositions/9022,file,6471,1760,0o100755,2009-01-01 00:00:00,c4015ee17230e9ece15a89dec1a510cc44a8508977689b366b3b09c35b84f54a,
system/sbin/usb/compositions/904A,system/sbin/usb/compositions/904A,file,3807,1506,0o100755,2009-01-01 00:00:00,1955480f7f314d2c5bcb98be1e34ed2801e6b3d27a6e4d16f8c36b3ab9ada3ef,
system/sbin/usb/compositions/90B0,system/sbin/usb/compositions/90B0,file,2423,1205,0o100755,2009-01-01 00:00:00,e964da47cbdb89556a776378032981323b0141e112b5fee547dc974ca694cf08,
system/sbin/usb/compositions/90B1,system/sbin/usb/compositions/90B1,file,3290,1413,0o100755,2009-01-01 00:00:00,bd278ac74026a6bb523f7949da864d342f8b6689c6e3753c21a8c8332f52d0f1,
system/sbin/usb/compositions/9056,system/sbin/usb/compositions/9056,file,7486,1888,0o100755,2009-01-01 00:00:00,f9f6bfbff49083153d3915cbe4483f9c506c1e125ee37f06c34a4f89a5a1ab7f,
system/sbin/usb/compositions/hsic_next,system/sbin/usb/compositions/hsic_next,file,2,2,0o100755,2009-01-01 00:00:00,9a271f2a916b0b6ee6cecb2426f0b3206ef074578be55d9bc94f6f3fe3ab86aa,
system/sbin/usb/compositions/910D,system/sbin/usb/compositions/910D,file,2605,1383,0o100755,2009-01-01 00:00:00,8f3d6e5abd19946d79b6f33550c38a12147f29bfd37f8e7a4aed4c50c0553a51,
system/sbin/usb/compositions/901C,system/sbin/usb/compositions/901C,file,2564,1322,0o100755,2009-01-01 00:00:00,a1a78ef3190469a132816463c53bc4bc93399d9891f57b81dabe724ad6028dfa,
system/sbin/usb/compositions/F000,system/sbin/usb/compositions/F000,file,2818,1340,0o100755,2009-01-01 00:00:00,aad37e95be8e30225b1a8c9cf2981fa7abcfb1bffb063f2e3f11d887d74340fc,
system/sbin/usb/compositions/9102,system/sbin/usb/compositions/9102,file,2867,1480,0o100755,2009-01-01 00:00:00,7416c7855911675d412a5a06f92933789d0572bd0238f0ba0d97588f83574175,
system/sbin/usb/compositions/9085,system/sbin/usb/compositions/9085,file,6945,1809,0o100755,2009-01-01 00:00:00,1daca3ca26f7e10e3dd12bef348d831a7e72cad7b900d6e231a7ef13e7099632,
system/sbin/usb/compositions/90D5,system/sbin/usb/compositions/90D5,file,4742,1740,0o100755,2009-01-01 00:00:00,6dadf43818257a2a468cfe758883dbc2d94914227e3a98a9007b6f7a87b3efa0,
system/sbin/usb/compositions/9103,system/sbin/usb/compositions/9103,file,2685,1389,0o100755,2009-01-01 00:00:00,abd658f4524392f2dd630b9d6e8cd32f027c7c302fd9c1db07f98ea8f6c88c73,
system/sbin/usb/compositions/905B,system/sbin/usb/compositions/905B,file,5672,1516,0o100755,2009-01-01 00:00:00,9e0bbd20349b98ab99bcaa5bc3de00560582c33ae52aa6bd49673a478f278f32,
system/sbin/usb/compositions/90F0,system/sbin/usb/compositions/90F0,file,3076,1523,0o100755,2009-01-01 00:00:00,c7e0a7254d5d24772fc2ab76be30af82a86dbda934d56e6211b580d2cc06e689,
system/sbin/usb/compositions/90CB,system/sbin/usb/compositions/90CB,file,2687,1380,0o100755,2009-01-01 00:00:00,385d36eb6baf32b8bb7bb2b5cb46da2eb4317e3b13cfa004dc4e719e780b1445,
system/sbin/usb/compositions/9109,system/sbin/usb/compositions/9109,file,2462,1292,0o100755,2009-01-01 00:00:00,ddf845baffe4e2be649b43fe00c9374aa2d8a0f895cd0b882f70a2a8272b3d42,
system/sbin/usb/compositions/90A9,system/sbin/usb/compositions/90A9,file,8119,2070,0o100755,2009-01-01 00:00:00,c97df89db9b5a54a0a58a2aeca363b292ca3ffdccd60848f137670b78c78ae44,
system/sbin/usb/compositions/9059,system/sbin/usb/compositions/9059,file,6203,1768,0o100755,2009-01-01 00:00:00,b8f16c727b39092b4ff5fe18b42a34d40328d10482e1491748773f3b8d7985ee,
system/sbin/usb/compositions/90DF,system/sbin/usb/compositions/90DF,file,2561,1320,0o100755,2009-01-01 00:00:00,6e267d291503fb0ca834534b7670fd6a05ed1a83f7efca7d712e10d4a21246e5,
system/sbin/usb/compositions/empty,system/sbin/usb/compositions/empty,file,127,110,0o100755,2009-01-01 00:00:00,46af3295a24af3ea82ceea1987991b3edf8814484aeba46c64cd02a73e933661,
system/sbin/usb/compositions/90FD,system/sbin/usb/compositions/90FD,file,2764,1400,0o100755,2009-01-01 00:00:00,2cba338b8201f4c2045a71f6d91ab0a5d30cb6809669cbd08a88a66e344bd45d,
system/sbin/usb/compositions/hsusb_next,system/sbin/usb/compositions/hsusb_next,file,5,5,0o100755,2009-01-01 00:00:00,3570efc3ca7807dd209fb7adaf5e5d9b4e73f0a91aecd9310874256cec4d90cd,
system/sbin/usb/compositions/90AD,system/sbin/usb/compositions/90AD,file,6225,1875,0o100755,2009-01-01 00:00:00,c795c70d2764ce72255d6bc06243859c9665eb16ec25a7441b2009b6d5cee5f8,
system/sbin/usb/compositions/9008,system/sbin/usb/compositions/9008,file,2397,1295,0o100755,2009-01-01 00:00:00,98ddaefd310be4d85b9c64228770759cbbaba57ea9552c5607898b9ab9680788,
system/sbin/usb/compositions/90CC,system/sbin/usb/compositions/90CC,file,2738,1397,0o100755,2009-01-01 00:00:00,4978821854cfe3cee7d07e2cd39ad5bcec9cae658c496a957824e6b7ee1df5e5,
system/sbin/usb/compositions/9039,system/sbin/usb/compositions/9039,file,2397,1184,0o100755,2009-01-01 00:00:00,280463c3783a54f49ce85b2b6d0a3fda73a78bd5f8611a490f993dddbc83daf5,
system/sbin/usb/compositions/90C0,system/sbin/usb/compositions/90C0,file,3480,1600,0o100755,2009-01-01 00:00:00,77d3bc5b612edc1a6ddf65207ad5d3105088889018985ea9aa136ecc63648763,
system/sbin/usb/compositions/901D,system/sbin/usb/compositions/901D,file,3420,1541,0o100755,2009-01-01 00:00:00,2f15895c0b8e4f15b0b4f2516cb51ea0a0d16c6863326c6f85dfc0472df63682,
system/sbin/usb/compositions/90E7,system/sbin/usb/compositions/90E7,file,3063,1486,0o100755,2009-01-01 00:00:00,568edf8c6dd1080c6f9ec4976a9c04ed66eadee72a9902ed777ee58c60edbf1b,
system/sbin/usb/compositions/900E,system/sbin/usb/compositions/900E,file,2398,1294,0o100755,2009-01-01 00:00:00,31c41146bf13c005ca82979a189698c00cdbb8ed13a762c877b0dca20bf1e917,
system/sbin/usb/compositions/90E2,system/sbin/usb/compositions/90E2,file,4043,1545,0o100755,2009-01-01 00:00:00,5aecd2275273e90fdab610c214ffc40f6725902875e2824f1d2c2bfcbc5f83a3,
system/sbin/usb/compositions/910C,system/sbin/usb/compositions/910C,file,2722,1428,0o100755,2009-01-01 00:00:00,a689083b816109519a1347246ea48a6baf947fb8dff65b2d09cc8f16341de4ba,
system/sbin/usb/compositions/90E5,system/sbin/usb/compositions/90E5,file,3063,1486,0o100755,2009-01-01 00:00:00,7bcf0af1f950c794e71b5a0dae27beaa4fb6f24a2a82e88f4245175802750e2b,
system/sbin/usb/compositions/90B8,system/sbin/usb/compositions/90B8,file,3717,1686,0o100755,2009-01-01 00:00:00,2d2990991615cd195cb4fa665b51034096bd44746226ca7fc5d519825e44aba6,
system/sbin/usb/compositions/902D,system/sbin/usb/compositions/902D,file,5354,1707,0o100755,2009-01-01 00:00:00,b9384d1637301ba4692048c15f01b2929167a475d04e9cfba3d011ee56cef697,
system/sbin/usb/compositions/9063,system/sbin/usb/compositions/9063,file,6973,1790,0o100755,2009-01-01 00:00:00,a11926a730b7d02e2261270cccc0192f17fb02909c5b2bf731940a073092f463,
system/sbin/usb/compositions/9105,system/sbin/usb/compositions/9105,file,2462,1318,0o100755,2009-01-01 00:00:00,b2fcbb44de57e807539f0229cd4487894a443d7ba94d6cd9d15d26836bc28ce5,
system/sbin/usb/compositions/9025,system/sbin/usb/compositions/9025,file,8070,2038,0o100755,2009-01-01 00:00:00,fdc132eba5c2cb2344668315ac827940df19eadb80e37eda7cd6dc50c45befea,
system/sbin/usb/compositions/902B,system/sbin/usb/compositions/902B,file,5040,1658,0o100755,2009-01-01 00:00:00,8983c9819f64efde3ee04866e1d711f8e560f7369e414161b9017bd76e4d755f,
system/sbin/usb/compositions/9106,system/sbin/usb/compositions/9106,file,2811,1470,0o100755,2009-01-01 00:00:00,1a607f6bcfd16fadd83b7a4a1c8b088fd1b075108fee068ba6974a0c94547022,
system/sbin/usb/compositions/9084,system/sbin/usb/compositions/9084,file,6696,1855,0o100755,2009-01-01 00:00:00,6792f33d84219790be5fd701c867f174c38bae06d2f5c79bbf63b8c8a15580ac,
system/sbin/usb/compositions/9057,system/sbin/usb/compositions/9057,file,5135,1544,0o100755,2009-01-01 00:00:00,9af44d198eda8ee598574ea3d05bc6ee5a9f996a8ef4a23a7ec6037ffd8afdd2,
system/sbin/usb/compositions/9049,system/sbin/usb/compositions/9049,file,8299,1939,0o100755,2009-01-01 00:00:00,3992f7ba6ff3f37fe4795bb208055fda56845791ec64a221a0da922e31a2a604,
system/sbin/usb/compositions/9067,system/sbin/usb/compositions/9067,file,7718,1846,0o100755,2009-01-01 00:00:00,86a5ad7cfaee6f46886086179b0c450970a22b79ade6ed6d52dc085b1e4c843e,
system/sbin/usb/compositions/9091,system/sbin/usb/compositions/9091,file,5532,1731,0o100755,2009-01-01 00:00:00,a3d3edcfd214acdf7503af1999fc73c60fbf5df2a193b48bc0a595e7b0e80efd,
system/sbin/usb/compositions/9021,system/sbin/usb/compositions/9021,file,5987,1646,0o100755,2009-01-01 00:00:00,a03675d249fd3024025dbd4562548f24bfb71381ed5adf555dd7d06419103de9,
system/sbin/usb/compositions/9024,system/sbin/usb/compositions/9024,file,4960,1640,0o100755,2009-01-01 00:00:00,1c6cce457cbcb7f0b9887ef7ee9d1574d7427ab70f1b19e675cd85e61348d0fe,
system/sbin/usb/compositions/90FC,system/sbin/usb/compositions/90FC,file,3084,1535,0o100755,2009-01-01 00:00:00,b502b011d300b4c9f81aa5e95de6e3aeec6516c699ea0dd32d85c90f5fc57c5f,
system/sbin/usb/compositions/90CD,system/sbin/usb/compositions/90CD,file,3381,1568,0o100755,2009-01-01 00:00:00,9a89df1b0a7a2621054ccdd7bb683005c77047344795f79481477aed801d6f00,
system/sbin/usb/compositions/9108,system/sbin/usb/compositions/9108,file,2693,1390,0o100755,2009-01-01 00:00:00,61cf53ba6489aa8ca4910ad4f62d4553d776dc5e4690bfc5fcfe5b3094b0e990,
system/sbin/usb/compositions/90DB,system/sbin/usb/compositions/90DB,file,4063,1640,0o100755,2009-01-01 00:00:00,bfa98a9c53d47c47424f8d06d32c76ebc96ef59e3c9ec124eb35ed5b8a02da3b,
system/sbin/usb/compositions/910A,system/sbin/usb/compositions/910A,file,2778,1451,0o100755,2009-01-01 00:00:00,9ef09c0f460b06fc032b0e25c4e2b2077ae6d9076cfb68bbf62497ed65cd6c13,
system/sbin/usb/compositions/90FF,system/sbin/usb/compositions/90FF,file,2706,1414,0o100755,2009-01-01 00:00:00,4b8a5c685cc0f3d773ebd4e278c01710e3ab378392d1faea1ac04d927330d802,
system/sbin/usb/compositions/90D9,system/sbin/usb/compositions/90D9,file,2589,1358,0o100755,2009-01-01 00:00:00,d1290844f07e5252900e7b3694d59e2b4fe506c497b59c08c0bd261a60f17066,
system/sbin/usb/compositions/9107,system/sbin/usb/compositions/9107,file,2629,1379,0o100755,2009-01-01 00:00:00,ec1de679f847b7648888946e8b6669c708b38df40ae2322dcb8e4a11cc0e0042,
system/sbin/usb/compositions/90F2,system/sbin/usb/compositions/90F2,file,3063,1517,0o100755,2009-01-01 00:00:00,2653f1b9b83d767e62480c3480cbc9794b176cc72d2f7149a676257070d804ba,
system/sbin/usb/compositions/90EC,system/sbin/usb/compositions/90EC,file,4807,1760,0o100755,2009-01-01 00:00:00,a604b169920e62940c641148eae0a993c220dc0b8f0a032f30a2bb755aa0db25,
system/sbin/usb/compositions/9001,system/sbin/usb/compositions/9001,file,3775,1577,0o100755,2009-01-01 00:00:00,3d7c83ccae4b13ddf950e19f3c0a887122a0ecbfa234f6d90f6fab32d8624c29,
system/sbin/usb/compositions/9060,system/sbin/usb/compositions/9060,file,4196,1660,0o100755,2009-01-01 00:00:00,39541b4bd164a12024dbe2250fcf65f7718fb85c003b20219ee9ad77a8210dde,
system/sbin/usb/compositions/910B,system/sbin/usb/compositions/910B,file,2661,1406,0o100755,2009-01-01 00:00:00,2e42fc4461ff2d68c01a0c8a24c30dc690fc371a493b747ae7287045636095e1,
system/sbin/usb/compositions/90E0,system/sbin/usb/compositions/90E0,file,2612,1335,0o100755,2009-01-01 00:00:00,3b269f6bce215827f341d7dc935e91380179757a6c4069b26a65b956df785a4e,
system/sbin/usb/compositions/901F,system/sbin/usb/compositions/901F,file,4291,1689,0o100755,2009-01-01 00:00:00,89ca7584efd505464c89b6aee3210c6b514f272103206312a1061568207002bd,
system/sbin/usb/compositions/90CA,system/sbin/usb/compositions/90CA,file,3317,1534,0o100755,2009-01-01 00:00:00,14d32ef55a3c323787c86935a7964a6a1af30431ee516bf69a1cbdfab1424789,
system/sbin/usb/compositions/90A1,system/sbin/usb/compositions/90A1,file,4571,1662,0o100755,2009-01-01 00:00:00,7e202ef9055a20925a774786e4d325db8469dea62328f124e8b60c1050c3de65,
system/sbin/usb/compositions/9104,system/sbin/usb/compositions/9104,file,2644,1409,0o100755,2009-01-01 00:00:00,b48f9510e802139e9d04f4d5e7b6084a7caf9474f3549a158ee73d3715c5f609,
system/sbin/usb/compositions/9064,system/sbin/usb/compositions/9064,file,10085,2112,0o100755,2009-01-01 00:00:00,6717a434bc37c24b006d052373777edf4396db377f592c0ba369bc1a5aca1227,
system/sbin/usb/compositions/90D6,system/sbin/usb/compositions/90D6,file,4355,1627,0o100755,2009-01-01 00:00:00,cdb9d76ca4ab289f7f2bb671669318d68ff65dda22d979f746ffd275cad444ee,
system/sbin/usb/compositions/90EF,system/sbin/usb/compositions/90EF,file,2665,1367,0o100755,2009-01-01 00:00:00,7e5a81ad0a5e675f05de8412d7a0b182d595a9bc1e93b3460f84e501a9d0225b,
system/sbin/ip.iproute2,system/sbin/ip.iproute2,file,246296,144269,0o100755,2009-01-01 00:00:00,db05ceb8eb86b30aec2ad5bf1fd531d1484c82851c0852543b004bd297844e5b,
system/sbin/sushell,system/sbin/sushell,file,63,46,0o100755,2009-01-01 00:00:00,9dfd27730a32fee03d4b0078ac276acc6be123abf63ce7a85f12ed6086a6a780,
system/sbin/powerapp,system/sbin/powerapp,file,9860,4036,0o100755,2009-01-01 00:00:00,3d62cadc79c1f4d60d7f33a4ccd4296f1db62c050ba52fffa174849bd123bed8,
system/sbin/sys_reboot,system/sbin/sys_reboot,file,9860,4036,0o100755,2009-01-01 00:00:00,3d62cadc79c1f4d60d7f33a4ccd4296f1db62c050ba52fffa174849bd123bed8,
system/sbin/usb_debug,system/sbin/usb_debug,file,9149,2672,0o100755,2009-01-01 00:00:00,90d88cf100580c56f44860de947048b905d2008684d078bd9c638caa48a22b86,
system/sbin/umount-copybind,system/sbin/umount-copybind,file,344,157,0o100755,2009-01-01 00:00:00,e0a89948b3721df1adb66a736b5052511e1d32d22ec3945929cea1e8ad0cbbc1,
system/sbin/e2fsck,system/sbin/e2fsck,file,230512,135624,0o100755,2009-01-01 00:00:00,09177c477fab8c30251741810c735c1a959d349c1dfec407b0c2463c9a61ae56,
system/sbin/routel,system/sbin/routel,file,1262,684,0o100755,2009-01-01 00:00:00,3876a2f6a8f530a4ddccebafd291e30fcf489bdc6ac8cb2b7bb78b7965dec19f,
system/sbin/ldconfig,system/sbin/ldconfig,file,444360,285130,0o100755,2009-01-01 00:00:00,53e00d927e4d0bb8ead74de0c35397c9510361a27fbb840ff4a81b21bca91b55,
system/sbin/routef,system/sbin/routef,file,173,137,0o100755,2009-01-01 00:00:00,634b9a3d3c419bff45d8475931b366c20efad61d4ec4718fb5134ce808960a98,
system/sbin/bridge,system/sbin/bridge,file,38676,22440,0o100755,2009-01-01 00:00:00,20d3675ae254e83d351a29a967b8dc9708000d687cfedf42f1c3c4479990857b,
system/sbin/usb_composition,system/sbin/usb_composition,file,9203,2854,0o100755,2009-01-01 00:00:00,72b4aa6ff9707a8172f6d6ddfb88a011b81960413fd721e0a7716a577c6753fd,
system/sbin/sestatus,system/sbin/sestatus,file,13956,5203,0o100755,2009-01-01 00:00:00,582c6044cbbac7ae96bfbc91da23152a29c36cd3612dc865cedf0e1f96148168,
system/sbin/fsck.ext3,system/sbin/fsck.ext3,file,230512,135624,0o100755,2009-01-01 00:00:00,09177c477fab8c30251741810c735c1a959d349c1dfec407b0c2463c9a61ae56,
system/sbin/fsck.util-linux,system/sbin/fsck.util-linux,file,34516,18372,0o100755,2009-01-01 00:00:00,4f145768f0790ac22a73c54986209d5d2a6b4159c6df1becf6e10a948571adbf,
system/sbin/semodule,system/sbin/semodule,file,18428,8016,0o100755,2009-01-01 00:00:00,1b4b432b208c7ea16d35f8cd1d95ec5352fc496eca9c775be4a07363c7803f75,
system/sbin/mount-copybind,system/sbin/mount-copybind,file,1177,446,0o100755,2009-01-01 00:00:00,3835df5fb01cfa311524043205bddda3fe6afb6564594e455a9aa40ec3167480,
system/sbin/fsck.ext4,system/sbin/fsck.ext4,file,230512,135624,0o100755,2009-01-01 00:00:00,09177c477fab8c30251741810c735c1a959d349c1dfec407b0c2463c9a61ae56,
system/sbin/adbd,system/sbin/adbd,file,30380,16680,0o100755,2009-01-01 00:00:00,323b52edac198c990a0a1a9d06280d4ca02c58790844219d44c243b6915f1185,
system/sbin/tftp_server,system/sbin/tftp_server,file,67308,39424,0o100755,2009-01-01 00:00:00,70785795c7359701c90ff3e2ef2a2db69c366e8e8d52ec10c993489e191bfe1e,
system/sbin/tc,system/sbin/tc,file,227396,134196,0o100755,2009-01-01 00:00:00,e78835770cec41d4441306ff091e90c344da4f1310bb1bef8333aad3141599d5,
system/sbin/qseecomd,system/sbin/qseecomd,file,1293,401,0o100755,2009-01-01 00:00:00,004c5802b86323eb8403b294342528813669359d5f8cd2d03cc49668fa19a8ed,
system/sbin/sulogin.util-linux,system/sbin/sulogin.util-linux,file,34504,18531,0o100755,2009-01-01 00:00:00,9324e2415d708448fca49bcbcc6236e52287c68c41924ddba5d4e2b3393ad620,
system/sbin/fixfiles,system/sbin/fixfiles,file,10748,3978,0o100755,2009-01-01 00:00:00,29a1d9c7efe4f53dfdc764b4a847388a1de61a041e931cfa1043c65511775212,
system/sbin/rtpr,system/sbin/rtpr,file,35,34,0o100755,2009-01-01 00:00:00,061594a657109afbcf5be1b5b00f7fe677f6af524f3a18a3231dc69f7d634790,
system/sbin/reboot-bootloader,system/sbin/reboot-bootloader,file,48,45,0o100755,2009-01-01 00:00:00,9544014a6c761b9ad4ea6b0b02ea23946059dc9f78cc1582a2f92d2e4efadbc4,
system/sbin/reboot-recovery,system/sbin/reboot-recovery,file,48,45,0o100755,2009-01-01 00:00:00,dccaa32d91d9c8f929a6c5c47cbb2499ca24dda70002188f26d8a7021b49bcc9,
system/sbin/fsck.ext2,system/sbin/fsck.ext2,file,230512,135624,0o100755,2009-01-01 00:00:00,09177c477fab8c30251741810c735c1a959d349c1dfec407b0c2463c9a61ae56,
system/sbin/sfs_config,system/sbin/sfs_config,file,1311,477,0o100755,2009-01-01 00:00:00,fde1bc5cefeffaf520c2bf301f29db573bbaa0aa74280fd1b73679afee212400,
system/etc/__emptyfile__,system/etc/__emptyfile__,file,0,0,0o40755,2024-02-02 11:17:48,e3b0c44298fc1c149afbf4c8996fb92427ae41e4649b934ca495991b7852b855,
system/etc/,system/etc/,directory,0,0,0o40755,2009-01-01 00:00:00,,
system/etc/motd,system/etc/motd,file,0,0,0o100644,2009-01-01 00:00:00,e3b0c44298fc1c149afbf4c8996fb92427ae41e4649b934ca495991b7852b855,
system/etc/host.conf,system/etc/host.conf,file,26,26,0o100644,2009-01-01 00:00:00,83b331f98a128e1721c54be5c07bd38ad0d146e89cdecbe0eb53cbc23ff6b86a,
system/etc/selinux/__emptyfile__,system/etc/selinux/__emptyfile__,file,0,0,0o40755,2024-02-02 11:17:48,e3b0c44298fc1c149afbf4c8996fb92427ae41e4649b934ca495991b7852b855,
system/etc/selinux/,system/etc/selinux/,directory,0,0,0o40755,2009-01-01 00:00:00,,
system/etc/selinux/config,system/etc/selinux/config,file,604,272,0o100644,2009-01-01 00:00:00,db9b26f14aac88adaa772df2b39d21000d802fd8df5c7e5efb4761317ea2645c,
system/etc/selinux/mls/__emptyfile__,system/etc/selinux/mls/__emptyfile__,file,0,0,0o40755,2024-02-02 11:17:48,e3b0c44298fc1c149afbf4c8996fb92427ae41e4649b934ca495991b7852b855,
system/etc/selinux/mls/,system/etc/selinux/mls/,directory,0,0,0o40755,2009-01-01 00:00:00,,
system/etc/selinux/mls/contexts/__emptyfile__,system/etc/selinux/mls/contexts/__emptyfile__,file,0,0,0o40755,2024-02-02 11:17:48,e3b0c44298fc1c149afbf4c8996fb92427ae41e4649b934ca495991b7852b855,
system/etc/selinux/mls/contexts/,system/etc/selinux/mls/contexts/,directory,0,0,0o40755,2009-01-01 00:00:00,,
system/etc/selinux/mls/contexts/default_type,system/etc/selinux/mls/contexts/default_type,file,114,67,0o100644,2009-01-01 00:00:00,8583ca57f622a7ef83c25b1234a40fe8ac5e89cba4e75b8f20da4f206c830a48,
system/etc/selinux/mls/contexts/virtual_image_context,system/etc/selinux/mls/contexts/virtual_image_context,file,71,51,0o100644,2009-01-01 00:00:00,2d74091c97b82bdc91d50b5ccde9ce59eb6565dc9a63d3bb9a2049ed72843d09,
system/etc/selinux/mls/contexts/sepgsql_contexts,system/etc/selinux/mls/contexts/sepgsql_contexts,file,1170,294,0o100644,2009-01-01 00:00:00,8be106a29ae1b25d53472d0462ed303f2371d9ad0f4454176d6e03aafc48fb43,
system/etc/selinux/mls/contexts/users/__emptyfile__,system/etc/selinux/mls/contexts/users/__emptyfile__,file,0,0,0o40755,2024-02-02 11:17:48,e3b0c44298fc1c149afbf4c8996fb92427ae41e4649b934ca495991b7852b855,
system/etc/selinux/mls/contexts/users/,system/etc/selinux/mls/contexts/users/,directory,0,0,0o40755,2009-01-01 00:00:00,,
system/etc/selinux/mls/contexts/users/xguest_u,system/etc/selinux/mls/contexts/users/xguest_u,file,307,88,0o100644,2009-01-01 00:00:00,db7a42138adbfc8d02f049e9b76055ff2b53e777253d5c13eecc746d0182a8e6,
system/etc/selinux/mls/contexts/users/staff_u,system/etc/selinux/mls/contexts/users/staff_u,file,451,117,0o100644,2009-01-01 00:00:00,f427ebb490f6a6d0311a55a82ce0e1226e2e7c4f960c8c527e8510ccf040992e,
system/etc/selinux/mls/contexts/users/user_u,system/etc/selinux/mls/contexts/users/user_u,file,297,91,0o100644,2009-01-01 00:00:00,b8c4da19d1db2c3b3a519fa5454902331b189f68eba1c41f85ae6fca915afcfd,
system/etc/selinux/mls/contexts/users/unconfined_u,system/etc/selinux/mls/contexts/users/unconfined_u,file,503,114,0o100644,2009-01-01 00:00:00,e4ec1d54e40350cf9259f0b2748f93dbb3c788313e5c3db0d059169f73314674,
system/etc/selinux/mls/contexts/users/guest_u,system/etc/selinux/mls/contexts/users/guest_u,file,209,67,0o100644,2009-01-01 00:00:00,8a65be07f02462f2662aa12ee06c66b2ef258b55c1e5f67d3d941d5d80b93e57,
system/etc/selinux/mls/contexts/users/root,system/etc/selinux/mls/contexts/users/root,file,830,165,0o100644,2009-01-01 00:00:00,453953e9c1b9c738b50feddf070f9c7f10f9658cf7de5adc867e49ccf6cf191c,
system/etc/selinux/mls/contexts/initrc_context,system/etc/selinux/mls/contexts/initrc_context,file,43,40,0o100644,2009-01-01 00:00:00,971609daa9932c2f0e826de13adcdbaa781480568fdfd1d54bd4210cb0213951,
system/etc/selinux/mls/contexts/lxc_contexts,system/etc/selinux/mls/contexts/lxc_contexts,file,144,86,0o100644,2009-01-01 00:00:00,727cbb166421fb619f059955c4ca409dd1446cd9baa6c7a8b986c296de50935a,
system/etc/selinux/mls/contexts/x_contexts,system/etc/selinux/mls/contexts/x_contexts,file,2920,693,0o100644,2009-01-01 00:00:00,4762fa117dfad29fd5fbd5e51c562e237f9538204ffd1cc717e77c14e5dd6a28,
system/etc/selinux/mls/contexts/customizable_types,system/etc/selinux/mls/contexts/customizable_types,file,18,18,0o100644,2009-01-01 00:00:00,a90a91f501dbd419dca4c9e1e29dbb0f4cc96d1a6867b23861877facbe6a90dd,
system/etc/selinux/mls/contexts/dbus_contexts,system/etc/selinux/mls/contexts/dbus_contexts,file,195,142,0o100644,2009-01-01 00:00:00,33115c8ae83b6d571d45099e1758b571209e2808eed26389ffc50c1d5409cb37,
system/etc/selinux/mls/contexts/userhelper_context,system/etc/selinux/mls/contexts/userhelper_context,file,30,25,0o100644,2009-01-01 00:00:00,fb1bb1ce512ca5acb0a9503c2c79727397d5dd78ca9af8f301d60e380bda5654,
system/etc/selinux/mls/contexts/default_contexts,system/etc/selinux/mls/contexts/default_contexts,file,1046,184,0o100644,2009-01-01 00:00:00,dca3b03bc0610c55276d05f1eccdfafc1a8fa239daeb779604ea3fa7ec8ee7a3,
system/etc/selinux/mls/contexts/removable_context,system/etc/selinux/mls/contexts/removable_context,file,33,33,0o100644,2009-01-01 00:00:00,e1fa3269417ef83475c62ed5fd9477da3a3f0518b699b35ad6edfb8044ef4f46,
system/etc/selinux/mls/contexts/failsafe_context,system/etc/selinux/mls/contexts/failsafe_context,file,21,18,0o100644,2009-01-01 00:00:00,5f8015d0c273021c83e476a651a54a36f573ab304002326a6640e5086ff3854c,
system/etc/selinux/mls/contexts/files/__emptyfile__,system/etc/selinux/mls/contexts/files/__emptyfile__,file,0,0,0o40755,2024-02-02 11:17:48,e3b0c44298fc1c149afbf4c8996fb92427ae41e4649b934ca495991b7852b855,
system/etc/selinux/mls/contexts/files/,system/etc/selinux/mls/contexts/files/,directory,0,0,0o40755,2009-01-01 00:00:00,,
system/etc/selinux/mls/contexts/files/file_contexts,system/etc/selinux/mls/contexts/files/file_contexts,file,155059,24546,0o100644,2009-01-01 00:00:00,f8a719bbebf1e2b32f48202f29be1b9706f656def31b736445629722dbb56149,
system/etc/selinux/mls/contexts/files/file_contexts.subs_dist,system/etc/selinux/mls/contexts/files/file_contexts.subs_dist,file,1158,440,0o100644,2009-01-01 00:00:00,8c1c28af872d40358a767591a340cd308b27e6498b427382f4f00da6480aa0fa,
system/etc/selinux/mls/contexts/files/file_contexts.homedirs,system/etc/selinux/mls/contexts/files/file_contexts.homedirs,file,6431,1132,0o100644,2009-01-01 00:00:00,86b6986fa617c7c9eafafe9dd6c68624a947142a7bb1528224f628d370b4285b,
system/etc/selinux/mls/contexts/files/media,system/etc/selinux/mls/contexts/files/media,file,139,72,0o100644,2009-01-01 00:00:00,08062b1ce71faab6f7a21a62b6cb71a88b275e7f36fad087d29fd7e0f121d13d,
system/etc/selinux/mls/contexts/files/file_contexts.bin,system/etc/selinux/mls/contexts/files/file_contexts.bin,file,622334,75024,0o100644,2009-01-01 00:00:00,ca59ea7d16cb4ae2bb3ca14ab8fe1e3d8252286a213ac833573ee0bb2fd144af,
system/etc/selinux/mls/contexts/files/file_contexts.homedirs.bin,system/etc/selinux/mls/contexts/files/file_contexts.homedirs.bin,file,25179,3625,0o100644,2009-01-01 00:00:00,283da9e0396a3db38c949e3b9fa160851671486e48bf6bf0c49ccbd2de5c1fdc,
system/etc/selinux/mls/contexts/securetty_types,system/etc/selinux/mls/contexts/securetty_types,file,18,18,0o100644,2009-01-01 00:00:00,a90a91f501dbd419dca4c9e1e29dbb0f4cc96d1a6867b23861877facbe6a90dd,
system/etc/selinux/mls/contexts/virtual_domain_context,system/etc/selinux/mls/contexts/virtual_domain_context,file,29,26,0o100644,2009-01-01 00:00:00,3bfd33aa83cd9bf799a851c73f13e6b1cf879767c9f8a5ba74839377f00d03cc,
system/etc/selinux/mls/setrans.conf,system/etc/selinux/mls/setrans.conf,file,1372,493,0o100644,2009-01-01 00:00:00,2ff2b0781a1c48c48e1a8b0bfa06d6081e1e8ef0551f668b52a71119735ea1a3,
system/etc/selinux/mls/seusers,system/etc/selinux/mls/seusers,file,51,47,0o100644,2009-01-01 00:00:00,0814dd35626e3dfad56ed8d87abd807584086eefc02daf64a5d398a4b1d3dcc2,
system/etc/selinux/mls/policy/__emptyfile__,system/etc/selinux/mls/policy/__emptyfile__,file,0,0,0o40700,2024-02-02 11:17:48,e3b0c44298fc1c149afbf4c8996fb92427ae41e4649b934ca495991b7852b855,
system/etc/selinux/mls/policy/,system/etc/selinux/mls/policy/,directory,0,0,0o40700,2009-01-01 00:00:00,,
system/etc/selinux/mls/policy/policy.30,system/etc/selinux/mls/policy/policy.30,file,630731,183827,0o100644,2009-01-01 00:00:00,4a51ee772c0ff60a96201617542394082da7c6c3f6d34bbb125f2f38ef8fc9e3,
system/etc/selinux/semanage.conf,system/etc/selinux/semanage.conf,file,2066,1056,0o100644,2009-01-01 00:00:00,d1e5f2aaa86f3e8188aabcf625d263ec5a0681a06ac3c249c37beb6e1f51ee2f,
system/etc/thermal-engine.conf,system/etc/thermal-engine.conf,file,84,76,0o100644,2009-01-01 00:00:00,c32b39af7a19759a7db7f8b2d92d069a0534848aa7a195ca2cec24aa6c317cb3,
system/etc/sysctl.d/__emptyfile__,system/etc/sysctl.d/__emptyfile__,file,0,0,0o40755,2024-02-02 11:17:48,e3b0c44298fc1c149afbf4c8996fb92427ae41e4649b934ca495991b7852b855,
system/etc/sysctl.d/,system/etc/sysctl.d/,directory,0,0,0o40755,2009-01-01 00:00:00,,
system/etc/sysctl.d/sysctl.conf,system/etc/sysctl.d/sysctl.conf,file,437,222,0o100644,2009-01-01 00:00:00,e73a8ab1c73bb78c09632b0d1946f2e78764529c947e465f1e5ba435e2387077,
system/etc/depmod.d/__emptyfile__,system/etc/depmod.d/__emptyfile__,file,0,0,0o40755,2024-02-02 11:17:48,e3b0c44298fc1c149afbf4c8996fb92427ae41e4649b934ca495991b7852b855,
system/etc/depmod.d/,system/etc/depmod.d/,directory,0,0,0o40755,2009-01-01 00:00:00,,
system/etc/login.defs,system/etc/login.defs,file,11046,4579,0o100644,2009-01-01 00:00:00,821cd9e91cf607278e19b3cc39098c1a8397df452329faee17a15a5086441290,
system/etc/filesystems,system/etc/filesystems,file,38,35,0o100644,2009-01-01 00:00:00,df566f020d4ab3b7c94892ff8eebc25e8484d658007e26f59b88ee4af20b3774,
system/etc/init.d/__emptyfile__,system/etc/init.d/__emptyfile__,file,0,0,0o40750,2024-02-02 11:17:48,e3b0c44298fc1c149afbf4c8996fb92427ae41e4649b934ca495991b7852b855,
system/etc/init.d/,system/etc/init.d/,directory,0,0,0o40750,2009-01-01 00:00:00,,
system/etc/init.d/mssboot,system/etc/init.d/mssboot,file,845,354,0o100750,2009-01-01 00:00:00,bbb7ed889e5f3f9f1b1c11fd30ba39cb127afe319e03e97827f4734499ce1d8e,
system/etc/init.d/start_cnss_le,system/etc/init.d/start_cnss_le,file,2311,1105,0o100750,2009-01-01 00:00:00,0a2a5773b8ba4fb2cd45419c58e711047eeaea704dd4381561d7245e592f0777,
system/etc/qapi.conf,system/etc/qapi.conf,file,136,62,0o100644,2009-01-01 00:00:00,7213dfb3dbacc8882ca625db425693aee32a69ac63fc190f62f290bc3896a305,
system/etc/hosts,system/etc/hosts,file,237,148,0o100644,2009-01-01 00:00:00,b97c230c49de8f8100e7fc34c0bf60d1b55c2f71bec69b38914d46dd37a12505,
system/etc/cld-hostapd-wlan1.sh,system/etc/cld-hostapd-wlan1.sh,file,1907,951,0o100644,2009-01-01 00:00:00,7cb9a02ab209067e56a96de23cfefa6f7b102010a9531f1bd825f3b4d3a2c49f,
system/etc/gps.conf,system/etc/gps.conf,file,14072,4467,0o100644,2009-01-01 00:00:00,4a19931d35608dfef0106a7403a5de54096262dc258b2dc463f507279f5e54f0,
system/etc/securetty,system/etc/securetty,file,1848,765,0o100600,2009-01-01 00:00:00,f23d555aa09016af53fcb748af9ed777e3a8921531a0214870c382b06caa358c,
system/etc/start_pcie,system/etc/start_pcie,file,3191,1335,0o100755,2009-01-01 00:00:00,7e4a1831d9578c571e794bf86269ed139baf3c9e0a89699fb79c9864f13a51d0,
system/etc/timestamp,system/etc/timestamp,file,15,15,0o100644,2009-01-01 00:00:00,33e787d30faa88d10654b310cfd7f3aa776da864fafecaaf53c6321291c46c1e,
system/etc/xdg/__emptyfile__,system/etc/xdg/__emptyfile__,file,0,0,0o40755,2024-02-02 11:17:48,e3b0c44298fc1c149afbf4c8996fb92427ae41e4649b934ca495991b7852b855,
system/etc/xdg/,system/etc/xdg/,directory,0,0,0o40755,2009-01-01 00:00:00,,
system/etc/xdg/systemd/__emptyfile__,system/etc/xdg/systemd/__emptyfile__,file,0,0,0o40755,2024-02-02 11:17:48,e3b0c44298fc1c149afbf4c8996fb92427ae41e4649b934ca495991b7852b855,
system/etc/xdg/systemd/,system/etc/xdg/systemd/,directory,0,0,0o40755,2009-01-01 00:00:00,,
system/etc/pam.d/__emptyfile__,system/etc/pam.d/__emptyfile__,file,0,0,0o40755,2024-02-02 11:17:48,e3b0c44298fc1c149afbf4c8996fb92427ae41e4649b934ca495991b7852b855,
system/etc/pam.d/,system/etc/pam.d/,directory,0,0,0o40755,2009-01-01 00:00:00,,
system/etc/pam.d/systemd-user,system/etc/pam.d/systemd-user,file,292,149,0o100644,2009-01-01 00:00:00,283ab8d3fe39a3a01c78608c93f838a19a1c0e0286414b7932ccaa6f665ffc48,
system/etc/pam.d/other,system/etc/pam.d/other,file,816,358,0o100644,2009-01-01 00:00:00,5a1fab1e862bb6e7d2061d89b112c98f344c2f229bfe059789e5cb5b55add5b5,
system/etc/pam.d/common-account,system/etc/pam.d/common-account,file,1208,634,0o100644,2009-01-01 00:00:00,aa8a63d72e79399b6c51ebe4e9f828c954145a799eb4b8f3224724f51cbb9fac,
system/etc/pam.d/common-auth,system/etc/pam.d/common-auth,file,883,489,0o100644,2009-01-01 00:00:00,3a917a6ada2daeaa7439545cca5e3360175f742336bd01a255bd96cebba33958,
system/etc/pam.d/common-password,system/etc/pam.d/common-password,file,1103,587,0o100644,2009-01-01 00:00:00,1f96d3aa74f44781219379dca3c230c6bd9716af07fd2669225986b69e15be7d,
system/etc/pam.d/login,system/etc/pam.d/login,file,4014,1536,0o100644,2009-01-01 00:00:00,947fd26b0a77cdc4aba0d0402acad232979fa84aaee62d0dc5863f20b6e5ee5c,
system/etc/pam.d/su,system/etc/pam.d/su,file,2140,959,0o100644,2009-01-01 00:00:00,9859ea814ba0558c0236007dca31743863bfaa68922a7d509f89a86c1dafab10,
system/etc/pam.d/common-session,system/etc/pam.d/common-session,file,851,457,0o100644,2009-01-01 00:00:00,12dc3ca84fcf2b0393fa07948319639d92190c26eed7ca99ee00a75d4688ede0,
system/etc/pam.d/common-session-noninteractive,system/etc/pam.d/common-session-noninteractive,file,818,427,0o100644,2009-01-01 00:00:00,c13982fc04f8c7f9dbca139cc202279951e551eec6827cc19a03e1aa5dc7821a,
system/etc/bluetooth/__emptyfile__,system/etc/bluetooth/__emptyfile__,file,0,0,0o40755,2024-02-02 11:17:48,e3b0c44298fc1c149afbf4c8996fb92427ae41e4649b934ca495991b7852b855,
system/etc/bluetooth/,system/etc/bluetooth/,directory,0,0,0o40755,2009-01-01 00:00:00,,
system/etc/bluetooth/init.msm.bt.sh,system/etc/bluetooth/init.msm.bt.sh,file,1913,966,0o100755,2009-01-01 00:00:00,6b148eabd7036f2d1894261d906aa8001873c48045384ee08d2e70ee834777ab,
system/etc/bluetooth/bt_app.conf,system/etc/bluetooth/bt_app.conf,file,2847,1026,0o100640,2009-01-01 00:00:00,b9764bf2c72d4af6157208fb666378eb394c974bf46a077cd64fa2265f80f5e1,
system/etc/bluetooth/bt_stack.conf,system/etc/bluetooth/bt_stack.conf,file,2248,1044,0o100640,2009-01-01 00:00:00,cadc778942097b6b4dc8751cdaf5643b0c81a8cabee62c5bb56da9b255863af0,
system/etc/bluetooth/ext_to_mimetype.conf,system/etc/bluetooth/ext_to_mimetype.conf,file,853,362,0o100640,2009-01-01 00:00:00,de357dfc7d446617e8515e3123a8be9b35c47872f7d37794069a0a2d923053c1,
system/etc/bluetooth/bt_did.conf,system/etc/bluetooth/bt_did.conf,file,2637,521,0o100640,2009-01-01 00:00:00,e41a9843cdce9b0efcf0bafc3fa7f527fc8e4ed62a0e9f40b5a3e06eff9ad7ff,
system/etc/bluetooth/iot_devlist.conf,system/etc/bluetooth/iot_devlist.conf,file,1834,913,0o100640,2009-01-01 00:00:00,aca1f5d5efb139763b991173bb1cb6e7cc865ce0395bd8d240814983e0bf72bc,
system/etc/cld-hostapd-wlan2.sh,system/etc/cld-hostapd-wlan2.sh,file,1912,955,0o100644,2009-01-01 00:00:00,89100e4e169cd59ca6fd8602485f956cafac8306ebc23ddb997cb79c82364ca7,
system/etc/machine-id,system/etc/machine-id,file,0,0,0o100644,2009-01-01 00:00:00,e3b0c44298fc1c149afbf4c8996fb92427ae41e4649b934ca495991b7852b855,
system/etc/usb/__emptyfile__,system/etc/usb/__emptyfile__,file,0,0,0o40755,2024-02-02 11:17:48,e3b0c44298fc1c149afbf4c8996fb92427ae41e4649b934ca495991b7852b855,
system/etc/usb/,system/etc/usb/,directory,0,0,0o40755,2009-01-01 00:00:00,,
system/etc/usb/boot_hsic_comp,system/etc/usb/boot_hsic_comp,file,0,0,0o100644,2009-01-01 00:00:00,e3b0c44298fc1c149afbf4c8996fb92427ae41e4649b934ca495991b7852b855,
system/etc/usb/boot_hsusb_comp,system/etc/usb/boot_hsusb_comp,file,5,5,0o100644,2009-01-01 00:00:00,dbd46af044bf46b6a176e600309c35b02c4236b65ec4b75aa20a11e3e78a62ea,
system/etc/cld-hostapd-wlan0.sh,system/etc/cld-hostapd-wlan0.sh,file,1907,952,0o100644,2009-01-01 00:00:00,7019061f290a17a6ada65063d70463c98ce04057e6856124640ebc2a594c6118,
system/etc/izat.conf,system/etc/izat.conf,file,9174,2834,0o100644,2009-01-01 00:00:00,71072dd6c61d4d86e4b26d3cd8deb5e385aac63143d0370b121fb4233a02c626,
system/etc/group,system/etc/group,file,1308,600,0o100644,2009-01-01 00:00:00,1794834fba1f160c57b6511e1b1dfd532a4b503e21a4400ca044cb191727c131,
system/etc/xtwifi.conf,system/etc/xtwifi.conf,file,3517,1104,0o100644,2009-01-01 00:00:00,8d55dcb5f5632f7622792b8cdb1389c9d553e8b6a41efbb6159c30f237fad437,
system/etc/busybox.links.suid,system/etc/busybox.links.suid,file,153,81,0o100644,2009-01-01 00:00:00,a5bda1a26cc4965bc8174714b16a9f86dfc35a8e97cc34ecd45a22b438f94125,
system/etc/modprobe.d/__emptyfile__,system/etc/modprobe.d/__emptyfile__,file,0,0,0o40755,2024-02-02 11:17:48,e3b0c44298fc1c149afbf4c8996fb92427ae41e4649b934ca495991b7852b855,
system/etc/modprobe.d/,system/etc/modprobe.d/,directory,0,0,0o40755,2009-01-01 00:00:00,,
system/etc/modprobe.d/blacklist.conf,system/etc/modprobe.d/blacklist.conf,file,15,15,0o100644,2009-01-01 00:00:00,7abd6220df706e6c2e17b5f31385ee2d0a3c8330bfc344244b8098426718e0c8,
system/etc/ca-certificates.conf,system/etc/ca-certificates.conf,file,5340,1338,0o100644,2009-01-01 00:00:00,55ebabcf18f765f0db2c47637b511b2b39b082eeb827f2e3f9e9b9afbbd3dfc8,
system/etc/busybox.links.nosuid,system/etc/busybox.links.nosuid,file,4327,1306,0o100644,2009-01-01 00:00:00,c404fd0aed9f383cc8d1821a6b33e1c8958b8d1d4c4b77f077d35cd5c732b3bd,
system/etc/rpc,system/etc/rpc,file,895,457,0o100644,2009-01-01 00:00:00,87b9fef31a568a334eba4a4b431b66a49bdc53ec59805e4392a9aca0f7e07d60,
system/etc/gshadow,system/etc/gshadow,file,1094,438,0o100600,2009-01-01 00:00:00,b22465c1be5801a49cbafbea221b1ad0ec7bdcec401d4eefe972b28962f00d36,
system/etc/passwd,system/etc/passwd,file,1820,675,0o100600,2009-01-01 00:00:00,c766c77af1a4bbf8737d83ae2e877f0cc5cd471e6ce343504cfd3d919ef9a373,
system/etc/profile,system/etc/profile,file,984,582,0o100644,2009-01-01 00:00:00,fc11b8be5c0bae717ca49c5fc5534055175e1b9ffb9e1399b4796e51abd9b341,
system/etc/issue.net,system/etc/issue.net,file,13,13,0o100644,2009-01-01 00:00:00,9f6139280baf25bf3bc6276dded6186ac13f9057e98c54533a8ffe05d2623796,
system/etc/ca-certificates/__emptyfile__,system/etc/ca-certificates/__emptyfile__,file,0,0,0o40755,2024-02-02 11:17:48,e3b0c44298fc1c149afbf4c8996fb92427ae41e4649b934ca495991b7852b855,
system/etc/ca-certificates/,system/etc/ca-certificates/,directory,0,0,0o40755,2009-01-01 00:00:00,,
system/etc/ca-certificates/update.d/__emptyfile__,system/etc/ca-certificates/update.d/__emptyfile__,file,0,0,0o40755,2024-02-02 11:17:48,e3b0c44298fc1c149afbf4c8996fb92427ae41e4649b934ca495991b7852b855,
system/etc/ca-certificates/update.d/,system/etc/ca-certificates/update.d/,directory,0,0,0o40755,2009-01-01 00:00:00,,
system/etc/libnl/__emptyfile__,system/etc/libnl/__emptyfile__,file,0,0,0o40755,2024-02-02 11:17:48,e3b0c44298fc1c149afbf4c8996fb92427ae41e4649b934ca495991b7852b855,
system/etc/libnl/,system/etc/libnl/,directory,0,0,0o40755,2009-01-01 00:00:00,,
system/etc/libnl/classid,system/etc/libnl/classid,file,1130,466,0o100644,2009-01-01 00:00:00,812cc071fd86a2746fb3cb18cb69dbbed88c07209545d16eaf8cd3db4c861a33,
system/etc/libnl/pktloc,system/etc/libnl/pktloc,file,1532,599,0o100644,2009-01-01 00:00:00,ac3ef9fac354fdc1e46c13bf090be098f60c783f3b44ba330abcbbf6953f4ee4,
system/etc/pimd.conf,system/etc/pimd.conf,file,5108,1933,0o100644,2009-01-01 00:00:00,17a7e8813b7c920bb8b53561b15904e5109a0abc8075a0f6399dfecf12ac49a8,
system/etc/localtime,system/etc/localtime,file,554,284,0o100744,2009-01-01 00:00:00,c227215a1ce442062735e226ffa047cc9eb02b929d15c6d6eb4459c80fadb8be,
system/etc/udhcpc.d/__emptyfile__,system/etc/udhcpc.d/__emptyfile__,file,0,0,0o40755,2024-02-02 11:17:48,e3b0c44298fc1c149afbf4c8996fb92427ae41e4649b934ca495991b7852b855,
system/etc/udhcpc.d/,system/etc/udhcpc.d/,directory,0,0,0o40755,2009-01-01 00:00:00,,
system/etc/udhcpc.d/udhcpc.script,system/etc/udhcpc.d/udhcpc.script,file,1099,498,0o100755,2009-01-01 00:00:00,267040d4bbf710225b80ef07f6b56a323311acd0b8ad87667c8abec1f9c61732,
system/etc/udhcpc.d/50default,system/etc/udhcpc.d/50default,file,2634,832,0o100755,2009-01-01 00:00:00,1f85d98147b7807d45fce51a46a8e37310020263e926849e954ba793541cde5d,
system/etc/shells,system/etc/shells,file,42,38,0o100644,2009-01-01 00:00:00,184fd1ac95af5ad460ee875e9fddb4975e8720ee7d805d964c68d125573537be,
system/etc/dnsmasq.d/__emptyfile__,system/etc/dnsmasq.d/__emptyfile__,file,0,0,0o40755,2024-02-02 11:17:48,e3b0c44298fc1c149afbf4c8996fb92427ae41e4649b934ca495991b7852b855,
system/etc/dnsmasq.d/,system/etc/dnsmasq.d/,directory,0,0,0o40755,2009-01-01 00:00:00,,
system/etc/adb_devid,system/etc/adb_devid,file,0,0,0o100644,2009-01-01 00:00:00,e3b0c44298fc1c149afbf4c8996fb92427ae41e4649b934ca495991b7852b855,
system/etc/flp.conf,system/etc/flp.conf,file,2124,717,0o100644,2009-01-01 00:00:00,3daa0b84841fe0e8eeed4f40cc1aa642cbc20757bf7bdd4299c27640d6dcc199,
system/etc/security/__emptyfile__,system/etc/security/__emptyfile__,file,0,0,0o40755,2024-02-02 11:17:48,e3b0c44298fc1c149afbf4c8996fb92427ae41e4649b934ca495991b7852b855,
system/etc/security/,system/etc/security/,directory,0,0,0o40755,2009-01-01 00:00:00,,
system/etc/security/limits.d/__emptyfile__,system/etc/security/limits.d/__emptyfile__,file,0,0,0o40755,2024-02-02 11:17:48,e3b0c44298fc1c149afbf4c8996fb92427ae41e4649b934ca495991b7852b855,
system/etc/security/limits.d/,system/etc/security/limits.d/,directory,0,0,0o40755,2009-01-01 00:00:00,,
system/etc/security/time.conf,system/etc/security/time.conf,file,2179,1065,0o100644,2009-01-01 00:00:00,6802adfc8efc6168f87e98e960fa7d15e516a295fef7a6472ef5359527e886ff,
system/etc/security/sepermit.conf,system/etc/security/sepermit.conf,file,419,229,0o100644,2009-01-01 00:00:00,885ec2a43042ad88d7f849e5e1cbef4e34e58229764a84a927c0e09cd7d47d70,
system/etc/security/namespace.d/__emptyfile__,system/etc/security/namespace.d/__emptyfile__,file,0,0,0o40755,2024-02-02 11:17:48,e3b0c44298fc1c149afbf4c8996fb92427ae41e4649b934ca495991b7852b855,
system/etc/security/namespace.d/,system/etc/security/namespace.d/,directory,0,0,0o40755,2009-01-01 00:00:00,,
system/etc/security/access.conf,system/etc/security/access.conf,file,4620,1782,0o100644,2009-01-01 00:00:00,cb2d5cbb78756240990da65ce40431a0ccb4f09746868c6a874234ba5fb42f2b,
system/etc/security/pam_env.conf,system/etc/security/pam_env.conf,file,2972,1401,0o100644,2009-01-01 00:00:00,ff4956721a3f53e56e25ffffde62fe4fa0267e5dd94c3411def12de50322fb8f,
system/etc/security/namespace.init,system/etc/security/namespace.init,file,1016,481,0o100755,2009-01-01 00:00:00,2d76094c06f10839c566ef64bde5624c325aeab7991e7f5d776c5310e8f41932,
system/etc/security/namespace.conf,system/etc/security/namespace.conf,file,1440,643,0o100644,2009-01-01 00:00:00,d0c3045ba5071b8375fde6165d4e4db9b69f49af5d2525cecd2bca1cb7538552,
system/etc/security/limits.conf,system/etc/security/limits.conf,file,1835,670,0o100644,2009-01-01 00:00:00,e85a02de118a31e9f936ab1aaee08fa04fc1b6fe630317347718a36ed4f68149,
system/etc/security/group.conf,system/etc/security/group.conf,file,3635,1598,0o100644,2009-01-01 00:00:00,41df4bc646811997d0390c6d37d839d2aef4a9a1a940c44ee1a798a9dc1ac864,
system/etc/apn.db,system/etc/apn.db,file,20795,5492,0o100755,2009-01-01 00:00:00,b922a7e4d6eff2b50ba7dd709b769dd555509c53c8c951466652587a7de606db,
system/etc/lowi.conf,system/etc/lowi.conf,file,882,430,0o100644,2009-01-01 00:00:00,d106c6ae1a1227b3c0c95078795fc8c4b5bf66f1340ee6003f48fcccda69a1b2,
system/etc/avahi/__emptyfile__,system/etc/avahi/__emptyfile__,file,0,0,0o40755,2024-02-02 11:17:48,e3b0c44298fc1c149afbf4c8996fb92427ae41e4649b934ca495991b7852b855,
system/etc/avahi/,system/etc/avahi/,directory,0,0,0o40755,2009-01-01 00:00:00,,
system/etc/avahi/avahi-dnsconfd.action,system/etc/avahi/avahi-dnsconfd.action,file,2743,1071,0o100755,2009-01-01 00:00:00,1c35a47448cb10975593d5af12a61033f8648af5c60b823bbb1bc2550403e08a,
system/etc/avahi/hosts,system/etc/avahi/hosts,file,1121,646,0o100644,2009-01-01 00:00:00,d16fca08d5054e14ffa9b0cb919263f4f21db379da4058ea745d3ec467f32afd,
system/etc/avahi/avahi-autoipd.action,system/etc/avahi/avahi-autoipd.action,file,2561,1090,0o100755,2009-01-01 00:00:00,bdda720d50cfebbacd966b11beff8a9df2d453aa29bdba4156873863e5243c77,
system/etc/avahi/avahi-daemon.conf,system/etc/avahi/avahi-daemon.conf,file,1752,900,0o100755,2009-01-01 00:00:00,7277aad1035d16712b0c8d036e30c687a5d802f1f408a8fd9b17766d791babf2,
system/etc/avahi/services/__emptyfile__,system/etc/avahi/services/__emptyfile__,file,0,0,0o40755,2024-02-02 11:17:48,e3b0c44298fc1c149afbf4c8996fb92427ae41e4649b934ca495991b7852b855,
system/etc/avahi/services/,system/etc/avahi/services/,directory,0,0,0o40755,2009-01-01 00:00:00,,
system/etc/avahi/services/multi.service,system/etc/avahi/services/multi.service,file,255,185,0o100755,2009-01-01 00:00:00,af99e24e43f83177cb0d17d82c6d0055395914830136be5074c0a77aa103a201,
system/etc/services,system/etc/services,file,19199,7401,0o100644,2009-01-01 00:00:00,bc4c02b21510e9750cc8515dd50af659be692dd6608cc0676faa10b79b58efc9,
system/etc/libaudit.conf,system/etc/libaudit.conf,file,191,126,0o100640,2009-01-01 00:00:00,d48318c90620fde96cb6a8e6eb1eb64663b21200f9d1d053f9e3b4fce24a2543,
system/etc/initscripts/__emptyfile__,system/etc/initscripts/__emptyfile__,file,0,0,0o40755,2024-02-02 11:17:48,e3b0c44298fc1c149afbf4c8996fb92427ae41e4649b934ca495991b7852b855,
system/etc/initscripts/,system/etc/initscripts/,directory,0,0,0o40755,2009-01-01 00:00:00,,
system/etc/initscripts/start_embms_le,system/etc/initscripts/start_embms_le,file,757,355,0o100755,2009-01-01 00:00:00,1a52677b859387bc47546bb1806cd035757edb40ac93a9d8349892a07cf7515d,
system/etc/initscripts/qcmap_start_dnsmasq.sh,system/etc/initscripts/qcmap_start_dnsmasq.sh,file,11984,776,0o100755,2009-01-01 00:00:00,de47944728bf2c898da7ce2f08ab2f49821a903d0920331d365836f220e0ae28,
system/etc/initscripts/start_qcmap_wlan_le,system/etc/initscripts/start_qcmap_wlan_le,file,1369,651,0o100755,2009-01-01 00:00:00,ca35d964a7c334565ffd05131eaaf44bc3d10cc4f9c4e795ff86a6b1f5f59d95,
system/etc/initscripts/start_mcm_data_srv_le,system/etc/initscripts/start_mcm_data_srv_le,file,676,311,0o100755,2009-01-01 00:00:00,064816dfa9306a077918751f605f72833357f0203af26250542e42bada85adf0,
system/etc/initscripts/usb,system/etc/initscripts/usb,file,14394,4311,0o100755,2009-01-01 00:00:00,5deabf59e65a5817b4359662242b830f63e0d76c972de73bd740697ae1144b73,
system/etc/initscripts/chgrp-diag,system/etc/initscripts/chgrp-diag,file,193,128,0o100750,2009-01-01 00:00:00,7ea720cf70f8df1668d5e39e6a4099566f68777cbb4f2371fa1e692445b7188d,
system/etc/initscripts/start_qcmap_hostapd_le,system/etc/initscripts/start_qcmap_hostapd_le,file,542,308,0o100755,2009-01-01 00:00:00,75d28f88735ec604f8d22c3adc3aee25b3f7b06f5c4131018637e809c73669e2,
system/etc/initscripts/start_fs-scrub-daemon,system/etc/initscripts/start_fs-scrub-daemon,file,920,389,0o100755,2009-01-01 00:00:00,17985bed8571f953331395a0c9dc3787fe638017ef3be4ad78950c18aae1c69f,
system/etc/initscripts/ipa_fws_le,system/etc/initscripts/ipa_fws_le,file,902,458,0o100755,2009-01-01 00:00:00,798f7e5cd04ec1aa0e0c0670b2e0052b422a540b6db7a7a8ace9c766bd4d0c6f,
system/etc/initscripts/pcie-diag,system/etc/initscripts/pcie-diag,file,608,281,0o100755,2009-01-01 00:00:00,46b151a1825ea358b480f13de30bb77da2b95f921a1f47ce159bf8da537f11aa,
system/etc/initscripts/misc-daemon,system/etc/initscripts/misc-daemon,file,2099,521,0o100750,2009-01-01 00:00:00,073a1212e87ac50b798c3060920229a386596976796bc386df8917f3f02efdef,
system/etc/initscripts/data-init,system/etc/initscripts/data-init,file,982,522,0o100755,2009-01-01 00:00:00,92f9255d66be8a3b47fe04c245147523ecf81ef541d5dcc6737f5b2dab6fbb90,
system/etc/initscripts/start_atfwd_daemon,system/etc/initscripts/start_atfwd_daemon,file,393,186,0o100755,2009-01-01 00:00:00,ee62793e529c907c495822ccff8b5ed12d7b28226cdcdebb7e413dc453dec3eb,
system/etc/initscripts/start_qcmap_wpa_supplicant_le,system/etc/initscripts/start_qcmap_wpa_supplicant_le,file,939,361,0o100755,2009-01-01 00:00:00,4ef86f5ce1860997cec24b910ce2cefc40bfed06ee32ab94e9fc199778eac2cf,
system/etc/initscripts/qce_dlkm,system/etc/initscripts/qce_dlkm,file,2125,1059,0o100755,2009-01-01 00:00:00,b321d699c3c2e3c1e6def131419cfc575c9bf8c16bec064164299c24c34bc6c3,
system/etc/initscripts/start_MCM_atcop_svc_le,system/etc/initscripts/start_MCM_atcop_svc_le,file,716,332,0o100755,2009-01-01 00:00:00,b3e76d11e2754cf4035633db342c2707b37e0de962bd1e3795cacf640b81ec1e,
system/etc/initscripts/reset_reboot_cookie,system/etc/initscripts/reset_reboot_cookie,file,160,114,0o100755,2009-01-01 00:00:00,5ed2f639d344640c0615ec92c99e386330cb6551c32d4fab1983782ef162132e,
system/etc/initscripts/shutdown,system/etc/initscripts/shutdown,file,1836,941,0o100755,2009-01-01 00:00:00,a68e54fa668f61e685ed12bac013e42d279323059324fb82d40dbbf7df918563,
system/etc/initscripts/start_port_bridge,system/etc/initscripts/start_port_bridge,file,773,342,0o100755,2009-01-01 00:00:00,5eccc2848ade72e694eb54f90f32b3b66ecef565e880a8aadbbb5d1e4efae7de,
system/etc/initscripts/dnsmasq,system/etc/initscripts/dnsmasq,file,933,445,0o100755,2009-01-01 00:00:00,6657dc6f91e582d8c6046e0c726fea78b68ff0aeaa4a71b345786e540a10acd6,
system/etc/initscripts/modem-shutdown,system/etc/initscripts/modem-shutdown,file,168,132,0o100750,2009-01-01 00:00:00,8e0374def569d8520d1a8b34440e1562af150246d6022aadd564030af9286441,
system/etc/initscripts/adbd,system/etc/initscripts/adbd,file,3167,1427,0o100750,2009-01-01 00:00:00,050e9eeac60e01c318746eaabe3f34831ec2aa162c0e0d2e426ac7e07d79cfeb,
system/etc/initscripts/syslog,system/etc/initscripts/syslog,file,1700,644,0o100755,2009-01-01 00:00:00,ae086860bb39813bb22af337d500244716ab0cf47b50aa655f33a4816a095442,
system/etc/initscripts/time_serviced,system/etc/initscripts/time_serviced,file,836,316,0o100755,2009-01-01 00:00:00,bdccb1c57047abcfd5c50469903cff40dd1af8d571b81bbe7e81663bfe0b6d0a,
system/etc/initscripts/firmware-ubi-mount.sh,system/etc/initscripts/firmware-ubi-mount.sh,file,4967,1778,0o100744,2009-01-01 00:00:00,4efbe821620fc48fca99d5f39e0a6de591679d9150ef47cc7c206a0d0e00297e,
system/etc/initscripts/avahi-daemon,system/etc/initscripts/avahi-daemon,file,4735,1791,0o100755,2009-01-01 00:00:00,fc1c62dfa93999e4bed1be1d435212ab26cedfb4bbdeae1662d50fa3357e8195,
system/etc/initscripts/start_wlan_services,system/etc/initscripts/start_wlan_services,file,1432,560,0o100755,2009-01-01 00:00:00,ea9029cddcd202bcd7d24991e41a261006e1f433441bf9f66a7081ccbf682c75,
system/etc/initscripts/reboot,system/etc/initscripts/reboot,file,2017,1006,0o100755,2009-01-01 00:00:00,b6ee7f1d700b5a3e15a321295a1059ba0d851387996bc8420db6e79141871a63,
system/etc/initscripts/mbim_fw_script.sh,system/etc/initscripts/mbim_fw_script.sh,file,850,454,0o100755,2009-01-01 00:00:00,08f3bf53a0eb965283958ca53fbdfc0afecdeacf6ef8800654834c011be6d111,
system/etc/initscripts/start_MCM_MOBILEAP_ConnectionManager_le,system/etc/initscripts/start_MCM_MOBILEAP_ConnectionManager_le,file,806,344,0o100755,2009-01-01 00:00:00,557d61e62d7b72266b4f070c916ccd1bf941284fdd1930f638b92c79066d29fd,
system/etc/initscripts/power_config,system/etc/initscripts/power_config,file,33897,4602,0o100755,2009-01-01 00:00:00,34e236787697152dcb36b0ae41e8d0e953cfa15322b4e6578faa7c9a6c291331,
system/etc/initscripts/bluetooth_power.sh,system/etc/initscripts/bluetooth_power.sh,file,2413,1145,0o100755,2009-01-01 00:00:00,27cc6712b4ea5bac6ded00285e7d51b65ce6914dfd5067df647d60e09843d2f9,
system/etc/initscripts/netmgrd,system/etc/initscripts/netmgrd,file,632,299,0o100755,2009-01-01 00:00:00,b8c5f2f56135eb17c260c84f11f3b06734da8dc2f4dfd122d086dea958046c5c,
system/etc/shadow,system/etc/shadow,file,1257,283,0o100600,2009-01-01 00:00:00,f103e4e30a6155ede77cedb950891137778b2e6e6d799abefc9c78afeed864f7,
system/etc/qmi_ip_cfg.xml,system/etc/qmi_ip_cfg.xml,file,458,233,0o100755,2009-01-01 00:00:00,a8bff2edaa7204dbedda5b49498301829091f4444b0460bd606c3437c3e00f1e,
system/etc/environment,system/etc/environment,file,97,91,0o100644,2009-01-01 00:00:00,7097db24de0df95dac470c94631b9966388e44029a3f22ac2442f8c01b152bc1,
system/etc/dbus-1/__emptyfile__,system/etc/dbus-1/__emptyfile__,file,0,0,0o40755,2024-02-02 11:17:48,e3b0c44298fc1c149afbf4c8996fb92427ae41e4649b934ca495991b7852b855,
system/etc/dbus-1/,system/etc/dbus-1/,directory,0,0,0o40755,2009-01-01 00:00:00,,
system/etc/dbus-1/system.d/__emptyfile__,system/etc/dbus-1/system.d/__emptyfile__,file,0,0,0o40755,2024-02-02 11:17:48,e3b0c44298fc1c149afbf4c8996fb92427ae41e4649b934ca495991b7852b855,
system/etc/dbus-1/system.d/,system/etc/dbus-1/system.d/,directory,0,0,0o40755,2009-01-01 00:00:00,,
system/etc/dbus-1/system.d/avahi-dbus.conf,system/etc/dbus-1/system.d/avahi-dbus.conf,file,1138,391,0o100644,2009-01-01 00:00:00,ec9d3b6cdfd1fecad5a9ac5dd86c71dadc9f08e630ec63b4ba59e79a7713a959,
system/etc/dbus-1/system.conf,system/etc/dbus-1/system.conf,file,833,452,0o100644,2009-01-01 00:00:00,a6f50dc70ef082a110dcdb164579cd2af221b90226c5e0aca237edcad98a1c26,
system/etc/dbus-1/session.conf,system/etc/dbus-1/session.conf,file,838,452,0o100644,2009-01-01 00:00:00,2218b9313dc6d2e07d85751f318124cc5138787358ae1039703321cf6b35602a,
system/etc/skel/__emptyfile__,system/etc/skel/__emptyfile__,file,0,0,0o40755,2024-02-02 11:17:48,e3b0c44298fc1c149afbf4c8996fb92427ae41e4649b934ca495991b7852b855,
system/etc/skel/,system/etc/skel/,directory,0,0,0o40755,2009-01-01 00:00:00,,
system/etc/skel/.bashrc,system/etc/skel/.bashrc,file,410,256,0o100755,2009-01-01 00:00:00,a58074b4d1a36caebb6617d019643dd334f430332ad7ee63e1a55d9276b505ce,
system/etc/skel/.profile,system/etc/skel/.profile,file,241,181,0o100755,2009-01-01 00:00:00,ae9f94718cf33010670937eb2b92dcacf1f8c0f5ec51eca6ae3f1347c0b224db,
system/etc/default/__emptyfile__,system/etc/default/__emptyfile__,file,0,0,0o40755,2024-02-02 11:17:48,e3b0c44298fc1c149afbf4c8996fb92427ae41e4649b934ca495991b7852b855,
system/etc/default/,system/etc/default/,directory,0,0,0o40755,2009-01-01 00:00:00,,
system/etc/default/usbd,system/etc/default/usbd,file,0,0,0o100644,2009-01-01 00:00:00,e3b0c44298fc1c149afbf4c8996fb92427ae41e4649b934ca495991b7852b855,
system/etc/default/volatiles/__emptyfile__,system/etc/default/volatiles/__emptyfile__,file,0,0,0o40755,2024-02-02 11:17:48,e3b0c44298fc1c149afbf4c8996fb92427ae41e4649b934ca495991b7852b855,
system/etc/default/volatiles/,system/etc/default/volatiles/,directory,0,0,0o40755,2009-01-01 00:00:00,,
system/etc/default/volatiles/99_pam,system/etc/default/volatiles/99_pam,file,40,37,0o100644,2009-01-01 00:00:00,cb5133b5396b9fe58ed1abaa026d006b1db949827b9086a479523bafb3e4fa12,
system/etc/default/volatiles/99_dbus,system/etc/default/volatiles/99_dbus,file,48,37,0o100644,2009-01-01 00:00:00,fde4eeb5167cb673b6b823b9bab42adc0582116ddb985005f64d07ae28cb6f93,
system/etc/default/busybox-syslog,system/etc/default/busybox-syslog,file,1056,529,0o100644,2009-01-01 00:00:00,aad4a98e70f55283ad0f3c3335b3b941bb06225ccc82c2e8aab999a0dddfa3dd,
system/etc/sysctl.conf,system/etc/sysctl.conf,file,306,153,0o100644,2009-01-01 00:00:00,2592494ca3e885d942999c9d49f26e9cb69a15ef966007219324fd01d756dd94,
system/etc/ld.so.conf,system/etc/ld.so.conf,file,33,31,0o100644,2009-01-01 00:00:00,27d7ebd402e1b9a20fd3a0663ccc10e1b1feff2d9dfb1ad7dd12bb76cfe0880a,
system/etc/data/__emptyfile__,system/etc/data/__emptyfile__,file,0,0,0o40755,2024-02-02 11:17:48,e3b0c44298fc1c149afbf4c8996fb92427ae41e4649b934ca495991b7852b855,
system/etc/data/,system/etc/data/,directory,0,0,0o40755,2009-01-01 00:00:00,,
system/etc/data/hosts,system/etc/data/hosts,file,78,64,0o100644,2009-01-01 00:00:00,a5f1f7f931c09b8c1ae80c644d85c96b73ac8a0f22bfd479d2c4344b29c4cff3,
system/etc/data/mobileap_cfg.xml,system/etc/data/mobileap_cfg.xml,file,7033,2146,0o100755,2009-01-01 00:00:00,ff36f53a1556cbf86c13afc33783d1cacad42cc0bc6db4a7b929ec96727748f6,
system/etc/data/wlan_cfg.xml,system/etc/data/wlan_cfg.xml,file,2733,761,0o100755,2009-01-01 00:00:00,a99f559c658e436e200b25d516087af98ac17b9397058bfeeb405e357fba7cb4,
system/etc/data/qti_socksv5_auth.xml,system/etc/data/qti_socksv5_auth.xml,file,1791,794,0o100755,2009-01-01 00:00:00,362ce4b66433f4516a65b4e41b2afe6f5616ad1fc1f86ada74c07f77dbc6f56d,
system/etc/data/usb/__emptyfile__,system/etc/data/usb/__emptyfile__,file,0,0,0o40755,2024-02-02 11:17:48,e3b0c44298fc1c149afbf4c8996fb92427ae41e4649b934ca495991b7852b855,
system/etc/data/usb/,system/etc/data/usb/,directory,0,0,0o40755,2009-01-01 00:00:00,,
system/etc/data/usb/softap_w_dun,system/etc/data/usb/softap_w_dun,file,2,2,0o100755,2009-01-01 00:00:00,28312e346b76a3f91e8283519baab5f103d79547dedff5fb7ccc0dc3c5119bbe,
system/etc/data/port_bridge/__emptyfile__,system/etc/data/port_bridge/__emptyfile__,file,0,0,0o40755,2024-02-02 11:17:48,e3b0c44298fc1c149afbf4c8996fb92427ae41e4649b934ca495991b7852b855,
system/etc/data/port_bridge/,system/etc/data/port_bridge/,directory,0,0,0o40755,2009-01-01 00:00:00,,
system/etc/data/port_bridge/port_bridge.config,system/etc/data/port_bridge/port_bridge.config,file,2,2,0o100755,2009-01-01 00:00:00,9a271f2a916b0b6ee6cecb2426f0b3206ef074578be55d9bc94f6f3fe3ab86aa,
system/etc/data/hostapd-eth0.conf,system/etc/data/hostapd-eth0.conf,file,2057,1135,0o100644,2009-01-01 00:00:00,8a34f6f24ea3025d5a758fb3b8ce7d01ae7c2c82f262967ad3f0a3973a65f367,
system/etc/data/factory_mobileap_cfg.xml,system/etc/data/factory_mobileap_cfg.xml,file,7033,2146,0o100755,2009-01-01 00:00:00,ff36f53a1556cbf86c13afc33783d1cacad42cc0bc6db4a7b929ec96727748f6,
system/etc/data/mbim_mode,system/etc/data/mbim_mode,file,2,2,0o100755,2009-01-01 00:00:00,9a271f2a916b0b6ee6cecb2426f0b3206ef074578be55d9bc94f6f3fe3ab86aa,
system/etc/data/iproute2/__emptyfile__,system/etc/data/iproute2/__emptyfile__,file,0,0,0o40755,2024-02-02 11:17:48,e3b0c44298fc1c149afbf4c8996fb92427ae41e4649b934ca495991b7852b855,
system/etc/data/iproute2/,system/etc/data/iproute2/,directory,0,0,0o40755,2009-01-01 00:00:00,,
system/etc/data/iproute2/ematch_map,system/etc/data/iproute2/ematch_map,file,75,72,0o100644,2009-01-01 00:00:00,24d7757214d0f8934599984437caf8a8cb3cbe2616276ce398618dcff750d296,
system/etc/data/iproute2/rt_realms,system/etc/data/iproute2/rt_realms,file,112,92,0o100644,2009-01-01 00:00:00,2f0bfd37d31eb05e75b42908d0eeb61bc3394ba4e5a5f110ed3ae2e5fb9e92af,
system/etc/data/iproute2/group,system/etc/data/iproute2/group,file,31,31,0o100644,2009-01-01 00:00:00,422704225f2cdc53e6a5387a3a35a4bcfd8eabd40e4bc143dfb82ffb5571acd9,
system/etc/data/iproute2/rt_scopes,system/etc/data/iproute2/rt_scopes,file,92,80,0o100644,2009-01-01 00:00:00,a84a4480b5925624c5ac3ff059faf9af42858e7f9224c06270df3f15baacc9c1,
system/etc/data/iproute2/rt_protos,system/etc/data/iproute2/rt_protos,file,317,201,0o100644,2009-01-01 00:00:00,ed7dd23b471993f2ee68fbf6f94c18dcfc3502109c7257737751c277293b8b5d,
system/etc/data/iproute2/rt_dsfield,system/etc/data/iproute2/rt_dsfield,file,442,278,0o100644,2009-01-01 00:00:00,b205e85225c2dba0540af7ae638f0dfaae04fe557021b86086600e95bd149901,
system/etc/data/iproute2/rt_tables,system/etc/data/iproute2/rt_tables,file,87,76,0o100644,2009-01-01 00:00:00,08c418b8469951cd5c59da91e4b116cd62cb125478dfac12e5f5067d4d07ad3f,
system/etc/data/factory_mobileap_firewall.xml,system/etc/data/factory_mobileap_firewall.xml,file,597,335,0o100755,2009-01-01 00:00:00,b3f1534fe7f0154d47bec1167a33f4dfb066e8edb645d33fcaba3814dc8fde6c,
system/etc/data/l2tp_cfg.xml,system/etc/data/l2tp_cfg.xml,file,355,257,0o100755,2009-01-01 00:00:00,b09f8936ae6a4fd6bff12f116fe2c82703f3b61fd111191c825098508a9845ac,
system/etc/data/adpl/__emptyfile__,system/etc/data/adpl/__emptyfile__,file,0,0,0o40755,2024-02-02 11:17:48,e3b0c44298fc1c149afbf4c8996fb92427ae41e4649b934ca495991b7852b855,
system/etc/data/adpl/,system/etc/data/adpl/,directory,0,0,0o40755,2009-01-01 00:00:00,,
system/etc/data/adpl/adpl_config,system/etc/data/adpl/adpl_config,file,15,13,0o100755,2009-01-01 00:00:00,00a30a5e93cb6d0568a3583adc4cc7992bfef2808568c501f8b26d0776025957,
system/etc/data/adpl/mhi_enable,system/etc/data/adpl/mhi_enable,file,2,2,0o100755,2009-01-01 00:00:00,9a271f2a916b0b6ee6cecb2426f0b3206ef074578be55d9bc94f6f3fe3ab86aa,
system/etc/data/factory_l2tp_cfg.xml,system/etc/data/factory_l2tp_cfg.xml,file,355,257,0o100755,2009-01-01 00:00:00,b09f8936ae6a4fd6bff12f116fe2c82703f3b61fd111191c825098508a9845ac,
system/etc/data/factory_wlan_cfg.xml,system/etc/data/factory_wlan_cfg.xml,file,2733,761,0o100755,2009-01-01 00:00:00,a99f559c658e436e200b25d516087af98ac17b9397058bfeeb405e357fba7cb4,
system/etc/data/sw_ip_channel_setup_script.sh,system/etc/data/sw_ip_channel_setup_script.sh,file,1605,752,0o100755,2009-01-01 00:00:00,12e9b74981591328cd6bbdf79519ab9ff8b9819b044c94eed575263ba21bc772,
system/etc/data/data_iot/__emptyfile__,system/etc/data/data_iot/__emptyfile__,file,0,0,0o40755,2024-02-02 11:17:48,e3b0c44298fc1c149afbf4c8996fb92427ae41e4649b934ca495991b7852b855,
system/etc/data/data_iot/,system/etc/data/data_iot/,directory,0,0,0o40755,2009-01-01 00:00:00,,
system/etc/data/data_iot/carrier_apn_cfg,system/etc/data/data_iot/carrier_apn_cfg,file,299,129,0o100755,2009-01-01 00:00:00,439c657a38ed12bb0809f3e9da45f2af0909e84db414f9bf923f186265d1cdd9,
system/etc/data/data_iot/bootstrap.ini,system/etc/data/data_iot/bootstrap.ini,file,369,164,0o100755,2009-01-01 00:00:00,62638a875da9de1e31cbf44a091fa5577c3b9b2c03be466c84a5cd2132d86475,
system/etc/data/data_iot/lwm2m_app_autostart,system/etc/data/data_iot/lwm2m_app_autostart,file,1,1,0o100755,2009-01-01 00:00:00,6b86b273ff34fce19d6b804eff5a3f5747ada4eaa22f1d49c01e52ddb7875b4b,
system/etc/data/data_iot/lwm2m_cfg,system/etc/data/data_iot/lwm2m_cfg,file,709,363,0o100755,2009-01-01 00:00:00,b457fdb03fb491f6c2748ec7aa1f202e5e8912a96d822febb971bb23bf18539b,
system/etc/data/qmi_ip_cfg.xml,system/etc/data/qmi_ip_cfg.xml,file,458,233,0o100755,2009-01-01 00:00:00,a8bff2edaa7204dbedda5b49498301829091f4444b0460bd606c3437c3e00f1e,
system/etc/data/qti_socksv5_conf.xml,system/etc/data/qti_socksv5_conf.xml,file,3678,1346,0o100755,2009-01-01 00:00:00,9c5024727283fb6d67bf74492e9affe0863e1c16a50cda2afec8a91499af500b,
system/etc/data/dnsmasq.conf,system/etc/data/dnsmasq.conf,file,11725,4565,0o100644,2009-01-01 00:00:00,53f32344378abf2423d7d3153572fce534cfd158187ab96679decda9128a4b13,
system/etc/data/factory_qti_socksv5_auth.xml,system/etc/data/factory_qti_socksv5_auth.xml,file,1791,794,0o100755,2009-01-01 00:00:00,362ce4b66433f4516a65b4e41b2afe6f5616ad1fc1f86ada74c07f77dbc6f56d,
system/etc/data/wpa_supplicant-eth0.conf,system/etc/data/wpa_supplicant-eth0.conf,file,2117,1183,0o100644,2009-01-01 00:00:00,cea7ec35e13f40ea403924b8ac834416d304e8f7392bd40b83fbd59b887be932,
system/etc/data/mobileap_cfg.xsd,system/etc/data/mobileap_cfg.xsd,file,20378,1891,0o100755,2009-01-01 00:00:00,b917457080f60163a4028f24909dcda28a4923a04a14c01069cb237724aa5a2d,
system/etc/data/netmgr_config.xml,system/etc/data/netmgr_config.xml,file,93449,3603,0o100755,2009-01-01 00:00:00,e52bdc61a9cacdd1167d02aa818c85be8199932790ff6fdfcd599ccbe0e0793a,
system/etc/data/dsi_config.xml,system/etc/data/dsi_config.xml,file,36172,1383,0o100755,2009-01-01 00:00:00,b0894198fcd5241cc228ba76c873df28acb9f536c57b698c5877949defe05c07,
system/etc/data/tinyproxy.conf,system/etc/data/tinyproxy.conf,file,10146,3935,0o100644,2009-01-01 00:00:00,381b62bedc4f24e69d60ae00637e02897a4b072f28a5c121c3e355f4725b8d24,
system/etc/data/ipa/__emptyfile__,system/etc/data/ipa/__emptyfile__,file,0,0,0o40755,2024-02-02 11:17:48,e3b0c44298fc1c149afbf4c8996fb92427ae41e4649b934ca495991b7852b855,
system/etc/data/ipa/,system/etc/data/ipa/,directory,0,0,0o40755,2009-01-01 00:00:00,,
system/etc/data/ipa/factory_IPACM_cfg.xml,system/etc/data/ipa/factory_IPACM_cfg.xml,file,5095,896,0o100755,2009-01-01 00:00:00,b940a7963cd37001a3a15c9bf16399904cc8cdc0d4de5effd94e068c14d93f56,
system/etc/data/ipa/IPACM_cfg.xml,system/etc/data/ipa/IPACM_cfg.xml,file,5095,896,0o100755,2009-01-01 00:00:00,b940a7963cd37001a3a15c9bf16399904cc8cdc0d4de5effd94e068c14d93f56,
system/etc/data/mux_mode,system/etc/data/mux_mode,file,2,2,0o100755,2009-01-01 00:00:00,28312e346b76a3f91e8283519baab5f103d79547dedff5fb7ccc0dc3c5119bbe,
system/etc/data/factory_qti_socksv5_conf.xml,system/etc/data/factory_qti_socksv5_conf.xml,file,3678,1346,0o100755,2009-01-01 00:00:00,9c5024727283fb6d67bf74492e9affe0863e1c16a50cda2afec8a91499af500b,
system/etc/data/mobileap_firewall.xml,system/etc/data/mobileap_firewall.xml,file,597,335,0o100755,2009-01-01 00:00:00,b3f1534fe7f0154d47bec1167a33f4dfb066e8edb645d33fcaba3814dc8fde6c,
system/etc/data/miniupnpd/__emptyfile__,system/etc/data/miniupnpd/__emptyfile__,file,0,0,0o40755,2024-02-02 11:17:48,e3b0c44298fc1c149afbf4c8996fb92427ae41e4649b934ca495991b7852b855,
system/etc/data/miniupnpd/,system/etc/data/miniupnpd/,directory,0,0,0o40755,2009-01-01 00:00:00,,
system/etc/data/miniupnpd/miniupnpd.conf,system/etc/data/miniupnpd/miniupnpd.conf,file,4951,2177,0o100644,2009-01-01 00:00:00,e6b07709e0229667d5445cd08a524c12e854bc14dcc229f7d617312602e529ac,
system/etc/data/ipa_config.txt,system/etc/data/ipa_config.txt,file,0,0,0o100755,2009-01-01 00:00:00,e3b0c44298fc1c149afbf4c8996fb92427ae41e4649b934ca495991b7852b855,
system/etc/data/dhcp_hosts,system/etc/data/dhcp_hosts,file,0,0,0o100644,2009-01-01 00:00:00,e3b0c44298fc1c149afbf4c8996fb92427ae41e4649b934ca495991b7852b855,
system/etc/sestatus.conf,system/etc/sestatus.conf,file,216,117,0o100644,2009-01-01 00:00:00,7237d8d48517c7788589ba5a78ec41d28da0f0ae2f9cf06f68b2de154c233416,
system/etc/tmpfiles.d/__emptyfile__,system/etc/tmpfiles.d/__emptyfile__,file,0,0,0o40755,2024-02-02 11:17:48,e3b0c44298fc1c149afbf4c8996fb92427ae41e4649b934ca495991b7852b855,
system/etc/tmpfiles.d/,system/etc/tmpfiles.d/,directory,0,0,0o40755,2009-01-01 00:00:00,,
system/etc/tmpfiles.d/time-services-tmpfilesd.conf,system/etc/tmpfiles.d/time-services-tmpfilesd.conf,file,36,31,0o100644,2009-01-01 00:00:00,5df38226e69644c268c903b52cb6019cb4c9dcf2ba93d70c7845f4a59a11df17,
system/etc/tmpfiles.d/data_systemd_tmpfiles.conf,system/etc/tmpfiles.d/data_systemd_tmpfiles.conf,file,840,360,0o100644,2009-01-01 00:00:00,6a041ec2f2a42edae24de0b702434d996faee4f0144fb87e9e6ce3aab92b80f9,
system/etc/tmpfiles.d/platform.conf,system/etc/tmpfiles.d/platform.conf,file,1781,921,0o100644,2009-01-01 00:00:00,cfae85b00cb9417889a7388053bf34d96c5049da622bd8ca6961b3c212dbb053,
system/etc/tmpfiles.d/selinux-labeldev.conf,system/etc/tmpfiles.d/selinux-labeldev.conf,file,1650,864,0o100644,2009-01-01 00:00:00,202a560f066d2590ee7509ecc39d2e9dd6f517ba1805ad4df5c0f069ef5edd4d,
system/etc/tmpfiles.d/ipacm.conf,system/etc/tmpfiles.d/ipacm.conf,file,244,135,0o100644,2009-01-01 00:00:00,05b1663fa26fdb73df58cf5c19a9d432668680b796c560b7e2c6cdf4649f0de5,
system/etc/tmpfiles.d/atfwd.conf,system/etc/tmpfiles.d/atfwd.conf,file,143,108,0o100644,2009-01-01 00:00:00,9d6a66e1c3e6b51cb8259a2c7c758f7fb9bed8c4a239ecadc5dc3350cff31b40,
system/etc/tmpfiles.d/chg-policy-tmpfiles.conf,system/etc/tmpfiles.d/chg-policy-tmpfiles.conf,file,1140,233,0o100644,2009-01-01 00:00:00,78aef6d6d1e534ef603a9505fa8f89f1776c2062cddfd50e5b99bbb2141f812d,
system/etc/tmpfiles.d/tftp-server.conf,system/etc/tmpfiles.d/tftp-server.conf,file,315,82,0o100644,2009-01-01 00:00:00,1927be1db366f8cbc374e98bfb9f89cca10d6478570f119639b211122804e16d,
system/etc/tmpfiles.d/fs-scrub-daemon-tmpfiles.conf,system/etc/tmpfiles.d/fs-scrub-daemon-tmpfiles.conf,file,224,142,0o100644,2009-01-01 00:00:00,8b79cfe3f294057fa7e6ccbe8968780a9de4a33f4055cae549c4921e3ec34ccc,
system/etc/tmpfiles.d/init_mss.conf,system/etc/tmpfiles.d/init_mss.conf,file,142,86,0o100644,2009-01-01 00:00:00,0d18d74f4cfd65804fc73a250e3eda50b3d4572b5db8d7d7ee319dd56298cbf2,
system/etc/tmpfiles.d/00-create-volatile.conf,system/etc/tmpfiles.d/00-create-volatile.conf,file,225,157,0o100644,2009-01-01 00:00:00,f40abf4b7ee1b0d09b62cdcb360b77aaf0e1f2da3dbc2324f579decc9984dfe5,
system/etc/tmpfiles.d/mcm-core_systemd_tmpfiles.conf,system/etc/tmpfiles.d/mcm-core_systemd_tmpfiles.conf,file,201,110,0o100644,2009-01-01 00:00:00,beef52ff5bf05dbf0d646d607c0317093856689ee379145093ad998fef3a4a1b,
system/etc/tmpfiles.d/mbim.conf,system/etc/tmpfiles.d/mbim.conf,file,610,273,0o100644,2009-01-01 00:00:00,bb4e501ef0e22fae91b395a37c71a290004d57fd2085c0b163139ab00735b8dd,
system/etc/tmpfiles.d/qmuxbridge-tmpfilesd.conf,system/etc/tmpfiles.d/qmuxbridge-tmpfilesd.conf,file,243,143,0o100644,2009-01-01 00:00:00,6d93b41a9b73c3ce8e545480ee59087c78660e9c0947a89e3f788639511557c1,
system/etc/tmpfiles.d/qmi_shutdown_modem.conf,system/etc/tmpfiles.d/qmi_shutdown_modem.conf,file,219,144,0o100644,2009-01-01 00:00:00,67b477b08550564009e091dd0de6f746d6525ce5b6d6b0233e2bbad3c8147c5f,
system/etc/tinyproxy.conf,system/etc/tinyproxy.conf,file,10146,3935,0o100644,2009-01-01 00:00:00,381b62bedc4f24e69d60ae00637e02897a4b072f28a5c121c3e355f4725b8d24,
system/etc/version,system/etc/version,file,13,13,0o100644,2009-01-01 00:00:00,6c53c1b369cda89d0e30bc169b2c8f42d2901a7d1907f3485e6783dee828e79d,
system/etc/udev/__emptyfile__,system/etc/udev/__emptyfile__,file,0,0,0o40755,2024-02-02 11:17:48,e3b0c44298fc1c149afbf4c8996fb92427ae41e4649b934ca495991b7852b855,
system/etc/udev/,system/etc/udev/,directory,0,0,0o40755,2009-01-01 00:00:00,,
system/etc/udev/udev.conf,system/etc/udev/udev.conf,file,215,149,0o100644,2009-01-01 00:00:00,96d43c3414fcdd70cf114c9f1290f2f9240b42b03a077de7e89b4fa2b7d4aa14,
system/etc/udev/rules.d/__emptyfile__,system/etc/udev/rules.d/__emptyfile__,file,0,0,0o40755,2024-02-02 11:17:48,e3b0c44298fc1c149afbf4c8996fb92427ae41e4649b934ca495991b7852b855,
system/etc/udev/rules.d/,system/etc/udev/rules.d/,directory,0,0,0o40755,2009-01-01 00:00:00,,
system/etc/udev/rules.d/data_udev_rules.rules,system/etc/udev/rules.d/data_udev_rules.rules,file,1528,318,0o100644,2009-01-01 00:00:00,6b10023e3f76df5f170726b6451383ed7e59c340c1abd8b39195505768246328,
system/etc/udev/rules.d/fs-scrub-daemon.rules,system/etc/udev/rules.d/fs-scrub-daemon.rules,file,355,236,0o100644,2009-01-01 00:00:00,41e9cb4d151c686aa8c51fd3f82227fa68482a1d87d67a4cacc6768843ebe680,
system/etc/udev/rules.d/kgsl.rules,system/etc/udev/rules.d/kgsl.rules,file,32,32,0o100644,2009-01-01 00:00:00,fdf3e5f86ba801b562b02acef94982b42fd924bd82820a515800928054c8d792,
system/etc/udev/rules.d/touchscreen.rules,system/etc/udev/rules.d/touchscreen.rules,file,855,441,0o100644,2009-01-01 00:00:00,e85f922aa4636aae146c426cec72b66fc3511283b0e90d176bd5400f568bb3a4,
system/etc/udev/rules.d/ion.rules,system/etc/udev/rules.d/ion.rules,file,92,80,0o100644,2009-01-01 00:00:00,1c2dd10f563ff6ac90c9c735b341fdbb35dc8a3983c7c973eb7f852b030d22ac,
system/etc/udev/rules.d/mountpartitions.rules,system/etc/udev/rules.d/mountpartitions.rules,file,1062,440,0o100644,2009-01-01 00:00:00,ceb01c7d8a18e841f792092a29ef27ca6b669bbf36e51a3a5f3ed5cdf22471f4,
system/etc/udev/rules.d/time-services.rules,system/etc/udev/rules.d/time-services.rules,file,75,64,0o100644,2009-01-01 00:00:00,0acd0c7c3aef5863a88de17a58f17d120f887b566d2c5c082be116e72c4247a6,
system/etc/udev/rules.d/ipacm.rules,system/etc/udev/rules.d/ipacm.rules,file,573,162,0o100755,2009-01-01 00:00:00,e356896235b153e17e065d6d5a7b61cc1653cf126954f9eb3699f9faa9fcd991,
system/etc/udev/rules.d/init_mss.rules,system/etc/udev/rules.d/init_mss.rules,file,206,93,0o100644,2009-01-01 00:00:00,81008dd9e176c91b2a17bc13270996e467948d53fe46071fdb1c618fe71811c2,
system/etc/udev/rules.d/mbim_udev_rules.rules,system/etc/udev/rules.d/mbim_udev_rules.rules,file,671,208,0o100755,2009-01-01 00:00:00,c68a6dbc74727dacec125c347d62240b92e3ecb7189f2956865632442fac3e3a,
system/etc/udev/rules.d/qmi_shutdown_modem.rules,system/etc/udev/rules.d/qmi_shutdown_modem.rules,file,211,164,0o100644,2009-01-01 00:00:00,d4bc1f6c8951d3c7ff27fef321af54ce3bdc12d3276a2ceb9fcf3c55b0db2f46,
system/etc/udev/rules.d/99-qseecomd.rules,system/etc/udev/rules.d/99-qseecomd.rules,file,96,76,0o100755,2009-01-01 00:00:00,b93bb58ed2ee91106afe86b2afb363484793000f3622ac8dde292d4e194e8577,
system/etc/udev/rules.d/50-log.rules,system/etc/udev/rules.d/50-log.rules,file,312,114,0o100644,2009-01-01 00:00:00,d7dd1bbf09eb7afe38988cb6c41647bb8e795116f51b90618080f88cbf37de62,
system/etc/udev/rules.d/set-mhi-nodes.rules,system/etc/udev/rules.d/set-mhi-nodes.rules,file,72,67,0o100644,2009-01-01 00:00:00,0b516ae79e6b9f13e777b2660018910bf2469aeba6f004809f468d439bce3831,
system/etc/udev/rules.d/set-usb-nodes.rules,system/etc/udev/rules.d/set-usb-nodes.rules,file,312,168,0o100644,2009-01-01 00:00:00,7ce39a3749a2a1efeaff564d98418501f914d08fe86fa2de5eb21654fd2cf33b,
system/etc/udev/rules.d/99-data-eth.rules,system/etc/udev/rules.d/99-data-eth.rules,file,990,271,0o100644,2009-01-01 00:00:00,c86ccbda6c4af354959fb8b79b8b6b884bbcb930beed95380320ef4fe414cdbd,
system/etc/udev/scripts/__emptyfile__,system/etc/udev/scripts/__emptyfile__,file,0,0,0o40755,2024-02-02 11:17:48,e3b0c44298fc1c149afbf4c8996fb92427ae41e4649b934ca495991b7852b855,
system/etc/udev/scripts/,system/etc/udev/scripts/,directory,0,0,0o40755,2009-01-01 00:00:00,,
system/etc/udev/scripts/ipacm_udev.sh,system/etc/udev/scripts/ipacm_udev.sh,file,1375,302,0o100755,2009-01-01 00:00:00,847dcf49e0a1428644e8c0d2286ea231f1b67e87aeaa16614e073d64d375bd23,
system/etc/udev/scripts/data_udev_script.sh,system/etc/udev/scripts/data_udev_script.sh,file,2257,610,0o100755,2009-01-01 00:00:00,70bc574ec2b29795a141aab4060d7f1088c2327dd5e9db2eb931dd3058e2d336,
system/etc/udev/scripts/automountsdcard.sh,system/etc/udev/scripts/automountsdcard.sh,file,4609,1774,0o100744,2009-01-01 00:00:00,0dacd0004684ad3890d1ccd1399a3fa0af5c49c41f54d522dd2deb908f1aa1bf,
system/etc/serial_number,system/etc/serial_number,file,33,33,0o100644,2009-01-01 00:00:00,98668ff56d7817382418db568d37fad34c9f1e42d79f2c93211bca102263b983,
system/etc/launch_adbd,system/etc/launch_adbd,file,2706,1367,0o100755,2009-01-01 00:00:00,d48ea854d358e2f6dfeaa743c73f912bd0ccfd4ac541a3ddb97bfdc5c6c05933,
system/etc/opkg/__emptyfile__,system/etc/opkg/__emptyfile__,file,0,0,0o40755,2024-02-02 11:17:48,e3b0c44298fc1c149afbf4c8996fb92427ae41e4649b934ca495991b7852b855,
system/etc/opkg/,system/etc/opkg/,directory,0,0,0o40755,2009-01-01 00:00:00,,
system/etc/opkg/opkg.conf,system/etc/opkg/opkg.conf,file,845,438,0o100644,2009-01-01 00:00:00,471ee12b498f25fd2c4a721e1f7aea7dce43cff99f81fc2caf40efbe88d346ae,
system/etc/opkg/arch.conf,system/etc/opkg/arch.conf,file,271,105,0o100644,2009-01-01 00:00:00,50867bf39e08055e124fdb7e620552924ae21895769dd960c31328a9facca98a,
system/etc/misc/__emptyfile__,system/etc/misc/__emptyfile__,file,0,0,0o40755,2024-02-02 11:17:48,e3b0c44298fc1c149afbf4c8996fb92427ae41e4649b934ca495991b7852b855,
system/etc/misc/,system/etc/misc/,directory,0,0,0o40755,2009-01-01 00:00:00,,
system/etc/misc/wifi/__emptyfile__,system/etc/misc/wifi/__emptyfile__,file,0,0,0o40755,2024-02-02 11:17:48,e3b0c44298fc1c149afbf4c8996fb92427ae41e4649b934ca495991b7852b855,
system/etc/misc/wifi/,system/etc/misc/wifi/,directory,0,0,0o40755,2009-01-01 00:00:00,,
system/etc/misc/wifi/hostapd-wlan1.conf,system/etc/misc/wifi/hostapd-wlan1.conf,file,67588,23224,0o100644,2009-01-01 00:00:00,a079c3422344a199f770d00d3eceddabc967da1cbdbb7634ab691650361282be,
system/etc/misc/wifi/wpa_supplicant.conf,system/etc/misc/wifi/wpa_supplicant.conf,file,428,280,0o100644,2009-01-01 00:00:00,9e02628159e1241bbf525925e68e5f9e6f043bd56bc569eee78f3824c2775aee,
system/etc/misc/wifi/sta_mode_hostapd.conf,system/etc/misc/wifi/sta_mode_hostapd.conf,file,67586,23221,0o100644,2009-01-01 00:00:00,eef0db652a9b13144d4b7800fddd9717059f153283de5c6b327ec028bfa25095,
system/etc/misc/wifi/hostapd-wlan2.conf,system/etc/misc/wifi/hostapd-wlan2.conf,file,67588,23222,0o100644,2009-01-01 00:00:00,fec50b7c5abbae98f1eac111cbd2f5af96c3f766bd3287ccd5a1e673785bd270,
system/etc/misc/wifi/WCNSS_qcom_cfg.ini,system/etc/misc/wifi/WCNSS_qcom_cfg.ini,file,13060,5247,0o100644,2009-01-01 00:00:00,3204f5708e03a4dee209aeb7c55e582d218e4b0917fdf35aa7b9028619cc820f,
system/etc/misc/wifi/hostapd.conf,system/etc/misc/wifi/hostapd.conf,file,67586,23221,0o100644,2009-01-01 00:00:00,5e0e65884911a751c42bb8caa41b624ac5cd34d62ed19a74301079681bd49a18,
system/etc/sec_config,system/etc/sec_config,file,7207,1356,0o100644,2009-01-01 00:00:00,959fc8633edae07115f8abdfeca3146faec86ba8cc0f2a4b876957323bbf178d,
system/etc/syslog.conf,system/etc/syslog.conf,file,69,65,0o100644,2009-01-01 00:00:00,1deaae973215411f452910484dcd9cdc3c78af4c39cb0e1592568001931f9e3d,
system/etc/cacert_location.pem,system/etc/cacert_location.pem,file,30438,14276,0o100644,2009-01-01 00:00:00,ebc88e16d5a3a3bac3d3a2c79af7b8b61a4be7bfae58cc3c0d6966c235b1eee1,
system/etc/issue,system/etc/issue,file,16,16,0o100644,2009-01-01 00:00:00,0e1e837a1882f1ace0b537228251676525a17434202846faa0b01a0fa73d5a62,
system/etc/protocols,system/etc/protocols,file,2932,1517,0o100644,2009-01-01 00:00:00,a90a2be9c2a88be6fbfc1fc73ba76f34698377bb19513e5de503dbb0bfe13be1,
system/etc/ssl/__emptyfile__,system/etc/ssl/__emptyfile__,file,0,0,0o40755,2024-02-02 11:17:48,e3b0c44298fc1c149afbf4c8996fb92427ae41e4649b934ca495991b7852b855,
system/etc/ssl/,system/etc/ssl/,directory,0,0,0o40755,2009-01-01 00:00:00,,
system/etc/ssl/certs/__emptyfile__,system/etc/ssl/certs/__emptyfile__,file,0,0,0o40755,2024-02-02 11:17:48,e3b0c44298fc1c149afbf4c8996fb92427ae41e4649b934ca495991b7852b855,
system/etc/ssl/certs/,system/etc/ssl/certs/,directory,0,0,0o40755,2009-01-01 00:00:00,,
system/etc/ssl/certs/ca-certificates.crt,system/etc/ssl/certs/ca-certificates.crt,file,200061,117381,0o100644,2009-01-01 00:00:00,02cf0ff3045dba882fea094f41510ffc8fac413078fb40d31317a475186097fd,
system/etc/ssl/openssl.cnf,system/etc/ssl/openssl.cnf,file,10909,3673,0o100644,2009-01-01 00:00:00,f10ba64917b4458fafc1e078c2eb9e6a7602e68fc98c2e9e6df5e1636ae27d6b,
system/etc/ssl/private/__emptyfile__,system/etc/ssl/private/__emptyfile__,file,0,0,0o40755,2024-02-02 11:17:48,e3b0c44298fc1c149afbf4c8996fb92427ae41e4649b934ca495991b7852b855,
system/etc/ssl/private/,system/etc/ssl/private/,directory,0,0,0o40755,2009-01-01 00:00:00,,
system/etc/nsswitch.conf,system/etc/nsswitch.conf,file,509,282,0o100644,2009-01-01 00:00:00,ddb3615a528e2a51933f89b07d56f3b143d21d9d9ff302dcbb6bed5516d40db5,
system/etc/systemd/__emptyfile__,system/etc/systemd/__emptyfile__,file,0,0,0o40755,2024-02-02 11:17:48,e3b0c44298fc1c149afbf4c8996fb92427ae41e4649b934ca495991b7852b855,
system/etc/systemd/,system/etc/systemd/,directory,0,0,0o40755,2009-01-01 00:00:00,,
system/etc/systemd/system.conf,system/etc/systemd/system.conf,file,1682,796,0o100644,2009-01-01 00:00:00,483811ac93b3fef62e1332f4ec92734bf2000f77d0b4480491f0c2c49f259f76,
system/etc/systemd/logind.conf,system/etc/systemd/logind.conf,file,1040,545,0o100644,2009-01-01 00:00:00,e2989ae6324a8f2655275a9ffaf5ef915153baa888576e58004aa6a2ad471a4c,
system/etc/systemd/user/__emptyfile__,system/etc/systemd/user/__emptyfile__,file,0,0,0o40755,2024-02-02 11:17:48,e3b0c44298fc1c149afbf4c8996fb92427ae41e4649b934ca495991b7852b855,
system/etc/systemd/user/,system/etc/systemd/user/,directory,0,0,0o40755,2009-01-01 00:00:00,,
system/etc/systemd/user.conf,system/etc/systemd/user.conf,file,1130,538,0o100644,2009-01-01 00:00:00,a698d971bc314dff4fae66325e81e1723deb45cf3cd31a4402f1729e69c4a73e,
system/etc/systemd/system/__emptyfile__,system/etc/systemd/system/__emptyfile__,file,0,0,0o40755,2024-02-02 11:17:48,e3b0c44298fc1c149afbf4c8996fb92427ae41e4649b934ca495991b7852b855,
system/etc/systemd/system/,system/etc/systemd/system/,directory,0,0,0o40755,2009-01-01 00:00:00,,
system/etc/systemd/system/time_serviced.service.d/__emptyfile__,system/etc/systemd/system/time_serviced.service.d/__emptyfile__,file,0,0,0o40755,2024-02-02 11:17:48,e3b0c44298fc1c149afbf4c8996fb92427ae41e4649b934ca495991b7852b855,
system/etc/systemd/system/time_serviced.service.d/,system/etc/systemd/system/time_serviced.service.d/,directory,0,0,0o40755,2009-01-01 00:00:00,,
system/etc/systemd/system/time_serviced.service.d/time-services.conf,system/etc/systemd/system/time_serviced.service.d/time-services.conf,file,30,30,0o100644,2009-01-01 00:00:00,4b7c99e5e5d5ccc7498b487f694481415e448d7899f33994ee1b87f3a97cf176,
system/etc/systemd/system/misc_daemon.service,system/etc/systemd/system/misc_daemon.service,file,442,259,0o100644,2009-01-01 00:00:00,5532f3984197a01975260b6147c2b86f9126c2118ca4b3390f32159892bd5ff5,
system/etc/systemd/system/time_serviced.service,system/etc/systemd/system/time_serviced.service,file,572,342,0o100644,2009-01-01 00:00:00,7f910620ca0ba6fda9d08c8963afd9e7a353caf024c878f9d135685305ab4d8e,
system/etc/systemd/system/batter.service,system/etc/systemd/system/batter.service,file,235,168,0o100644,2009-01-01 00:00:00,2ec3b6c0c98673479aa2ecd78a44926b0fe911dbcbb5bc71c3e9d63b49eff36e,
system/etc/systemd/system/basic.target.wants/__emptyfile__,system/etc/systemd/system/basic.target.wants/__emptyfile__,file,0,0,0o40755,2024-02-02 11:17:48,e3b0c44298fc1c149afbf4c8996fb92427ae41e4649b934ca495991b7852b855,
system/etc/systemd/system/basic.target.wants/,system/etc/systemd/system/basic.target.wants/,directory,0,0,0o40755,2009-01-01 00:00:00,,
system/etc/systemd/system/ubus.service,system/etc/systemd/system/ubus.service,file,247,180,0o100644,2009-01-01 00:00:00,98c8a33822e0fd4c2dcdad0e8b0a3295f7945ba3531415fc2cddd8b8a30a804f,
system/etc/systemd/system/thermal-engine.service.d/__emptyfile__,system/etc/systemd/system/thermal-engine.service.d/__emptyfile__,file,0,0,0o40755,2024-02-02 11:17:48,e3b0c44298fc1c149afbf4c8996fb92427ae41e4649b934ca495991b7852b855,
system/etc/systemd/system/thermal-engine.service.d/,system/etc/systemd/system/thermal-engine.service.d/,directory,0,0,0o40755,2009-01-01 00:00:00,,
system/etc/systemd/system/thermal-engine.service.d/thermal-engine_system_user.conf,system/etc/systemd/system/thermal-engine.service.d/thermal-engine_system_user.conf,file,220,163,0o100644,2009-01-01 00:00:00,338ec595e0d71048d0edbb86384b43f3060153d832b530474a32cdcd15f9e6c8,
system/etc/systemd/system/dnsmasq.service,system/etc/systemd/system/dnsmasq.service,file,1775,930,0o100644,2009-01-01 00:00:00,d0748a34764daa22971985a59e5f0d0c8427ae82f38a7b4bcedd788e2021027f,
system/etc/systemd/system/qmi_svr.service,system/etc/systemd/system/qmi_svr.service,file,310,199,0o100644,2009-01-01 00:00:00,774f1cd55eba158b92e7bb3fe14119de2dd46dec27a5c61078da63305b857864,
system/etc/systemd/system/sfsconfig.service,system/etc/systemd/system/sfsconfig.service,file,398,256,0o100644,2009-01-01 00:00:00,4a2889cd42274eca3ad106db5b5bd649b78514c70b1c221b81e1cc0f3ff3e832,
system/etc/systemd/system/chgrp-diag.service,system/etc/systemd/system/chgrp-diag.service,file,386,234,0o100644,2009-01-01 00:00:00,1f6797816d6d295cc6f2539d431d95d9c3db4c61658c7e78cd08a75803d60854,
system/etc/systemd/system/thermal-engine.service,system/etc/systemd/system/thermal-engine.service,file,341,226,0o100644,2009-01-01 00:00:00,aa843290f5c34b6e05024b7a98a32cdfb9629f16f0912e9771c68d4d385a59be,
system/etc/systemd/system/lcd.service,system/etc/systemd/system/lcd.service,file,366,204,0o100644,2009-01-01 00:00:00,4283841642a75a10f5bca741fc76f29a49a83b3b601a475e5c764da5ab04653f,
system/etc/systemd/system/qce_dlkm.service,system/etc/systemd/system/qce_dlkm.service,file,1950,959,0o100644,2009-01-01 00:00:00,52f56c751aa75104c16554d15e1479ec0cd1bcf4539d781ae2f5b7be3095d9e6,
system/etc/systemd/system/start_wlan_services.service,system/etc/systemd/system/start_wlan_services.service,file,492,286,0o100644,2009-01-01 00:00:00,c3181736a4b7797a67dcb7a69a4af3b3292b370ea6902a57d052c375da9927d7,
system/etc/systemd/system/ffbm.target.wants/__emptyfile__,system/etc/systemd/system/ffbm.target.wants/__emptyfile__,file,0,0,0o40755,2024-02-02 11:17:48,e3b0c44298fc1c149afbf4c8996fb92427ae41e4649b934ca495991b7852b855,
system/etc/systemd/system/ffbm.target.wants/,system/etc/systemd/system/ffbm.target.wants/,directory,0,0,0o40755,2009-01-01 00:00:00,,
system/etc/systemd/system/feiliu.service,system/etc/systemd/system/feiliu.service,file,309,188,0o100644,2009-01-01 00:00:00,9c337bde6016a1b393c992570576596711ecd3c3a2dcbcf1477e492d64c4d0a7,
system/etc/systemd/system/tcpserver.service,system/etc/systemd/system/tcpserver.service,file,318,193,0o100644,2009-01-01 00:00:00,01018529703e77852e70dd13f20247f5e66c6708b94fc5f31e6e40f1309e3ef8,
system/etc/systemd/system/getty.target.wants/__emptyfile__,system/etc/systemd/system/getty.target.wants/__emptyfile__,file,0,0,0o40755,2024-02-02 11:17:48,e3b0c44298fc1c149afbf4c8996fb92427ae41e4649b934ca495991b7852b855,
system/etc/systemd/system/getty.target.wants/,system/etc/systemd/system/getty.target.wants/,directory,0,0,0o40755,2009-01-01 00:00:00,,
system/etc/systemd/system/mobile_svr.service,system/etc/systemd/system/mobile_svr.service,file,321,194,0o100644,2009-01-01 00:00:00,586659f46261344c5d4cb8e93a7bcf2831bfc451b4ded091afdfe8561d61a783,
system/etc/systemd/system/led.service,system/etc/systemd/system/led.service,file,226,168,0o100644,2009-01-01 00:00:00,49837c006dd299eb7e562065487e68df2ac5f5da5491898026458190c512eec1,
system/etc/systemd/system/router_daemon.service,system/etc/systemd/system/router_daemon.service,file,320,194,0o100644,2009-01-01 00:00:00,5823d029e718688971d3bc7390e4235734dba2bff014738e8f2f5d98a47bcac9,
system/etc/systemd/system/start_stop_ipa_fws.service,system/etc/systemd/system/start_stop_ipa_fws.service,file,536,283,0o100644,2009-01-01 00:00:00,29c9546cfd2afa5b1bcd307281fbcbce991ddaceb9bec45fdfcc2a5ca12d159c,
system/etc/systemd/system/ffbm.target,system/etc/systemd/system/ffbm.target,file,1756,915,0o100644,2009-01-01 00:00:00,869d52e745fd99fe2f0ee60c50d7a72247d20be053b73ba6e337d96415ded7a8,
system/etc/systemd/system/httpd.service,system/etc/systemd/system/httpd.service,file,456,267,0o100644,2009-01-01 00:00:00,1b632c732814ded7ac2837973a28794b50159c719a5afa7cf93d49395be31d60,
system/etc/systemd/system/local-fs.target.wants/__emptyfile__,system/etc/systemd/system/local-fs.target.wants/__emptyfile__,file,0,0,0o40755,2024-02-02 11:17:48,e3b0c44298fc1c149afbf4c8996fb92427ae41e4649b934ca495991b7852b855,
system/etc/systemd/system/local-fs.target.wants/,system/etc/systemd/system/local-fs.target.wants/,directory,0,0,0o40755,2009-01-01 00:00:00,,
system/etc/systemd/system/chgrp-diag.service.d/__emptyfile__,system/etc/systemd/system/chgrp-diag.service.d/__emptyfile__,file,0,0,0o40755,2024-02-02 11:17:48,e3b0c44298fc1c149afbf4c8996fb92427ae41e4649b934ca495991b7852b855,
system/etc/systemd/system/chgrp-diag.service.d/,system/etc/systemd/system/chgrp-diag.service.d/,directory,0,0,0o40755,2009-01-01 00:00:00,,
system/etc/systemd/system/chgrp-diag.service.d/chgrp-diag.conf,system/etc/systemd/system/chgrp-diag.service.d/chgrp-diag.conf,file,30,30,0o100644,2009-01-01 00:00:00,4b7c99e5e5d5ccc7498b487f694481415e448d7899f33994ee1b87f3a97cf176,
system/etc/systemd/system/multi-user.target.wants/__emptyfile__,system/etc/systemd/system/multi-user.target.wants/__emptyfile__,file,0,0,0o40755,2024-02-02 11:17:48,e3b0c44298fc1c149afbf4c8996fb92427ae41e4649b934ca495991b7852b855,
system/etc/systemd/system/multi-user.target.wants/,system/etc/systemd/system/multi-user.target.wants/,directory,0,0,0o40755,2009-01-01 00:00:00,,
system/etc/systemd/system/systemd-udevd.service,system/etc/systemd/system/systemd-udevd.service,file,2094,1076,0o100644,2009-01-01 00:00:00,aa4850a38855dcaeca091bdfac92f6686cdae438476b43312a3c12e97985b83e,
system/etc/systemd/system/network_mgr.service,system/etc/systemd/system/network_mgr.service,file,318,200,0o100644,2009-01-01 00:00:00,96db8e48a11b238db5415580e6b66e48d876a1eddb5b9a9f9c20221a72e6633b,
system/etc/systemd/system/ntptime.service,system/etc/systemd/system/ntptime.service,file,381,250,0o100644,2009-01-01 00:00:00,4aaf697137352a955253b2b596282ba26edfc54f104d3424f8b536b0cb6c0f9d,
system/etc/systemd/system/qcmap_dpo@.service,system/etc/systemd/system/qcmap_dpo@.service,file,186,126,0o100644,2009-01-01 00:00:00,8710dad76c7324638a93c44a18a6b243b1b1f9715f22c040722f6a98e9ff2ca5,
system/etc/systemd/journald.conf,system/etc/systemd/journald.conf,file,1029,537,0o100644,2009-01-01 00:00:00,b19a73401f0f67d1c06ca13a1766b84e7093dc6ad093c598387568ce0252a74b,
system/etc/hostname,system/etc/hostname,file,11,11,0o100644,2009-01-01 00:00:00,0d6d8d635a4676dcd051eefb14b939e91aceb63ed2cc13c69ef0cc36643d43b6,
system/oemdata/__emptyfile__,system/oemdata/__emptyfile__,file,0,0,0o40755,2024-02-02 11:17:48,e3b0c44298fc1c149afbf4c8996fb92427ae41e4649b934ca495991b7852b855,
system/oemdata/,system/oemdata/,directory,0,0,0o40755,2009-01-01 00:00:00,,
system/oemdata/alk_nv/__emptyfile__,system/oemdata/alk_nv/__emptyfile__,file,0,0,0o40755,2024-02-02 11:17:48,e3b0c44298fc1c149afbf4c8996fb92427ae41e4649b934ca495991b7852b855,
system/oemdata/alk_nv/,system/oemdata/alk_nv/,directory,0,0,0o40755,2009-01-01 00:00:00,,
system/persist/__emptyfile__,system/persist/__emptyfile__,file,0,0,0o40755,2024-02-02 11:17:48,e3b0c44298fc1c149afbf4c8996fb92427ae41e4649b934ca495991b7852b855,
system/persist/,system/persist/,directory,0,0,0o40755,2009-01-01 00:00:00,,
system/tmp/__emptyfile__,system/tmp/__emptyfile__,file,0,0,0o40755,2024-02-02 11:17:48,e3b0c44298fc1c149afbf4c8996fb92427ae41e4649b934ca495991b7852b855,
system/tmp/,system/tmp/,directory,0,0,0o40755,2009-01-01 00:00:00,,
system/run/__emptyfile__,system/run/__emptyfile__,file,0,0,0o40755,2024-02-02 11:17:48,e3b0c44298fc1c149afbf4c8996fb92427ae41e4649b934ca495991b7852b855,
system/run/,system/run/,directory,0,0,0o40755,2009-01-01 00:00:00,,
system/systemrw/__emptyfile__,system/systemrw/__emptyfile__,file,0,0,0o40755,2024-02-02 11:17:48,e3b0c44298fc1c149afbf4c8996fb92427ae41e4649b934ca495991b7852b855,
system/systemrw/,system/systemrw/,directory,0,0,0o40755,2009-01-01 00:00:00,,
system/target,system/target,file,11,11,0o100644,2009-01-01 00:00:00,0d6d8d635a4676dcd051eefb14b939e91aceb63ed2cc13c69ef0cc36643d43b6,
system/cache/__emptyfile__,system/cache/__emptyfile__,file,0,0,0o40755,2024-02-02 11:17:48,e3b0c44298fc1c149afbf4c8996fb92427ae41e4649b934ca495991b7852b855,
system/cache/,system/cache/,directory,0,0,0o40755,2009-01-01 00:00:00,,
system/boot/__emptyfile__,system/boot/__emptyfile__,file,0,0,0o40755,2024-02-02 11:17:48,e3b0c44298fc1c149afbf4c8996fb92427ae41e4649b934ca495991b7852b855,
system/boot/,system/boot/,directory,0,0,0o40755,2009-01-01 00:00:00,,
system/boot/integrity/__emptyfile__,system/boot/integrity/__emptyfile__,file,0,0,0o40755,2024-02-02 11:17:48,e3b0c44298fc1c149afbf4c8996fb92427ae41e4649b934ca495991b7852b855,
system/boot/integrity/,system/boot/integrity/,directory,0,0,0o40755,2009-01-01 00:00:00,,
system/boot/integrity/abl.elf,system/boot/integrity/abl.elf,file,147456,106007,0o100644,2009-01-01 00:00:00,e45d5b7f465c047cbb86fc38ddd989f328c29430d07a63ba59ad37414381336c,
system/boot/abl.elf,system/boot/abl.elf,file,151552,107291,0o100644,2009-01-01 00:00:00,c4fe4f7e1e5dad12973b2ae6530866e77fe9ad84f0a541c76d609be2a78fcfef,
system/boot/signed/__emptyfile__,system/boot/signed/__emptyfile__,file,0,0,0o40755,2024-02-02 11:17:48,e3b0c44298fc1c149afbf4c8996fb92427ae41e4649b934ca495991b7852b855,
system/boot/signed/,system/boot/signed/,directory,0,0,0o40755,2009-01-01 00:00:00,,
system/boot/signed/abl.elf,system/boot/signed/abl.elf,file,151552,107291,0o100644,2009-01-01 00:00:00,c4fe4f7e1e5dad12973b2ae6530866e77fe9ad84f0a541c76d609be2a78fcfef,
system/boot/sign_and_encrypt/__emptyfile__,system/boot/sign_and_encrypt/__emptyfile__,file,0,0,0o40755,2024-02-02 11:17:48,e3b0c44298fc1c149afbf4c8996fb92427ae41e4649b934ca495991b7852b855,
system/boot/sign_and_encrypt/,system/boot/sign_and_encrypt/,directory,0,0,0o40755,2009-01-01 00:00:00,,
system/boot/sign_and_encrypt/default/__emptyfile__,system/boot/sign_and_encrypt/default/__emptyfile__,file,0,0,0o40755,2024-02-02 11:17:48,e3b0c44298fc1c149afbf4c8996fb92427ae41e4649b934ca495991b7852b855,
system/boot/sign_and_encrypt/default/,system/boot/sign_and_encrypt/default/,directory,0,0,0o40755,2009-01-01 00:00:00,,
system/boot/sign_and_encrypt/default/abl/__emptyfile__,system/boot/sign_and_encrypt/default/abl/__emptyfile__,file,0,0,0o40755,2024-02-02 11:17:48,e3b0c44298fc1c149afbf4c8996fb92427ae41e4649b934ca495991b7852b855,
system/boot/sign_and_encrypt/default/abl/,system/boot/sign_and_encrypt/default/abl/,directory,0,0,0o40755,2009-01-01 00:00:00,,
system/boot/sign_and_encrypt/default/abl/abl.elf,system/boot/sign_and_encrypt/default/abl/abl.elf,file,151552,141033,0o100644,2009-01-01 00:00:00,b49fa37f7b61ab11603475d15754f64c94243ee5c4025d87e76e338e9871ea3f,
system/boot/sign_and_encrypt/default/abl/SecImage_log.txt,system/boot/sign_and_encrypt/default/abl/SecImage_log.txt,file,4291,1124,0o100644,2009-01-01 00:00:00,eda4e5505a459b971c87783f8c208633493e03db40a48e381023e4832cb2dfd7,
system/boot/sign_and_encrypt/SecImage_log.txt,system/boot/sign_and_encrypt/SecImage_log.txt,file,6299,1494,0o100644,2009-01-01 00:00:00,74b8111194f7817b0f09f90e310fad45529e2763b80641a79cf56b0c9746a7a1,
system/boot/sign/__emptyfile__,system/boot/sign/__emptyfile__,file,0,0,0o40755,2024-02-02 11:17:48,e3b0c44298fc1c149afbf4c8996fb92427ae41e4649b934ca495991b7852b855,
system/boot/sign/,system/boot/sign/,directory,0,0,0o40755,2009-01-01 00:00:00,,
system/boot/sign/default/__emptyfile__,system/boot/sign/default/__emptyfile__,file,0,0,0o40755,2024-02-02 11:17:48,e3b0c44298fc1c149afbf4c8996fb92427ae41e4649b934ca495991b7852b855,
system/boot/sign/default/,system/boot/sign/default/,directory,0,0,0o40755,2009-01-01 00:00:00,,
system/boot/sign/default/abl/__emptyfile__,system/boot/sign/default/abl/__emptyfile__,file,0,0,0o40755,2024-02-02 11:17:48,e3b0c44298fc1c149afbf4c8996fb92427ae41e4649b934ca495991b7852b855,
system/boot/sign/default/abl/,system/boot/sign/default/abl/,directory,0,0,0o40755,2009-01-01 00:00:00,,
system/boot/sign/default/abl/abl.elf,system/boot/sign/default/abl/abl.elf,file,151552,107291,0o100644,2009-01-01 00:00:00,c4fe4f7e1e5dad12973b2ae6530866e77fe9ad84f0a541c76d609be2a78fcfef,
system/boot/sign/default/abl/SecImage_log.txt,system/boot/sign/default/abl/SecImage_log.txt,file,4247,1119,0o100644,2009-01-01 00:00:00,d0759d8a266e1820e7ae320fff06cf314c89411edd5e975c182656b65e7a891e,
system/boot/sign/SecImage_log.txt,system/boot/sign/SecImage_log.txt,file,6209,1485,0o100644,2009-01-01 00:00:00,60758618fc902312cfb8552dd0c118df3c2180c7bb4a144777960d37ccea702a,
system/boot/signed_encrypted/__emptyfile__,system/boot/signed_encrypted/__emptyfile__,file,0,0,0o40755,2024-02-02 11:17:48,e3b0c44298fc1c149afbf4c8996fb92427ae41e4649b934ca495991b7852b855,
system/boot/signed_encrypted/,system/boot/signed_encrypted/,directory,0,0,0o40755,2009-01-01 00:00:00,,
system/boot/signed_encrypted/abl.elf,system/boot/signed_encrypted/abl.elf,file,151552,141033,0o100644,2009-01-01 00:00:00,b49fa37f7b61ab11603475d15754f64c94243ee5c4025d87e76e338e9871ea3f,
system/boot/Sectools_Builder_abl_log.txt,system/boot/Sectools_Builder_abl_log.txt,file,1959,310,0o100644,2009-01-01 00:00:00,380196a5663c9829b5eb0e4524df097828fbcafd86261e949e97fa7a09051205,
system/boot/integrity_check/__emptyfile__,system/boot/integrity_check/__emptyfile__,file,0,0,0o40755,2024-02-02 11:17:48,e3b0c44298fc1c149afbf4c8996fb92427ae41e4649b934ca495991b7852b855,
system/boot/integrity_check/,system/boot/integrity_check/,directory,0,0,0o40755,2009-01-01 00:00:00,,
system/boot/integrity_check/default/__emptyfile__,system/boot/integrity_check/default/__emptyfile__,file,0,0,0o40755,2024-02-02 11:17:48,e3b0c44298fc1c149afbf4c8996fb92427ae41e4649b934ca495991b7852b855,
system/boot/integrity_check/default/,system/boot/integrity_check/default/,directory,0,0,0o40755,2009-01-01 00:00:00,,
system/boot/integrity_check/default/abl/__emptyfile__,system/boot/integrity_check/default/abl/__emptyfile__,file,0,0,0o40755,2024-02-02 11:17:48,e3b0c44298fc1c149afbf4c8996fb92427ae41e4649b934ca495991b7852b855,
system/boot/integrity_check/default/abl/,system/boot/integrity_check/default/abl/,directory,0,0,0o40755,2009-01-01 00:00:00,,
system/boot/integrity_check/default/abl/abl.elf,system/boot/integrity_check/default/abl/abl.elf,file,147456,106007,0o100644,2009-01-01 00:00:00,e45d5b7f465c047cbb86fc38ddd989f328c29430d07a63ba59ad37414381336c,
system/boot/integrity_check/default/abl/SecImage_log.txt,system/boot/integrity_check/default/abl/SecImage_log.txt,file,3315,889,0o100644,2009-01-01 00:00:00,62154b6626bd55ffb4581c6f28152cff6e5552d29acdc0d4ef28518dd0a8be83,
system/boot/integrity_check/SecImage_log.txt,system/boot/integrity_check/SecImage_log.txt,file,5321,1270,0o100644,2009-01-01 00:00:00,5d93c078773667680acd7ccca6f6a556224fb9fc34fcaf59e85d04e51c3fd17d,
system/var/__emptyfile__,system/var/__emptyfile__,file,0,0,0o40755,2024-02-02 11:17:48,e3b0c44298fc1c149afbf4c8996fb92427ae41e4649b934ca495991b7852b855,
system/var/,system/var/,directory,0,0,0o40755,2009-01-01 00:00:00,,
system/var/cache/__emptyfile__,system/var/cache/__emptyfile__,file,0,0,0o40755,2024-02-02 11:17:48,e3b0c44298fc1c149afbf4c8996fb92427ae41e4649b934ca495991b7852b855,
system/var/cache/,system/var/cache/,directory,0,0,0o40755,2009-01-01 00:00:00,,
system/var/cache/opkg/__emptyfile__,system/var/cache/opkg/__emptyfile__,file,0,0,0o40755,2024-02-02 11:17:48,e3b0c44298fc1c149afbf4c8996fb92427ae41e4649b934ca495991b7852b855,
system/var/cache/opkg/,system/var/cache/opkg/,directory,0,0,0o40755,2009-01-01 00:00:00,,
system/var/volatile/__emptyfile__,system/var/volatile/__emptyfile__,file,0,0,0o40755,2024-02-02 11:17:48,e3b0c44298fc1c149afbf4c8996fb92427ae41e4649b934ca495991b7852b855,
system/var/volatile/,system/var/volatile/,directory,0,0,0o40755,2009-01-01 00:00:00,,
system/var/volatile/log/__emptyfile__,system/var/volatile/log/__emptyfile__,file,0,0,0o40755,2024-02-02 11:17:48,e3b0c44298fc1c149afbf4c8996fb92427ae41e4649b934ca495991b7852b855,
system/var/volatile/log/,system/var/volatile/log/,directory,0,0,0o40755,2009-01-01 00:00:00,,
system/var/volatile/log/journal/__emptyfile__,system/var/volatile/log/journal/__emptyfile__,file,0,0,0o40755,2024-02-02 11:17:48,e3b0c44298fc1c149afbf4c8996fb92427ae41e4649b934ca495991b7852b855,
system/var/volatile/log/journal/,system/var/volatile/log/journal/,directory,0,0,0o40755,2009-01-01 00:00:00,,
system/var/volatile/tmp/__emptyfile__,system/var/volatile/tmp/__emptyfile__,file,0,0,0o40755,2024-02-02 11:17:48,e3b0c44298fc1c149afbf4c8996fb92427ae41e4649b934ca495991b7852b855,
system/var/volatile/tmp/,system/var/volatile/tmp/,directory,0,0,0o40755,2009-01-01 00:00:00,,
system/var/backups/__emptyfile__,system/var/backups/__emptyfile__,file,0,0,0o40755,2024-02-02 11:17:48,e3b0c44298fc1c149afbf4c8996fb92427ae41e4649b934ca495991b7852b855,
system/var/backups/,system/var/backups/,directory,0,0,0o40755,2009-01-01 00:00:00,,
system/var/lib/__emptyfile__,system/var/lib/__emptyfile__,file,0,0,0o40755,2024-02-02 11:17:48,e3b0c44298fc1c149afbf4c8996fb92427ae41e4649b934ca495991b7852b855,
system/var/lib/,system/var/lib/,directory,0,0,0o40755,2009-01-01 00:00:00,,
system/var/lib/selinux/__emptyfile__,system/var/lib/selinux/__emptyfile__,file,0,0,0o40755,2024-02-02 11:17:48,e3b0c44298fc1c149afbf4c8996fb92427ae41e4649b934ca495991b7852b855,
system/var/lib/selinux/,system/var/lib/selinux/,directory,0,0,0o40755,2009-01-01 00:00:00,,
system/var/lib/selinux/mls/__emptyfile__,system/var/lib/selinux/mls/__emptyfile__,file,0,0,0o40755,2024-02-02 11:17:48,e3b0c44298fc1c149afbf4c8996fb92427ae41e4649b934ca495991b7852b855,
system/var/lib/selinux/mls/,system/var/lib/selinux/mls/,directory,0,0,0o40755,2009-01-01 00:00:00,,
system/var/lib/selinux/mls/semanage.trans.LOCK,system/var/lib/selinux/mls/semanage.trans.LOCK,file,0,0,0o100600,2009-01-01 00:00:00,e3b0c44298fc1c149afbf4c8996fb92427ae41e4649b934ca495991b7852b855,
system/var/lib/selinux/mls/active/__emptyfile__,system/var/lib/selinux/mls/active/__emptyfile__,file,0,0,0o40700,2024-02-02 11:17:48,e3b0c44298fc1c149afbf4c8996fb92427ae41e4649b934ca495991b7852b855,
system/var/lib/selinux/mls/active/,system/var/lib/selinux/mls/active/,directory,0,0,0o40700,2009-01-01 00:00:00,,
system/var/lib/selinux/mls/active/seusers.linked,system/var/lib/selinux/mls/active/seusers.linked,file,51,47,0o100600,2009-01-01 00:00:00,0814dd35626e3dfad56ed8d87abd807584086eefc02daf64a5d398a4b1d3dcc2,
system/var/lib/selinux/mls/active/policy.linked,system/var/lib/selinux/mls/active/policy.linked,file,630731,183827,0o100600,2009-01-01 00:00:00,4a51ee772c0ff60a96201617542394082da7c6c3f6d34bbb125f2f38ef8fc9e3,
system/var/lib/selinux/mls/active/file_contexts,system/var/lib/selinux/mls/active/file_contexts,file,155059,24546,0o100600,2009-01-01 00:00:00,f8a719bbebf1e2b32f48202f29be1b9706f656def31b736445629722dbb56149,
system/var/lib/selinux/mls/active/homedir_template,system/var/lib/selinux/mls/active/homedir_template,file,3339,720,0o100600,2009-01-01 00:00:00,80dfc4ca8d437f98d496db780881d2af3531389987dd0b48a103ba5311c38b56,
system/var/lib/selinux/mls/active/commit_num,system/var/lib/selinux/mls/active/commit_num,file,32,5,0o100600,2009-01-01 00:00:00,bab5ee4df3e95905a9287de62ed921465a107f2571992a977afc70ecd135ac39,
system/var/lib/selinux/mls/active/users_extra,system/var/lib/selinux/mls/active/users_extra,file,147,68,0o100600,2009-01-01 00:00:00,3e82d8220f8fad6e1bda7ed7d15f7051c6d31ee821438955ffe581af1d3bf3e5,
system/var/lib/selinux/mls/active/users_extra.linked,system/var/lib/selinux/mls/active/users_extra.linked,file,147,68,0o100600,2009-01-01 00:00:00,3e82d8220f8fad6e1bda7ed7d15f7051c6d31ee821438955ffe581af1d3bf3e5,
system/var/lib/selinux/mls/active/file_contexts.homedirs,system/var/lib/selinux/mls/active/file_contexts.homedirs,file,6431,1132,0o100600,2009-01-01 00:00:00,86b6986fa617c7c9eafafe9dd6c68624a947142a7bb1528224f628d370b4285b,
system/var/lib/selinux/mls/active/seusers,system/var/lib/selinux/mls/active/seusers,file,51,47,0o100600,2009-01-01 00:00:00,0814dd35626e3dfad56ed8d87abd807584086eefc02daf64a5d398a4b1d3dcc2,
system/var/lib/selinux/mls/active/modules/__emptyfile__,system/var/lib/selinux/mls/active/modules/__emptyfile__,file,0,0,0o40700,2024-02-02 11:17:48,e3b0c44298fc1c149afbf4c8996fb92427ae41e4649b934ca495991b7852b855,
system/var/lib/selinux/mls/active/modules/,system/var/lib/selinux/mls/active/modules/,directory,0,0,0o40700,2009-01-01 00:00:00,,
system/var/lib/selinux/mls/active/modules/disabled/__emptyfile__,system/var/lib/selinux/mls/active/modules/disabled/__emptyfile__,file,0,0,0o40700,2024-02-02 11:17:48,e3b0c44298fc1c149afbf4c8996fb92427ae41e4649b934ca495991b7852b855,
system/var/lib/selinux/mls/active/modules/disabled/,system/var/lib/selinux/mls/active/modules/disabled/,directory,0,0,0o40700,2009-01-01 00:00:00,,
system/var/lib/selinux/mls/active/modules/disabled/ota,system/var/lib/selinux/mls/active/modules/disabled/ota,file,0,0,0o100600,2009-01-01 00:00:00,e3b0c44298fc1c149afbf4c8996fb92427ae41e4649b934ca495991b7852b855,
system/var/lib/selinux/mls/active/modules/100/__emptyfile__,system/var/lib/selinux/mls/active/modules/100/__emptyfile__,file,0,0,0o40700,2024-02-02 11:17:48,e3b0c44298fc1c149afbf4c8996fb92427ae41e4649b934ca495991b7852b855,
system/var/lib/selinux/mls/active/modules/100/,system/var/lib/selinux/mls/active/modules/100/,directory,0,0,0o40700,2009-01-01 00:00:00,,
system/var/lib/selinux/mls/active/modules/100/location/__emptyfile__,system/var/lib/selinux/mls/active/modules/100/location/__emptyfile__,file,0,0,0o40700,2024-02-02 11:17:48,e3b0c44298fc1c149afbf4c8996fb92427ae41e4649b934ca495991b7852b855,
system/var/lib/selinux/mls/active/modules/100/location/,system/var/lib/selinux/mls/active/modules/100/location/,directory,0,0,0o40700,2009-01-01 00:00:00,,
system/var/lib/selinux/mls/active/modules/100/location/cil,system/var/lib/selinux/mls/active/modules/100/location/cil,file,6192,6130,0o100644,2009-01-01 00:00:00,4db0afec28b73768b8b4c89c9a1d3161fc40027333d94e919a45fd3fb99dd2d5,
system/var/lib/selinux/mls/active/modules/100/location/lang_ext,system/var/lib/selinux/mls/active/modules/100/location/lang_ext,file,2,2,0o100644,2009-01-01 00:00:00,d53315bea08cec50d2591fcaf3b32dc5d289cdc6c16b7e8bed8c8e3f7ceaa34e,
system/var/lib/selinux/mls/active/modules/100/location/hll,system/var/lib/selinux/mls/active/modules/100/location/hll,file,14895,13574,0o100644,2009-01-01 00:00:00,daf8668c78f381561ed6f572c235d6631f5f93894b510f971b9294e49d7554bb,
system/var/lib/selinux/mls/active/modules/100/dataadpl/__emptyfile__,system/var/lib/selinux/mls/active/modules/100/dataadpl/__emptyfile__,file,0,0,0o40700,2024-02-02 11:17:48,e3b0c44298fc1c149afbf4c8996fb92427ae41e4649b934ca495991b7852b855,
system/var/lib/selinux/mls/active/modules/100/dataadpl/,system/var/lib/selinux/mls/active/modules/100/dataadpl/,directory,0,0,0o40700,2009-01-01 00:00:00,,
system/var/lib/selinux/mls/active/modules/100/dataadpl/cil,system/var/lib/selinux/mls/active/modules/100/dataadpl/cil,file,1760,1760,0o100644,2009-01-01 00:00:00,89bac3b273fbcaff4e03435b0997559bbf1365aba3692711962e793eee00f3f9,
system/var/lib/selinux/mls/active/modules/100/dataadpl/lang_ext,system/var/lib/selinux/mls/active/modules/100/dataadpl/lang_ext,file,2,2,0o100644,2009-01-01 00:00:00,d53315bea08cec50d2591fcaf3b32dc5d289cdc6c16b7e8bed8c8e3f7ceaa34e,
system/var/lib/selinux/mls/active/modules/100/dataadpl/hll,system/var/lib/selinux/mls/active/modules/100/dataadpl/hll,file,10618,9460,0o100644,2009-01-01 00:00:00,1a1a76cc7b9335c878243ee40fe86458ef647cf22e97a9cbec30112746ed612e,
system/var/lib/selinux/mls/active/modules/100/recovery/__emptyfile__,system/var/lib/selinux/mls/active/modules/100/recovery/__emptyfile__,file,0,0,0o40700,2024-02-02 11:17:48,e3b0c44298fc1c149afbf4c8996fb92427ae41e4649b934ca495991b7852b855,
system/var/lib/selinux/mls/active/modules/100/recovery/,system/var/lib/selinux/mls/active/modules/100/recovery/,directory,0,0,0o40700,2009-01-01 00:00:00,,
system/var/lib/selinux/mls/active/modules/100/recovery/cil,system/var/lib/selinux/mls/active/modules/100/recovery/cil,file,1233,1233,0o100644,2009-01-01 00:00:00,3e3556833c984a0652cf4306b2711eb62ba9d468a40bb81de9e6f03d1269946d,
system/var/lib/selinux/mls/active/modules/100/recovery/lang_ext,system/var/lib/selinux/mls/active/modules/100/recovery/lang_ext,file,2,2,0o100644,2009-01-01 00:00:00,d53315bea08cec50d2591fcaf3b32dc5d289cdc6c16b7e8bed8c8e3f7ceaa34e,
system/var/lib/selinux/mls/active/modules/100/recovery/hll,system/var/lib/selinux/mls/active/modules/100/recovery/hll,file,9748,8759,0o100644,2009-01-01 00:00:00,720cb9c8b4b559d7b12275485c0c69f5231c217a6627ffa2ae4836928ddafa54,
system/var/lib/selinux/mls/active/modules/100/auditadm/__emptyfile__,system/var/lib/selinux/mls/active/modules/100/auditadm/__emptyfile__,file,0,0,0o40700,2024-02-02 11:17:48,e3b0c44298fc1c149afbf4c8996fb92427ae41e4649b934ca495991b7852b855,
system/var/lib/selinux/mls/active/modules/100/auditadm/,system/var/lib/selinux/mls/active/modules/100/auditadm/,directory,0,0,0o40700,2009-01-01 00:00:00,,
system/var/lib/selinux/mls/active/modules/100/auditadm/cil,system/var/lib/selinux/mls/active/modules/100/auditadm/cil,file,9711,9686,0o100644,2009-01-01 00:00:00,247314c19dc9d08880ab32e6f8c2ce053d1b212185060261eedf332db4fe6c6e,
system/var/lib/selinux/mls/active/modules/100/auditadm/lang_ext,system/var/lib/selinux/mls/active/modules/100/auditadm/lang_ext,file,2,2,0o100644,2009-01-01 00:00:00,d53315bea08cec50d2591fcaf3b32dc5d289cdc6c16b7e8bed8c8e3f7ceaa34e,
system/var/lib/selinux/mls/active/modules/100/auditadm/hll,system/var/lib/selinux/mls/active/modules/100/auditadm/hll,file,19269,18245,0o100644,2009-01-01 00:00:00,e5c76f325c1b02ec3618bcb56c656eaa3feb243b2fb9968f041f2494e41e27a5,
system/var/lib/selinux/mls/active/modules/100/qtether/__emptyfile__,system/var/lib/selinux/mls/active/modules/100/qtether/__emptyfile__,file,0,0,0o40700,2024-02-02 11:17:48,e3b0c44298fc1c149afbf4c8996fb92427ae41e4649b934ca495991b7852b855,
system/var/lib/selinux/mls/active/modules/100/qtether/,system/var/lib/selinux/mls/active/modules/100/qtether/,directory,0,0,0o40700,2009-01-01 00:00:00,,
system/var/lib/selinux/mls/active/modules/100/qtether/cil,system/var/lib/selinux/mls/active/modules/100/qtether/cil,file,2075,2075,0o100644,2009-01-01 00:00:00,cb45e77a0869f2009eefc3d1f1bbb0107dc513f1b3a0ed7c547b7c09b061fc96,
system/var/lib/selinux/mls/active/modules/100/qtether/lang_ext,system/var/lib/selinux/mls/active/modules/100/qtether/lang_ext,file,2,2,0o100644,2009-01-01 00:00:00,d53315bea08cec50d2591fcaf3b32dc5d289cdc6c16b7e8bed8c8e3f7ceaa34e,
system/var/lib/selinux/mls/active/modules/100/qtether/hll,system/var/lib/selinux/mls/active/modules/100/qtether/hll,file,10956,9847,0o100644,2009-01-01 00:00:00,143fb8cde0e2a1a39b373c75ccc1c349a855e07e0f245546f6cb02963de4d17a,
system/var/lib/selinux/mls/active/modules/100/diag-router/__emptyfile__,system/var/lib/selinux/mls/active/modules/100/diag-router/__emptyfile__,file,0,0,0o40700,2024-02-02 11:17:48,e3b0c44298fc1c149afbf4c8996fb92427ae41e4649b934ca495991b7852b855,
system/var/lib/selinux/mls/active/modules/100/diag-router/,system/var/lib/selinux/mls/active/modules/100/diag-router/,directory,0,0,0o40700,2009-01-01 00:00:00,,
system/var/lib/selinux/mls/active/modules/100/diag-router/cil,system/var/lib/selinux/mls/active/modules/100/diag-router/cil,file,1347,1347,0o100644,2009-01-01 00:00:00,3a2cc8f4ed761026ecc196f66d0d888c7dbbbac7f7c9a8ff43c01da7834e8cc2,
system/var/lib/selinux/mls/active/modules/100/diag-router/lang_ext,system/var/lib/selinux/mls/active/modules/100/diag-router/lang_ext,file,2,2,0o100644,2009-01-01 00:00:00,d53315bea08cec50d2591fcaf3b32dc5d289cdc6c16b7e8bed8c8e3f7ceaa34e,
system/var/lib/selinux/mls/active/modules/100/diag-router/hll,system/var/lib/selinux/mls/active/modules/100/diag-router/hll,file,9833,8901,0o100644,2009-01-01 00:00:00,0ca7ec7a0a85e30454967c653804919bf825de767da8fa8d993b2a5b4f246c01,
system/var/lib/selinux/mls/active/modules/100/l2tp/__emptyfile__,system/var/lib/selinux/mls/active/modules/100/l2tp/__emptyfile__,file,0,0,0o40700,2024-02-02 11:17:48,e3b0c44298fc1c149afbf4c8996fb92427ae41e4649b934ca495991b7852b855,
system/var/lib/selinux/mls/active/modules/100/l2tp/,system/var/lib/selinux/mls/active/modules/100/l2tp/,directory,0,0,0o40700,2009-01-01 00:00:00,,
system/var/lib/selinux/mls/active/modules/100/l2tp/cil,system/var/lib/selinux/mls/active/modules/100/l2tp/cil,file,2371,2371,0o100644,2009-01-01 00:00:00,ad401a963a496d2ef2883d1cadf19dadf2e7849c46d90123cdaefe4b2b5fe3e1,
system/var/lib/selinux/mls/active/modules/100/l2tp/lang_ext,system/var/lib/selinux/mls/active/modules/100/l2tp/lang_ext,file,2,2,0o100644,2009-01-01 00:00:00,d53315bea08cec50d2591fcaf3b32dc5d289cdc6c16b7e8bed8c8e3f7ceaa34e,
system/var/lib/selinux/mls/active/modules/100/l2tp/hll,system/var/lib/selinux/mls/active/modules/100/l2tp/hll,file,10098,9115,0o100644,2009-01-01 00:00:00,8015112f899b695a5b899399b1c4918bc1820a1968514ad93727b8ac653be8b7,
system/var/lib/selinux/mls/active/modules/100/wlan/__emptyfile__,system/var/lib/selinux/mls/active/modules/100/wlan/__emptyfile__,file,0,0,0o40700,2024-02-02 11:17:48,e3b0c44298fc1c149afbf4c8996fb92427ae41e4649b934ca495991b7852b855,
system/var/lib/selinux/mls/active/modules/100/wlan/,system/var/lib/selinux/mls/active/modules/100/wlan/,directory,0,0,0o40700,2009-01-01 00:00:00,,
system/var/lib/selinux/mls/active/modules/100/wlan/cil,system/var/lib/selinux/mls/active/modules/100/wlan/cil,file,1531,1531,0o100644,2009-01-01 00:00:00,c04855bb98c459f3a97db8b60e0e6868135c8e46c32820c57a340f3e7e250140,
system/var/lib/selinux/mls/active/modules/100/wlan/lang_ext,system/var/lib/selinux/mls/active/modules/100/wlan/lang_ext,file,2,2,0o100644,2009-01-01 00:00:00,d53315bea08cec50d2591fcaf3b32dc5d289cdc6c16b7e8bed8c8e3f7ceaa34e,
system/var/lib/selinux/mls/active/modules/100/wlan/hll,system/var/lib/selinux/mls/active/modules/100/wlan/hll,file,10129,9164,0o100644,2009-01-01 00:00:00,08201bbe9191e5e8584ad107820021f68e8b7ec647d54e57ea1643356dc76f28,
system/var/lib/selinux/mls/active/modules/100/adkcfg/__emptyfile__,system/var/lib/selinux/mls/active/modules/100/adkcfg/__emptyfile__,file,0,0,0o40700,2024-02-02 11:17:48,e3b0c44298fc1c149afbf4c8996fb92427ae41e4649b934ca495991b7852b855,
system/var/lib/selinux/mls/active/modules/100/adkcfg/,system/var/lib/selinux/mls/active/modules/100/adkcfg/,directory,0,0,0o40700,2009-01-01 00:00:00,,
system/var/lib/selinux/mls/active/modules/100/adkcfg/cil,system/var/lib/selinux/mls/active/modules/100/adkcfg/cil,file,1162,1162,0o100644,2009-01-01 00:00:00,f4347a83f92df00676d10c754ea876104c4d498c4f5ffcbe0d8c78d0bcde9be5,
system/var/lib/selinux/mls/active/modules/100/adkcfg/lang_ext,system/var/lib/selinux/mls/active/modules/100/adkcfg/lang_ext,file,2,2,0o100644,2009-01-01 00:00:00,d53315bea08cec50d2591fcaf3b32dc5d289cdc6c16b7e8bed8c8e3f7ceaa34e,
system/var/lib/selinux/mls/active/modules/100/adkcfg/hll,system/var/lib/selinux/mls/active/modules/100/adkcfg/hll,file,9654,8666,0o100644,2009-01-01 00:00:00,a491c484aa552a209587e6e02f2750ee0f9e0d6301d6d2783f8096f8e27de34b,
system/var/lib/selinux/mls/active/modules/100/init/__emptyfile__,system/var/lib/selinux/mls/active/modules/100/init/__emptyfile__,file,0,0,0o40700,2024-02-02 11:17:48,e3b0c44298fc1c149afbf4c8996fb92427ae41e4649b934ca495991b7852b855,
system/var/lib/selinux/mls/active/modules/100/init/,system/var/lib/selinux/mls/active/modules/100/init/,directory,0,0,0o40700,2009-01-01 00:00:00,,
system/var/lib/selinux/mls/active/modules/100/init/cil,system/var/lib/selinux/mls/active/modules/100/init/cil,file,10883,10883,0o100644,2009-01-01 00:00:00,635d78a57eb9670869afc7ed55b0c423e628b01abde6b9d6b1d050ea10bf9a59,
system/var/lib/selinux/mls/active/modules/100/init/lang_ext,system/var/lib/selinux/mls/active/modules/100/init/lang_ext,file,2,2,0o100644,2009-01-01 00:00:00,d53315bea08cec50d2591fcaf3b32dc5d289cdc6c16b7e8bed8c8e3f7ceaa34e,
system/var/lib/selinux/mls/active/modules/100/init/hll,system/var/lib/selinux/mls/active/modules/100/init/hll,file,20849,19748,0o100644,2009-01-01 00:00:00,20e8150f8d45b565ec0d49fb7f5a78476b4fac441263720981f7f72c0c33a224,
system/var/lib/selinux/mls/active/modules/100/chg-policy/__emptyfile__,system/var/lib/selinux/mls/active/modules/100/chg-policy/__emptyfile__,file,0,0,0o40700,2024-02-02 11:17:48,e3b0c44298fc1c149afbf4c8996fb92427ae41e4649b934ca495991b7852b855,
system/var/lib/selinux/mls/active/modules/100/chg-policy/,system/var/lib/selinux/mls/active/modules/100/chg-policy/,directory,0,0,0o40700,2009-01-01 00:00:00,,
system/var/lib/selinux/mls/active/modules/100/chg-policy/cil,system/var/lib/selinux/mls/active/modules/100/chg-policy/cil,file,1549,1549,0o100644,2009-01-01 00:00:00,0f1c3100009146b9149ee8686ffb347423b98490104de47631f2712bbdd6bf19,
system/var/lib/selinux/mls/active/modules/100/chg-policy/lang_ext,system/var/lib/selinux/mls/active/modules/100/chg-policy/lang_ext,file,2,2,0o100644,2009-01-01 00:00:00,d53315bea08cec50d2591fcaf3b32dc5d289cdc6c16b7e8bed8c8e3f7ceaa34e,
system/var/lib/selinux/mls/active/modules/100/chg-policy/hll,system/var/lib/selinux/mls/active/modules/100/chg-policy/hll,file,10066,9130,0o100644,2009-01-01 00:00:00,94967ec168be0f43220ba70462e9a310088b6f5f06a1ba49231ba5202e76318f,
system/var/lib/selinux/mls/active/modules/100/fstools/__emptyfile__,system/var/lib/selinux/mls/active/modules/100/fstools/__emptyfile__,file,0,0,0o40700,2024-02-02 11:17:48,e3b0c44298fc1c149afbf4c8996fb92427ae41e4649b934ca495991b7852b855,
system/var/lib/selinux/mls/active/modules/100/fstools/,system/var/lib/selinux/mls/active/modules/100/fstools/,directory,0,0,0o40700,2009-01-01 00:00:00,,
system/var/lib/selinux/mls/active/modules/100/fstools/cil,system/var/lib/selinux/mls/active/modules/100/fstools/cil,file,4440,4440,0o100644,2009-01-01 00:00:00,a1807947c55f905fd394c106812c48f6702b20f751f22154b51cf0da98035ce4,
system/var/lib/selinux/mls/active/modules/100/fstools/lang_ext,system/var/lib/selinux/mls/active/modules/100/fstools/lang_ext,file,2,2,0o100644,2009-01-01 00:00:00,d53315bea08cec50d2591fcaf3b32dc5d289cdc6c16b7e8bed8c8e3f7ceaa34e,
system/var/lib/selinux/mls/active/modules/100/fstools/hll,system/var/lib/selinux/mls/active/modules/100/fstools/hll,file,12809,11675,0o100644,2009-01-01 00:00:00,599b24d8e63111cd1410deb899542fab01fb30242db7bdb75b61ec60bc207156,
system/var/lib/selinux/mls/active/modules/100/adk_message_monitor/__emptyfile__,system/var/lib/selinux/mls/active/modules/100/adk_message_monitor/__emptyfile__,file,0,0,0o40700,2024-02-02 11:17:48,e3b0c44298fc1c149afbf4c8996fb92427ae41e4649b934ca495991b7852b855,
system/var/lib/selinux/mls/active/modules/100/adk_message_monitor/,system/var/lib/selinux/mls/active/modules/100/adk_message_monitor/,directory,0,0,0o40700,2009-01-01 00:00:00,,
system/var/lib/selinux/mls/active/modules/100/adk_message_monitor/cil,system/var/lib/selinux/mls/active/modules/100/adk_message_monitor/cil,file,1181,1181,0o100644,2009-01-01 00:00:00,16cb052c7fbb482f0cb101cc71d32c39a6617ad370879538e3d188bf0ec35f96,
system/var/lib/selinux/mls/active/modules/100/adk_message_monitor/lang_ext,system/var/lib/selinux/mls/active/modules/100/adk_message_monitor/lang_ext,file,2,2,0o100644,2009-01-01 00:00:00,d53315bea08cec50d2591fcaf3b32dc5d289cdc6c16b7e8bed8c8e3f7ceaa34e,
system/var/lib/selinux/mls/active/modules/100/adk_message_monitor/hll,system/var/lib/selinux/mls/active/modules/100/adk_message_monitor/hll,file,9667,8721,0o100644,2009-01-01 00:00:00,eee30f06564198e9b6dd0db7a25e9e777ef744a58c4af33dd0e55b3b3d5a273c,
system/var/lib/selinux/mls/active/modules/100/dataqti_ppp/__emptyfile__,system/var/lib/selinux/mls/active/modules/100/dataqti_ppp/__emptyfile__,file,0,0,0o40700,2024-02-02 11:17:48,e3b0c44298fc1c149afbf4c8996fb92427ae41e4649b934ca495991b7852b855,
system/var/lib/selinux/mls/active/modules/100/dataqti_ppp/,system/var/lib/selinux/mls/active/modules/100/dataqti_ppp/,directory,0,0,0o40700,2009-01-01 00:00:00,,
system/var/lib/selinux/mls/active/modules/100/dataqti_ppp/cil,system/var/lib/selinux/mls/active/modules/100/dataqti_ppp/cil,file,1674,1674,0o100644,2009-01-01 00:00:00,46c8e6f26d1ed9727edad36f84a1f64806b4ae87c62edc36d161f0d05d0985b4,
system/var/lib/selinux/mls/active/modules/100/dataqti_ppp/lang_ext,system/var/lib/selinux/mls/active/modules/100/dataqti_ppp/lang_ext,file,2,2,0o100644,2009-01-01 00:00:00,d53315bea08cec50d2591fcaf3b32dc5d289cdc6c16b7e8bed8c8e3f7ceaa34e,
system/var/lib/selinux/mls/active/modules/100/dataqti_ppp/hll,system/var/lib/selinux/mls/active/modules/100/dataqti_ppp/hll,file,10273,9286,0o100644,2009-01-01 00:00:00,af40663a15eefe97412f98e2600878ccb4696c608235eebb5da37cfb8d109292,
system/var/lib/selinux/mls/active/modules/100/pulseaudio/__emptyfile__,system/var/lib/selinux/mls/active/modules/100/pulseaudio/__emptyfile__,file,0,0,0o40700,2024-02-02 11:17:48,e3b0c44298fc1c149afbf4c8996fb92427ae41e4649b934ca495991b7852b855,
system/var/lib/selinux/mls/active/modules/100/pulseaudio/,system/var/lib/selinux/mls/active/modules/100/pulseaudio/,directory,0,0,0o40700,2009-01-01 00:00:00,,
system/var/lib/selinux/mls/active/modules/100/pulseaudio/cil,system/var/lib/selinux/mls/active/modules/100/pulseaudio/cil,file,4888,4888,0o100644,2009-01-01 00:00:00,282761c216d172931069938e3542be28c4b9aa6ab6f2071184713f3baa0e8229,
system/var/lib/selinux/mls/active/modules/100/pulseaudio/lang_ext,system/var/lib/selinux/mls/active/modules/100/pulseaudio/lang_ext,file,2,2,0o100644,2009-01-01 00:00:00,d53315bea08cec50d2591fcaf3b32dc5d289cdc6c16b7e8bed8c8e3f7ceaa34e,
system/var/lib/selinux/mls/active/modules/100/pulseaudio/hll,system/var/lib/selinux/mls/active/modules/100/pulseaudio/hll,file,13646,12463,0o100644,2009-01-01 00:00:00,bb137fd7bb497e75c6e2e783aa628dc60e2e826182cccd21dab11bf93bbd79ab,
system/var/lib/selinux/mls/active/modules/100/ipsec/__emptyfile__,system/var/lib/selinux/mls/active/modules/100/ipsec/__emptyfile__,file,0,0,0o40700,2024-02-02 11:17:48,e3b0c44298fc1c149afbf4c8996fb92427ae41e4649b934ca495991b7852b855,
system/var/lib/selinux/mls/active/modules/100/ipsec/,system/var/lib/selinux/mls/active/modules/100/ipsec/,directory,0,0,0o40700,2009-01-01 00:00:00,,
system/var/lib/selinux/mls/active/modules/100/ipsec/cil,system/var/lib/selinux/mls/active/modules/100/ipsec/cil,file,6490,6481,0o100644,2009-01-01 00:00:00,e62377c86eb86374cc400382dcc22ec98e79e7e79e5b060df8cbb1086be6eeee,
system/var/lib/selinux/mls/active/modules/100/ipsec/lang_ext,system/var/lib/selinux/mls/active/modules/100/ipsec/lang_ext,file,2,2,0o100644,2009-01-01 00:00:00,d53315bea08cec50d2591fcaf3b32dc5d289cdc6c16b7e8bed8c8e3f7ceaa34e,
system/var/lib/selinux/mls/active/modules/100/ipsec/hll,system/var/lib/selinux/mls/active/modules/100/ipsec/hll,file,14274,13122,0o100644,2009-01-01 00:00:00,44d2b8d012cc1e60871cee82dfe720fe35105ad6f7545e5789a45f166dc30905,
system/var/lib/selinux/mls/active/modules/100/ddclient/__emptyfile__,system/var/lib/selinux/mls/active/modules/100/ddclient/__emptyfile__,file,0,0,0o40700,2024-02-02 11:17:48,e3b0c44298fc1c149afbf4c8996fb92427ae41e4649b934ca495991b7852b855,
system/var/lib/selinux/mls/active/modules/100/ddclient/,system/var/lib/selinux/mls/active/modules/100/ddclient/,directory,0,0,0o40700,2009-01-01 00:00:00,,
system/var/lib/selinux/mls/active/modules/100/ddclient/cil,system/var/lib/selinux/mls/active/modules/100/ddclient/cil,file,2734,2734,0o100644,2009-01-01 00:00:00,617943b3da09cd998909f1a5a0efcebd1948ed76c147c369056c0deb3ec3327c,
system/var/lib/selinux/mls/active/modules/100/ddclient/lang_ext,system/var/lib/selinux/mls/active/modules/100/ddclient/lang_ext,file,2,2,0o100644,2009-01-01 00:00:00,d53315bea08cec50d2591fcaf3b32dc5d289cdc6c16b7e8bed8c8e3f7ceaa34e,
system/var/lib/selinux/mls/active/modules/100/ddclient/hll,system/var/lib/selinux/mls/active/modules/100/ddclient/hll,file,10663,9779,0o100644,2009-01-01 00:00:00,c41479949782ac2d93a7e1cfb8f497ea5318f62fe7dc4707017ea81aa88388b1,
system/var/lib/selinux/mls/active/modules/100/thermal-engine/__emptyfile__,system/var/lib/selinux/mls/active/modules/100/thermal-engine/__emptyfile__,file,0,0,0o40700,2024-02-02 11:17:48,e3b0c44298fc1c149afbf4c8996fb92427ae41e4649b934ca495991b7852b855,
system/var/lib/selinux/mls/active/modules/100/thermal-engine/,system/var/lib/selinux/mls/active/modules/100/thermal-engine/,directory,0,0,0o40700,2009-01-01 00:00:00,,
system/var/lib/selinux/mls/active/modules/100/thermal-engine/cil,system/var/lib/selinux/mls/active/modules/100/thermal-engine/cil,file,1624,1624,0o100644,2009-01-01 00:00:00,e4dac562caa0040e69df7e5a11348b5995fae7071545804a7c8eb3bcd8021ee3,
system/var/lib/selinux/mls/active/modules/100/thermal-engine/lang_ext,system/var/lib/selinux/mls/active/modules/100/thermal-engine/lang_ext,file,2,2,0o100644,2009-01-01 00:00:00,d53315bea08cec50d2591fcaf3b32dc5d289cdc6c16b7e8bed8c8e3f7ceaa34e,
system/var/lib/selinux/mls/active/modules/100/thermal-engine/hll,system/var/lib/selinux/mls/active/modules/100/thermal-engine/hll,file,10210,9309,0o100644,2009-01-01 00:00:00,d82053e973774dc3a44f8170de70b071dc434a91ccc7d520fa5154d92455f35e,
system/var/lib/selinux/mls/active/modules/100/servicemanager/__emptyfile__,system/var/lib/selinux/mls/active/modules/100/servicemanager/__emptyfile__,file,0,0,0o40700,2024-02-02 11:17:48,e3b0c44298fc1c149afbf4c8996fb92427ae41e4649b934ca495991b7852b855,
system/var/lib/selinux/mls/active/modules/100/servicemanager/,system/var/lib/selinux/mls/active/modules/100/servicemanager/,directory,0,0,0o40700,2009-01-01 00:00:00,,
system/var/lib/selinux/mls/active/modules/100/servicemanager/cil,system/var/lib/selinux/mls/active/modules/100/servicemanager/cil,file,1329,1329,0o100644,2009-01-01 00:00:00,8290004fd70c4dead63f92eae39216924ed78c18eb112148676c766bfad0eb2b,
system/var/lib/selinux/mls/active/modules/100/servicemanager/lang_ext,system/var/lib/selinux/mls/active/modules/100/servicemanager/lang_ext,file,2,2,0o100644,2009-01-01 00:00:00,d53315bea08cec50d2591fcaf3b32dc5d289cdc6c16b7e8bed8c8e3f7ceaa34e,
system/var/lib/selinux/mls/active/modules/100/servicemanager/hll,system/var/lib/selinux/mls/active/modules/100/servicemanager/hll,file,9787,8834,0o100644,2009-01-01 00:00:00,c2b5afbbf8d1c07c4e12ab20ae603c98066d558373e5428686d3b3fe4692738a,
system/var/lib/selinux/mls/active/modules/100/postgresql/__emptyfile__,system/var/lib/selinux/mls/active/modules/100/postgresql/__emptyfile__,file,0,0,0o40700,2024-02-02 11:17:48,e3b0c44298fc1c149afbf4c8996fb92427ae41e4649b934ca495991b7852b855,
system/var/lib/selinux/mls/active/modules/100/postgresql/,system/var/lib/selinux/mls/active/modules/100/postgresql/,directory,0,0,0o40700,2009-01-01 00:00:00,,
system/var/lib/selinux/mls/active/modules/100/postgresql/cil,system/var/lib/selinux/mls/active/modules/100/postgresql/cil,file,6522,6522,0o100644,2009-01-01 00:00:00,4a593e8f8ebe440bd124cce01222986577fef842ee57efba2d46ae62ddd388c2,
system/var/lib/selinux/mls/active/modules/100/postgresql/lang_ext,system/var/lib/selinux/mls/active/modules/100/postgresql/lang_ext,file,2,2,0o100644,2009-01-01 00:00:00,d53315bea08cec50d2591fcaf3b32dc5d289cdc6c16b7e8bed8c8e3f7ceaa34e,
system/var/lib/selinux/mls/active/modules/100/postgresql/hll,system/var/lib/selinux/mls/active/modules/100/postgresql/hll,file,15549,14426,0o100644,2009-01-01 00:00:00,07b3136275dacbd22511323aa7288f90193fefdf0d47ae9ed8cffb2ee862bb3e,
system/var/lib/selinux/mls/active/modules/100/ipacm/__emptyfile__,system/var/lib/selinux/mls/active/modules/100/ipacm/__emptyfile__,file,0,0,0o40700,2024-02-02 11:17:48,e3b0c44298fc1c149afbf4c8996fb92427ae41e4649b934ca495991b7852b855,
system/var/lib/selinux/mls/active/modules/100/ipacm/,system/var/lib/selinux/mls/active/modules/100/ipacm/,directory,0,0,0o40700,2009-01-01 00:00:00,,
system/var/lib/selinux/mls/active/modules/100/ipacm/cil,system/var/lib/selinux/mls/active/modules/100/ipacm/cil,file,3440,3440,0o100644,2009-01-01 00:00:00,a278a54ab0ef7a0793183a94ccf709a60b12ca1e372ee542e4a004a2314fecca,
system/var/lib/selinux/mls/active/modules/100/ipacm/lang_ext,system/var/lib/selinux/mls/active/modules/100/ipacm/lang_ext,file,2,2,0o100644,2009-01-01 00:00:00,d53315bea08cec50d2591fcaf3b32dc5d289cdc6c16b7e8bed8c8e3f7ceaa34e,
system/var/lib/selinux/mls/active/modules/100/ipacm/hll,system/var/lib/selinux/mls/active/modules/100/ipacm/hll,file,12299,11170,0o100644,2009-01-01 00:00:00,934f6afcec5c8d46afa20d8a43ff16b583ff235ef03a2e78cd53a5dcb0f363e2,
system/var/lib/selinux/mls/active/modules/100/selinuxutil/__emptyfile__,system/var/lib/selinux/mls/active/modules/100/selinuxutil/__emptyfile__,file,0,0,0o40700,2024-02-02 11:17:48,e3b0c44298fc1c149afbf4c8996fb92427ae41e4649b934ca495991b7852b855,
system/var/lib/selinux/mls/active/modules/100/selinuxutil/,system/var/lib/selinux/mls/active/modules/100/selinuxutil/,directory,0,0,0o40700,2009-01-01 00:00:00,,
system/var/lib/selinux/mls/active/modules/100/selinuxutil/cil,system/var/lib/selinux/mls/active/modules/100/selinuxutil/cil,file,6703,6703,0o100644,2009-01-01 00:00:00,807597015b03fb8f0eb6476cad6df71a14be0d4ce95a6c21472883a9a0e7735b,
system/var/lib/selinux/mls/active/modules/100/selinuxutil/lang_ext,system/var/lib/selinux/mls/active/modules/100/selinuxutil/lang_ext,file,2,2,0o100644,2009-01-01 00:00:00,d53315bea08cec50d2591fcaf3b32dc5d289cdc6c16b7e8bed8c8e3f7ceaa34e,
system/var/lib/selinux/mls/active/modules/100/selinuxutil/hll,system/var/lib/selinux/mls/active/modules/100/selinuxutil/hll,file,14865,13712,0o100644,2009-01-01 00:00:00,45f0915b47e9539f1f7da762e52e6862504e02eb2586c1f0b1c6a556f9c6cd84,
system/var/lib/selinux/mls/active/modules/100/unprivuser/__emptyfile__,system/var/lib/selinux/mls/active/modules/100/unprivuser/__emptyfile__,file,0,0,0o40700,2024-02-02 11:17:48,e3b0c44298fc1c149afbf4c8996fb92427ae41e4649b934ca495991b7852b855,
system/var/lib/selinux/mls/active/modules/100/unprivuser/,system/var/lib/selinux/mls/active/modules/100/unprivuser/,directory,0,0,0o40700,2009-01-01 00:00:00,,
system/var/lib/selinux/mls/active/modules/100/unprivuser/cil,system/var/lib/selinux/mls/active/modules/100/unprivuser/cil,file,8249,8249,0o100644,2009-01-01 00:00:00,3340e9ffb97636f642f460605bb2efd8a582594a2d80efb8c75ab1183644fda9,
system/var/lib/selinux/mls/active/modules/100/unprivuser/lang_ext,system/var/lib/selinux/mls/active/modules/100/unprivuser/lang_ext,file,2,2,0o100644,2009-01-01 00:00:00,d53315bea08cec50d2591fcaf3b32dc5d289cdc6c16b7e8bed8c8e3f7ceaa34e,
system/var/lib/selinux/mls/active/modules/100/unprivuser/hll,system/var/lib/selinux/mls/active/modules/100/unprivuser/hll,file,18522,17452,0o100644,2009-01-01 00:00:00,373c4fef85a6ca8db85e5800ed0917c246571ced4cbd6a499174640eb994e320,
system/var/lib/selinux/mls/active/modules/100/iptables/__emptyfile__,system/var/lib/selinux/mls/active/modules/100/iptables/__emptyfile__,file,0,0,0o40700,2024-02-02 11:17:48,e3b0c44298fc1c149afbf4c8996fb92427ae41e4649b934ca495991b7852b855,
system/var/lib/selinux/mls/active/modules/100/iptables/,system/var/lib/selinux/mls/active/modules/100/iptables/,directory,0,0,0o40700,2009-01-01 00:00:00,,
system/var/lib/selinux/mls/active/modules/100/iptables/cil,system/var/lib/selinux/mls/active/modules/100/iptables/cil,file,3234,3234,0o100644,2009-01-01 00:00:00,4ac71325ba5c40351c73d69da1a9a05e383e980166288adf7224ac03e259adae,
system/var/lib/selinux/mls/active/modules/100/iptables/lang_ext,system/var/lib/selinux/mls/active/modules/100/iptables/lang_ext,file,2,2,0o100644,2009-01-01 00:00:00,d53315bea08cec50d2591fcaf3b32dc5d289cdc6c16b7e8bed8c8e3f7ceaa34e,
system/var/lib/selinux/mls/active/modules/100/iptables/hll,system/var/lib/selinux/mls/active/modules/100/iptables/hll,file,11597,10493,0o100644,2009-01-01 00:00:00,96f571096ae3a6fcd1d6db60f1ad8a19db54e5e67b8683d84bee739f2d9b4326,
system/var/lib/selinux/mls/active/modules/100/qmi-shutdown-modem/__emptyfile__,system/var/lib/selinux/mls/active/modules/100/qmi-shutdown-modem/__emptyfile__,file,0,0,0o40700,2024-02-02 11:17:48,e3b0c44298fc1c149afbf4c8996fb92427ae41e4649b934ca495991b7852b855,
system/var/lib/selinux/mls/active/modules/100/qmi-shutdown-modem/,system/var/lib/selinux/mls/active/modules/100/qmi-shutdown-modem/,directory,0,0,0o40700,2009-01-01 00:00:00,,
system/var/lib/selinux/mls/active/modules/100/qmi-shutdown-modem/cil,system/var/lib/selinux/mls/active/modules/100/qmi-shutdown-modem/cil,file,1548,1548,0o100644,2009-01-01 00:00:00,ad9c6a8112f0c3071eeaacbc4a0810cb4b2e76d88eb2916c857f87fe9735eddb,
system/var/lib/selinux/mls/active/modules/100/qmi-shutdown-modem/lang_ext,system/var/lib/selinux/mls/active/modules/100/qmi-shutdown-modem/lang_ext,file,2,2,0o100644,2009-01-01 00:00:00,d53315bea08cec50d2591fcaf3b32dc5d289cdc6c16b7e8bed8c8e3f7ceaa34e,
system/var/lib/selinux/mls/active/modules/100/qmi-shutdown-modem/hll,system/var/lib/selinux/mls/active/modules/100/qmi-shutdown-modem/hll,file,10235,9275,0o100644,2009-01-01 00:00:00,07ff1a250d07434ae97d9ef82e711ebf3a1eca7d237ed1b2069dc12d23d2f534,
system/var/lib/selinux/mls/active/modules/100/mss/__emptyfile__,system/var/lib/selinux/mls/active/modules/100/mss/__emptyfile__,file,0,0,0o40700,2024-02-02 11:17:48,e3b0c44298fc1c149afbf4c8996fb92427ae41e4649b934ca495991b7852b855,
system/var/lib/selinux/mls/active/modules/100/mss/,system/var/lib/selinux/mls/active/modules/100/mss/,directory,0,0,0o40700,2009-01-01 00:00:00,,
system/var/lib/selinux/mls/active/modules/100/mss/cil,system/var/lib/selinux/mls/active/modules/100/mss/cil,file,1217,1217,0o100644,2009-01-01 00:00:00,474bf1173a9be13dae06762fbfc4e11b0d15247b1ddd4972e211a785dd36bcb0,
system/var/lib/selinux/mls/active/modules/100/mss/lang_ext,system/var/lib/selinux/mls/active/modules/100/mss/lang_ext,file,2,2,0o100644,2009-01-01 00:00:00,d53315bea08cec50d2591fcaf3b32dc5d289cdc6c16b7e8bed8c8e3f7ceaa34e,
system/var/lib/selinux/mls/active/modules/100/mss/hll,system/var/lib/selinux/mls/active/modules/100/mss/hll,file,9732,8777,0o100644,2009-01-01 00:00:00,811befe497ca35e7077ff09d9eecd3fd346088b2b748e492896a66c35541ca7d,
system/var/lib/selinux/mls/active/modules/100/ssh/__emptyfile__,system/var/lib/selinux/mls/active/modules/100/ssh/__emptyfile__,file,0,0,0o40700,2024-02-02 11:17:48,e3b0c44298fc1c149afbf4c8996fb92427ae41e4649b934ca495991b7852b855,
system/var/lib/selinux/mls/active/modules/100/ssh/,system/var/lib/selinux/mls/active/modules/100/ssh/,directory,0,0,0o40700,2009-01-01 00:00:00,,
system/var/lib/selinux/mls/active/modules/100/ssh/cil,system/var/lib/selinux/mls/active/modules/100/ssh/cil,file,7844,7844,0o100644,2009-01-01 00:00:00,85251e1084b7e36af077867f0ce9ee45ed51445a77267aea7f34250600f686ab,
system/var/lib/selinux/mls/active/modules/100/ssh/lang_ext,system/var/lib/selinux/mls/active/modules/100/ssh/lang_ext,file,2,2,0o100644,2009-01-01 00:00:00,d53315bea08cec50d2591fcaf3b32dc5d289cdc6c16b7e8bed8c8e3f7ceaa34e,
system/var/lib/selinux/mls/active/modules/100/ssh/hll,system/var/lib/selinux/mls/active/modules/100/ssh/hll,file,16907,15798,0o100644,2009-01-01 00:00:00,891b0d718f6bd7714dca3907def5f4e16876ce1bb2a36c9e6aaa6c9e052552ac,
system/var/lib/selinux/mls/active/modules/100/system_manager/__emptyfile__,system/var/lib/selinux/mls/active/modules/100/system_manager/__emptyfile__,file,0,0,0o40700,2024-02-02 11:17:48,e3b0c44298fc1c149afbf4c8996fb92427ae41e4649b934ca495991b7852b855,
system/var/lib/selinux/mls/active/modules/100/system_manager/,system/var/lib/selinux/mls/active/modules/100/system_manager/,directory,0,0,0o40700,2009-01-01 00:00:00,,
system/var/lib/selinux/mls/active/modules/100/system_manager/cil,system/var/lib/selinux/mls/active/modules/100/system_manager/cil,file,2038,2038,0o100644,2009-01-01 00:00:00,80ed28c04d62929569089564d2192607299313460d8bac881b41837713894ba3,
system/var/lib/selinux/mls/active/modules/100/system_manager/lang_ext,system/var/lib/selinux/mls/active/modules/100/system_manager/lang_ext,file,2,2,0o100644,2009-01-01 00:00:00,d53315bea08cec50d2591fcaf3b32dc5d289cdc6c16b7e8bed8c8e3f7ceaa34e,
system/var/lib/selinux/mls/active/modules/100/system_manager/hll,system/var/lib/selinux/mls/active/modules/100/system_manager/hll,file,10471,9566,0o100644,2009-01-01 00:00:00,5aaaab386aaf5f3dea9a9b99bb07cd3379a6e113e15c913af840cca5d94d757b,
system/var/lib/selinux/mls/active/modules/100/nfdlna/__emptyfile__,system/var/lib/selinux/mls/active/modules/100/nfdlna/__emptyfile__,file,0,0,0o40700,2024-02-02 11:17:48,e3b0c44298fc1c149afbf4c8996fb92427ae41e4649b934ca495991b7852b855,
system/var/lib/selinux/mls/active/modules/100/nfdlna/,system/var/lib/selinux/mls/active/modules/100/nfdlna/,directory,0,0,0o40700,2009-01-01 00:00:00,,
system/var/lib/selinux/mls/active/modules/100/nfdlna/cil,system/var/lib/selinux/mls/active/modules/100/nfdlna/cil,file,2223,2223,0o100644,2009-01-01 00:00:00,a51758ca3559dd70a1eeac16743138a136d33242df04612959481257300075e0,
system/var/lib/selinux/mls/active/modules/100/nfdlna/lang_ext,system/var/lib/selinux/mls/active/modules/100/nfdlna/lang_ext,file,2,2,0o100644,2009-01-01 00:00:00,d53315bea08cec50d2591fcaf3b32dc5d289cdc6c16b7e8bed8c8e3f7ceaa34e,
system/var/lib/selinux/mls/active/modules/100/nfdlna/hll,system/var/lib/selinux/mls/active/modules/100/nfdlna/hll,file,10936,9992,0o100644,2009-01-01 00:00:00,c3322e1632255e135c71c51b4dda054c1b44534083583fabf5a275c9b220d7b2,
system/var/lib/selinux/mls/active/modules/100/locallogin/__emptyfile__,system/var/lib/selinux/mls/active/modules/100/locallogin/__emptyfile__,file,0,0,0o40700,2024-02-02 11:17:48,e3b0c44298fc1c149afbf4c8996fb92427ae41e4649b934ca495991b7852b855,
system/var/lib/selinux/mls/active/modules/100/locallogin/,system/var/lib/selinux/mls/active/modules/100/locallogin/,directory,0,0,0o40700,2009-01-01 00:00:00,,
system/var/lib/selinux/mls/active/modules/100/locallogin/cil,system/var/lib/selinux/mls/active/modules/100/locallogin/cil,file,5382,5382,0o100644,2009-01-01 00:00:00,380c6d0bfcc78e1862924d417c6f29c8709b36cbad644b106b19aabf0754a434,
system/var/lib/selinux/mls/active/modules/100/locallogin/lang_ext,system/var/lib/selinux/mls/active/modules/100/locallogin/lang_ext,file,2,2,0o100644,2009-01-01 00:00:00,d53315bea08cec50d2591fcaf3b32dc5d289cdc6c16b7e8bed8c8e3f7ceaa34e,
system/var/lib/selinux/mls/active/modules/100/locallogin/hll,system/var/lib/selinux/mls/active/modules/100/locallogin/hll,file,13708,12535,0o100644,2009-01-01 00:00:00,408dd0d7f8f8d6c0deb9a2b89a2bc6a13046683d10540eac48fdc16fcebeee48,
system/var/lib/selinux/mls/active/modules/100/adsprpcd/__emptyfile__,system/var/lib/selinux/mls/active/modules/100/adsprpcd/__emptyfile__,file,0,0,0o40700,2024-02-02 11:17:48,e3b0c44298fc1c149afbf4c8996fb92427ae41e4649b934ca495991b7852b855,
system/var/lib/selinux/mls/active/modules/100/adsprpcd/,system/var/lib/selinux/mls/active/modules/100/adsprpcd/,directory,0,0,0o40700,2009-01-01 00:00:00,,
system/var/lib/selinux/mls/active/modules/100/adsprpcd/cil,system/var/lib/selinux/mls/active/modules/100/adsprpcd/cil,file,2501,2501,0o100644,2009-01-01 00:00:00,83879d6d773285afd622dc2e119c659290ae63266a1520697e0d22c339b7eb68,
system/var/lib/selinux/mls/active/modules/100/adsprpcd/lang_ext,system/var/lib/selinux/mls/active/modules/100/adsprpcd/lang_ext,file,2,2,0o100644,2009-01-01 00:00:00,d53315bea08cec50d2591fcaf3b32dc5d289cdc6c16b7e8bed8c8e3f7ceaa34e,
system/var/lib/selinux/mls/active/modules/100/adsprpcd/hll,system/var/lib/selinux/mls/active/modules/100/adsprpcd/hll,file,11395,10309,0o100644,2009-01-01 00:00:00,4a330a1a3d669e59f2c4d6f59ae603a997ba981f3ddaa08e42edf6bd908d5365,
system/var/lib/selinux/mls/active/modules/100/mediaplayer_test/__emptyfile__,system/var/lib/selinux/mls/active/modules/100/mediaplayer_test/__emptyfile__,file,0,0,0o40700,2024-02-02 11:17:48,e3b0c44298fc1c149afbf4c8996fb92427ae41e4649b934ca495991b7852b855,
system/var/lib/selinux/mls/active/modules/100/mediaplayer_test/,system/var/lib/selinux/mls/active/modules/100/mediaplayer_test/,directory,0,0,0o40700,2009-01-01 00:00:00,,
system/var/lib/selinux/mls/active/modules/100/mediaplayer_test/cil,system/var/lib/selinux/mls/active/modules/100/mediaplayer_test/cil,file,1189,1189,0o100644,2009-01-01 00:00:00,53474b092ee8fe1a8c13ea07664591503821dd45764b6660b65f0b44a400b749,
system/var/lib/selinux/mls/active/modules/100/mediaplayer_test/lang_ext,system/var/lib/selinux/mls/active/modules/100/mediaplayer_test/lang_ext,file,2,2,0o100644,2009-01-01 00:00:00,d53315bea08cec50d2591fcaf3b32dc5d289cdc6c16b7e8bed8c8e3f7ceaa34e,
system/var/lib/selinux/mls/active/modules/100/mediaplayer_test/hll,system/var/lib/selinux/mls/active/modules/100/mediaplayer_test/hll,file,9645,8722,0o100644,2009-01-01 00:00:00,f334e7069d42d5e40dd97a85ee9e2e26736bf0916e8de9705092cb0275d14f7a,
system/var/lib/selinux/mls/active/modules/100/usermanage/__emptyfile__,system/var/lib/selinux/mls/active/modules/100/usermanage/__emptyfile__,file,0,0,0o40700,2024-02-02 11:17:48,e3b0c44298fc1c149afbf4c8996fb92427ae41e4649b934ca495991b7852b855,
system/var/lib/selinux/mls/active/modules/100/usermanage/,system/var/lib/selinux/mls/active/modules/100/usermanage/,directory,0,0,0o40700,2009-01-01 00:00:00,,
system/var/lib/selinux/mls/active/modules/100/usermanage/cil,system/var/lib/selinux/mls/active/modules/100/usermanage/cil,file,6798,6798,0o100644,2009-01-01 00:00:00,584238b3432d85e762a3521e74ae13ddc3caf28986c098910af8267e766f7106,
system/var/lib/selinux/mls/active/modules/100/usermanage/lang_ext,system/var/lib/selinux/mls/active/modules/100/usermanage/lang_ext,file,2,2,0o100644,2009-01-01 00:00:00,d53315bea08cec50d2591fcaf3b32dc5d289cdc6c16b7e8bed8c8e3f7ceaa34e,
system/var/lib/selinux/mls/active/modules/100/usermanage/hll,system/var/lib/selinux/mls/active/modules/100/usermanage/hll,file,14904,13690,0o100644,2009-01-01 00:00:00,f76592b1e955942b12989d93c620107c072688df85ca89c89b6bd3c19816bb28,
system/var/lib/selinux/mls/active/modules/100/emac/__emptyfile__,system/var/lib/selinux/mls/active/modules/100/emac/__emptyfile__,file,0,0,0o40700,2024-02-02 11:17:48,e3b0c44298fc1c149afbf4c8996fb92427ae41e4649b934ca495991b7852b855,
system/var/lib/selinux/mls/active/modules/100/emac/,system/var/lib/selinux/mls/active/modules/100/emac/,directory,0,0,0o40700,2009-01-01 00:00:00,,
system/var/lib/selinux/mls/active/modules/100/emac/cil,system/var/lib/selinux/mls/active/modules/100/emac/cil,file,2062,2062,0o100644,2009-01-01 00:00:00,e10ac63738a0a48cca2227a7bc56c9d7f085da9d4f9aaaf40ced622229193444,
system/var/lib/selinux/mls/active/modules/100/emac/lang_ext,system/var/lib/selinux/mls/active/modules/100/emac/lang_ext,file,2,2,0o100644,2009-01-01 00:00:00,d53315bea08cec50d2591fcaf3b32dc5d289cdc6c16b7e8bed8c8e3f7ceaa34e,
system/var/lib/selinux/mls/active/modules/100/emac/hll,system/var/lib/selinux/mls/active/modules/100/emac/hll,file,10558,9569,0o100644,2009-01-01 00:00:00,533a79fba7013473f18aafd61b6ad032253e5d7112804d712d98e4ec5b8cb546,
system/var/lib/selinux/mls/active/modules/100/mediaplayer_cli/__emptyfile__,system/var/lib/selinux/mls/active/modules/100/mediaplayer_cli/__emptyfile__,file,0,0,0o40700,2024-02-02 11:17:48,e3b0c44298fc1c149afbf4c8996fb92427ae41e4649b934ca495991b7852b855,
system/var/lib/selinux/mls/active/modules/100/mediaplayer_cli/,system/var/lib/selinux/mls/active/modules/100/mediaplayer_cli/,directory,0,0,0o40700,2009-01-01 00:00:00,,
system/var/lib/selinux/mls/active/modules/100/mediaplayer_cli/cil,system/var/lib/selinux/mls/active/modules/100/mediaplayer_cli/cil,file,1183,1183,0o100644,2009-01-01 00:00:00,2aa80402d8618c42fe7b7d9018b29ac16e10dbdef2e38ff307f6a5865852ba14,
system/var/lib/selinux/mls/active/modules/100/mediaplayer_cli/lang_ext,system/var/lib/selinux/mls/active/modules/100/mediaplayer_cli/lang_ext,file,2,2,0o100644,2009-01-01 00:00:00,d53315bea08cec50d2591fcaf3b32dc5d289cdc6c16b7e8bed8c8e3f7ceaa34e,
system/var/lib/selinux/mls/active/modules/100/mediaplayer_cli/hll,system/var/lib/selinux/mls/active/modules/100/mediaplayer_cli/hll,file,9649,8736,0o100644,2009-01-01 00:00:00,272fccaebc07b1511018b69387b9c4507104452c79f274983a5b4f3b34447b24,
system/var/lib/selinux/mls/active/modules/100/port_bridge/__emptyfile__,system/var/lib/selinux/mls/active/modules/100/port_bridge/__emptyfile__,file,0,0,0o40700,2024-02-02 11:17:48,e3b0c44298fc1c149afbf4c8996fb92427ae41e4649b934ca495991b7852b855,
system/var/lib/selinux/mls/active/modules/100/port_bridge/,system/var/lib/selinux/mls/active/modules/100/port_bridge/,directory,0,0,0o40700,2009-01-01 00:00:00,,
system/var/lib/selinux/mls/active/modules/100/port_bridge/cil,system/var/lib/selinux/mls/active/modules/100/port_bridge/cil,file,1744,1744,0o100644,2009-01-01 00:00:00,82d2ae7b3cc9b1c065e684cfc7d370d3de08751c6de974e793858ca1d0a9fdf6,
system/var/lib/selinux/mls/active/modules/100/port_bridge/lang_ext,system/var/lib/selinux/mls/active/modules/100/port_bridge/lang_ext,file,2,2,0o100644,2009-01-01 00:00:00,d53315bea08cec50d2591fcaf3b32dc5d289cdc6c16b7e8bed8c8e3f7ceaa34e,
system/var/lib/selinux/mls/active/modules/100/port_bridge/hll,system/var/lib/selinux/mls/active/modules/100/port_bridge/hll,file,10378,9411,0o100644,2009-01-01 00:00:00,8abede3c4a849e3896f288b7c3bd66b5e814d9b5942348d513a7c2aa2767caab,
system/var/lib/selinux/mls/active/modules/100/persist/__emptyfile__,system/var/lib/selinux/mls/active/modules/100/persist/__emptyfile__,file,0,0,0o40700,2024-02-02 11:17:48,e3b0c44298fc1c149afbf4c8996fb92427ae41e4649b934ca495991b7852b855,
system/var/lib/selinux/mls/active/modules/100/persist/,system/var/lib/selinux/mls/active/modules/100/persist/,directory,0,0,0o40700,2009-01-01 00:00:00,,
system/var/lib/selinux/mls/active/modules/100/persist/cil,system/var/lib/selinux/mls/active/modules/100/persist/cil,file,232,232,0o100644,2009-01-01 00:00:00,624a8b40217b30dffaf3bd58b9ea0ec072cc5cceef99a667cfe61282cb02f299,
system/var/lib/selinux/mls/active/modules/100/persist/lang_ext,system/var/lib/selinux/mls/active/modules/100/persist/lang_ext,file,2,2,0o100644,2009-01-01 00:00:00,d53315bea08cec50d2591fcaf3b32dc5d289cdc6c16b7e8bed8c8e3f7ceaa34e,
system/var/lib/selinux/mls/active/modules/100/persist/hll,system/var/lib/selinux/mls/active/modules/100/persist/hll,file,8603,7653,0o100644,2009-01-01 00:00:00,4ee4b04cd161234a91ceb319dd0e419496595d139b85ff2323fb977a319ded38,
system/var/lib/selinux/mls/active/modules/100/xserver/__emptyfile__,system/var/lib/selinux/mls/active/modules/100/xserver/__emptyfile__,file,0,0,0o40700,2024-02-02 11:17:48,e3b0c44298fc1c149afbf4c8996fb92427ae41e4649b934ca495991b7852b855,
system/var/lib/selinux/mls/active/modules/100/xserver/,system/var/lib/selinux/mls/active/modules/100/xserver/,directory,0,0,0o40700,2009-01-01 00:00:00,,
system/var/lib/selinux/mls/active/modules/100/xserver/cil,system/var/lib/selinux/mls/active/modules/100/xserver/cil,file,11602,11602,0o100644,2009-01-01 00:00:00,47bd8d7c5fc213a54054efd4c1403dace1e311601b9b35b842a24dd6d097ff53,
system/var/lib/selinux/mls/active/modules/100/xserver/lang_ext,system/var/lib/selinux/mls/active/modules/100/xserver/lang_ext,file,2,2,0o100644,2009-01-01 00:00:00,d53315bea08cec50d2591fcaf3b32dc5d289cdc6c16b7e8bed8c8e3f7ceaa34e,
system/var/lib/selinux/mls/active/modules/100/xserver/hll,system/var/lib/selinux/mls/active/modules/100/xserver/hll,file,21436,20283,0o100644,2009-01-01 00:00:00,f8ef3f83e01d3132a71059e2ebc101d465905a8219b79d8e58fc2b795d44617e,
system/var/lib/selinux/mls/active/modules/100/st_hal_test/__emptyfile__,system/var/lib/selinux/mls/active/modules/100/st_hal_test/__emptyfile__,file,0,0,0o40700,2024-02-02 11:17:48,e3b0c44298fc1c149afbf4c8996fb92427ae41e4649b934ca495991b7852b855,
system/var/lib/selinux/mls/active/modules/100/st_hal_test/,system/var/lib/selinux/mls/active/modules/100/st_hal_test/,directory,0,0,0o40700,2009-01-01 00:00:00,,
system/var/lib/selinux/mls/active/modules/100/st_hal_test/cil,system/var/lib/selinux/mls/active/modules/100/st_hal_test/cil,file,1617,1617,0o100644,2009-01-01 00:00:00,fc3ef817e1050a0b628ac3620038235748f04e9e6291df1156aef79db951b2f2,
system/var/lib/selinux/mls/active/modules/100/st_hal_test/lang_ext,system/var/lib/selinux/mls/active/modules/100/st_hal_test/lang_ext,file,2,2,0o100644,2009-01-01 00:00:00,d53315bea08cec50d2591fcaf3b32dc5d289cdc6c16b7e8bed8c8e3f7ceaa34e,
system/var/lib/selinux/mls/active/modules/100/st_hal_test/hll,system/var/lib/selinux/mls/active/modules/100/st_hal_test/hll,file,10202,9262,0o100644,2009-01-01 00:00:00,4a7e5cd54b460f6ce4d3d5df3006a34ca34caa0aa12107f0af189da8e16d1362,
system/var/lib/selinux/mls/active/modules/100/application/__emptyfile__,system/var/lib/selinux/mls/active/modules/100/application/__emptyfile__,file,0,0,0o40700,2024-02-02 11:17:48,e3b0c44298fc1c149afbf4c8996fb92427ae41e4649b934ca495991b7852b855,
system/var/lib/selinux/mls/active/modules/100/application/,system/var/lib/selinux/mls/active/modules/100/application/,directory,0,0,0o40700,2009-01-01 00:00:00,,
system/var/lib/selinux/mls/active/modules/100/application/cil,system/var/lib/selinux/mls/active/modules/100/application/cil,file,289,289,0o100644,2009-01-01 00:00:00,aba55cd5b66599cd2d69266de11634014931759d367acfc0ba7fab14977855e3,
system/var/lib/selinux/mls/active/modules/100/application/lang_ext,system/var/lib/selinux/mls/active/modules/100/application/lang_ext,file,2,2,0o100644,2009-01-01 00:00:00,d53315bea08cec50d2591fcaf3b32dc5d289cdc6c16b7e8bed8c8e3f7ceaa34e,
system/var/lib/selinux/mls/active/modules/100/application/hll,system/var/lib/selinux/mls/active/modules/100/application/hll,file,7905,6902,0o100644,2009-01-01 00:00:00,bfe41dfbcb3688c4e77f91cd58996cbfe9968488076b4f279c2e47a7f0f8b728,
system/var/lib/selinux/mls/active/modules/100/minidlna/__emptyfile__,system/var/lib/selinux/mls/active/modules/100/minidlna/__emptyfile__,file,0,0,0o40700,2024-02-02 11:17:48,e3b0c44298fc1c149afbf4c8996fb92427ae41e4649b934ca495991b7852b855,
system/var/lib/selinux/mls/active/modules/100/minidlna/,system/var/lib/selinux/mls/active/modules/100/minidlna/,directory,0,0,0o40700,2009-01-01 00:00:00,,
system/var/lib/selinux/mls/active/modules/100/minidlna/cil,system/var/lib/selinux/mls/active/modules/100/minidlna/cil,file,2492,2492,0o100644,2009-01-01 00:00:00,804dda5762ab4cd32fbb73b887573958b49302c5fb8f2fd17ad77333736c3b13,
system/var/lib/selinux/mls/active/modules/100/minidlna/lang_ext,system/var/lib/selinux/mls/active/modules/100/minidlna/lang_ext,file,2,2,0o100644,2009-01-01 00:00:00,d53315bea08cec50d2591fcaf3b32dc5d289cdc6c16b7e8bed8c8e3f7ceaa34e,
system/var/lib/selinux/mls/active/modules/100/minidlna/hll,system/var/lib/selinux/mls/active/modules/100/minidlna/hll,file,10469,9541,0o100644,2009-01-01 00:00:00,fc69af861dc3abd63ccb1ec90c3f8c13ed629824ba21f4b585d8ac7ab59321a1,
system/var/lib/selinux/mls/active/modules/100/csd_server/__emptyfile__,system/var/lib/selinux/mls/active/modules/100/csd_server/__emptyfile__,file,0,0,0o40700,2024-02-02 11:17:48,e3b0c44298fc1c149afbf4c8996fb92427ae41e4649b934ca495991b7852b855,
system/var/lib/selinux/mls/active/modules/100/csd_server/,system/var/lib/selinux/mls/active/modules/100/csd_server/,directory,0,0,0o40700,2009-01-01 00:00:00,,
system/var/lib/selinux/mls/active/modules/100/csd_server/cil,system/var/lib/selinux/mls/active/modules/100/csd_server/cil,file,1434,1434,0o100644,2009-01-01 00:00:00,46b47a0dd022514daa2832e2bdbfece1cd93a796ec3191ede6e98c59ad7de64a,
system/var/lib/selinux/mls/active/modules/100/csd_server/lang_ext,system/var/lib/selinux/mls/active/modules/100/csd_server/lang_ext,file,2,2,0o100644,2009-01-01 00:00:00,d53315bea08cec50d2591fcaf3b32dc5d289cdc6c16b7e8bed8c8e3f7ceaa34e,
system/var/lib/selinux/mls/active/modules/100/csd_server/hll,system/var/lib/selinux/mls/active/modules/100/csd_server/hll,file,10031,9088,0o100644,2009-01-01 00:00:00,5db18e1a0d09776b2b42722910bf71cdcb86695b56064d8656656f89bb51061b,
system/var/lib/selinux/mls/active/modules/100/alogd/__emptyfile__,system/var/lib/selinux/mls/active/modules/100/alogd/__emptyfile__,file,0,0,0o40700,2024-02-02 11:17:48,e3b0c44298fc1c149afbf4c8996fb92427ae41e4649b934ca495991b7852b855,
system/var/lib/selinux/mls/active/modules/100/alogd/,system/var/lib/selinux/mls/active/modules/100/alogd/,directory,0,0,0o40700,2009-01-01 00:00:00,,
system/var/lib/selinux/mls/active/modules/100/alogd/cil,system/var/lib/selinux/mls/active/modules/100/alogd/cil,file,1515,1515,0o100644,2009-01-01 00:00:00,d1788a1302dd1d9be35208ab71230ecf382cab7a3fa5e62ceeee329b00440b5f,
system/var/lib/selinux/mls/active/modules/100/alogd/lang_ext,system/var/lib/selinux/mls/active/modules/100/alogd/lang_ext,file,2,2,0o100644,2009-01-01 00:00:00,d53315bea08cec50d2591fcaf3b32dc5d289cdc6c16b7e8bed8c8e3f7ceaa34e,
system/var/lib/selinux/mls/active/modules/100/alogd/hll,system/var/lib/selinux/mls/active/modules/100/alogd/hll,file,9980,9047,0o100644,2009-01-01 00:00:00,ceeebd6dbe18655aabd905a5dccd1562d3023743a1c636af547a32f377391db1,
system/var/lib/selinux/mls/active/modules/100/netutils/__emptyfile__,system/var/lib/selinux/mls/active/modules/100/netutils/__emptyfile__,file,0,0,0o40700,2024-02-02 11:17:48,e3b0c44298fc1c149afbf4c8996fb92427ae41e4649b934ca495991b7852b855,
system/var/lib/selinux/mls/active/modules/100/netutils/,system/var/lib/selinux/mls/active/modules/100/netutils/,directory,0,0,0o40700,2009-01-01 00:00:00,,
system/var/lib/selinux/mls/active/modules/100/netutils/cil,system/var/lib/selinux/mls/active/modules/100/netutils/cil,file,3185,3185,0o100644,2009-01-01 00:00:00,4b9080a494d8d278eb9b1f362ce42acf56e4c7014edff90d6b54809330e82edb,
system/var/lib/selinux/mls/active/modules/100/netutils/lang_ext,system/var/lib/selinux/mls/active/modules/100/netutils/lang_ext,file,2,2,0o100644,2009-01-01 00:00:00,d53315bea08cec50d2591fcaf3b32dc5d289cdc6c16b7e8bed8c8e3f7ceaa34e,
system/var/lib/selinux/mls/active/modules/100/netutils/hll,system/var/lib/selinux/mls/active/modules/100/netutils/hll,file,11244,9989,0o100644,2009-01-01 00:00:00,0a49111bbd1c9d8ad9624c2b9c62fcfccbeb1b8fc76522a0cd0702b2f8d5c525,
system/var/lib/selinux/mls/active/modules/100/led_manager/__emptyfile__,system/var/lib/selinux/mls/active/modules/100/led_manager/__emptyfile__,file,0,0,0o40700,2024-02-02 11:17:48,e3b0c44298fc1c149afbf4c8996fb92427ae41e4649b934ca495991b7852b855,
system/var/lib/selinux/mls/active/modules/100/led_manager/,system/var/lib/selinux/mls/active/modules/100/led_manager/,directory,0,0,0o40700,2009-01-01 00:00:00,,
system/var/lib/selinux/mls/active/modules/100/led_manager/cil,system/var/lib/selinux/mls/active/modules/100/led_manager/cil,file,2035,2035,0o100644,2009-01-01 00:00:00,2488b64fe7255fe769c1ff0036dd30a15d5546c60f0af0967bb609650c0266b1,
system/var/lib/selinux/mls/active/modules/100/led_manager/lang_ext,system/var/lib/selinux/mls/active/modules/100/led_manager/lang_ext,file,2,2,0o100644,2009-01-01 00:00:00,d53315bea08cec50d2591fcaf3b32dc5d289cdc6c16b7e8bed8c8e3f7ceaa34e,
system/var/lib/selinux/mls/active/modules/100/led_manager/hll,system/var/lib/selinux/mls/active/modules/100/led_manager/hll,file,10567,9548,0o100644,2009-01-01 00:00:00,facdc446ba5113680e360709fc4ecd3f8aeadba3151182992830f8385e250062,
system/var/lib/selinux/mls/active/modules/100/rules_manager/__emptyfile__,system/var/lib/selinux/mls/active/modules/100/rules_manager/__emptyfile__,file,0,0,0o40700,2024-02-02 11:17:48,e3b0c44298fc1c149afbf4c8996fb92427ae41e4649b934ca495991b7852b855,
system/var/lib/selinux/mls/active/modules/100/rules_manager/,system/var/lib/selinux/mls/active/modules/100/rules_manager/,directory,0,0,0o40700,2009-01-01 00:00:00,,
system/var/lib/selinux/mls/active/modules/100/rules_manager/cil,system/var/lib/selinux/mls/active/modules/100/rules_manager/cil,file,2103,2103,0o100644,2009-01-01 00:00:00,30497e2467c0d717c1fcf080bf2add948f1c060a97b94372c6d98e2bf1d3dcc0,
system/var/lib/selinux/mls/active/modules/100/rules_manager/lang_ext,system/var/lib/selinux/mls/active/modules/100/rules_manager/lang_ext,file,2,2,0o100644,2009-01-01 00:00:00,d53315bea08cec50d2591fcaf3b32dc5d289cdc6c16b7e8bed8c8e3f7ceaa34e,
system/var/lib/selinux/mls/active/modules/100/rules_manager/hll,system/var/lib/selinux/mls/active/modules/100/rules_manager/hll,file,10601,9670,0o100644,2009-01-01 00:00:00,deb2c806e787e26e7b3f9da87693b6d3b0205c1768457412ca90575d19a81c31,
system/var/lib/selinux/mls/active/modules/100/bootlogd/__emptyfile__,system/var/lib/selinux/mls/active/modules/100/bootlogd/__emptyfile__,file,0,0,0o40700,2024-02-02 11:17:48,e3b0c44298fc1c149afbf4c8996fb92427ae41e4649b934ca495991b7852b855,
system/var/lib/selinux/mls/active/modules/100/bootlogd/,system/var/lib/selinux/mls/active/modules/100/bootlogd/,directory,0,0,0o40700,2009-01-01 00:00:00,,
system/var/lib/selinux/mls/active/modules/100/bootlogd/cil,system/var/lib/selinux/mls/active/modules/100/bootlogd/cil,file,1506,1506,0o100644,2009-01-01 00:00:00,1917a183d8db827a8377642a9985e6d20c852f086978800375fddc4bc71d7d49,
system/var/lib/selinux/mls/active/modules/100/bootlogd/lang_ext,system/var/lib/selinux/mls/active/modules/100/bootlogd/lang_ext,file,2,2,0o100644,2009-01-01 00:00:00,d53315bea08cec50d2591fcaf3b32dc5d289cdc6c16b7e8bed8c8e3f7ceaa34e,
system/var/lib/selinux/mls/active/modules/100/bootlogd/hll,system/var/lib/selinux/mls/active/modules/100/bootlogd/hll,file,10125,9162,0o100644,2009-01-01 00:00:00,5f1eb0ebf76d4ca1821378fdaff87ec62ef44fe8093e0a410a5011064c1ee8ba,
system/var/lib/selinux/mls/active/modules/100/devconfig/__emptyfile__,system/var/lib/selinux/mls/active/modules/100/devconfig/__emptyfile__,file,0,0,0o40700,2024-02-02 11:17:48,e3b0c44298fc1c149afbf4c8996fb92427ae41e4649b934ca495991b7852b855,
system/var/lib/selinux/mls/active/modules/100/devconfig/,system/var/lib/selinux/mls/active/modules/100/devconfig/,directory,0,0,0o40700,2009-01-01 00:00:00,,
system/var/lib/selinux/mls/active/modules/100/devconfig/cil,system/var/lib/selinux/mls/active/modules/100/devconfig/cil,file,1231,1231,0o100644,2009-01-01 00:00:00,c66267183abe0e76ab104969786e46afab05af8ae1bd6fc1e4e6b9e46217ef06,
system/var/lib/selinux/mls/active/modules/100/devconfig/lang_ext,system/var/lib/selinux/mls/active/modules/100/devconfig/lang_ext,file,2,2,0o100644,2009-01-01 00:00:00,d53315bea08cec50d2591fcaf3b32dc5d289cdc6c16b7e8bed8c8e3f7ceaa34e,
system/var/lib/selinux/mls/active/modules/100/devconfig/hll,system/var/lib/selinux/mls/active/modules/100/devconfig/hll,file,9783,8856,0o100644,2009-01-01 00:00:00,c070dc95425aad59c074d770965d5f090bb0f147f0ecc507d18dcbc669396c6a,
system/var/lib/selinux/mls/active/modules/100/base/__emptyfile__,system/var/lib/selinux/mls/active/modules/100/base/__emptyfile__,file,0,0,0o40700,2024-02-02 11:17:48,e3b0c44298fc1c149afbf4c8996fb92427ae41e4649b934ca495991b7852b855,
system/var/lib/selinux/mls/active/modules/100/base/,system/var/lib/selinux/mls/active/modules/100/base/,directory,0,0,0o40700,2009-01-01 00:00:00,,
system/var/lib/selinux/mls/active/modules/100/base/cil,system/var/lib/selinux/mls/active/modules/100/base/cil,file,34299,30385,0o100644,2009-01-01 00:00:00,d1d20e0b80328c94ce681a587e53880f01e63e53bd2090bdade1189d080a371a,
system/var/lib/selinux/mls/active/modules/100/base/lang_ext,system/var/lib/selinux/mls/active/modules/100/base/lang_ext,file,2,2,0o100644,2009-01-01 00:00:00,d53315bea08cec50d2591fcaf3b32dc5d289cdc6c16b7e8bed8c8e3f7ceaa34e,
system/var/lib/selinux/mls/active/modules/100/base/hll,system/var/lib/selinux/mls/active/modules/100/base/hll,file,35502,34408,0o100644,2009-01-01 00:00:00,a10b6d616c679b580b68a9b518b6ee7f4f3931de6db275f7cf1a23bed2af181d,
system/var/lib/selinux/mls/active/modules/100/leprop/__emptyfile__,system/var/lib/selinux/mls/active/modules/100/leprop/__emptyfile__,file,0,0,0o40700,2024-02-02 11:17:48,e3b0c44298fc1c149afbf4c8996fb92427ae41e4649b934ca495991b7852b855,
system/var/lib/selinux/mls/active/modules/100/leprop/,system/var/lib/selinux/mls/active/modules/100/leprop/,directory,0,0,0o40700,2009-01-01 00:00:00,,
system/var/lib/selinux/mls/active/modules/100/leprop/cil,system/var/lib/selinux/mls/active/modules/100/leprop/cil,file,1856,1856,0o100644,2009-01-01 00:00:00,a41395fbce60ac540f7bef0f026d4f825e1dbbefe36d153e16ee24b731ac4566,
system/var/lib/selinux/mls/active/modules/100/leprop/lang_ext,system/var/lib/selinux/mls/active/modules/100/leprop/lang_ext,file,2,2,0o100644,2009-01-01 00:00:00,d53315bea08cec50d2591fcaf3b32dc5d289cdc6c16b7e8bed8c8e3f7ceaa34e,
system/var/lib/selinux/mls/active/modules/100/leprop/hll,system/var/lib/selinux/mls/active/modules/100/leprop/hll,file,10481,9519,0o100644,2009-01-01 00:00:00,3dc7a355d282f187f12d41d51665068eb447d6d2b0cdc9b4cd4685e82adfb859,
system/var/lib/selinux/mls/active/modules/100/seunshare/__emptyfile__,system/var/lib/selinux/mls/active/modules/100/seunshare/__emptyfile__,file,0,0,0o40700,2024-02-02 11:17:48,e3b0c44298fc1c149afbf4c8996fb92427ae41e4649b934ca495991b7852b855,
system/var/lib/selinux/mls/active/modules/100/seunshare/,system/var/lib/selinux/mls/active/modules/100/seunshare/,directory,0,0,0o40700,2009-01-01 00:00:00,,
system/var/lib/selinux/mls/active/modules/100/seunshare/cil,system/var/lib/selinux/mls/active/modules/100/seunshare/cil,file,1133,1133,0o100644,2009-01-01 00:00:00,76a13d5f8872f46e963c643de3aabe5c8a33cbb731ce768ff26b66d8632c0486,
system/var/lib/selinux/mls/active/modules/100/seunshare/lang_ext,system/var/lib/selinux/mls/active/modules/100/seunshare/lang_ext,file,2,2,0o100644,2009-01-01 00:00:00,d53315bea08cec50d2591fcaf3b32dc5d289cdc6c16b7e8bed8c8e3f7ceaa34e,
system/var/lib/selinux/mls/active/modules/100/seunshare/hll,system/var/lib/selinux/mls/active/modules/100/seunshare/hll,file,8735,7745,0o100644,2009-01-01 00:00:00,5ddb8be596c1fc903c1940eaea6f4ccbaefac09931e3b1153c4e471d85f534bc,
system/var/lib/selinux/mls/active/modules/100/mta/__emptyfile__,system/var/lib/selinux/mls/active/modules/100/mta/__emptyfile__,file,0,0,0o40700,2024-02-02 11:17:48,e3b0c44298fc1c149afbf4c8996fb92427ae41e4649b934ca495991b7852b855,
system/var/lib/selinux/mls/active/modules/100/mta/,system/var/lib/selinux/mls/active/modules/100/mta/,directory,0,0,0o40700,2009-01-01 00:00:00,,
system/var/lib/selinux/mls/active/modules/100/mta/cil,system/var/lib/selinux/mls/active/modules/100/mta/cil,file,4275,4275,0o100644,2009-01-01 00:00:00,13fccf4e3a41d5186e6bbfb33328a3c770e99924dd274a49a5fcb483cbfaa6b3,
system/var/lib/selinux/mls/active/modules/100/mta/lang_ext,system/var/lib/selinux/mls/active/modules/100/mta/lang_ext,file,2,2,0o100644,2009-01-01 00:00:00,d53315bea08cec50d2591fcaf3b32dc5d289cdc6c16b7e8bed8c8e3f7ceaa34e,
system/var/lib/selinux/mls/active/modules/100/mta/hll,system/var/lib/selinux/mls/active/modules/100/mta/hll,file,13166,12045,0o100644,2009-01-01 00:00:00,7ac02925c9aafc0aa4cce1f2f63c11808a432f36183d62b2ceffe5428f784aaa,
system/var/lib/selinux/mls/active/modules/100/cache/__emptyfile__,system/var/lib/selinux/mls/active/modules/100/cache/__emptyfile__,file,0,0,0o40700,2024-02-02 11:17:48,e3b0c44298fc1c149afbf4c8996fb92427ae41e4649b934ca495991b7852b855,
system/var/lib/selinux/mls/active/modules/100/cache/,system/var/lib/selinux/mls/active/modules/100/cache/,directory,0,0,0o40700,2009-01-01 00:00:00,,
system/var/lib/selinux/mls/active/modules/100/cache/cil,system/var/lib/selinux/mls/active/modules/100/cache/cil,file,228,228,0o100644,2009-01-01 00:00:00,3b648e0a93b509a79108deaa88fcf47e1515118381ed5a8982f8b8d9c62821ca,
system/var/lib/selinux/mls/active/modules/100/cache/lang_ext,system/var/lib/selinux/mls/active/modules/100/cache/lang_ext,file,2,2,0o100644,2009-01-01 00:00:00,d53315bea08cec50d2591fcaf3b32dc5d289cdc6c16b7e8bed8c8e3f7ceaa34e,
system/var/lib/selinux/mls/active/modules/100/cache/hll,system/var/lib/selinux/mls/active/modules/100/cache/hll,file,8646,7692,0o100644,2009-01-01 00:00:00,84912cf961af5b9735ee03bbce3e4f14448e7030ebcb15766529891e038f5508,
system/var/lib/selinux/mls/active/modules/100/avahi/__emptyfile__,system/var/lib/selinux/mls/active/modules/100/avahi/__emptyfile__,file,0,0,0o40700,2024-02-02 11:17:48,e3b0c44298fc1c149afbf4c8996fb92427ae41e4649b934ca495991b7852b855,
system/var/lib/selinux/mls/active/modules/100/avahi/,system/var/lib/selinux/mls/active/modules/100/avahi/,directory,0,0,0o40700,2009-01-01 00:00:00,,
system/var/lib/selinux/mls/active/modules/100/avahi/cil,system/var/lib/selinux/mls/active/modules/100/avahi/cil,file,3093,3093,0o100644,2009-01-01 00:00:00,502269713744f8b863ba068802475e94476c50cfe5949e8fd2a76013cfb0a858,
system/var/lib/selinux/mls/active/modules/100/avahi/lang_ext,system/var/lib/selinux/mls/active/modules/100/avahi/lang_ext,file,2,2,0o100644,2009-01-01 00:00:00,d53315bea08cec50d2591fcaf3b32dc5d289cdc6c16b7e8bed8c8e3f7ceaa34e,
system/var/lib/selinux/mls/active/modules/100/avahi/hll,system/var/lib/selinux/mls/active/modules/100/avahi/hll,file,10852,9900,0o100644,2009-01-01 00:00:00,ded6488b5bc5c84c3f2802813192ced99ed20dc66455499630106828711bfd2d,
system/var/lib/selinux/mls/active/modules/100/gpu/__emptyfile__,system/var/lib/selinux/mls/active/modules/100/gpu/__emptyfile__,file,0,0,0o40700,2024-02-02 11:17:48,e3b0c44298fc1c149afbf4c8996fb92427ae41e4649b934ca495991b7852b855,
system/var/lib/selinux/mls/active/modules/100/gpu/,system/var/lib/selinux/mls/active/modules/100/gpu/,directory,0,0,0o40700,2009-01-01 00:00:00,,
system/var/lib/selinux/mls/active/modules/100/gpu/cil,system/var/lib/selinux/mls/active/modules/100/gpu/cil,file,188,188,0o100644,2009-01-01 00:00:00,5b80580b1e6a5e64feb6437d2c13735df5d41d4fd177154634482df7b99d2087,
system/var/lib/selinux/mls/active/modules/100/gpu/lang_ext,system/var/lib/selinux/mls/active/modules/100/gpu/lang_ext,file,2,2,0o100644,2009-01-01 00:00:00,d53315bea08cec50d2591fcaf3b32dc5d289cdc6c16b7e8bed8c8e3f7ceaa34e,
system/var/lib/selinux/mls/active/modules/100/gpu/hll,system/var/lib/selinux/mls/active/modules/100/gpu/hll,file,8565,7478,0o100644,2009-01-01 00:00:00,cf69fc783a2adece25006ba204158189e74b7defe658754aff2f28a601ae1a26,
system/var/lib/selinux/mls/active/modules/100/mount/__emptyfile__,system/var/lib/selinux/mls/active/modules/100/mount/__emptyfile__,file,0,0,0o40700,2024-02-02 11:17:48,e3b0c44298fc1c149afbf4c8996fb92427ae41e4649b934ca495991b7852b855,
system/var/lib/selinux/mls/active/modules/100/mount/,system/var/lib/selinux/mls/active/modules/100/mount/,directory,0,0,0o40700,2009-01-01 00:00:00,,
system/var/lib/selinux/mls/active/modules/100/mount/cil,system/var/lib/selinux/mls/active/modules/100/mount/cil,file,4407,4407,0o100644,2009-01-01 00:00:00,087498998fdfc6e28c5f5018e22a96157501730b60758ddf1f4c87376376f17e,
system/var/lib/selinux/mls/active/modules/100/mount/lang_ext,system/var/lib/selinux/mls/active/modules/100/mount/lang_ext,file,2,2,0o100644,2009-01-01 00:00:00,d53315bea08cec50d2591fcaf3b32dc5d289cdc6c16b7e8bed8c8e3f7ceaa34e,
system/var/lib/selinux/mls/active/modules/100/mount/hll,system/var/lib/selinux/mls/active/modules/100/mount/hll,file,12906,11798,0o100644,2009-01-01 00:00:00,20c46615c7319ad44355f7d0555060e621ed06c437a388373566f0697c3b91f2,
system/var/lib/selinux/mls/active/modules/100/time_daemon/__emptyfile__,system/var/lib/selinux/mls/active/modules/100/time_daemon/__emptyfile__,file,0,0,0o40700,2024-02-02 11:17:48,e3b0c44298fc1c149afbf4c8996fb92427ae41e4649b934ca495991b7852b855,
system/var/lib/selinux/mls/active/modules/100/time_daemon/,system/var/lib/selinux/mls/active/modules/100/time_daemon/,directory,0,0,0o40700,2009-01-01 00:00:00,,
system/var/lib/selinux/mls/active/modules/100/time_daemon/cil,system/var/lib/selinux/mls/active/modules/100/time_daemon/cil,file,1569,1569,0o100644,2009-01-01 00:00:00,410929e3e39489c3a8405b445160f428edd67ccd2958b37a1ca3ae38fc3665df,
system/var/lib/selinux/mls/active/modules/100/time_daemon/lang_ext,system/var/lib/selinux/mls/active/modules/100/time_daemon/lang_ext,file,2,2,0o100644,2009-01-01 00:00:00,d53315bea08cec50d2591fcaf3b32dc5d289cdc6c16b7e8bed8c8e3f7ceaa34e,
system/var/lib/selinux/mls/active/modules/100/time_daemon/hll,system/var/lib/selinux/mls/active/modules/100/time_daemon/hll,file,10138,9170,0o100644,2009-01-01 00:00:00,2d4d403fa45b2d26507e1f83c7576958d5a2d59bbc789160135c713be0c05f08,
system/var/lib/selinux/mls/active/modules/100/storage/__emptyfile__,system/var/lib/selinux/mls/active/modules/100/storage/__emptyfile__,file,0,0,0o40700,2024-02-02 11:17:48,e3b0c44298fc1c149afbf4c8996fb92427ae41e4649b934ca495991b7852b855,
system/var/lib/selinux/mls/active/modules/100/storage/,system/var/lib/selinux/mls/active/modules/100/storage/,directory,0,0,0o40700,2009-01-01 00:00:00,,
system/var/lib/selinux/mls/active/modules/100/storage/cil,system/var/lib/selinux/mls/active/modules/100/storage/cil,file,1230,1230,0o100644,2009-01-01 00:00:00,a05c2c543857bfdaaaa4e347d9a378b4e5f166c711f7dbc2b4cdf12316d35536,
system/var/lib/selinux/mls/active/modules/100/storage/lang_ext,system/var/lib/selinux/mls/active/modules/100/storage/lang_ext,file,2,2,0o100644,2009-01-01 00:00:00,d53315bea08cec50d2591fcaf3b32dc5d289cdc6c16b7e8bed8c8e3f7ceaa34e,
system/var/lib/selinux/mls/active/modules/100/storage/hll,system/var/lib/selinux/mls/active/modules/100/storage/hll,file,8601,7632,0o100644,2009-01-01 00:00:00,8f74c96bf96c7d8d79bd3228b782f202bfbb7896b38538662acc8dce64fce8bf,
system/var/lib/selinux/mls/active/modules/100/button_manager/__emptyfile__,system/var/lib/selinux/mls/active/modules/100/button_manager/__emptyfile__,file,0,0,0o40700,2024-02-02 11:17:48,e3b0c44298fc1c149afbf4c8996fb92427ae41e4649b934ca495991b7852b855,
system/var/lib/selinux/mls/active/modules/100/button_manager/,system/var/lib/selinux/mls/active/modules/100/button_manager/,directory,0,0,0o40700,2009-01-01 00:00:00,,
system/var/lib/selinux/mls/active/modules/100/button_manager/cil,system/var/lib/selinux/mls/active/modules/100/button_manager/cil,file,2053,2053,0o100644,2009-01-01 00:00:00,4dcd965f939470c1322dc9dbbf8b647236814d154b1542daee1130ca6fa909ea,
system/var/lib/selinux/mls/active/modules/100/button_manager/lang_ext,system/var/lib/selinux/mls/active/modules/100/button_manager/lang_ext,file,2,2,0o100644,2009-01-01 00:00:00,d53315bea08cec50d2591fcaf3b32dc5d289cdc6c16b7e8bed8c8e3f7ceaa34e,
system/var/lib/selinux/mls/active/modules/100/button_manager/hll,system/var/lib/selinux/mls/active/modules/100/button_manager/hll,file,10522,9604,0o100644,2009-01-01 00:00:00,973dd2dbe9dc27435979bdb7b810c31bcaa1beb7f203cca5b0546681a0dec8c6,
system/var/lib/selinux/mls/active/modules/100/unconfined/__emptyfile__,system/var/lib/selinux/mls/active/modules/100/unconfined/__emptyfile__,file,0,0,0o40700,2024-02-02 11:17:48,e3b0c44298fc1c149afbf4c8996fb92427ae41e4649b934ca495991b7852b855,
system/var/lib/selinux/mls/active/modules/100/unconfined/,system/var/lib/selinux/mls/active/modules/100/unconfined/,directory,0,0,0o40700,2009-01-01 00:00:00,,
system/var/lib/selinux/mls/active/modules/100/unconfined/cil,system/var/lib/selinux/mls/active/modules/100/unconfined/cil,file,7482,7482,0o100644,2009-01-01 00:00:00,092cebd56b50159b30a93f5f69a23347a5aaac10729f8105e9c3367050d52fbe,
system/var/lib/selinux/mls/active/modules/100/unconfined/lang_ext,system/var/lib/selinux/mls/active/modules/100/unconfined/lang_ext,file,2,2,0o100644,2009-01-01 00:00:00,d53315bea08cec50d2591fcaf3b32dc5d289cdc6c16b7e8bed8c8e3f7ceaa34e,
system/var/lib/selinux/mls/active/modules/100/unconfined/hll,system/var/lib/selinux/mls/active/modules/100/unconfined/hll,file,17216,16099,0o100644,2009-01-01 00:00:00,8b43f2a7fc89d01d2a2e89b4bf9fec690813c8a15e543deea46a76e53d919fe2,
system/var/lib/selinux/mls/active/modules/100/authlogin/__emptyfile__,system/var/lib/selinux/mls/active/modules/100/authlogin/__emptyfile__,file,0,0,0o40700,2024-02-02 11:17:48,e3b0c44298fc1c149afbf4c8996fb92427ae41e4649b934ca495991b7852b855,
system/var/lib/selinux/mls/active/modules/100/authlogin/,system/var/lib/selinux/mls/active/modules/100/authlogin/,directory,0,0,0o40700,2009-01-01 00:00:00,,
system/var/lib/selinux/mls/active/modules/100/authlogin/cil,system/var/lib/selinux/mls/active/modules/100/authlogin/cil,file,6074,6074,0o100644,2009-01-01 00:00:00,be8da7940c72aa22f67aada5490a7064863f78e3143bc8d74b87228a899446c9,
system/var/lib/selinux/mls/active/modules/100/authlogin/lang_ext,system/var/lib/selinux/mls/active/modules/100/authlogin/lang_ext,file,2,2,0o100644,2009-01-01 00:00:00,d53315bea08cec50d2591fcaf3b32dc5d289cdc6c16b7e8bed8c8e3f7ceaa34e,
system/var/lib/selinux/mls/active/modules/100/authlogin/hll,system/var/lib/selinux/mls/active/modules/100/authlogin/hll,file,14511,13336,0o100644,2009-01-01 00:00:00,4743b7fba0f7787e9bdeaf055df8276f89b90dbfc4f91b0a8b14a1fdad06eb8c,
system/var/lib/selinux/mls/active/modules/100/qti-audio-server-daemon/__emptyfile__,system/var/lib/selinux/mls/active/modules/100/qti-audio-server-daemon/__emptyfile__,file,0,0,0o40700,2024-02-02 11:17:48,e3b0c44298fc1c149afbf4c8996fb92427ae41e4649b934ca495991b7852b855,
system/var/lib/selinux/mls/active/modules/100/qti-audio-server-daemon/,system/var/lib/selinux/mls/active/modules/100/qti-audio-server-daemon/,directory,0,0,0o40700,2009-01-01 00:00:00,,
system/var/lib/selinux/mls/active/modules/100/qti-audio-server-daemon/cil,system/var/lib/selinux/mls/active/modules/100/qti-audio-server-daemon/cil,file,1539,1539,0o100644,2009-01-01 00:00:00,c9b076645e328c92e71216afc5729b45712e6775831c61b9ce75254abe9cc53e,
system/var/lib/selinux/mls/active/modules/100/qti-audio-server-daemon/lang_ext,system/var/lib/selinux/mls/active/modules/100/qti-audio-server-daemon/lang_ext,file,2,2,0o100644,2009-01-01 00:00:00,d53315bea08cec50d2591fcaf3b32dc5d289cdc6c16b7e8bed8c8e3f7ceaa34e,
system/var/lib/selinux/mls/active/modules/100/qti-audio-server-daemon/hll,system/var/lib/selinux/mls/active/modules/100/qti-audio-server-daemon/hll,file,10027,9065,0o100644,2009-01-01 00:00:00,4fc83d88d34517ea2138e9f2e2e36b3bea3a55b180b825a7e5f7d3a10e0e403b,
system/var/lib/selinux/mls/active/modules/100/qrtr_ns/__emptyfile__,system/var/lib/selinux/mls/active/modules/100/qrtr_ns/__emptyfile__,file,0,0,0o40700,2024-02-02 11:17:48,e3b0c44298fc1c149afbf4c8996fb92427ae41e4649b934ca495991b7852b855,
system/var/lib/selinux/mls/active/modules/100/qrtr_ns/,system/var/lib/selinux/mls/active/modules/100/qrtr_ns/,directory,0,0,0o40700,2009-01-01 00:00:00,,
system/var/lib/selinux/mls/active/modules/100/qrtr_ns/cil,system/var/lib/selinux/mls/active/modules/100/qrtr_ns/cil,file,1194,1194,0o100644,2009-01-01 00:00:00,bcc5eb973e36c9244cd2bf2dd6a6e0334ec1ceda62917dc7246250e3e69f98cd,
system/var/lib/selinux/mls/active/modules/100/qrtr_ns/lang_ext,system/var/lib/selinux/mls/active/modules/100/qrtr_ns/lang_ext,file,2,2,0o100644,2009-01-01 00:00:00,d53315bea08cec50d2591fcaf3b32dc5d289cdc6c16b7e8bed8c8e3f7ceaa34e,
system/var/lib/selinux/mls/active/modules/100/qrtr_ns/hll,system/var/lib/selinux/mls/active/modules/100/qrtr_ns/hll,file,9674,8746,0o100644,2009-01-01 00:00:00,0cdaa22bf093f14ae8a56a0e958ea149c89cd7804d78e0d5c9afe7073da62288,
system/var/lib/selinux/mls/active/modules/100/rmt_storage/__emptyfile__,system/var/lib/selinux/mls/active/modules/100/rmt_storage/__emptyfile__,file,0,0,0o40700,2024-02-02 11:17:48,e3b0c44298fc1c149afbf4c8996fb92427ae41e4649b934ca495991b7852b855,
system/var/lib/selinux/mls/active/modules/100/rmt_storage/,system/var/lib/selinux/mls/active/modules/100/rmt_storage/,directory,0,0,0o40700,2009-01-01 00:00:00,,
system/var/lib/selinux/mls/active/modules/100/rmt_storage/cil,system/var/lib/selinux/mls/active/modules/100/rmt_storage/cil,file,1174,1174,0o100644,2009-01-01 00:00:00,351fa4d5c677616197b117a725f3b545ca4521df884a276090495b7448d8966c,
system/var/lib/selinux/mls/active/modules/100/rmt_storage/lang_ext,system/var/lib/selinux/mls/active/modules/100/rmt_storage/lang_ext,file,2,2,0o100644,2009-01-01 00:00:00,d53315bea08cec50d2591fcaf3b32dc5d289cdc6c16b7e8bed8c8e3f7ceaa34e,
system/var/lib/selinux/mls/active/modules/100/rmt_storage/hll,system/var/lib/selinux/mls/active/modules/100/rmt_storage/hll,file,9674,8744,0o100644,2009-01-01 00:00:00,0de50ccfa14f20db660fc23023ef4232a0f20ba991a67143375721811816d5e9,
system/var/lib/selinux/mls/active/modules/100/vendor/__emptyfile__,system/var/lib/selinux/mls/active/modules/100/vendor/__emptyfile__,file,0,0,0o40700,2024-02-02 11:17:48,e3b0c44298fc1c149afbf4c8996fb92427ae41e4649b934ca495991b7852b855,
system/var/lib/selinux/mls/active/modules/100/vendor/,system/var/lib/selinux/mls/active/modules/100/vendor/,directory,0,0,0o40700,2009-01-01 00:00:00,,
system/var/lib/selinux/mls/active/modules/100/vendor/cil,system/var/lib/selinux/mls/active/modules/100/vendor/cil,file,2544,2544,0o100644,2009-01-01 00:00:00,00a6604f359071930f5a9e0b85a997154b2b5a8e065f5aa5ce018fd880b8890c,
system/var/lib/selinux/mls/active/modules/100/vendor/lang_ext,system/var/lib/selinux/mls/active/modules/100/vendor/lang_ext,file,2,2,0o100644,2009-01-01 00:00:00,d53315bea08cec50d2591fcaf3b32dc5d289cdc6c16b7e8bed8c8e3f7ceaa34e,
system/var/lib/selinux/mls/active/modules/100/vendor/hll,system/var/lib/selinux/mls/active/modules/100/vendor/hll,file,11352,10293,0o100644,2009-01-01 00:00:00,f0787dd4d98e1655788cf851ae32704c7ad0d80fb3bd29fff40e74c1a2d17950,
system/var/lib/selinux/mls/active/modules/100/rebootd/__emptyfile__,system/var/lib/selinux/mls/active/modules/100/rebootd/__emptyfile__,file,0,0,0o40700,2024-02-02 11:17:48,e3b0c44298fc1c149afbf4c8996fb92427ae41e4649b934ca495991b7852b855,
system/var/lib/selinux/mls/active/modules/100/rebootd/,system/var/lib/selinux/mls/active/modules/100/rebootd/,directory,0,0,0o40700,2009-01-01 00:00:00,,
system/var/lib/selinux/mls/active/modules/100/rebootd/cil,system/var/lib/selinux/mls/active/modules/100/rebootd/cil,file,2003,2003,0o100644,2009-01-01 00:00:00,a0e21dff1b4deaf6667f28b3c8cdf9cc5c1d2664afa053b466bdd801e1370047,
system/var/lib/selinux/mls/active/modules/100/rebootd/lang_ext,system/var/lib/selinux/mls/active/modules/100/rebootd/lang_ext,file,2,2,0o100644,2009-01-01 00:00:00,d53315bea08cec50d2591fcaf3b32dc5d289cdc6c16b7e8bed8c8e3f7ceaa34e,
system/var/lib/selinux/mls/active/modules/100/rebootd/hll,system/var/lib/selinux/mls/active/modules/100/rebootd/hll,file,10676,9743,0o100644,2009-01-01 00:00:00,6165ff610447b119fa26f3e4d56092e63fd23d18fcab79a56aa4f8184f02490c,
system/var/lib/selinux/mls/active/modules/100/firmware/__emptyfile__,system/var/lib/selinux/mls/active/modules/100/firmware/__emptyfile__,file,0,0,0o40700,2024-02-02 11:17:48,e3b0c44298fc1c149afbf4c8996fb92427ae41e4649b934ca495991b7852b855,
system/var/lib/selinux/mls/active/modules/100/firmware/,system/var/lib/selinux/mls/active/modules/100/firmware/,directory,0,0,0o40700,2009-01-01 00:00:00,,
system/var/lib/selinux/mls/active/modules/100/firmware/cil,system/var/lib/selinux/mls/active/modules/100/firmware/cil,file,315,315,0o100644,2009-01-01 00:00:00,3ea0e3890203633ec0040da73297e727c12dbac9bea80d6d0a11e44e42c88eb9,
system/var/lib/selinux/mls/active/modules/100/firmware/lang_ext,system/var/lib/selinux/mls/active/modules/100/firmware/lang_ext,file,2,2,0o100644,2009-01-01 00:00:00,d53315bea08cec50d2591fcaf3b32dc5d289cdc6c16b7e8bed8c8e3f7ceaa34e,
system/var/lib/selinux/mls/active/modules/100/firmware/hll,system/var/lib/selinux/mls/active/modules/100/firmware/hll,file,8670,7695,0o100644,2009-01-01 00:00:00,c47438924057497483dc9bcb0bcda30b444d4d68627e5b497a99f0a910633172,
system/var/lib/selinux/mls/active/modules/100/libraries/__emptyfile__,system/var/lib/selinux/mls/active/modules/100/libraries/__emptyfile__,file,0,0,0o40700,2024-02-02 11:17:48,e3b0c44298fc1c149afbf4c8996fb92427ae41e4649b934ca495991b7852b855,
system/var/lib/selinux/mls/active/modules/100/libraries/,system/var/lib/selinux/mls/active/modules/100/libraries/,directory,0,0,0o40700,2009-01-01 00:00:00,,
system/var/lib/selinux/mls/active/modules/100/libraries/cil,system/var/lib/selinux/mls/active/modules/100/libraries/cil,file,4565,4565,0o100644,2009-01-01 00:00:00,ab2bc884f4900a80504da0c490963efd2b7afc57824e65c8a761da746f271677,
system/var/lib/selinux/mls/active/modules/100/libraries/lang_ext,system/var/lib/selinux/mls/active/modules/100/libraries/lang_ext,file,2,2,0o100644,2009-01-01 00:00:00,d53315bea08cec50d2591fcaf3b32dc5d289cdc6c16b7e8bed8c8e3f7ceaa34e,
system/var/lib/selinux/mls/active/modules/100/libraries/hll,system/var/lib/selinux/mls/active/modules/100/libraries/hll,file,13306,12429,0o100644,2009-01-01 00:00:00,57a3f735f15d883dd5779cbfda100c1aada4e170d2a69972bd2844c38cf93c90,
system/var/lib/selinux/mls/active/modules/100/msdc/__emptyfile__,system/var/lib/selinux/mls/active/modules/100/msdc/__emptyfile__,file,0,0,0o40700,2024-02-02 11:17:48,e3b0c44298fc1c149afbf4c8996fb92427ae41e4649b934ca495991b7852b855,
system/var/lib/selinux/mls/active/modules/100/msdc/,system/var/lib/selinux/mls/active/modules/100/msdc/,directory,0,0,0o40700,2009-01-01 00:00:00,,
system/var/lib/selinux/mls/active/modules/100/msdc/cil,system/var/lib/selinux/mls/active/modules/100/msdc/cil,file,1900,1900,0o100644,2009-01-01 00:00:00,5004a9a7b50fd764e5ede6bf9990a98ec7fe3f1e67e18cb721f24b9166b627f6,
system/var/lib/selinux/mls/active/modules/100/msdc/lang_ext,system/var/lib/selinux/mls/active/modules/100/msdc/lang_ext,file,2,2,0o100644,2009-01-01 00:00:00,d53315bea08cec50d2591fcaf3b32dc5d289cdc6c16b7e8bed8c8e3f7ceaa34e,
system/var/lib/selinux/mls/active/modules/100/msdc/hll,system/var/lib/selinux/mls/active/modules/100/msdc/hll,file,10713,9621,0o100644,2009-01-01 00:00:00,0e5c4f6372e811e45417d511965f5f1fc9b10de57e470525af6bcba22ae27cde,
system/var/lib/selinux/mls/active/modules/100/miscfiles/__emptyfile__,system/var/lib/selinux/mls/active/modules/100/miscfiles/__emptyfile__,file,0,0,0o40700,2024-02-02 11:17:48,e3b0c44298fc1c149afbf4c8996fb92427ae41e4649b934ca495991b7852b855,
system/var/lib/selinux/mls/active/modules/100/miscfiles/,system/var/lib/selinux/mls/active/modules/100/miscfiles/,directory,0,0,0o40700,2009-01-01 00:00:00,,
system/var/lib/selinux/mls/active/modules/100/miscfiles/cil,system/var/lib/selinux/mls/active/modules/100/miscfiles/cil,file,842,842,0o100644,2009-01-01 00:00:00,ec36b43ef25d42642ff46ee55e5f5da1740dec009d50948a74d90ea733f9db67,
system/var/lib/selinux/mls/active/modules/100/miscfiles/lang_ext,system/var/lib/selinux/mls/active/modules/100/miscfiles/lang_ext,file,2,2,0o100644,2009-01-01 00:00:00,d53315bea08cec50d2591fcaf3b32dc5d289cdc6c16b7e8bed8c8e3f7ceaa34e,
system/var/lib/selinux/mls/active/modules/100/miscfiles/hll,system/var/lib/selinux/mls/active/modules/100/miscfiles/hll,file,8443,7453,0o100644,2009-01-01 00:00:00,c68ad1e8e3582f6937282a1750cbfaa4cd430e10d7ac0f5e4a477f87dcc04198,
system/var/lib/selinux/mls/active/modules/100/netlabel/__emptyfile__,system/var/lib/selinux/mls/active/modules/100/netlabel/__emptyfile__,file,0,0,0o40700,2024-02-02 11:17:48,e3b0c44298fc1c149afbf4c8996fb92427ae41e4649b934ca495991b7852b855,
system/var/lib/selinux/mls/active/modules/100/netlabel/,system/var/lib/selinux/mls/active/modules/100/netlabel/,directory,0,0,0o40700,2009-01-01 00:00:00,,
system/var/lib/selinux/mls/active/modules/100/netlabel/cil,system/var/lib/selinux/mls/active/modules/100/netlabel/cil,file,814,814,0o100644,2009-01-01 00:00:00,a3b8cc164e39da78673468fafb0912ffefc0188d76e70b7d00694d3f76b72709,
system/var/lib/selinux/mls/active/modules/100/netlabel/lang_ext,system/var/lib/selinux/mls/active/modules/100/netlabel/lang_ext,file,2,2,0o100644,2009-01-01 00:00:00,d53315bea08cec50d2591fcaf3b32dc5d289cdc6c16b7e8bed8c8e3f7ceaa34e,
system/var/lib/selinux/mls/active/modules/100/netlabel/hll,system/var/lib/selinux/mls/active/modules/100/netlabel/hll,file,8407,7438,0o100644,2009-01-01 00:00:00,6642f3f4286f34e2d5447134b029cc7900811213ac8a35ab1bd0232b1a849a88,
system/var/lib/selinux/mls/active/modules/100/getty/__emptyfile__,system/var/lib/selinux/mls/active/modules/100/getty/__emptyfile__,file,0,0,0o40700,2024-02-02 11:17:48,e3b0c44298fc1c149afbf4c8996fb92427ae41e4649b934ca495991b7852b855,
system/var/lib/selinux/mls/active/modules/100/getty/,system/var/lib/selinux/mls/active/modules/100/getty/,directory,0,0,0o40700,2009-01-01 00:00:00,,
system/var/lib/selinux/mls/active/modules/100/getty/cil,system/var/lib/selinux/mls/active/modules/100/getty/cil,file,2377,2377,0o100644,2009-01-01 00:00:00,37d776c5caa9bbd5e5ca421693a7bb342073a55d4ea4fdcb125f0e494a36755a,
system/var/lib/selinux/mls/active/modules/100/getty/lang_ext,system/var/lib/selinux/mls/active/modules/100/getty/lang_ext,file,2,2,0o100644,2009-01-01 00:00:00,d53315bea08cec50d2591fcaf3b32dc5d289cdc6c16b7e8bed8c8e3f7ceaa34e,
system/var/lib/selinux/mls/active/modules/100/getty/hll,system/var/lib/selinux/mls/active/modules/100/getty/hll,file,10279,9340,0o100644,2009-01-01 00:00:00,0b26342749ad7eed1344726b665652fa5a8a8a8683476c774fc309b6cbdd71a0,
system/var/lib/selinux/mls/active/modules/100/qdmastatsd/__emptyfile__,system/var/lib/selinux/mls/active/modules/100/qdmastatsd/__emptyfile__,file,0,0,0o40700,2024-02-02 11:17:48,e3b0c44298fc1c149afbf4c8996fb92427ae41e4649b934ca495991b7852b855,
system/var/lib/selinux/mls/active/modules/100/qdmastatsd/,system/var/lib/selinux/mls/active/modules/100/qdmastatsd/,directory,0,0,0o40700,2009-01-01 00:00:00,,
system/var/lib/selinux/mls/active/modules/100/qdmastatsd/cil,system/var/lib/selinux/mls/active/modules/100/qdmastatsd/cil,file,1740,1740,0o100644,2009-01-01 00:00:00,fd2614d7b83642172f6dec808f6c3c01bccc8851a94ff2a26054743d5daf9eaf,
system/var/lib/selinux/mls/active/modules/100/qdmastatsd/lang_ext,system/var/lib/selinux/mls/active/modules/100/qdmastatsd/lang_ext,file,2,2,0o100644,2009-01-01 00:00:00,d53315bea08cec50d2591fcaf3b32dc5d289cdc6c16b7e8bed8c8e3f7ceaa34e,
system/var/lib/selinux/mls/active/modules/100/qdmastatsd/hll,system/var/lib/selinux/mls/active/modules/100/qdmastatsd/hll,file,10404,9419,0o100644,2009-01-01 00:00:00,4c74d68ba2be0ecdfc4666c8031f3c66d1711d9237de510441f9f779be30d6d2,
system/var/lib/selinux/mls/active/modules/100/logging/__emptyfile__,system/var/lib/selinux/mls/active/modules/100/logging/__emptyfile__,file,0,0,0o40700,2024-02-02 11:17:48,e3b0c44298fc1c149afbf4c8996fb92427ae41e4649b934ca495991b7852b855,
system/var/lib/selinux/mls/active/modules/100/logging/,system/var/lib/selinux/mls/active/modules/100/logging/,directory,0,0,0o40700,2009-01-01 00:00:00,,
system/var/lib/selinux/mls/active/modules/100/logging/cil,system/var/lib/selinux/mls/active/modules/100/logging/cil,file,7558,7545,0o100644,2009-01-01 00:00:00,e7b54b5d4b6e0c90a72eed49b903853ac6a90f4f3e7bd0252fffaf27964c2685,
system/var/lib/selinux/mls/active/modules/100/logging/lang_ext,system/var/lib/selinux/mls/active/modules/100/logging/lang_ext,file,2,2,0o100644,2009-01-01 00:00:00,d53315bea08cec50d2591fcaf3b32dc5d289cdc6c16b7e8bed8c8e3f7ceaa34e,
system/var/lib/selinux/mls/active/modules/100/logging/hll,system/var/lib/selinux/mls/active/modules/100/logging/hll,file,15681,14528,0o100644,2009-01-01 00:00:00,eb5a1d7fb130c8440ceac9b9abdc757d1d2871ccb92a8b08a53ec3bbde132936,
system/var/lib/selinux/mls/active/modules/100/gnome/__emptyfile__,system/var/lib/selinux/mls/active/modules/100/gnome/__emptyfile__,file,0,0,0o40700,2024-02-02 11:17:48,e3b0c44298fc1c149afbf4c8996fb92427ae41e4649b934ca495991b7852b855,
system/var/lib/selinux/mls/active/modules/100/gnome/,system/var/lib/selinux/mls/active/modules/100/gnome/,directory,0,0,0o40700,2009-01-01 00:00:00,,
system/var/lib/selinux/mls/active/modules/100/gnome/cil,system/var/lib/selinux/mls/active/modules/100/gnome/cil,file,2429,2429,0o100644,2009-01-01 00:00:00,2412c6872f033b8940bbfcc968aa230a1b675beb7f8c3c7de973962af71bd8ab,
system/var/lib/selinux/mls/active/modules/100/gnome/lang_ext,system/var/lib/selinux/mls/active/modules/100/gnome/lang_ext,file,2,2,0o100644,2009-01-01 00:00:00,d53315bea08cec50d2591fcaf3b32dc5d289cdc6c16b7e8bed8c8e3f7ceaa34e,
system/var/lib/selinux/mls/active/modules/100/gnome/hll,system/var/lib/selinux/mls/active/modules/100/gnome/hll,file,10486,9543,0o100644,2009-01-01 00:00:00,8fc1c67e3f05ae668ddefb102ba9de4988fe566239cabbe0d79444acc219fac1,
system/var/lib/selinux/mls/active/modules/100/qmuxbridge/__emptyfile__,system/var/lib/selinux/mls/active/modules/100/qmuxbridge/__emptyfile__,file,0,0,0o40700,2024-02-02 11:17:48,e3b0c44298fc1c149afbf4c8996fb92427ae41e4649b934ca495991b7852b855,
system/var/lib/selinux/mls/active/modules/100/qmuxbridge/,system/var/lib/selinux/mls/active/modules/100/qmuxbridge/,directory,0,0,0o40700,2009-01-01 00:00:00,,
system/var/lib/selinux/mls/active/modules/100/qmuxbridge/cil,system/var/lib/selinux/mls/active/modules/100/qmuxbridge/cil,file,1585,1585,0o100644,2009-01-01 00:00:00,8f575104d2efd0ad55beb46acfa626c56fd751bcf569d4f76328a5ed13872576,
system/var/lib/selinux/mls/active/modules/100/qmuxbridge/lang_ext,system/var/lib/selinux/mls/active/modules/100/qmuxbridge/lang_ext,file,2,2,0o100644,2009-01-01 00:00:00,d53315bea08cec50d2591fcaf3b32dc5d289cdc6c16b7e8bed8c8e3f7ceaa34e,
system/var/lib/selinux/mls/active/modules/100/qmuxbridge/hll,system/var/lib/selinux/mls/active/modules/100/qmuxbridge/hll,file,10117,9146,0o100644,2009-01-01 00:00:00,079db906347b79e478d136a2b6d7937f85434c06b8baf74df510ba7c5917145a,
system/var/lib/selinux/mls/active/modules/100/btdaemon/__emptyfile__,system/var/lib/selinux/mls/active/modules/100/btdaemon/__emptyfile__,file,0,0,0o40700,2024-02-02 11:17:48,e3b0c44298fc1c149afbf4c8996fb92427ae41e4649b934ca495991b7852b855,
system/var/lib/selinux/mls/active/modules/100/btdaemon/,system/var/lib/selinux/mls/active/modules/100/btdaemon/,directory,0,0,0o40700,2009-01-01 00:00:00,,
system/var/lib/selinux/mls/active/modules/100/btdaemon/cil,system/var/lib/selinux/mls/active/modules/100/btdaemon/cil,file,1610,1610,0o100644,2009-01-01 00:00:00,afd4e16f04f4b65a8d683838323d704311ada65d6b534b519df6c2902cc2b2ec,
system/var/lib/selinux/mls/active/modules/100/btdaemon/lang_ext,system/var/lib/selinux/mls/active/modules/100/btdaemon/lang_ext,file,2,2,0o100644,2009-01-01 00:00:00,d53315bea08cec50d2591fcaf3b32dc5d289cdc6c16b7e8bed8c8e3f7ceaa34e,
system/var/lib/selinux/mls/active/modules/100/btdaemon/hll,system/var/lib/selinux/mls/active/modules/100/btdaemon/hll,file,10210,9291,0o100644,2009-01-01 00:00:00,717c1a69d885ce8c49ea9b678d3c351deab90eaed83a196f498b56c15f1c17fc,
system/var/lib/selinux/mls/active/modules/100/shutdown/__emptyfile__,system/var/lib/selinux/mls/active/modules/100/shutdown/__emptyfile__,file,0,0,0o40700,2024-02-02 11:17:48,e3b0c44298fc1c149afbf4c8996fb92427ae41e4649b934ca495991b7852b855,
system/var/lib/selinux/mls/active/modules/100/shutdown/,system/var/lib/selinux/mls/active/modules/100/shutdown/,directory,0,0,0o40700,2009-01-01 00:00:00,,
system/var/lib/selinux/mls/active/modules/100/shutdown/cil,system/var/lib/selinux/mls/active/modules/100/shutdown/cil,file,1862,1862,0o100644,2009-01-01 00:00:00,6d3932a9ffa6e7d78d1df6f2424fe8fa0f4268eea33a6efc469a5195e902f6b0,
system/var/lib/selinux/mls/active/modules/100/shutdown/lang_ext,system/var/lib/selinux/mls/active/modules/100/shutdown/lang_ext,file,2,2,0o100644,2009-01-01 00:00:00,d53315bea08cec50d2591fcaf3b32dc5d289cdc6c16b7e8bed8c8e3f7ceaa34e,
system/var/lib/selinux/mls/active/modules/100/shutdown/hll,system/var/lib/selinux/mls/active/modules/100/shutdown/hll,file,9647,8720,0o100644,2009-01-01 00:00:00,45e4f432eb661e52361cfd99e2621eba8d2c2a54630730f508bd4dea2e1f14f4,
system/var/lib/selinux/mls/active/modules/100/diagrebootapp/__emptyfile__,system/var/lib/selinux/mls/active/modules/100/diagrebootapp/__emptyfile__,file,0,0,0o40700,2024-02-02 11:17:48,e3b0c44298fc1c149afbf4c8996fb92427ae41e4649b934ca495991b7852b855,
system/var/lib/selinux/mls/active/modules/100/diagrebootapp/,system/var/lib/selinux/mls/active/modules/100/diagrebootapp/,directory,0,0,0o40700,2009-01-01 00:00:00,,
system/var/lib/selinux/mls/active/modules/100/diagrebootapp/cil,system/var/lib/selinux/mls/active/modules/100/diagrebootapp/cil,file,1263,1263,0o100644,2009-01-01 00:00:00,6c93d4f835361532d61b1d8e927314b027ea4b9e9bbba89eba710e1d901aced5,
system/var/lib/selinux/mls/active/modules/100/diagrebootapp/lang_ext,system/var/lib/selinux/mls/active/modules/100/diagrebootapp/lang_ext,file,2,2,0o100644,2009-01-01 00:00:00,d53315bea08cec50d2591fcaf3b32dc5d289cdc6c16b7e8bed8c8e3f7ceaa34e,
system/var/lib/selinux/mls/active/modules/100/diagrebootapp/hll,system/var/lib/selinux/mls/active/modules/100/diagrebootapp/hll,file,9733,8794,0o100644,2009-01-01 00:00:00,8cfc2a47420855d5ae7fb19733b2afdefe3eb0477406682694b567930e818230,
system/var/lib/selinux/mls/active/modules/100/iotsys/__emptyfile__,system/var/lib/selinux/mls/active/modules/100/iotsys/__emptyfile__,file,0,0,0o40700,2024-02-02 11:17:48,e3b0c44298fc1c149afbf4c8996fb92427ae41e4649b934ca495991b7852b855,
system/var/lib/selinux/mls/active/modules/100/iotsys/,system/var/lib/selinux/mls/active/modules/100/iotsys/,directory,0,0,0o40700,2009-01-01 00:00:00,,
system/var/lib/selinux/mls/active/modules/100/iotsys/cil,system/var/lib/selinux/mls/active/modules/100/iotsys/cil,file,1647,1647,0o100644,2009-01-01 00:00:00,739fef97989b4e816ec1aeca3c407b1a03c07564e0e597d3585b28a94b8a6feb,
system/var/lib/selinux/mls/active/modules/100/iotsys/lang_ext,system/var/lib/selinux/mls/active/modules/100/iotsys/lang_ext,file,2,2,0o100644,2009-01-01 00:00:00,d53315bea08cec50d2591fcaf3b32dc5d289cdc6c16b7e8bed8c8e3f7ceaa34e,
system/var/lib/selinux/mls/active/modules/100/iotsys/hll,system/var/lib/selinux/mls/active/modules/100/iotsys/hll,file,10265,9301,0o100644,2009-01-01 00:00:00,dd7282cad804b0f951b1948892cb3bac1b7b15caaff9097f2d6d794376a00dcc,
system/var/lib/selinux/mls/active/modules/100/sysadm/__emptyfile__,system/var/lib/selinux/mls/active/modules/100/sysadm/__emptyfile__,file,0,0,0o40700,2024-02-02 11:17:48,e3b0c44298fc1c149afbf4c8996fb92427ae41e4649b934ca495991b7852b855,
system/var/lib/selinux/mls/active/modules/100/sysadm/,system/var/lib/selinux/mls/active/modules/100/sysadm/,directory,0,0,0o40700,2009-01-01 00:00:00,,
system/var/lib/selinux/mls/active/modules/100/sysadm/cil,system/var/lib/selinux/mls/active/modules/100/sysadm/cil,file,64833,58825,0o100644,2009-01-01 00:00:00,7921992cf537ed46bcc830213a9f17bb2072c32967983092bc2192f5bac2faec,
system/var/lib/selinux/mls/active/modules/100/sysadm/lang_ext,system/var/lib/selinux/mls/active/modules/100/sysadm/lang_ext,file,2,2,0o100644,2009-01-01 00:00:00,d53315bea08cec50d2591fcaf3b32dc5d289cdc6c16b7e8bed8c8e3f7ceaa34e,
system/var/lib/selinux/mls/active/modules/100/sysadm/hll,system/var/lib/selinux/mls/active/modules/100/sysadm/hll,file,85161,79334,0o100644,2009-01-01 00:00:00,115aa308b05c253d88bfbf5b80e012f28d09f502af6495b909dc5e204bed3e36,
system/var/lib/selinux/mls/active/modules/100/dnsmasq/__emptyfile__,system/var/lib/selinux/mls/active/modules/100/dnsmasq/__emptyfile__,file,0,0,0o40700,2024-02-02 11:17:48,e3b0c44298fc1c149afbf4c8996fb92427ae41e4649b934ca495991b7852b855,
system/var/lib/selinux/mls/active/modules/100/dnsmasq/,system/var/lib/selinux/mls/active/modules/100/dnsmasq/,directory,0,0,0o40700,2009-01-01 00:00:00,,
system/var/lib/selinux/mls/active/modules/100/dnsmasq/cil,system/var/lib/selinux/mls/active/modules/100/dnsmasq/cil,file,2937,2937,0o100644,2009-01-01 00:00:00,fafb147a0e2826390b00f92a5dfa521091f91e4a3984c721eb6568cf5ce24cc2,
system/var/lib/selinux/mls/active/modules/100/dnsmasq/lang_ext,system/var/lib/selinux/mls/active/modules/100/dnsmasq/lang_ext,file,2,2,0o100644,2009-01-01 00:00:00,d53315bea08cec50d2591fcaf3b32dc5d289cdc6c16b7e8bed8c8e3f7ceaa34e,
system/var/lib/selinux/mls/active/modules/100/dnsmasq/hll,system/var/lib/selinux/mls/active/modules/100/dnsmasq/hll,file,12107,11045,0o100644,2009-01-01 00:00:00,0e66581535494e5889aa47d5d819f2371cb178b34a16637035a440b565c540d4,
system/var/lib/selinux/mls/active/modules/100/dhcp/__emptyfile__,system/var/lib/selinux/mls/active/modules/100/dhcp/__emptyfile__,file,0,0,0o40700,2024-02-02 11:17:48,e3b0c44298fc1c149afbf4c8996fb92427ae41e4649b934ca495991b7852b855,
system/var/lib/selinux/mls/active/modules/100/dhcp/,system/var/lib/selinux/mls/active/modules/100/dhcp/,directory,0,0,0o40700,2009-01-01 00:00:00,,
system/var/lib/selinux/mls/active/modules/100/dhcp/cil,system/var/lib/selinux/mls/active/modules/100/dhcp/cil,file,2697,2697,0o100644,2009-01-01 00:00:00,43496d8c6884c15c4e71edb7b1994a5a02251dbfc47129631c035cbcc05b2afb,
system/var/lib/selinux/mls/active/modules/100/dhcp/lang_ext,system/var/lib/selinux/mls/active/modules/100/dhcp/lang_ext,file,2,2,0o100644,2009-01-01 00:00:00,d53315bea08cec50d2591fcaf3b32dc5d289cdc6c16b7e8bed8c8e3f7ceaa34e,
system/var/lib/selinux/mls/active/modules/100/dhcp/hll,system/var/lib/selinux/mls/active/modules/100/dhcp/hll,file,10710,9765,0o100644,2009-01-01 00:00:00,774bccc37a02c243425b24496ed949dc74ab117e4217ebdc47ab54356a163c02,
system/var/lib/selinux/mls/active/modules/100/alm/__emptyfile__,system/var/lib/selinux/mls/active/modules/100/alm/__emptyfile__,file,0,0,0o40700,2024-02-02 11:17:48,e3b0c44298fc1c149afbf4c8996fb92427ae41e4649b934ca495991b7852b855,
system/var/lib/selinux/mls/active/modules/100/alm/,system/var/lib/selinux/mls/active/modules/100/alm/,directory,0,0,0o40700,2009-01-01 00:00:00,,
system/var/lib/selinux/mls/active/modules/100/alm/cil,system/var/lib/selinux/mls/active/modules/100/alm/cil,file,1390,1390,0o100644,2009-01-01 00:00:00,08eeff03b145ef76f55d3080476cfc5491fbd4bf4d83f4d4ca634491fbfb2cde,
system/var/lib/selinux/mls/active/modules/100/alm/lang_ext,system/var/lib/selinux/mls/active/modules/100/alm/lang_ext,file,2,2,0o100644,2009-01-01 00:00:00,d53315bea08cec50d2591fcaf3b32dc5d289cdc6c16b7e8bed8c8e3f7ceaa34e,
system/var/lib/selinux/mls/active/modules/100/alm/hll,system/var/lib/selinux/mls/active/modules/100/alm/hll,file,9987,8967,0o100644,2009-01-01 00:00:00,b443f5cb4b921aaf81b314cdfe8d12c83b1c63fc0fb3aa6c583d567fef0a6f80,
system/var/lib/selinux/mls/active/modules/100/audio_manager/__emptyfile__,system/var/lib/selinux/mls/active/modules/100/audio_manager/__emptyfile__,file,0,0,0o40700,2024-02-02 11:17:48,e3b0c44298fc1c149afbf4c8996fb92427ae41e4649b934ca495991b7852b855,
system/var/lib/selinux/mls/active/modules/100/audio_manager/,system/var/lib/selinux/mls/active/modules/100/audio_manager/,directory,0,0,0o40700,2009-01-01 00:00:00,,
system/var/lib/selinux/mls/active/modules/100/audio_manager/cil,system/var/lib/selinux/mls/active/modules/100/audio_manager/cil,file,2384,2384,0o100644,2009-01-01 00:00:00,28825beee030f63aaa6c18278af60020e71d6fce10b29df79aef5265e153eaac,
system/var/lib/selinux/mls/active/modules/100/audio_manager/lang_ext,system/var/lib/selinux/mls/active/modules/100/audio_manager/lang_ext,file,2,2,0o100644,2009-01-01 00:00:00,d53315bea08cec50d2591fcaf3b32dc5d289cdc6c16b7e8bed8c8e3f7ceaa34e,
system/var/lib/selinux/mls/active/modules/100/audio_manager/hll,system/var/lib/selinux/mls/active/modules/100/audio_manager/hll,file,11196,10092,0o100644,2009-01-01 00:00:00,cbd84287d0bc101b63b229839d727edc74b5da90bc7004d52df8cd4d7320e1c1,
system/var/lib/selinux/mls/active/modules/100/networkmanager/__emptyfile__,system/var/lib/selinux/mls/active/modules/100/networkmanager/__emptyfile__,file,0,0,0o40700,2024-02-02 11:17:48,e3b0c44298fc1c149afbf4c8996fb92427ae41e4649b934ca495991b7852b855,
system/var/lib/selinux/mls/active/modules/100/networkmanager/,system/var/lib/selinux/mls/active/modules/100/networkmanager/,directory,0,0,0o40700,2009-01-01 00:00:00,,
system/var/lib/selinux/mls/active/modules/100/networkmanager/cil,system/var/lib/selinux/mls/active/modules/100/networkmanager/cil,file,6976,6976,0o100644,2009-01-01 00:00:00,d200097322f12dcd710f15ff90f3786d958fd3cca2af7feb3f9b55a79d75d4fc,
system/var/lib/selinux/mls/active/modules/100/networkmanager/lang_ext,system/var/lib/selinux/mls/active/modules/100/networkmanager/lang_ext,file,2,2,0o100644,2009-01-01 00:00:00,d53315bea08cec50d2591fcaf3b32dc5d289cdc6c16b7e8bed8c8e3f7ceaa34e,
system/var/lib/selinux/mls/active/modules/100/networkmanager/hll,system/var/lib/selinux/mls/active/modules/100/networkmanager/hll,file,15677,14567,0o100644,2009-01-01 00:00:00,a7873433acc5dacc62bf508ba191b6869f63db0fa752bcd2f0364659a595f13a,
system/var/lib/selinux/mls/active/modules/100/adbd/__emptyfile__,system/var/lib/selinux/mls/active/modules/100/adbd/__emptyfile__,file,0,0,0o40700,2024-02-02 11:17:48,e3b0c44298fc1c149afbf4c8996fb92427ae41e4649b934ca495991b7852b855,
system/var/lib/selinux/mls/active/modules/100/adbd/,system/var/lib/selinux/mls/active/modules/100/adbd/,directory,0,0,0o40700,2009-01-01 00:00:00,,
system/var/lib/selinux/mls/active/modules/100/adbd/cil,system/var/lib/selinux/mls/active/modules/100/adbd/cil,file,3536,3536,0o100644,2009-01-01 00:00:00,c6a47a4214f49bb1c9b7198e36e435699b121b08044e8147d04d8b732b4933fe,
system/var/lib/selinux/mls/active/modules/100/adbd/lang_ext,system/var/lib/selinux/mls/active/modules/100/adbd/lang_ext,file,2,2,0o100644,2009-01-01 00:00:00,d53315bea08cec50d2591fcaf3b32dc5d289cdc6c16b7e8bed8c8e3f7ceaa34e,
system/var/lib/selinux/mls/active/modules/100/adbd/hll,system/var/lib/selinux/mls/active/modules/100/adbd/hll,file,12478,11567,0o100644,2009-01-01 00:00:00,af5ca386d3af2695eccb3d968ea6e1223462f34a5ad356fc530e4e2da4c4fabd,
system/var/lib/selinux/mls/active/modules/100/pdmappersvc/__emptyfile__,system/var/lib/selinux/mls/active/modules/100/pdmappersvc/__emptyfile__,file,0,0,0o40700,2024-02-02 11:17:48,e3b0c44298fc1c149afbf4c8996fb92427ae41e4649b934ca495991b7852b855,
system/var/lib/selinux/mls/active/modules/100/pdmappersvc/,system/var/lib/selinux/mls/active/modules/100/pdmappersvc/,directory,0,0,0o40700,2009-01-01 00:00:00,,
system/var/lib/selinux/mls/active/modules/100/pdmappersvc/cil,system/var/lib/selinux/mls/active/modules/100/pdmappersvc/cil,file,1337,1337,0o100644,2009-01-01 00:00:00,3c511efa4111fc08a04c92e2091c806a833a15e35fe9dae25444b94ee5ae173b,
system/var/lib/selinux/mls/active/modules/100/pdmappersvc/lang_ext,system/var/lib/selinux/mls/active/modules/100/pdmappersvc/lang_ext,file,2,2,0o100644,2009-01-01 00:00:00,d53315bea08cec50d2591fcaf3b32dc5d289cdc6c16b7e8bed8c8e3f7ceaa34e,
system/var/lib/selinux/mls/active/modules/100/pdmappersvc/hll,system/var/lib/selinux/mls/active/modules/100/pdmappersvc/hll,file,9869,8833,0o100644,2009-01-01 00:00:00,74225a1e2702d5b9f188402f633d214403c0f6ba8b14fcd2d15e17a3761e0944,
system/var/lib/selinux/mls/active/modules/100/irsc_util/__emptyfile__,system/var/lib/selinux/mls/active/modules/100/irsc_util/__emptyfile__,file,0,0,0o40700,2024-02-02 11:17:48,e3b0c44298fc1c149afbf4c8996fb92427ae41e4649b934ca495991b7852b855,
system/var/lib/selinux/mls/active/modules/100/irsc_util/,system/var/lib/selinux/mls/active/modules/100/irsc_util/,directory,0,0,0o40700,2009-01-01 00:00:00,,
system/var/lib/selinux/mls/active/modules/100/irsc_util/cil,system/var/lib/selinux/mls/active/modules/100/irsc_util/cil,file,1240,1240,0o100644,2009-01-01 00:00:00,f11716d089b95e27906e4dfa8e77e7a715ea401a2f6941c8f47ce28d006f1fc7,
system/var/lib/selinux/mls/active/modules/100/irsc_util/lang_ext,system/var/lib/selinux/mls/active/modules/100/irsc_util/lang_ext,file,2,2,0o100644,2009-01-01 00:00:00,d53315bea08cec50d2591fcaf3b32dc5d289cdc6c16b7e8bed8c8e3f7ceaa34e,
system/var/lib/selinux/mls/active/modules/100/irsc_util/hll,system/var/lib/selinux/mls/active/modules/100/irsc_util/hll,file,9756,8762,0o100644,2009-01-01 00:00:00,67aad8a0ecc56a76720edde52f6c82db705f9956b19a670d19b5fe9c90e40f02,
system/var/lib/selinux/mls/active/modules/100/diag/__emptyfile__,system/var/lib/selinux/mls/active/modules/100/diag/__emptyfile__,file,0,0,0o40700,2024-02-02 11:17:48,e3b0c44298fc1c149afbf4c8996fb92427ae41e4649b934ca495991b7852b855,
system/var/lib/selinux/mls/active/modules/100/diag/,system/var/lib/selinux/mls/active/modules/100/diag/,directory,0,0,0o40700,2009-01-01 00:00:00,,
system/var/lib/selinux/mls/active/modules/100/diag/cil,system/var/lib/selinux/mls/active/modules/100/diag/cil,file,1632,1632,0o100644,2009-01-01 00:00:00,ae0ee4e1efb2aea48b86952166d34351ea52df713adc1508c3d620ce7af25a0a,
system/var/lib/selinux/mls/active/modules/100/diag/lang_ext,system/var/lib/selinux/mls/active/modules/100/diag/lang_ext,file,2,2,0o100644,2009-01-01 00:00:00,d53315bea08cec50d2591fcaf3b32dc5d289cdc6c16b7e8bed8c8e3f7ceaa34e,
system/var/lib/selinux/mls/active/modules/100/diag/hll,system/var/lib/selinux/mls/active/modules/100/diag/hll,file,10185,9260,0o100644,2009-01-01 00:00:00,590190d41bfd1b9c7f03776d49733c299b114c229fb8c544c459e6ff45f00869,
system/var/lib/selinux/mls/active/modules/100/system/__emptyfile__,system/var/lib/selinux/mls/active/modules/100/system/__emptyfile__,file,0,0,0o40700,2024-02-02 11:17:48,e3b0c44298fc1c149afbf4c8996fb92427ae41e4649b934ca495991b7852b855,
system/var/lib/selinux/mls/active/modules/100/system/,system/var/lib/selinux/mls/active/modules/100/system/,directory,0,0,0o40700,2009-01-01 00:00:00,,
system/var/lib/selinux/mls/active/modules/100/system/cil,system/var/lib/selinux/mls/active/modules/100/system/cil,file,227,227,0o100644,2009-01-01 00:00:00,81b4f3807adc7affa30134e6ae85158d212b0611abaa422cd4dd986fc4df7431,
system/var/lib/selinux/mls/active/modules/100/system/lang_ext,system/var/lib/selinux/mls/active/modules/100/system/lang_ext,file,2,2,0o100644,2009-01-01 00:00:00,d53315bea08cec50d2591fcaf3b32dc5d289cdc6c16b7e8bed8c8e3f7ceaa34e,
system/var/lib/selinux/mls/active/modules/100/system/hll,system/var/lib/selinux/mls/active/modules/100/system/hll,file,8583,7626,0o100644,2009-01-01 00:00:00,c325ab2ee98ed9f85fde9ee016e8722664572ab08e0579e6cc8ba1637fb9ceb9,
system/var/lib/selinux/mls/active/modules/100/userdomain/__emptyfile__,system/var/lib/selinux/mls/active/modules/100/userdomain/__emptyfile__,file,0,0,0o40700,2024-02-02 11:17:48,e3b0c44298fc1c149afbf4c8996fb92427ae41e4649b934ca495991b7852b855,
system/var/lib/selinux/mls/active/modules/100/userdomain/,system/var/lib/selinux/mls/active/modules/100/userdomain/,directory,0,0,0o40700,2009-01-01 00:00:00,,
system/var/lib/selinux/mls/active/modules/100/userdomain/cil,system/var/lib/selinux/mls/active/modules/100/userdomain/cil,file,1060,1060,0o100644,2009-01-01 00:00:00,c92d27aa2cac99879edd2995f7c8c81d00542f091d0c159831bea8180da976c4,
system/var/lib/selinux/mls/active/modules/100/userdomain/lang_ext,system/var/lib/selinux/mls/active/modules/100/userdomain/lang_ext,file,2,2,0o100644,2009-01-01 00:00:00,d53315bea08cec50d2591fcaf3b32dc5d289cdc6c16b7e8bed8c8e3f7ceaa34e,
system/var/lib/selinux/mls/active/modules/100/userdomain/hll,system/var/lib/selinux/mls/active/modules/100/userdomain/hll,file,8911,7846,0o100644,2009-01-01 00:00:00,d8993c31bf30de462af11c7ce96ffb68bdb534c2843ae70475bda9a322e4a658,
system/var/lib/selinux/mls/active/modules/100/alljoyn/__emptyfile__,system/var/lib/selinux/mls/active/modules/100/alljoyn/__emptyfile__,file,0,0,0o40700,2024-02-02 11:17:48,e3b0c44298fc1c149afbf4c8996fb92427ae41e4649b934ca495991b7852b855,
system/var/lib/selinux/mls/active/modules/100/alljoyn/,system/var/lib/selinux/mls/active/modules/100/alljoyn/,directory,0,0,0o40700,2009-01-01 00:00:00,,
system/var/lib/selinux/mls/active/modules/100/alljoyn/cil,system/var/lib/selinux/mls/active/modules/100/alljoyn/cil,file,1418,1418,0o100644,2009-01-01 00:00:00,ee35c8443b56bd287a5c5a911e589773646c0c4099f12de129dce0cae3e605d7,
system/var/lib/selinux/mls/active/modules/100/alljoyn/lang_ext,system/var/lib/selinux/mls/active/modules/100/alljoyn/lang_ext,file,2,2,0o100644,2009-01-01 00:00:00,d53315bea08cec50d2591fcaf3b32dc5d289cdc6c16b7e8bed8c8e3f7ceaa34e,
system/var/lib/selinux/mls/active/modules/100/alljoyn/hll,system/var/lib/selinux/mls/active/modules/100/alljoyn/hll,file,9976,8989,0o100644,2009-01-01 00:00:00,bfd36a33d1fd2841dad0dee58415c40e3467db386cdbe677fff14332a5770058,
system/var/lib/selinux/mls/active/modules/100/su/__emptyfile__,system/var/lib/selinux/mls/active/modules/100/su/__emptyfile__,file,0,0,0o40700,2024-02-02 11:17:48,e3b0c44298fc1c149afbf4c8996fb92427ae41e4649b934ca495991b7852b855,
system/var/lib/selinux/mls/active/modules/100/su/,system/var/lib/selinux/mls/active/modules/100/su/,directory,0,0,0o40700,2009-01-01 00:00:00,,
system/var/lib/selinux/mls/active/modules/100/su/cil,system/var/lib/selinux/mls/active/modules/100/su/cil,file,279,279,0o100644,2009-01-01 00:00:00,7f384def4c21b1c7c48404fbf007c6006a5b3f288d180ae79a2a2ea6eeae3f50,
system/var/lib/selinux/mls/active/modules/100/su/lang_ext,system/var/lib/selinux/mls/active/modules/100/su/lang_ext,file,2,2,0o100644,2009-01-01 00:00:00,d53315bea08cec50d2591fcaf3b32dc5d289cdc6c16b7e8bed8c8e3f7ceaa34e,
system/var/lib/selinux/mls/active/modules/100/su/hll,system/var/lib/selinux/mls/active/modules/100/su/hll,file,7814,6779,0o100644,2009-01-01 00:00:00,721c489f41d8c1f63a77c58fd99848110c563546ae72ed5d7a23e97502cf2eb0,
system/var/lib/selinux/mls/active/modules/100/ss-ramdump/__emptyfile__,system/var/lib/selinux/mls/active/modules/100/ss-ramdump/__emptyfile__,file,0,0,0o40700,2024-02-02 11:17:48,e3b0c44298fc1c149afbf4c8996fb92427ae41e4649b934ca495991b7852b855,
system/var/lib/selinux/mls/active/modules/100/ss-ramdump/,system/var/lib/selinux/mls/active/modules/100/ss-ramdump/,directory,0,0,0o40700,2009-01-01 00:00:00,,
system/var/lib/selinux/mls/active/modules/100/ss-ramdump/cil,system/var/lib/selinux/mls/active/modules/100/ss-ramdump/cil,file,1594,1594,0o100644,2009-01-01 00:00:00,1ec9a350aa857374b8fc274faa27ff6e79eafee668d77137e6cacaa593dcc07c,
system/var/lib/selinux/mls/active/modules/100/ss-ramdump/lang_ext,system/var/lib/selinux/mls/active/modules/100/ss-ramdump/lang_ext,file,2,2,0o100644,2009-01-01 00:00:00,d53315bea08cec50d2591fcaf3b32dc5d289cdc6c16b7e8bed8c8e3f7ceaa34e,
system/var/lib/selinux/mls/active/modules/100/ss-ramdump/hll,system/var/lib/selinux/mls/active/modules/100/ss-ramdump/hll,file,10213,9244,0o100644,2009-01-01 00:00:00,31da9c35307099d066d4c6be5997dedeafe4c78d71a0ce20f8ddf521b68a16a8,
system/var/lib/selinux/mls/active/modules/100/alexa/__emptyfile__,system/var/lib/selinux/mls/active/modules/100/alexa/__emptyfile__,file,0,0,0o40700,2024-02-02 11:17:48,e3b0c44298fc1c149afbf4c8996fb92427ae41e4649b934ca495991b7852b855,
system/var/lib/selinux/mls/active/modules/100/alexa/,system/var/lib/selinux/mls/active/modules/100/alexa/,directory,0,0,0o40700,2009-01-01 00:00:00,,
system/var/lib/selinux/mls/active/modules/100/alexa/cil,system/var/lib/selinux/mls/active/modules/100/alexa/cil,file,2328,2328,0o100644,2009-01-01 00:00:00,177eba4a7f63ff7fdc91267a5f1bd7279c1ef05005a58488ec5c64c755ebfacb,
system/var/lib/selinux/mls/active/modules/100/alexa/lang_ext,system/var/lib/selinux/mls/active/modules/100/alexa/lang_ext,file,2,2,0o100644,2009-01-01 00:00:00,d53315bea08cec50d2591fcaf3b32dc5d289cdc6c16b7e8bed8c8e3f7ceaa34e,
system/var/lib/selinux/mls/active/modules/100/alexa/hll,system/var/lib/selinux/mls/active/modules/100/alexa/hll,file,11227,10159,0o100644,2009-01-01 00:00:00,2aa7ee897ee8e98d76bbb73eecad2ea39c6600b696f35486a79e3c07e9cbf443,
system/var/lib/selinux/mls/active/modules/100/adk_message_send/__emptyfile__,system/var/lib/selinux/mls/active/modules/100/adk_message_send/__emptyfile__,file,0,0,0o40700,2024-02-02 11:17:48,e3b0c44298fc1c149afbf4c8996fb92427ae41e4649b934ca495991b7852b855,
system/var/lib/selinux/mls/active/modules/100/adk_message_send/,system/var/lib/selinux/mls/active/modules/100/adk_message_send/,directory,0,0,0o40700,2009-01-01 00:00:00,,
system/var/lib/selinux/mls/active/modules/100/adk_message_send/cil,system/var/lib/selinux/mls/active/modules/100/adk_message_send/cil,file,1187,1187,0o100644,2009-01-01 00:00:00,ec6241463c2df1c3df8583403053e65d5414eaa634514cef50500c1d2ba499d7,
system/var/lib/selinux/mls/active/modules/100/adk_message_send/lang_ext,system/var/lib/selinux/mls/active/modules/100/adk_message_send/lang_ext,file,2,2,0o100644,2009-01-01 00:00:00,d53315bea08cec50d2591fcaf3b32dc5d289cdc6c16b7e8bed8c8e3f7ceaa34e,
system/var/lib/selinux/mls/active/modules/100/adk_message_send/hll,system/var/lib/selinux/mls/active/modules/100/adk_message_send/hll,file,9663,8753,0o100644,2009-01-01 00:00:00,c7b2138ae262b21885cf1a35e2529287b50dea48ee7ff4740d05cd446dbb459e,
system/var/lib/selinux/mls/active/modules/100/spotify/__emptyfile__,system/var/lib/selinux/mls/active/modules/100/spotify/__emptyfile__,file,0,0,0o40700,2024-02-02 11:17:48,e3b0c44298fc1c149afbf4c8996fb92427ae41e4649b934ca495991b7852b855,
system/var/lib/selinux/mls/active/modules/100/spotify/,system/var/lib/selinux/mls/active/modules/100/spotify/,directory,0,0,0o40700,2009-01-01 00:00:00,,
system/var/lib/selinux/mls/active/modules/100/spotify/cil,system/var/lib/selinux/mls/active/modules/100/spotify/cil,file,1733,1733,0o100644,2009-01-01 00:00:00,6721ddec60955e6674c876e90c791a9031e5d0500f76c12f748cb84f731c1e64,
system/var/lib/selinux/mls/active/modules/100/spotify/lang_ext,system/var/lib/selinux/mls/active/modules/100/spotify/lang_ext,file,2,2,0o100644,2009-01-01 00:00:00,d53315bea08cec50d2591fcaf3b32dc5d289cdc6c16b7e8bed8c8e3f7ceaa34e,
system/var/lib/selinux/mls/active/modules/100/spotify/hll,system/var/lib/selinux/mls/active/modules/100/spotify/hll,file,10395,9454,0o100644,2009-01-01 00:00:00,e7ad2ea7f90add0bcb5740ab0680e34c406e7000fb09ed88a7479a4ffa0884c1,
system/var/lib/selinux/mls/active/modules/100/qseecomd/__emptyfile__,system/var/lib/selinux/mls/active/modules/100/qseecomd/__emptyfile__,file,0,0,0o40700,2024-02-02 11:17:48,e3b0c44298fc1c149afbf4c8996fb92427ae41e4649b934ca495991b7852b855,
system/var/lib/selinux/mls/active/modules/100/qseecomd/,system/var/lib/selinux/mls/active/modules/100/qseecomd/,directory,0,0,0o40700,2009-01-01 00:00:00,,
system/var/lib/selinux/mls/active/modules/100/qseecomd/cil,system/var/lib/selinux/mls/active/modules/100/qseecomd/cil,file,1735,1735,0o100644,2009-01-01 00:00:00,fd6b14ef6e4dae4622cdac5164c879d9fca44e479771ffec54fa6e14d747b4b7,
system/var/lib/selinux/mls/active/modules/100/qseecomd/lang_ext,system/var/lib/selinux/mls/active/modules/100/qseecomd/lang_ext,file,2,2,0o100644,2009-01-01 00:00:00,d53315bea08cec50d2591fcaf3b32dc5d289cdc6c16b7e8bed8c8e3f7ceaa34e,
system/var/lib/selinux/mls/active/modules/100/qseecomd/hll,system/var/lib/selinux/mls/active/modules/100/qseecomd/hll,file,10326,9375,0o100644,2009-01-01 00:00:00,e436856ee2d7c5ca7a98d0890b6b71b728bbcf5154c14fd3250c27aa3b501baa,
system/var/lib/selinux/mls/active/modules/100/consoletype/__emptyfile__,system/var/lib/selinux/mls/active/modules/100/consoletype/__emptyfile__,file,0,0,0o40700,2024-02-02 11:17:48,e3b0c44298fc1c149afbf4c8996fb92427ae41e4649b934ca495991b7852b855,
system/var/lib/selinux/mls/active/modules/100/consoletype/,system/var/lib/selinux/mls/active/modules/100/consoletype/,directory,0,0,0o40700,2009-01-01 00:00:00,,
system/var/lib/selinux/mls/active/modules/100/consoletype/cil,system/var/lib/selinux/mls/active/modules/100/consoletype/cil,file,2146,2146,0o100644,2009-01-01 00:00:00,d90a2aade1a7353a02614d20e232feb0460e90ab3cc427db1c3a3c793343663b,
system/var/lib/selinux/mls/active/modules/100/consoletype/lang_ext,system/var/lib/selinux/mls/active/modules/100/consoletype/lang_ext,file,2,2,0o100644,2009-01-01 00:00:00,d53315bea08cec50d2591fcaf3b32dc5d289cdc6c16b7e8bed8c8e3f7ceaa34e,
system/var/lib/selinux/mls/active/modules/100/consoletype/hll,system/var/lib/selinux/mls/active/modules/100/consoletype/hll,file,10078,9149,0o100644,2009-01-01 00:00:00,2a30ad573b10a7bceb748e2ad094b9276767e0720059db2ef21c0c9eb6ada97a,
system/var/lib/selinux/mls/active/modules/100/wlan_scm/__emptyfile__,system/var/lib/selinux/mls/active/modules/100/wlan_scm/__emptyfile__,file,0,0,0o40700,2024-02-02 11:17:48,e3b0c44298fc1c149afbf4c8996fb92427ae41e4649b934ca495991b7852b855,
system/var/lib/selinux/mls/active/modules/100/wlan_scm/,system/var/lib/selinux/mls/active/modules/100/wlan_scm/,directory,0,0,0o40700,2009-01-01 00:00:00,,
system/var/lib/selinux/mls/active/modules/100/wlan_scm/cil,system/var/lib/selinux/mls/active/modules/100/wlan_scm/cil,file,2270,2270,0o100644,2009-01-01 00:00:00,f0e72afab7ce905bb671f9e44501547602f0793013d6294bcc3c1a4dd2349f94,
system/var/lib/selinux/mls/active/modules/100/wlan_scm/lang_ext,system/var/lib/selinux/mls/active/modules/100/wlan_scm/lang_ext,file,2,2,0o100644,2009-01-01 00:00:00,d53315bea08cec50d2591fcaf3b32dc5d289cdc6c16b7e8bed8c8e3f7ceaa34e,
system/var/lib/selinux/mls/active/modules/100/wlan_scm/hll,system/var/lib/selinux/mls/active/modules/100/wlan_scm/hll,file,11112,10228,0o100644,2009-01-01 00:00:00,9f2bf4205b3b94623e7874b316f841f6865d5dba6185b61a76082d4d6bb7c23d,
system/var/lib/selinux/mls/active/modules/100/data/__emptyfile__,system/var/lib/selinux/mls/active/modules/100/data/__emptyfile__,file,0,0,0o40700,2024-02-02 11:17:48,e3b0c44298fc1c149afbf4c8996fb92427ae41e4649b934ca495991b7852b855,
system/var/lib/selinux/mls/active/modules/100/data/,system/var/lib/selinux/mls/active/modules/100/data/,directory,0,0,0o40700,2009-01-01 00:00:00,,
system/var/lib/selinux/mls/active/modules/100/data/cil,system/var/lib/selinux/mls/active/modules/100/data/cil,file,575,575,0o100644,2009-01-01 00:00:00,c8f67db8ded5af49064e902cb1f7d94ad48c99cb23f079e628dd81e3b937bd83,
system/var/lib/selinux/mls/active/modules/100/data/lang_ext,system/var/lib/selinux/mls/active/modules/100/data/lang_ext,file,2,2,0o100644,2009-01-01 00:00:00,d53315bea08cec50d2591fcaf3b32dc5d289cdc6c16b7e8bed8c8e3f7ceaa34e,
system/var/lib/selinux/mls/active/modules/100/data/hll,system/var/lib/selinux/mls/active/modules/100/data/hll,file,8859,7899,0o100644,2009-01-01 00:00:00,d86d54b55757199aa0c600b5f18be2f349fafc74d88523d7e6a972469a554f3e,
system/var/lib/selinux/mls/active/modules/100/qdma/__emptyfile__,system/var/lib/selinux/mls/active/modules/100/qdma/__emptyfile__,file,0,0,0o40700,2024-02-02 11:17:48,e3b0c44298fc1c149afbf4c8996fb92427ae41e4649b934ca495991b7852b855,
system/var/lib/selinux/mls/active/modules/100/qdma/,system/var/lib/selinux/mls/active/modules/100/qdma/,directory,0,0,0o40700,2009-01-01 00:00:00,,
system/var/lib/selinux/mls/active/modules/100/qdma/cil,system/var/lib/selinux/mls/active/modules/100/qdma/cil,file,2088,2088,0o100644,2009-01-01 00:00:00,25d6a1c74de6454f094bcc99e8b0c399fc1c47f03d5dd9fec719e7cb75f1cf57,
system/var/lib/selinux/mls/active/modules/100/qdma/lang_ext,system/var/lib/selinux/mls/active/modules/100/qdma/lang_ext,file,2,2,0o100644,2009-01-01 00:00:00,d53315bea08cec50d2591fcaf3b32dc5d289cdc6c16b7e8bed8c8e3f7ceaa34e,
system/var/lib/selinux/mls/active/modules/100/qdma/hll,system/var/lib/selinux/mls/active/modules/100/qdma/hll,file,10957,9919,0o100644,2009-01-01 00:00:00,f43c55acd2630dcba96040b6bf95486de8d731a338546d7be7ab35c28c862a80,
system/var/lib/selinux/mls/active/modules/100/qbt/__emptyfile__,system/var/lib/selinux/mls/active/modules/100/qbt/__emptyfile__,file,0,0,0o40700,2024-02-02 11:17:48,e3b0c44298fc1c149afbf4c8996fb92427ae41e4649b934ca495991b7852b855,
system/var/lib/selinux/mls/active/modules/100/qbt/,system/var/lib/selinux/mls/active/modules/100/qbt/,directory,0,0,0o40700,2009-01-01 00:00:00,,
system/var/lib/selinux/mls/active/modules/100/qbt/cil,system/var/lib/selinux/mls/active/modules/100/qbt/cil,file,1625,1625,0o100644,2009-01-01 00:00:00,05a424a189065d809d6a4ed8989888febef724db5c1ba9d03436e8387814e765,
system/var/lib/selinux/mls/active/modules/100/qbt/lang_ext,system/var/lib/selinux/mls/active/modules/100/qbt/lang_ext,file,2,2,0o100644,2009-01-01 00:00:00,d53315bea08cec50d2591fcaf3b32dc5d289cdc6c16b7e8bed8c8e3f7ceaa34e,
system/var/lib/selinux/mls/active/modules/100/qbt/hll,system/var/lib/selinux/mls/active/modules/100/qbt/hll,file,10179,9255,0o100644,2009-01-01 00:00:00,ddd8e07b0beebad0de46cc5140d6db12b798cc5a168684d7064758db87972d46,
system/var/lib/selinux/mls/active/modules/100/chronyd/__emptyfile__,system/var/lib/selinux/mls/active/modules/100/chronyd/__emptyfile__,file,0,0,0o40700,2024-02-02 11:17:48,e3b0c44298fc1c149afbf4c8996fb92427ae41e4649b934ca495991b7852b855,
system/var/lib/selinux/mls/active/modules/100/chronyd/,system/var/lib/selinux/mls/active/modules/100/chronyd/,directory,0,0,0o40700,2009-01-01 00:00:00,,
system/var/lib/selinux/mls/active/modules/100/chronyd/cil,system/var/lib/selinux/mls/active/modules/100/chronyd/cil,file,2423,2423,0o100644,2009-01-01 00:00:00,346cd31677b80adc94b449ac3deff9113af90b1ff0590b98d6da9119b9bcaad2,
system/var/lib/selinux/mls/active/modules/100/chronyd/lang_ext,system/var/lib/selinux/mls/active/modules/100/chronyd/lang_ext,file,2,2,0o100644,2009-01-01 00:00:00,d53315bea08cec50d2591fcaf3b32dc5d289cdc6c16b7e8bed8c8e3f7ceaa34e,
system/var/lib/selinux/mls/active/modules/100/chronyd/hll,system/var/lib/selinux/mls/active/modules/100/chronyd/hll,file,10165,9239,0o100644,2009-01-01 00:00:00,348e2cf86fff38539c966b3f4a05bfcb1680bbff521c76e24b47bb4d2b0e5638,
system/var/lib/selinux/mls/active/modules/100/qmi_ip_multiclient/__emptyfile__,system/var/lib/selinux/mls/active/modules/100/qmi_ip_multiclient/__emptyfile__,file,0,0,0o40700,2024-02-02 11:17:48,e3b0c44298fc1c149afbf4c8996fb92427ae41e4649b934ca495991b7852b855,
system/var/lib/selinux/mls/active/modules/100/qmi_ip_multiclient/,system/var/lib/selinux/mls/active/modules/100/qmi_ip_multiclient/,directory,0,0,0o40700,2009-01-01 00:00:00,,
system/var/lib/selinux/mls/active/modules/100/qmi_ip_multiclient/cil,system/var/lib/selinux/mls/active/modules/100/qmi_ip_multiclient/cil,file,1753,1753,0o100644,2009-01-01 00:00:00,4f8bbe69f2d8ae5a5f51234e5bcf6759b354d4413c64e556064df14b79564e66,
system/var/lib/selinux/mls/active/modules/100/qmi_ip_multiclient/lang_ext,system/var/lib/selinux/mls/active/modules/100/qmi_ip_multiclient/lang_ext,file,2,2,0o100644,2009-01-01 00:00:00,d53315bea08cec50d2591fcaf3b32dc5d289cdc6c16b7e8bed8c8e3f7ceaa34e,
system/var/lib/selinux/mls/active/modules/100/qmi_ip_multiclient/hll,system/var/lib/selinux/mls/active/modules/100/qmi_ip_multiclient/hll,file,10299,9345,0o100644,2009-01-01 00:00:00,c33520857e57debf8246c98ba4791cb95a12300a041095e1960f7eb1afc33346,
system/var/lib/selinux/mls/active/modules/100/qcameradaemon/__emptyfile__,system/var/lib/selinux/mls/active/modules/100/qcameradaemon/__emptyfile__,file,0,0,0o40700,2024-02-02 11:17:48,e3b0c44298fc1c149afbf4c8996fb92427ae41e4649b934ca495991b7852b855,
system/var/lib/selinux/mls/active/modules/100/qcameradaemon/,system/var/lib/selinux/mls/active/modules/100/qcameradaemon/,directory,0,0,0o40700,2009-01-01 00:00:00,,
system/var/lib/selinux/mls/active/modules/100/qcameradaemon/cil,system/var/lib/selinux/mls/active/modules/100/qcameradaemon/cil,file,1272,1272,0o100644,2009-01-01 00:00:00,563255e664bc5ddba04220d2df616d72ec7b44d4760d8f970634fd8a3a8717db,
system/var/lib/selinux/mls/active/modules/100/qcameradaemon/lang_ext,system/var/lib/selinux/mls/active/modules/100/qcameradaemon/lang_ext,file,2,2,0o100644,2009-01-01 00:00:00,d53315bea08cec50d2591fcaf3b32dc5d289cdc6c16b7e8bed8c8e3f7ceaa34e,
system/var/lib/selinux/mls/active/modules/100/qcameradaemon/hll,system/var/lib/selinux/mls/active/modules/100/qcameradaemon/hll,file,9803,8849,0o100644,2009-01-01 00:00:00,f40d8a61acadfde5d9e078a46e2107a966c6e6934a4dfde3c55bc4e2fc20a0b2,
system/var/lib/selinux/mls/active/modules/100/staff/__emptyfile__,system/var/lib/selinux/mls/active/modules/100/staff/__emptyfile__,file,0,0,0o40700,2024-02-02 11:17:48,e3b0c44298fc1c149afbf4c8996fb92427ae41e4649b934ca495991b7852b855,
system/var/lib/selinux/mls/active/modules/100/staff/,system/var/lib/selinux/mls/active/modules/100/staff/,directory,0,0,0o40700,2009-01-01 00:00:00,,
system/var/lib/selinux/mls/active/modules/100/staff/cil,system/var/lib/selinux/mls/active/modules/100/staff/cil,file,10416,10416,0o100644,2009-01-01 00:00:00,cdeeec7ef4de0f7f1102b03c1a2a33e5411b56cc9ed95a6fcd5be1ac5612604e,
system/var/lib/selinux/mls/active/modules/100/staff/lang_ext,system/var/lib/selinux/mls/active/modules/100/staff/lang_ext,file,2,2,0o100644,2009-01-01 00:00:00,d53315bea08cec50d2591fcaf3b32dc5d289cdc6c16b7e8bed8c8e3f7ceaa34e,
system/var/lib/selinux/mls/active/modules/100/staff/hll,system/var/lib/selinux/mls/active/modules/100/staff/hll,file,21429,20280,0o100644,2009-01-01 00:00:00,3604e549dacbea0f01c07957c94af58e5c45baf5a09f9db87fe545e86e88c580,
system/var/lib/selinux/mls/active/modules/100/clock/__emptyfile__,system/var/lib/selinux/mls/active/modules/100/clock/__emptyfile__,file,0,0,0o40700,2024-02-02 11:17:48,e3b0c44298fc1c149afbf4c8996fb92427ae41e4649b934ca495991b7852b855,
system/var/lib/selinux/mls/active/modules/100/clock/,system/var/lib/selinux/mls/active/modules/100/clock/,directory,0,0,0o40700,2009-01-01 00:00:00,,
system/var/lib/selinux/mls/active/modules/100/clock/cil,system/var/lib/selinux/mls/active/modules/100/clock/cil,file,1753,1753,0o100644,2009-01-01 00:00:00,fa884e696ab6199e461eb6444df8618bf7644f9ad4d1537f8ce34f3772a6aae7,
system/var/lib/selinux/mls/active/modules/100/clock/lang_ext,system/var/lib/selinux/mls/active/modules/100/clock/lang_ext,file,2,2,0o100644,2009-01-01 00:00:00,d53315bea08cec50d2591fcaf3b32dc5d289cdc6c16b7e8bed8c8e3f7ceaa34e,
system/var/lib/selinux/mls/active/modules/100/clock/hll,system/var/lib/selinux/mls/active/modules/100/clock/hll,file,9593,8620,0o100644,2009-01-01 00:00:00,5ca5602178eb1f54c79e4d9131b344a7a555628fcdf1d059b3bf3682753d1a33,
system/var/lib/selinux/mls/active/modules/100/hotplug/__emptyfile__,system/var/lib/selinux/mls/active/modules/100/hotplug/__emptyfile__,file,0,0,0o40700,2024-02-02 11:17:48,e3b0c44298fc1c149afbf4c8996fb92427ae41e4649b934ca495991b7852b855,
system/var/lib/selinux/mls/active/modules/100/hotplug/,system/var/lib/selinux/mls/active/modules/100/hotplug/,directory,0,0,0o40700,2009-01-01 00:00:00,,
system/var/lib/selinux/mls/active/modules/100/hotplug/cil,system/var/lib/selinux/mls/active/modules/100/hotplug/cil,file,4110,4110,0o100644,2009-01-01 00:00:00,c411dff47d162e8752d502d09b5ad4d154ff5268646d4b8c3241ea4a6f46b33c,
system/var/lib/selinux/mls/active/modules/100/hotplug/lang_ext,system/var/lib/selinux/mls/active/modules/100/hotplug/lang_ext,file,2,2,0o100644,2009-01-01 00:00:00,d53315bea08cec50d2591fcaf3b32dc5d289cdc6c16b7e8bed8c8e3f7ceaa34e,
system/var/lib/selinux/mls/active/modules/100/hotplug/hll,system/var/lib/selinux/mls/active/modules/100/hotplug/hll,file,12329,11182,0o100644,2009-01-01 00:00:00,9e2359c8b278779b5d6fd2db6e63b68b62cf990ba2e3ba815cd55cffdee4a87c,
system/var/lib/selinux/mls/active/modules/100/audio_hal_test/__emptyfile__,system/var/lib/selinux/mls/active/modules/100/audio_hal_test/__emptyfile__,file,0,0,0o40700,2024-02-02 11:17:48,e3b0c44298fc1c149afbf4c8996fb92427ae41e4649b934ca495991b7852b855,
system/var/lib/selinux/mls/active/modules/100/audio_hal_test/,system/var/lib/selinux/mls/active/modules/100/audio_hal_test/,directory,0,0,0o40700,2009-01-01 00:00:00,,
system/var/lib/selinux/mls/active/modules/100/audio_hal_test/cil,system/var/lib/selinux/mls/active/modules/100/audio_hal_test/cil,file,2130,2130,0o100644,2009-01-01 00:00:00,3a7812b90f312d2c4d9112194ba3479ffd53c0ebbdde6ceb037a4ecbb703f2ff,
system/var/lib/selinux/mls/active/modules/100/audio_hal_test/lang_ext,system/var/lib/selinux/mls/active/modules/100/audio_hal_test/lang_ext,file,2,2,0o100644,2009-01-01 00:00:00,d53315bea08cec50d2591fcaf3b32dc5d289cdc6c16b7e8bed8c8e3f7ceaa34e,
system/var/lib/selinux/mls/active/modules/100/audio_hal_test/hll,system/var/lib/selinux/mls/active/modules/100/audio_hal_test/hll,file,10742,9740,0o100644,2009-01-01 00:00:00,d7c26e275a25b7e3634a9e2dfe0460fa1a95d980d666ae87810e217c0ce44474,
system/var/lib/selinux/mls/active/modules/100/sudo/__emptyfile__,system/var/lib/selinux/mls/active/modules/100/sudo/__emptyfile__,file,0,0,0o40700,2024-02-02 11:17:48,e3b0c44298fc1c149afbf4c8996fb92427ae41e4649b934ca495991b7852b855,
system/var/lib/selinux/mls/active/modules/100/sudo/,system/var/lib/selinux/mls/active/modules/100/sudo/,directory,0,0,0o40700,2009-01-01 00:00:00,,
system/var/lib/selinux/mls/active/modules/100/sudo/cil,system/var/lib/selinux/mls/active/modules/100/sudo/cil,file,253,253,0o100644,2009-01-01 00:00:00,0ba22773650e0fd4e95a92da9d52c452d30eea3cd92018fa5f9bf9ce5bd18b28,
system/var/lib/selinux/mls/active/modules/100/sudo/lang_ext,system/var/lib/selinux/mls/active/modules/100/sudo/lang_ext,file,2,2,0o100644,2009-01-01 00:00:00,d53315bea08cec50d2591fcaf3b32dc5d289cdc6c16b7e8bed8c8e3f7ceaa34e,
system/var/lib/selinux/mls/active/modules/100/sudo/hll,system/var/lib/selinux/mls/active/modules/100/sudo/hll,file,7789,6749,0o100644,2009-01-01 00:00:00,15a04275d1feb3e2fba9df6adac6fd11e751760721566421dc0d0b897612adbb,
system/var/lib/selinux/mls/active/modules/100/iotd/__emptyfile__,system/var/lib/selinux/mls/active/modules/100/iotd/__emptyfile__,file,0,0,0o40700,2024-02-02 11:17:48,e3b0c44298fc1c149afbf4c8996fb92427ae41e4649b934ca495991b7852b855,
system/var/lib/selinux/mls/active/modules/100/iotd/,system/var/lib/selinux/mls/active/modules/100/iotd/,directory,0,0,0o40700,2009-01-01 00:00:00,,
system/var/lib/selinux/mls/active/modules/100/iotd/cil,system/var/lib/selinux/mls/active/modules/100/iotd/cil,file,1292,1292,0o100644,2009-01-01 00:00:00,55f0c296b9b46c1665490cc60d697c8022aa409327f14f8e42aaa5b88a18f504,
system/var/lib/selinux/mls/active/modules/100/iotd/lang_ext,system/var/lib/selinux/mls/active/modules/100/iotd/lang_ext,file,2,2,0o100644,2009-01-01 00:00:00,d53315bea08cec50d2591fcaf3b32dc5d289cdc6c16b7e8bed8c8e3f7ceaa34e,
system/var/lib/selinux/mls/active/modules/100/iotd/hll,system/var/lib/selinux/mls/active/modules/100/iotd/hll,file,9875,8899,0o100644,2009-01-01 00:00:00,63094932e1637b6c9e8581f1e0877961639e6e13f95e7b85bcd44df514601520,
system/var/lib/selinux/mls/active/modules/100/mbim/__emptyfile__,system/var/lib/selinux/mls/active/modules/100/mbim/__emptyfile__,file,0,0,0o40700,2024-02-02 11:17:48,e3b0c44298fc1c149afbf4c8996fb92427ae41e4649b934ca495991b7852b855,
system/var/lib/selinux/mls/active/modules/100/mbim/,system/var/lib/selinux/mls/active/modules/100/mbim/,directory,0,0,0o40700,2009-01-01 00:00:00,,
system/var/lib/selinux/mls/active/modules/100/mbim/cil,system/var/lib/selinux/mls/active/modules/100/mbim/cil,file,2392,2392,0o100644,2009-01-01 00:00:00,e06d1bc8222633010a4f8fbe1aee1da9cbba4c577f0be17e1cc17f7b51f95cfc,
system/var/lib/selinux/mls/active/modules/100/mbim/lang_ext,system/var/lib/selinux/mls/active/modules/100/mbim/lang_ext,file,2,2,0o100644,2009-01-01 00:00:00,d53315bea08cec50d2591fcaf3b32dc5d289cdc6c16b7e8bed8c8e3f7ceaa34e,
system/var/lib/selinux/mls/active/modules/100/mbim/hll,system/var/lib/selinux/mls/active/modules/100/mbim/hll,file,11377,10299,0o100644,2009-01-01 00:00:00,65c80064e5a22ea6a636c6a645114f3184244c26dc713abe4b75250d94da2b7e,
system/var/lib/selinux/mls/active/modules/100/udev/__emptyfile__,system/var/lib/selinux/mls/active/modules/100/udev/__emptyfile__,file,0,0,0o40700,2024-02-02 11:17:48,e3b0c44298fc1c149afbf4c8996fb92427ae41e4649b934ca495991b7852b855,
system/var/lib/selinux/mls/active/modules/100/udev/,system/var/lib/selinux/mls/active/modules/100/udev/,directory,0,0,0o40700,2009-01-01 00:00:00,,
system/var/lib/selinux/mls/active/modules/100/udev/cil,system/var/lib/selinux/mls/active/modules/100/udev/cil,file,5262,5262,0o100644,2009-01-01 00:00:00,1c8cc6a867e92f594b48b75e60857fe9ae9ade20492180c76ab20b9fa09545d6,
system/var/lib/selinux/mls/active/modules/100/udev/lang_ext,system/var/lib/selinux/mls/active/modules/100/udev/lang_ext,file,2,2,0o100644,2009-01-01 00:00:00,d53315bea08cec50d2591fcaf3b32dc5d289cdc6c16b7e8bed8c8e3f7ceaa34e,
system/var/lib/selinux/mls/active/modules/100/udev/hll,system/var/lib/selinux/mls/active/modules/100/udev/hll,file,14152,12997,0o100644,2009-01-01 00:00:00,cde0e9f6831201380a262e9b1322177dbca673fc2dcdfbb7fceb593d3eea6bad,
system/var/lib/selinux/mls/active/modules/100/qnetmgrd/__emptyfile__,system/var/lib/selinux/mls/active/modules/100/qnetmgrd/__emptyfile__,file,0,0,0o40700,2024-02-02 11:17:48,e3b0c44298fc1c149afbf4c8996fb92427ae41e4649b934ca495991b7852b855,
system/var/lib/selinux/mls/active/modules/100/qnetmgrd/,system/var/lib/selinux/mls/active/modules/100/qnetmgrd/,directory,0,0,0o40700,2009-01-01 00:00:00,,
system/var/lib/selinux/mls/active/modules/100/qnetmgrd/cil,system/var/lib/selinux/mls/active/modules/100/qnetmgrd/cil,file,2288,2288,0o100644,2009-01-01 00:00:00,fada7e6331548898e0fb7b9d05ac2ca6408575d8ea3d15ba478222ab90f3cba5,
system/var/lib/selinux/mls/active/modules/100/qnetmgrd/lang_ext,system/var/lib/selinux/mls/active/modules/100/qnetmgrd/lang_ext,file,2,2,0o100644,2009-01-01 00:00:00,d53315bea08cec50d2591fcaf3b32dc5d289cdc6c16b7e8bed8c8e3f7ceaa34e,
system/var/lib/selinux/mls/active/modules/100/qnetmgrd/hll,system/var/lib/selinux/mls/active/modules/100/qnetmgrd/hll,file,10893,9785,0o100644,2009-01-01 00:00:00,b100c288bd6b0787f6fadbf0c77a2c9251a61ca8fc34feb83fa66cfa03a3c722,
system/var/lib/selinux/mls/active/modules/100/sysnetwork/__emptyfile__,system/var/lib/selinux/mls/active/modules/100/sysnetwork/__emptyfile__,file,0,0,0o40700,2024-02-02 11:17:48,e3b0c44298fc1c149afbf4c8996fb92427ae41e4649b934ca495991b7852b855,
system/var/lib/selinux/mls/active/modules/100/sysnetwork/,system/var/lib/selinux/mls/active/modules/100/sysnetwork/,directory,0,0,0o40700,2009-01-01 00:00:00,,
system/var/lib/selinux/mls/active/modules/100/sysnetwork/cil,system/var/lib/selinux/mls/active/modules/100/sysnetwork/cil,file,6282,6282,0o100644,2009-01-01 00:00:00,057352e164dd2dce882ae449f40e9bfd1aeb8988f2ce23aaaf8529f1bb14be69,
system/var/lib/selinux/mls/active/modules/100/sysnetwork/lang_ext,system/var/lib/selinux/mls/active/modules/100/sysnetwork/lang_ext,file,2,2,0o100644,2009-01-01 00:00:00,d53315bea08cec50d2591fcaf3b32dc5d289cdc6c16b7e8bed8c8e3f7ceaa34e,
system/var/lib/selinux/mls/active/modules/100/sysnetwork/hll,system/var/lib/selinux/mls/active/modules/100/sysnetwork/hll,file,14601,13517,0o100644,2009-01-01 00:00:00,eec3086d7a78892b7681b523b20ec306e347ee1040c148af74dcde43067372b5,
system/var/lib/selinux/mls/active/modules/100/logadm/__emptyfile__,system/var/lib/selinux/mls/active/modules/100/logadm/__emptyfile__,file,0,0,0o40700,2024-02-02 11:17:48,e3b0c44298fc1c149afbf4c8996fb92427ae41e4649b934ca495991b7852b855,
system/var/lib/selinux/mls/active/modules/100/logadm/,system/var/lib/selinux/mls/active/modules/100/logadm/,directory,0,0,0o40700,2009-01-01 00:00:00,,
system/var/lib/selinux/mls/active/modules/100/logadm/cil,system/var/lib/selinux/mls/active/modules/100/logadm/cil,file,1969,1969,0o100644,2009-01-01 00:00:00,b191d51d1d05b93ab676324cdd795cef8b47b1cf1f47b919137198fb31f0ddf0,
system/var/lib/selinux/mls/active/modules/100/logadm/lang_ext,system/var/lib/selinux/mls/active/modules/100/logadm/lang_ext,file,2,2,0o100644,2009-01-01 00:00:00,d53315bea08cec50d2591fcaf3b32dc5d289cdc6c16b7e8bed8c8e3f7ceaa34e,
system/var/lib/selinux/mls/active/modules/100/logadm/hll,system/var/lib/selinux/mls/active/modules/100/logadm/hll,file,9701,8775,0o100644,2009-01-01 00:00:00,effb2974c33d8bf5977fa2360f1f299fedb5822cefa74223f84bb4bb9b9d2890,
system/var/lib/selinux/mls/active/modules/100/allplay/__emptyfile__,system/var/lib/selinux/mls/active/modules/100/allplay/__emptyfile__,file,0,0,0o40700,2024-02-02 11:17:48,e3b0c44298fc1c149afbf4c8996fb92427ae41e4649b934ca495991b7852b855,
system/var/lib/selinux/mls/active/modules/100/allplay/,system/var/lib/selinux/mls/active/modules/100/allplay/,directory,0,0,0o40700,2009-01-01 00:00:00,,
system/var/lib/selinux/mls/active/modules/100/allplay/cil,system/var/lib/selinux/mls/active/modules/100/allplay/cil,file,3007,3007,0o100644,2009-01-01 00:00:00,0bae24d1319f3fbbaa131239887a446e272a223f5fec5940a33dd852dc127dda,
system/var/lib/selinux/mls/active/modules/100/allplay/lang_ext,system/var/lib/selinux/mls/active/modules/100/allplay/lang_ext,file,2,2,0o100644,2009-01-01 00:00:00,d53315bea08cec50d2591fcaf3b32dc5d289cdc6c16b7e8bed8c8e3f7ceaa34e,
system/var/lib/selinux/mls/active/modules/100/allplay/hll,system/var/lib/selinux/mls/active/modules/100/allplay/hll,file,12006,10945,0o100644,2009-01-01 00:00:00,0688d860c900fbfb0cfec7ef2c3f9d9d47d2ef6ae7ebaa46418ebf985e20c892,
system/var/lib/selinux/mls/active/modules/100/atfwd/__emptyfile__,system/var/lib/selinux/mls/active/modules/100/atfwd/__emptyfile__,file,0,0,0o40700,2024-02-02 11:17:48,e3b0c44298fc1c149afbf4c8996fb92427ae41e4649b934ca495991b7852b855,
system/var/lib/selinux/mls/active/modules/100/atfwd/,system/var/lib/selinux/mls/active/modules/100/atfwd/,directory,0,0,0o40700,2009-01-01 00:00:00,,
system/var/lib/selinux/mls/active/modules/100/atfwd/cil,system/var/lib/selinux/mls/active/modules/100/atfwd/cil,file,1568,1568,0o100644,2009-01-01 00:00:00,1a2a9d6938fd2214890a4ccbf29c9560db53c0d15ed81a88bb117d8555ac0f98,
system/var/lib/selinux/mls/active/modules/100/atfwd/lang_ext,system/var/lib/selinux/mls/active/modules/100/atfwd/lang_ext,file,2,2,0o100644,2009-01-01 00:00:00,d53315bea08cec50d2591fcaf3b32dc5d289cdc6c16b7e8bed8c8e3f7ceaa34e,
system/var/lib/selinux/mls/active/modules/100/atfwd/hll,system/var/lib/selinux/mls/active/modules/100/atfwd/hll,file,10177,9194,0o100644,2009-01-01 00:00:00,b176f04517fb196facfe8d9e1d5fff05f8d1cbeb2fa11f8c17cbfadbc26c00e0,
system/var/lib/selinux/mls/active/modules/100/audio_hal/__emptyfile__,system/var/lib/selinux/mls/active/modules/100/audio_hal/__emptyfile__,file,0,0,0o40700,2024-02-02 11:17:48,e3b0c44298fc1c149afbf4c8996fb92427ae41e4649b934ca495991b7852b855,
system/var/lib/selinux/mls/active/modules/100/audio_hal/,system/var/lib/selinux/mls/active/modules/100/audio_hal/,directory,0,0,0o40700,2009-01-01 00:00:00,,
system/var/lib/selinux/mls/active/modules/100/audio_hal/cil,system/var/lib/selinux/mls/active/modules/100/audio_hal/cil,file,385,385,0o100644,2009-01-01 00:00:00,5fd50cba52b9dee07fa2e34099c26dd30bb0be01e67dfc3cce74ce54c67fede6,
system/var/lib/selinux/mls/active/modules/100/audio_hal/lang_ext,system/var/lib/selinux/mls/active/modules/100/audio_hal/lang_ext,file,2,2,0o100644,2009-01-01 00:00:00,d53315bea08cec50d2591fcaf3b32dc5d289cdc6c16b7e8bed8c8e3f7ceaa34e,
system/var/lib/selinux/mls/active/modules/100/audio_hal/hll,system/var/lib/selinux/mls/active/modules/100/audio_hal/hll,file,8741,7791,0o100644,2009-01-01 00:00:00,6ef12c79969ab67f5d0b7f8a36ea73482d1399bc28eae7e5a89720d32b96cb7f,
system/var/lib/selinux/mls/active/modules/100/ssreq-server/__emptyfile__,system/var/lib/selinux/mls/active/modules/100/ssreq-server/__emptyfile__,file,0,0,0o40700,2024-02-02 11:17:48,e3b0c44298fc1c149afbf4c8996fb92427ae41e4649b934ca495991b7852b855,
system/var/lib/selinux/mls/active/modules/100/ssreq-server/,system/var/lib/selinux/mls/active/modules/100/ssreq-server/,directory,0,0,0o40700,2009-01-01 00:00:00,,
system/var/lib/selinux/mls/active/modules/100/ssreq-server/cil,system/var/lib/selinux/mls/active/modules/100/ssreq-server/cil,file,1559,1559,0o100644,2009-01-01 00:00:00,7e5e760c8d4d44bd4d1e9e88b403ee3edfaad836813c736eef9415bca773ebe5,
system/var/lib/selinux/mls/active/modules/100/ssreq-server/lang_ext,system/var/lib/selinux/mls/active/modules/100/ssreq-server/lang_ext,file,2,2,0o100644,2009-01-01 00:00:00,d53315bea08cec50d2591fcaf3b32dc5d289cdc6c16b7e8bed8c8e3f7ceaa34e,
system/var/lib/selinux/mls/active/modules/100/ssreq-server/hll,system/var/lib/selinux/mls/active/modules/100/ssreq-server/hll,file,10211,9243,0o100644,2009-01-01 00:00:00,c10eba1d6a5d2a096ccfc2269b2ad1d58eae950c28f6193c8ba0d0d6d43a4d52,
system/var/lib/selinux/mls/active/modules/100/qcmap_cm/__emptyfile__,system/var/lib/selinux/mls/active/modules/100/qcmap_cm/__emptyfile__,file,0,0,0o40700,2024-02-02 11:17:48,e3b0c44298fc1c149afbf4c8996fb92427ae41e4649b934ca495991b7852b855,
system/var/lib/selinux/mls/active/modules/100/qcmap_cm/,system/var/lib/selinux/mls/active/modules/100/qcmap_cm/,directory,0,0,0o40700,2009-01-01 00:00:00,,
system/var/lib/selinux/mls/active/modules/100/qcmap_cm/cil,system/var/lib/selinux/mls/active/modules/100/qcmap_cm/cil,file,7760,7760,0o100644,2009-01-01 00:00:00,47c36fbb61394af16cdaadaf96a9703e822c7009bd72a077794f76f8846fe2a7,
system/var/lib/selinux/mls/active/modules/100/qcmap_cm/lang_ext,system/var/lib/selinux/mls/active/modules/100/qcmap_cm/lang_ext,file,2,2,0o100644,2009-01-01 00:00:00,d53315bea08cec50d2591fcaf3b32dc5d289cdc6c16b7e8bed8c8e3f7ceaa34e,
system/var/lib/selinux/mls/active/modules/100/qcmap_cm/hll,system/var/lib/selinux/mls/active/modules/100/qcmap_cm/hll,file,17310,16166,0o100644,2009-01-01 00:00:00,6754c2119646fad23da3b2494bcc6134d2aa5b49f58fdda9da8ccbda386aad4e,
system/var/lib/selinux/mls/active/modules/100/mtd_tools/__emptyfile__,system/var/lib/selinux/mls/active/modules/100/mtd_tools/__emptyfile__,file,0,0,0o40700,2024-02-02 11:17:48,e3b0c44298fc1c149afbf4c8996fb92427ae41e4649b934ca495991b7852b855,
system/var/lib/selinux/mls/active/modules/100/mtd_tools/,system/var/lib/selinux/mls/active/modules/100/mtd_tools/,directory,0,0,0o40700,2009-01-01 00:00:00,,
system/var/lib/selinux/mls/active/modules/100/mtd_tools/cil,system/var/lib/selinux/mls/active/modules/100/mtd_tools/cil,file,1329,1329,0o100644,2009-01-01 00:00:00,1f038f138ace03f88c6c5719f0e44913fc3780fafc2289ff4c9544873c53cbb5,
system/var/lib/selinux/mls/active/modules/100/mtd_tools/lang_ext,system/var/lib/selinux/mls/active/modules/100/mtd_tools/lang_ext,file,2,2,0o100644,2009-01-01 00:00:00,d53315bea08cec50d2591fcaf3b32dc5d289cdc6c16b7e8bed8c8e3f7ceaa34e,
system/var/lib/selinux/mls/active/modules/100/mtd_tools/hll,system/var/lib/selinux/mls/active/modules/100/mtd_tools/hll,file,9853,8899,0o100644,2009-01-01 00:00:00,e7ee7f6b163b7a3098dc2585aea4d648505c0493a60963fb59e7a531d3ad06a0,
system/var/lib/selinux/mls/active/modules/100/modutils/__emptyfile__,system/var/lib/selinux/mls/active/modules/100/modutils/__emptyfile__,file,0,0,0o40700,2024-02-02 11:17:48,e3b0c44298fc1c149afbf4c8996fb92427ae41e4649b934ca495991b7852b855,
system/var/lib/selinux/mls/active/modules/100/modutils/,system/var/lib/selinux/mls/active/modules/100/modutils/,directory,0,0,0o40700,2009-01-01 00:00:00,,
system/var/lib/selinux/mls/active/modules/100/modutils/cil,system/var/lib/selinux/mls/active/modules/100/modutils/cil,file,3017,3017,0o100644,2009-01-01 00:00:00,697fd28cef3f5bf1dab3a23bfc76ef88e621b05c7f0557ed3c243ce30d6c59d2,
system/var/lib/selinux/mls/active/modules/100/modutils/lang_ext,system/var/lib/selinux/mls/active/modules/100/modutils/lang_ext,file,2,2,0o100644,2009-01-01 00:00:00,d53315bea08cec50d2591fcaf3b32dc5d289cdc6c16b7e8bed8c8e3f7ceaa34e,
system/var/lib/selinux/mls/active/modules/100/modutils/hll,system/var/lib/selinux/mls/active/modules/100/modutils/hll,file,11316,10314,0o100644,2009-01-01 00:00:00,e2ee90823546ee57286b5155399b66f7ddfd480defdffc5f2c74e765fa8926ec,
system/var/lib/selinux/mls/active/modules/100/voice-ui-app/__emptyfile__,system/var/lib/selinux/mls/active/modules/100/voice-ui-app/__emptyfile__,file,0,0,0o40700,2024-02-02 11:17:48,e3b0c44298fc1c149afbf4c8996fb92427ae41e4649b934ca495991b7852b855,
system/var/lib/selinux/mls/active/modules/100/voice-ui-app/,system/var/lib/selinux/mls/active/modules/100/voice-ui-app/,directory,0,0,0o40700,2009-01-01 00:00:00,,
system/var/lib/selinux/mls/active/modules/100/voice-ui-app/cil,system/var/lib/selinux/mls/active/modules/100/voice-ui-app/cil,file,2907,2907,0o100644,2009-01-01 00:00:00,a0ee7c6e0d54d07fc322c1a3df162bb8fd0a9b9cc07e1ffd46c334856b029488,
system/var/lib/selinux/mls/active/modules/100/voice-ui-app/lang_ext,system/var/lib/selinux/mls/active/modules/100/voice-ui-app/lang_ext,file,2,2,0o100644,2009-01-01 00:00:00,d53315bea08cec50d2591fcaf3b32dc5d289cdc6c16b7e8bed8c8e3f7ceaa34e,
system/var/lib/selinux/mls/active/modules/100/voice-ui-app/hll,system/var/lib/selinux/mls/active/modules/100/voice-ui-app/hll,file,11794,10724,0o100644,2009-01-01 00:00:00,f508fc30aba17f30fad6fa7992a6bb03c320e80f5003855f67136ded48ba2efd,
system/var/lib/selinux/mls/active/modules/100/fs_scrub_daemon/__emptyfile__,system/var/lib/selinux/mls/active/modules/100/fs_scrub_daemon/__emptyfile__,file,0,0,0o40700,2024-02-02 11:17:48,e3b0c44298fc1c149afbf4c8996fb92427ae41e4649b934ca495991b7852b855,
system/var/lib/selinux/mls/active/modules/100/fs_scrub_daemon/,system/var/lib/selinux/mls/active/modules/100/fs_scrub_daemon/,directory,0,0,0o40700,2009-01-01 00:00:00,,
system/var/lib/selinux/mls/active/modules/100/fs_scrub_daemon/cil,system/var/lib/selinux/mls/active/modules/100/fs_scrub_daemon/cil,file,1678,1678,0o100644,2009-01-01 00:00:00,c1fba6eae30fad96d01621a8bc0be0f61dbce15f7291c55fdd0b6d84f0fc8dee,
system/var/lib/selinux/mls/active/modules/100/fs_scrub_daemon/lang_ext,system/var/lib/selinux/mls/active/modules/100/fs_scrub_daemon/lang_ext,file,2,2,0o100644,2009-01-01 00:00:00,d53315bea08cec50d2591fcaf3b32dc5d289cdc6c16b7e8bed8c8e3f7ceaa34e,
system/var/lib/selinux/mls/active/modules/100/fs_scrub_daemon/hll,system/var/lib/selinux/mls/active/modules/100/fs_scrub_daemon/hll,file,10309,9385,0o100644,2009-01-01 00:00:00,dcb8d2d130558c59c778c9b59a532996d7c46e15c5c36454286063c984ff18dc,
system/var/lib/selinux/mls/active/modules/100/lvm/__emptyfile__,system/var/lib/selinux/mls/active/modules/100/lvm/__emptyfile__,file,0,0,0o40700,2024-02-02 11:17:48,e3b0c44298fc1c149afbf4c8996fb92427ae41e4649b934ca495991b7852b855,
system/var/lib/selinux/mls/active/modules/100/lvm/,system/var/lib/selinux/mls/active/modules/100/lvm/,directory,0,0,0o40700,2009-01-01 00:00:00,,
system/var/lib/selinux/mls/active/modules/100/lvm/cil,system/var/lib/selinux/mls/active/modules/100/lvm/cil,file,5930,5930,0o100644,2009-01-01 00:00:00,fcbd9bc53a0440c6b0fcff66da2f944630dd85b40502f06b998ca1a116d57106,
system/var/lib/selinux/mls/active/modules/100/lvm/lang_ext,system/var/lib/selinux/mls/active/modules/100/lvm/lang_ext,file,2,2,0o100644,2009-01-01 00:00:00,d53315bea08cec50d2591fcaf3b32dc5d289cdc6c16b7e8bed8c8e3f7ceaa34e,
system/var/lib/selinux/mls/active/modules/100/lvm/hll,system/var/lib/selinux/mls/active/modules/100/lvm/hll,file,14600,13398,0o100644,2009-01-01 00:00:00,9eca793317cfa2883a1c0f73fc705c410443a7c7b4652df4db2a5b29f95e8f22,
system/var/lib/selinux/mls/active/modules/100/secadm/__emptyfile__,system/var/lib/selinux/mls/active/modules/100/secadm/__emptyfile__,file,0,0,0o40700,2024-02-02 11:17:48,e3b0c44298fc1c149afbf4c8996fb92427ae41e4649b934ca495991b7852b855,
system/var/lib/selinux/mls/active/modules/100/secadm/,system/var/lib/selinux/mls/active/modules/100/secadm/,directory,0,0,0o40700,2009-01-01 00:00:00,,
system/var/lib/selinux/mls/active/modules/100/secadm/cil,system/var/lib/selinux/mls/active/modules/100/secadm/cil,file,10571,10520,0o100644,2009-01-01 00:00:00,b222e4574078dcbb87c059f376777a77248a1c1df63e9a4635bf6929ee5a703a,
system/var/lib/selinux/mls/active/modules/100/secadm/lang_ext,system/var/lib/selinux/mls/active/modules/100/secadm/lang_ext,file,2,2,0o100644,2009-01-01 00:00:00,d53315bea08cec50d2591fcaf3b32dc5d289cdc6c16b7e8bed8c8e3f7ceaa34e,
system/var/lib/selinux/mls/active/modules/100/secadm/hll,system/var/lib/selinux/mls/active/modules/100/secadm/hll,file,20360,19227,0o100644,2009-01-01 00:00:00,2e2ecc2078d2683653ef06ce357191228114a370567b19d22ce1509bd049e1f8,
system/var/lib/selinux/mls/active/modules/100/connectivity_manager/__emptyfile__,system/var/lib/selinux/mls/active/modules/100/connectivity_manager/__emptyfile__,file,0,0,0o40700,2024-02-02 11:17:48,e3b0c44298fc1c149afbf4c8996fb92427ae41e4649b934ca495991b7852b855,
system/var/lib/selinux/mls/active/modules/100/connectivity_manager/,system/var/lib/selinux/mls/active/modules/100/connectivity_manager/,directory,0,0,0o40700,2009-01-01 00:00:00,,
system/var/lib/selinux/mls/active/modules/100/connectivity_manager/cil,system/var/lib/selinux/mls/active/modules/100/connectivity_manager/cil,file,2435,2435,0o100644,2009-01-01 00:00:00,bf9bad442b122e1cbac461bb61d622896c1821b5ed334a7dd948b282023299ee,
system/var/lib/selinux/mls/active/modules/100/connectivity_manager/lang_ext,system/var/lib/selinux/mls/active/modules/100/connectivity_manager/lang_ext,file,2,2,0o100644,2009-01-01 00:00:00,d53315bea08cec50d2591fcaf3b32dc5d289cdc6c16b7e8bed8c8e3f7ceaa34e,
system/var/lib/selinux/mls/active/modules/100/connectivity_manager/hll,system/var/lib/selinux/mls/active/modules/100/connectivity_manager/hll,file,11208,10123,0o100644,2009-01-01 00:00:00,f91ea12429da92ff47c64ed28e4cb1a70b2260aba610e411fbaa0eb33b9e7cdb,
system/var/lib/selinux/mls/active/modules/100/dbus/__emptyfile__,system/var/lib/selinux/mls/active/modules/100/dbus/__emptyfile__,file,0,0,0o40700,2024-02-02 11:17:48,e3b0c44298fc1c149afbf4c8996fb92427ae41e4649b934ca495991b7852b855,
system/var/lib/selinux/mls/active/modules/100/dbus/,system/var/lib/selinux/mls/active/modules/100/dbus/,directory,0,0,0o40700,2009-01-01 00:00:00,,
system/var/lib/selinux/mls/active/modules/100/dbus/cil,system/var/lib/selinux/mls/active/modules/100/dbus/cil,file,3508,3508,0o100644,2009-01-01 00:00:00,ab37458aabd0e155d6a8a6277bb86c79f74aadcc04dd99057ff47ee1b8940eda,
system/var/lib/selinux/mls/active/modules/100/dbus/lang_ext,system/var/lib/selinux/mls/active/modules/100/dbus/lang_ext,file,2,2,0o100644,2009-01-01 00:00:00,d53315bea08cec50d2591fcaf3b32dc5d289cdc6c16b7e8bed8c8e3f7ceaa34e,
system/var/lib/selinux/mls/active/modules/100/dbus/hll,system/var/lib/selinux/mls/active/modules/100/dbus/hll,file,11481,10342,0o100644,2009-01-01 00:00:00,869ea65ef9e69862196eb57e4b36ec59261f3e9c6c7aaf9ec9b7ad7d68d26362,
system/var/lib/selinux/mls/active/modules/100/ota/__emptyfile__,system/var/lib/selinux/mls/active/modules/100/ota/__emptyfile__,file,0,0,0o40700,2024-02-02 11:17:48,e3b0c44298fc1c149afbf4c8996fb92427ae41e4649b934ca495991b7852b855,
system/var/lib/selinux/mls/active/modules/100/ota/,system/var/lib/selinux/mls/active/modules/100/ota/,directory,0,0,0o40700,2009-01-01 00:00:00,,
system/var/lib/selinux/mls/active/modules/100/ota/cil,system/var/lib/selinux/mls/active/modules/100/ota/cil,file,1613,1613,0o100644,2009-01-01 00:00:00,3c477997c57c493c6ab3f247809adc91560cc15cd6e5958ad838479971fe15ab,
system/var/lib/selinux/mls/active/modules/100/ota/lang_ext,system/var/lib/selinux/mls/active/modules/100/ota/lang_ext,file,2,2,0o100644,2009-01-01 00:00:00,d53315bea08cec50d2591fcaf3b32dc5d289cdc6c16b7e8bed8c8e3f7ceaa34e,
system/var/lib/selinux/mls/active/modules/100/ota/hll,system/var/lib/selinux/mls/active/modules/100/ota/hll,file,9299,8310,0o100644,2009-01-01 00:00:00,619f225690ff7cfc955b4b2b8c237e6326559ce388429c371e7cd397817110f5,
system/var/lib/selinux/mls/active/modules/100/apache/__emptyfile__,system/var/lib/selinux/mls/active/modules/100/apache/__emptyfile__,file,0,0,0o40700,2024-02-02 11:17:48,e3b0c44298fc1c149afbf4c8996fb92427ae41e4649b934ca495991b7852b855,
system/var/lib/selinux/mls/active/modules/100/apache/,system/var/lib/selinux/mls/active/modules/100/apache/,directory,0,0,0o40700,2009-01-01 00:00:00,,
system/var/lib/selinux/mls/active/modules/100/apache/cil,system/var/lib/selinux/mls/active/modules/100/apache/cil,file,14910,14900,0o100644,2009-01-01 00:00:00,a0988e9ce40298194958900492e7a84da1fa024b7ae4b17eda5228e13914b1c8,
system/var/lib/selinux/mls/active/modules/100/apache/lang_ext,system/var/lib/selinux/mls/active/modules/100/apache/lang_ext,file,2,2,0o100644,2009-01-01 00:00:00,d53315bea08cec50d2591fcaf3b32dc5d289cdc6c16b7e8bed8c8e3f7ceaa34e,
system/var/lib/selinux/mls/active/modules/100/apache/hll,system/var/lib/selinux/mls/active/modules/100/apache/hll,file,25030,23890,0o100644,2009-01-01 00:00:00,b03a7ba86fb8306113083a572d47dd1b2870a82cd2cd50d0f4c1511f1164c402,
system/var/lib/selinux/mls/active/modules/100/mcm_ril_service/__emptyfile__,system/var/lib/selinux/mls/active/modules/100/mcm_ril_service/__emptyfile__,file,0,0,0o40700,2024-02-02 11:17:48,e3b0c44298fc1c149afbf4c8996fb92427ae41e4649b934ca495991b7852b855,
system/var/lib/selinux/mls/active/modules/100/mcm_ril_service/,system/var/lib/selinux/mls/active/modules/100/mcm_ril_service/,directory,0,0,0o40700,2009-01-01 00:00:00,,
system/var/lib/selinux/mls/active/modules/100/mcm_ril_service/cil,system/var/lib/selinux/mls/active/modules/100/mcm_ril_service/cil,file,1818,1818,0o100644,2009-01-01 00:00:00,5618397b50ae26d1876419ade2297601b509699af296c86be7324b6cf0108ed7,
system/var/lib/selinux/mls/active/modules/100/mcm_ril_service/lang_ext,system/var/lib/selinux/mls/active/modules/100/mcm_ril_service/lang_ext,file,2,2,0o100644,2009-01-01 00:00:00,d53315bea08cec50d2591fcaf3b32dc5d289cdc6c16b7e8bed8c8e3f7ceaa34e,
system/var/lib/selinux/mls/active/modules/100/mcm_ril_service/hll,system/var/lib/selinux/mls/active/modules/100/mcm_ril_service/hll,file,10577,9468,0o100644,2009-01-01 00:00:00,5a7250d9553002e1696768165ba8ef4830a34dfd40f7ed75c4c0911fe684c961,
system/var/lib/selinux/mls/active/modules/100/ppp/__emptyfile__,system/var/lib/selinux/mls/active/modules/100/ppp/__emptyfile__,file,0,0,0o40700,2024-02-02 11:17:48,e3b0c44298fc1c149afbf4c8996fb92427ae41e4649b934ca495991b7852b855,
system/var/lib/selinux/mls/active/modules/100/ppp/,system/var/lib/selinux/mls/active/modules/100/ppp/,directory,0,0,0o40700,2009-01-01 00:00:00,,
system/var/lib/selinux/mls/active/modules/100/ppp/cil,system/var/lib/selinux/mls/active/modules/100/ppp/cil,file,5246,5246,0o100644,2009-01-01 00:00:00,f4f087ca50152751f5cbe6286a4781f5d12f88124cd3f5fda863a780a5f44158,
system/var/lib/selinux/mls/active/modules/100/ppp/lang_ext,system/var/lib/selinux/mls/active/modules/100/ppp/lang_ext,file,2,2,0o100644,2009-01-01 00:00:00,d53315bea08cec50d2591fcaf3b32dc5d289cdc6c16b7e8bed8c8e3f7ceaa34e,
system/var/lib/selinux/mls/active/modules/100/ppp/hll,system/var/lib/selinux/mls/active/modules/100/ppp/hll,file,13771,12621,0o100644,2009-01-01 00:00:00,a7bf64760e456d07bf80c241f43cbb4c69370de465bfbfbf29dd884392bf5164,
system/var/lib/selinux/mls/active/modules/100/systemd/__emptyfile__,system/var/lib/selinux/mls/active/modules/100/systemd/__emptyfile__,file,0,0,0o40700,2024-02-02 11:17:48,e3b0c44298fc1c149afbf4c8996fb92427ae41e4649b934ca495991b7852b855,
system/var/lib/selinux/mls/active/modules/100/systemd/,system/var/lib/selinux/mls/active/modules/100/systemd/,directory,0,0,0o40700,2009-01-01 00:00:00,,
system/var/lib/selinux/mls/active/modules/100/systemd/cil,system/var/lib/selinux/mls/active/modules/100/systemd/cil,file,8955,8493,0o100644,2009-01-01 00:00:00,631e70f0f09b1886471a38a391051ae9c5c58e82cf9cb942ccd6ed13e36ba70d,
system/var/lib/selinux/mls/active/modules/100/systemd/lang_ext,system/var/lib/selinux/mls/active/modules/100/systemd/lang_ext,file,2,2,0o100644,2009-01-01 00:00:00,d53315bea08cec50d2591fcaf3b32dc5d289cdc6c16b7e8bed8c8e3f7ceaa34e,
system/var/lib/selinux/mls/active/modules/100/systemd/hll,system/var/lib/selinux/mls/active/modules/100/systemd/hll,file,16141,14816,0o100644,2009-01-01 00:00:00,a5288370ab7a16102809bf12705d4ad5b32c7c85f420abcdb405a9c85d48a42e,
system/var/lib/selinux/mls/active/modules/100/dmesg/__emptyfile__,system/var/lib/selinux/mls/active/modules/100/dmesg/__emptyfile__,file,0,0,0o40700,2024-02-02 11:17:48,e3b0c44298fc1c149afbf4c8996fb92427ae41e4649b934ca495991b7852b855,
system/var/lib/selinux/mls/active/modules/100/dmesg/,system/var/lib/selinux/mls/active/modules/100/dmesg/,directory,0,0,0o40700,2009-01-01 00:00:00,,
system/var/lib/selinux/mls/active/modules/100/dmesg/cil,system/var/lib/selinux/mls/active/modules/100/dmesg/cil,file,1387,1387,0o100644,2009-01-01 00:00:00,163ea9d89b2551db88905606bb3666d0704f621e51701bc32378629e6c7e2638,
system/var/lib/selinux/mls/active/modules/100/dmesg/lang_ext,system/var/lib/selinux/mls/active/modules/100/dmesg/lang_ext,file,2,2,0o100644,2009-01-01 00:00:00,d53315bea08cec50d2591fcaf3b32dc5d289cdc6c16b7e8bed8c8e3f7ceaa34e,
system/var/lib/selinux/mls/active/modules/100/dmesg/hll,system/var/lib/selinux/mls/active/modules/100/dmesg/hll,file,9208,8217,0o100644,2009-01-01 00:00:00,2e901de3f87e6840770484be0fc69a036b41d7dcd39603df44a8a0cdc92f560d,
system/var/lib/selinux/mls/active/modules/100/setrans/__emptyfile__,system/var/lib/selinux/mls/active/modules/100/setrans/__emptyfile__,file,0,0,0o40700,2024-02-02 11:17:48,e3b0c44298fc1c149afbf4c8996fb92427ae41e4649b934ca495991b7852b855,
system/var/lib/selinux/mls/active/modules/100/setrans/,system/var/lib/selinux/mls/active/modules/100/setrans/,directory,0,0,0o40700,2009-01-01 00:00:00,,
system/var/lib/selinux/mls/active/modules/100/setrans/cil,system/var/lib/selinux/mls/active/modules/100/setrans/cil,file,2105,2105,0o100644,2009-01-01 00:00:00,3fabec7413caded5d494e8f63aa951e939578406945225c221e4a775ceb2ee93,
system/var/lib/selinux/mls/active/modules/100/setrans/lang_ext,system/var/lib/selinux/mls/active/modules/100/setrans/lang_ext,file,2,2,0o100644,2009-01-01 00:00:00,d53315bea08cec50d2591fcaf3b32dc5d289cdc6c16b7e8bed8c8e3f7ceaa34e,
system/var/lib/selinux/mls/active/modules/100/setrans/hll,system/var/lib/selinux/mls/active/modules/100/setrans/hll,file,9793,8832,0o100644,2009-01-01 00:00:00,8a62369c0b771369e0e3b9dbcce0c7af4d4d9778ff5342907bd7c989b732f522,
system/var/lib/selinux/mls/active/modules/100/hostname/__emptyfile__,system/var/lib/selinux/mls/active/modules/100/hostname/__emptyfile__,file,0,0,0o40700,2024-02-02 11:17:48,e3b0c44298fc1c149afbf4c8996fb92427ae41e4649b934ca495991b7852b855,
system/var/lib/selinux/mls/active/modules/100/hostname/,system/var/lib/selinux/mls/active/modules/100/hostname/,directory,0,0,0o40700,2009-01-01 00:00:00,,
system/var/lib/selinux/mls/active/modules/100/hostname/cil,system/var/lib/selinux/mls/active/modules/100/hostname/cil,file,2070,2070,0o100644,2009-01-01 00:00:00,6cba170e802f9f1f934ae1e4fbdd4d792b9a7ad446a96071c0deb2e1f216b86c,
system/var/lib/selinux/mls/active/modules/100/hostname/lang_ext,system/var/lib/selinux/mls/active/modules/100/hostname/lang_ext,file,2,2,0o100644,2009-01-01 00:00:00,d53315bea08cec50d2591fcaf3b32dc5d289cdc6c16b7e8bed8c8e3f7ceaa34e,
system/var/lib/selinux/mls/active/modules/100/hostname/hll,system/var/lib/selinux/mls/active/modules/100/hostname/hll,file,9972,9042,0o100644,2009-01-01 00:00:00,89c1d94dcb66e3952a436266d5cb3be3e6c162b6f7d55abbd98e310663503667,
system/var/lib/selinux/mls/active/modules/100/sfs_config/__emptyfile__,system/var/lib/selinux/mls/active/modules/100/sfs_config/__emptyfile__,file,0,0,0o40700,2024-02-02 11:17:48,e3b0c44298fc1c149afbf4c8996fb92427ae41e4649b934ca495991b7852b855,
system/var/lib/selinux/mls/active/modules/100/sfs_config/,system/var/lib/selinux/mls/active/modules/100/sfs_config/,directory,0,0,0o40700,2009-01-01 00:00:00,,
system/var/lib/selinux/mls/active/modules/100/sfs_config/cil,system/var/lib/selinux/mls/active/modules/100/sfs_config/cil,file,973,973,0o100644,2009-01-01 00:00:00,53483f286ea35227e199ac82c28d726a5e2a6b1a495d67f8246925b85f18c6d9,
system/var/lib/selinux/mls/active/modules/100/sfs_config/lang_ext,system/var/lib/selinux/mls/active/modules/100/sfs_config/lang_ext,file,2,2,0o100644,2009-01-01 00:00:00,d53315bea08cec50d2591fcaf3b32dc5d289cdc6c16b7e8bed8c8e3f7ceaa34e,
system/var/lib/selinux/mls/active/modules/100/sfs_config/hll,system/var/lib/selinux/mls/active/modules/100/sfs_config/hll,file,9415,8449,0o100644,2009-01-01 00:00:00,e1e2b3bf4d46d98bd9671d78978dc3856841363a2de86d3743227eae1a074fc5,
system/var/lib/selinux/mls/active/modules/100/bootloader/__emptyfile__,system/var/lib/selinux/mls/active/modules/100/bootloader/__emptyfile__,file,0,0,0o40700,2024-02-02 11:17:48,e3b0c44298fc1c149afbf4c8996fb92427ae41e4649b934ca495991b7852b855,
system/var/lib/selinux/mls/active/modules/100/bootloader/,system/var/lib/selinux/mls/active/modules/100/bootloader/,directory,0,0,0o40700,2009-01-01 00:00:00,,
system/var/lib/selinux/mls/active/modules/100/bootloader/cil,system/var/lib/selinux/mls/active/modules/100/bootloader/cil,file,3416,3416,0o100644,2009-01-01 00:00:00,314b8e1139eac1d23385b290158820489614175859c8fa3c63a865ef492764be,
system/var/lib/selinux/mls/active/modules/100/bootloader/lang_ext,system/var/lib/selinux/mls/active/modules/100/bootloader/lang_ext,file,2,2,0o100644,2009-01-01 00:00:00,d53315bea08cec50d2591fcaf3b32dc5d289cdc6c16b7e8bed8c8e3f7ceaa34e,
system/var/lib/selinux/mls/active/modules/100/bootloader/hll,system/var/lib/selinux/mls/active/modules/100/bootloader/hll,file,11810,10741,0o100644,2009-01-01 00:00:00,b5725715d48299af178298d851161ad9ada7f888d287ec254ded690038cb16a4,
system/var/lib/selinux/mls/active/policy.kern,system/var/lib/selinux/mls/active/policy.kern,file,630731,183827,0o100600,2009-01-01 00:00:00,4a51ee772c0ff60a96201617542394082da7c6c3f6d34bbb125f2f38ef8fc9e3,
system/var/lib/selinux/mls/semanage.read.LOCK,system/var/lib/selinux/mls/semanage.read.LOCK,file,0,0,0o100600,2009-01-01 00:00:00,e3b0c44298fc1c149afbf4c8996fb92427ae41e4649b934ca495991b7852b855,
system/var/lib/arpd/__emptyfile__,system/var/lib/arpd/__emptyfile__,file,0,0,0o40755,2024-02-02 11:17:48,e3b0c44298fc1c149afbf4c8996fb92427ae41e4649b934ca495991b7852b855,
system/var/lib/arpd/,system/var/lib/arpd/,directory,0,0,0o40755,2009-01-01 00:00:00,,
system/var/lib/opkg/__emptyfile__,system/var/lib/opkg/__emptyfile__,file,0,0,0o40755,2024-02-02 11:17:48,e3b0c44298fc1c149afbf4c8996fb92427ae41e4649b934ca495991b7852b855,
system/var/lib/opkg/,system/var/lib/opkg/,directory,0,0,0o40755,2009-01-01 00:00:00,,
system/var/lib/opkg/info/__emptyfile__,system/var/lib/opkg/info/__emptyfile__,file,0,0,0o40755,2024-02-02 11:17:48,e3b0c44298fc1c149afbf4c8996fb92427ae41e4649b934ca495991b7852b855,
system/var/lib/opkg/info/,system/var/lib/opkg/info/,directory,0,0,0o40755,2009-01-01 00:00:00,,
system/var/lib/opkg/info/qmi-framework.control,system/var/lib/opkg/info/qmi-framework.control,file,426,279,0o100644,2009-01-01 00:00:00,e38e02e792a1db2f6f25614b4cc981334fb8963b161fd7084a55dbf71d298c63,
system/var/lib/opkg/info/sec-config.control,system/var/lib/opkg/info/sec-config.control,file,300,195,0o100644,2009-01-01 00:00:00,45182f6db755f1277ea4336be743ba39e389e9c3edf28cc06bbac02d2cab4993,
system/var/lib/opkg/info/tftp-server.control,system/var/lib/opkg/info/tftp-server.control,file,417,273,0o100644,2009-01-01 00:00:00,426dd254b5dc8cae86945c7f4d30e106bfbaf692f9c2fdfcd084145e7f289499,
system/var/lib/opkg/info/qmi-simple-ril.list,system/var/lib/opkg/info/qmi-simple-ril.list,file,29,29,0o100644,2009-01-01 00:00:00,c4bc6c06cf379f69ec83f9afdbb981b5a5eede1859aec9fd9e58c4ba7d09d874,
system/var/lib/opkg/info/libgdtap-adapter1.postinst,system/var/lib/opkg/info/libgdtap-adapter1.postinst,file,97,72,0o100755,2009-01-01 00:00:00,1ded80b320d8b0b0a691da8e63c7c38791567f99b1923c8eba6c4bcaedef67b3,
system/var/lib/opkg/info/data.preinst,system/var/lib/opkg/info/data.preinst,file,5875,1607,0o100755,2009-01-01 00:00:00,43393e547b103916d7b5e4294789abec4d855aedad1e5d9c0dbea3d7d269c96a,
system/var/lib/opkg/info/iptables-module-xt-ct.control,system/var/lib/opkg/info/iptables-module-xt-ct.control,file,381,249,0o100644,2009-01-01 00:00:00,60972c9a3e177d7f89ca7511d88fb82e4472eaf2adf1223bcb4172cd4afef386,
system/var/lib/opkg/info/kernel-module-mtd-nandbiterrs-4.14.206-perf.postinst,system/var/lib/opkg/info/kernel-module-mtd-nandbiterrs-4.14.206-perf.postinst,file,180,144,0o100755,2009-01-01 00:00:00,f087f32e8cc0056b4aecca17dae3b0f7a8f345d8cbfe50adbb6ad5000c022b97,
system/var/lib/opkg/info/kernel-module-nf-conntrack-rtsp-4.14.206-perf.postrm,system/var/lib/opkg/info/kernel-module-nf-conntrack-rtsp-4.14.206-perf.postrm,file,110,90,0o100755,2009-01-01 00:00:00,7816454f47379296ddf522c6085fde64f7c6252cd2f9f6cc41433cc4a8599079,
system/var/lib/opkg/info/libmincrypt0.list,system/var/lib/opkg/info/libmincrypt0.list,file,56,31,0o100644,2009-01-01 00:00:00,c83a5299eead927a9784b2cbf91919491a4c63c62dd5aed728c5432fc2083fc0,
system/var/lib/opkg/info/iptables-module-xt-mark.control,system/var/lib/opkg/info/iptables-module-xt-mark.control,file,387,251,0o100644,2009-01-01 00:00:00,2c74a3a4a0fc05d684ebe9d4375a6dab1e1c8ea2999ad4bf387200b191f6123f,
system/var/lib/opkg/info/dbus-1.postinst,system/var/lib/opkg/info/dbus-1.postinst,file,306,191,0o100755,2009-01-01 00:00:00,10973ad97602c69f4c2bf732b226b0a485455e32a41bc55f1118a3639eb2e379,
system/var/lib/opkg/info/kernel-module-aqc-ipa-offload-4.14.206-perf.postinst,system/var/lib/opkg/info/kernel-module-aqc-ipa-offload-4.14.206-perf.postinst,file,180,144,0o100755,2009-01-01 00:00:00,f087f32e8cc0056b4aecca17dae3b0f7a8f345d8cbfe50adbb6ad5000c022b97,
system/var/lib/opkg/info/kernel-module-qcrypto-4.14.206-perf.postinst,system/var/lib/opkg/info/kernel-module-qcrypto-4.14.206-perf.postinst,file,180,144,0o100755,2009-01-01 00:00:00,f087f32e8cc0056b4aecca17dae3b0f7a8f345d8cbfe50adbb6ad5000c022b97,
system/var/lib/opkg/info/libavahi-common3.postinst,system/var/lib/opkg/info/libavahi-common3.postinst,file,97,72,0o100755,2009-01-01 00:00:00,1ded80b320d8b0b0a691da8e63c7c38791567f99b1923c8eba6c4bcaedef67b3,
system/var/lib/opkg/info/bt-dlkm.control,system/var/lib/opkg/info/bt-dlkm.control,file,461,286,0o100644,2009-01-01 00:00:00,476812001fbfaa7d6b66c262aa1c1a8e6671959876eb7d9d9b7113dc0da6feb2,
system/var/lib/opkg/info/libasn1c-rtx1.postinst,system/var/lib/opkg/info/libasn1c-rtx1.postinst,file,97,72,0o100755,2009-01-01 00:00:00,1ded80b320d8b0b0a691da8e63c7c38791567f99b1923c8eba6c4bcaedef67b3,
system/var/lib/opkg/info/pam-plugin-faildelay.list,system/var/lib/opkg/info/pam-plugin-faildelay.list,file,31,31,0o100644,2009-01-01 00:00:00,5e742b1f344600800733ee2a858f25fbe0b65d350b11f7def1df71a9fcadf6fc,
system/var/lib/opkg/info/libunistring2.list,system/var/lib/opkg/info/libunistring2.list,file,58,34,0o100644,2009-01-01 00:00:00,19a80aacc39889d33b4b8f64d3cf75ae2d0efc1c972a19e9b04cf459cf1b38b8,
system/var/lib/opkg/info/powerapp-reboot.postinst,system/var/lib/opkg/info/powerapp-reboot.postinst,file,177,113,0o100755,2009-01-01 00:00:00,9cdb8a28c3a9fc67233e59b4ab22f6fcdf8c80a366feb2ca3670a5da677a11f4,
system/var/lib/opkg/info/qrencode.control,system/var/lib/opkg/info/qrencode.control,file,395,267,0o100644,2009-01-01 00:00:00,ab299c52b2a8bc7690f621d85b8a4235c9f0cd8cb69351afdb9616b8ef383fa8,
system/var/lib/opkg/info/kernel-module-snd-hwdep-4.14.206-perf.postrm,system/var/lib/opkg/info/kernel-module-snd-hwdep-4.14.206-perf.postrm,file,110,90,0o100755,2009-01-01 00:00:00,7816454f47379296ddf522c6085fde64f7c6252cd2f9f6cc41433cc4a8599079,
system/var/lib/opkg/info/liblog0.postinst,system/var/lib/opkg/info/liblog0.postinst,file,97,72,0o100755,2009-01-01 00:00:00,1ded80b320d8b0b0a691da8e63c7c38791567f99b1923c8eba6c4bcaedef67b3,
system/var/lib/opkg/info/wlan-sigma-dut.control,system/var/lib/opkg/info/wlan-sigma-dut.control,file,455,286,0o100644,2009-01-01 00:00:00,f66d4ae858403760f4f94b5489fa4ec5946241695929b4c3edd38df0eb464606,
system/var/lib/opkg/info/libutils0.list,system/var/lib/opkg/info/libutils0.list,file,81,44,0o100644,2009-01-01 00:00:00,ace4b5963abdaba9ed403f90b6e896674e0010447998674c1f4d2d374d5208e2,
system/var/lib/opkg/info/avahi-systemd.list,system/var/lib/opkg/info/avahi-systemd.list,file,165,59,0o100644,2009-01-01 00:00:00,a86812c6b869965577ac5321aa10f52de7e54ae463fcfd9361821ac5e95313a4,
system/var/lib/opkg/info/iputils.list,system/var/lib/opkg/info/iputils.list,file,0,0,0o100644,2009-01-01 00:00:00,e3b0c44298fc1c149afbf4c8996fb92427ae41e4649b934ca495991b7852b855,
system/var/lib/opkg/info/libxml0.list,system/var/lib/opkg/info/libxml0.list,file,46,26,0o100644,2009-01-01 00:00:00,458d7d32685f2b863bb52abfb17c2c12df708595ee2dabf01147ed3bb7b8d168,
system/var/lib/opkg/info/modem-shutdown.control,system/var/lib/opkg/info/modem-shutdown.control,file,401,255,0o100644,2009-01-01 00:00:00,69c99621a6d3d143854afbfe268f3805a8a8679c6c3c3d8b1ad10f026d65ba78,
system/var/lib/opkg/info/volatile-binds.postinst,system/var/lib/opkg/info/volatile-binds.postinst,file,998,273,0o100755,2009-01-01 00:00:00,1daa66797196105481e16d725bd67df0565e5b130f2c13a92d3ef2970359ff8c,
system/var/lib/opkg/info/miniupnpd.control,system/var/lib/opkg/info/miniupnpd.control,file,577,363,0o100644,2009-01-01 00:00:00,c7e26ff22250b84fa58b0b110fd8d35611b81748883e035e2917d6efde48c165,
system/var/lib/opkg/info/lowi-server.list,system/var/lib/opkg/info/lowi-server.list,file,36,35,0o100644,2009-01-01 00:00:00,0e8b50014a2182c64f59f98acf34ce0d0efc86d76d540258577ce64a8897502b,
system/var/lib/opkg/info/kernel-module-u-audio-4.14.206-perf.control,system/var/lib/opkg/info/kernel-module-u-audio-4.14.206-perf.control,file,479,266,0o100644,2009-01-01 00:00:00,79c311bb481309207080cab97c1c951a31b4b16ecaf9636304aad23224617980,
system/var/lib/opkg/info/packagegroup-base-keyboard.control,system/var/lib/opkg/info/packagegroup-base-keyboard.control,file,370,235,0o100644,2009-01-01 00:00:00,85f8e75ca7b63b19967fc1848c6f7e5f831b0c143d944beec535168099e8eed5,
system/var/lib/opkg/info/pam-plugin-selinux.control,system/var/lib/opkg/info/pam-plugin-selinux.control,file,465,289,0o100644,2009-01-01 00:00:00,a66010039cd6071da6756efdce46262fd5ffec5513241a342558509307e8bcba,
system/var/lib/opkg/info/qca-ssdk-nohnat.control,system/var/lib/opkg/info/qca-ssdk-nohnat.control,file,363,226,0o100644,2009-01-01 00:00:00,d8f709def181c0043598f4f5a47676beedf8cf704da1bd94973909a551fe8d1b,
system/var/lib/opkg/info/lowi-server.control,system/var/lib/opkg/info/lowi-server.control,file,620,339,0o100644,2009-01-01 00:00:00,e12c83b2f215c2d22dc62f3930b0d83d7dd51f3d4e1d7c560fe724ffce1bc038,
system/var/lib/opkg/info/iptables-module-xt-tcpmss.control,system/var/lib/opkg/info/iptables-module-xt-tcpmss.control,file,393,252,0o100644,2009-01-01 00:00:00,857a91c6144315cba6ce9228dcb571e6db01cae6f5bb81f107210f8962ea7a83,
system/var/lib/opkg/info/qcacld32-ll.list,system/var/lib/opkg/info/qcacld32-ll.list,file,129,81,0o100644,2009-01-01 00:00:00,ab05ccd3db305d4b7526ae098f2e07ecbb000323f8f8b1557616a7b244ec1763,
system/var/lib/opkg/info/iptables-module-ipt-dnat.control,system/var/lib/opkg/info/iptables-module-ipt-dnat.control,file,390,250,0o100644,2009-01-01 00:00:00,c9b24e559fceef23065959cdffadcef2f96f577c19ff2def0c074c757aa5b444,
system/var/lib/opkg/info/embms-kernel.list,system/var/lib/opkg/info/embms-kernel.list,file,126,81,0o100644,2009-01-01 00:00:00,6759134bf091dd612b856a1db09f8ac4a5e373150d9d42f5b5062d1d255e87ca,
system/var/lib/opkg/info/iptables-module-ip6t-srh.control,system/var/lib/opkg/info/iptables-module-ip6t-srh.control,file,390,251,0o100644,2009-01-01 00:00:00,fded7c059d29a9d78cec542e5987fdcccf6c2909faf5a7ccea256d743c28ae3a,
system/var/lib/opkg/info/libnl-nf-3-200.control,system/var/lib/opkg/info/libnl-nf-3-200.control,file,512,307,0o100644,2009-01-01 00:00:00,15a0ceea572455a48257b975389852ebac06e3b717d915774969731d9ce2acb2,
system/var/lib/opkg/info/kernel-module-msm-geni-ir-4.14.206-perf.postinst,system/var/lib/opkg/info/kernel-module-msm-geni-ir-4.14.206-perf.postinst,file,180,144,0o100755,2009-01-01 00:00:00,f087f32e8cc0056b4aecca17dae3b0f7a8f345d8cbfe50adbb6ad5000c022b97,
system/var/lib/opkg/info/libgmp10.control,system/var/lib/opkg/info/libgmp10.control,file,483,319,0o100644,2009-01-01 00:00:00,dc2b6d9196a3ac0b2d9b3b025672a20e8cb2e7a41fcb402f42e5953f86d40eef,
system/var/lib/opkg/info/util-linux-mount.control,system/var/lib/opkg/info/util-linux-mount.control,file,714,420,0o100644,2009-01-01 00:00:00,682a8f09378a4229c69ee56d004378672f525b99e3722205e7c2186632420eb9,
system/var/lib/opkg/info/gsb.list,system/var/lib/opkg/info/gsb.list,file,0,0,0o100644,2009-01-01 00:00:00,e3b0c44298fc1c149afbf4c8996fb92427ae41e4649b934ca495991b7852b855,
system/var/lib/opkg/info/util-linux-sulogin.control,system/var/lib/opkg/info/util-linux-sulogin.control,file,715,423,0o100644,2009-01-01 00:00:00,9ca52a936a683cab94cec330349cdab4844a52119eee7f84887eebd296ff1734,
system/var/lib/opkg/info/securemsm.control,system/var/lib/opkg/info/securemsm.control,file,554,343,0o100644,2009-01-01 00:00:00,03afda10ae82a45f599fb615576dbad756fbe1704ff3dabe8df62f70009190d8,
system/var/lib/opkg/info/kernel-module-qce50-4.14.206-perf.postrm,system/var/lib/opkg/info/kernel-module-qce50-4.14.206-perf.postrm,file,110,90,0o100755,2009-01-01 00:00:00,7816454f47379296ddf522c6085fde64f7c6252cd2f9f6cc41433cc4a8599079,
system/var/lib/opkg/info/data-ipa-cfg-mgr.postinst,system/var/lib/opkg/info/data-ipa-cfg-mgr.postinst,file,97,72,0o100755,2009-01-01 00:00:00,1ded80b320d8b0b0a691da8e63c7c38791567f99b1923c8eba6c4bcaedef67b3,
system/var/lib/opkg/info/kernel-module-r8125-4.14.206-perf.postrm,system/var/lib/opkg/info/kernel-module-r8125-4.14.206-perf.postrm,file,110,90,0o100755,2009-01-01 00:00:00,7816454f47379296ddf522c6085fde64f7c6252cd2f9f6cc41433cc4a8599079,
system/var/lib/opkg/info/libbt-vendor0.control,system/var/lib/opkg/info/libbt-vendor0.control,file,514,310,0o100644,2009-01-01 00:00:00,4bb951c86b4bfe2c59c9bacf186a0dcf8cd401e0ada250fda8cf1fd2f779acd3,
system/var/lib/opkg/info/kernel-module-qca-ssdk-4.14.206-perf.control,system/var/lib/opkg/info/kernel-module-qca-ssdk-4.14.206-perf.control,file,404,240,0o100644,2009-01-01 00:00:00,b8a43b2abd9e7083bdeab817938374e8215424e3c6c3e413c21630d4b9af49a7,
system/var/lib/opkg/info/kernel-module-mtd-readtest-4.14.206-perf.postinst,system/var/lib/opkg/info/kernel-module-mtd-readtest-4.14.206-perf.postinst,file,180,144,0o100755,2009-01-01 00:00:00,f087f32e8cc0056b4aecca17dae3b0f7a8f345d8cbfe50adbb6ad5000c022b97,
system/var/lib/opkg/info/iptables-module-ipt-reject.control,system/var/lib/opkg/info/iptables-module-ipt-reject.control,file,396,251,0o100644,2009-01-01 00:00:00,54b8789c5d0d8583ae2a1d311bf68a4feb11c2fe82f89900328926739f1ed651,
system/var/lib/opkg/info/iw.list,system/var/lib/opkg/info/iw.list,file,13,13,0o100644,2009-01-01 00:00:00,6b4842def216ea5345e0ee22a571a0432e2fe269ff52e92f3a17f52dd1fa3420,
system/var/lib/opkg/info/kernel-module-nf-nat-rtsp-4.14.206-perf.postinst,system/var/lib/opkg/info/kernel-module-nf-nat-rtsp-4.14.206-perf.postinst,file,180,144,0o100755,2009-01-01 00:00:00,f087f32e8cc0056b4aecca17dae3b0f7a8f345d8cbfe50adbb6ad5000c022b97,
system/var/lib/opkg/info/avahi-daemon.postinst,system/var/lib/opkg/info/avahi-daemon.postinst,file,271,193,0o100755,2009-01-01 00:00:00,7453d9bbdb0d430f3381ccf81aa9ebb1bb9b2d61e50062725553892115cdf78c,
system/var/lib/opkg/info/shadow-base.control,system/var/lib/opkg/info/shadow-base.control,file,522,328,0o100644,2009-01-01 00:00:00,7e9590f6048f95f6d2617c25fa544cfdef7034dde501cfbd2e3588279e933c09,
system/var/lib/opkg/info/iptables-module-xt-mac.control,system/var/lib/opkg/info/iptables-module-xt-mac.control,file,384,250,0o100644,2009-01-01 00:00:00,4ea890ed8b63d50c547ac7a23058b5b09444c51e8d5b8269c0f46cd7f9f41d0e,
system/var/lib/opkg/info/iptables-module-ip6t-snpt.control,system/var/lib/opkg/info/iptables-module-ip6t-snpt.control,file,393,251,0o100644,2009-01-01 00:00:00,24b64daa22f1a60f1d1caee78cc42900c10e8dcb5e1bb8f7290f7894e7e2b5a5,
system/var/lib/opkg/info/kernel-module-mtd-readtest-4.14.206-perf.list,system/var/lib/opkg/info/kernel-module-mtd-readtest-4.14.206-perf.list,file,68,64,0o100644,2009-01-01 00:00:00,c2a325252436372f4441357c9fb58c56a3bb07e7eb96963f5fd5d55f654a69d1,
system/var/lib/opkg/info/systemd-compat-units.postinst,system/var/lib/opkg/info/systemd-compat-units.postinst,file,438,260,0o100755,2009-01-01 00:00:00,ff037234933da06fa6637237bc1982171ee7c4bb142f8609d1bd7b5817d93f0a,
system/var/lib/opkg/info/libizat-core1.list,system/var/lib/opkg/info/libizat-core1.list,file,323,114,0o100644,2009-01-01 00:00:00,74866904c94a6f4d4b915b34dcd1c0fedc8ca206fd5f1732f58b04b016d2f000,
system/var/lib/opkg/info/libizat-client-api1.control,system/var/lib/opkg/info/libizat-client-api1.control,file,635,340,0o100644,2009-01-01 00:00:00,a7eec64d86eecc92cc34d4b7ce29003bcf6c62a0ce5119ccc28c3d0553be9669,
system/var/lib/opkg/info/location-client-api-testapp.list,system/var/lib/opkg/info/location-client-api-testapp.list,file,37,37,0o100644,2009-01-01 00:00:00,e76fe8529191c26d5b30f34a8b74a757ef2bbe7b360ac7755fbfff9e4d657fa8,
system/var/lib/opkg/info/libz1.list,system/var/lib/opkg/info/libz1.list,file,35,24,0o100644,2009-01-01 00:00:00,857485ba462b10a789124ae8e65f20687b87134f07b5a359d3a855d4aa99cd73,
system/var/lib/opkg/info/policycoreutils-secon.control,system/var/lib/opkg/info/policycoreutils-secon.control,file,673,395,0o100644,2009-01-01 00:00:00,94d799448ef913fee60b3350d8a3f2c28c522f98e3b64fe6593429cfae0d2bf1,
system/var/lib/opkg/info/libopkg1.control,system/var/lib/opkg/info/libopkg1.control,file,416,279,0o100644,2009-01-01 00:00:00,f8481a9958e41813f9954517f124900397514578f2bf16498f4ce688a964b55e,
system/var/lib/opkg/info/libsolv0.list,system/var/lib/opkg/info/libsolv0.list,file,22,21,0o100644,2009-01-01 00:00:00,43b0c89ea8bc3edf2fa8e9afd1f66ef9e612829274c6ee501eb45c6daaa82c70,
system/var/lib/opkg/info/iptables-module-xt-nfqueue.list,system/var/lib/opkg/info/iptables-module-xt-nfqueue.list,file,34,33,0o100644,2009-01-01 00:00:00,4f8446350fb64b38f19bbed271aa42d45f1340ed5a4579662ec741e3d3a56802,
system/var/lib/opkg/info/libc6.list,system/var/lib/opkg/info/libc6.list,file,609,186,0o100644,2009-01-01 00:00:00,7bf13c25b527a138055a04daaac24f9ef4fd81c884a1c33403a44306dfeec09c,
system/var/lib/opkg/info/kernel-module-qca-ssdk-4.14.206-perf.list,system/var/lib/opkg/info/kernel-module-qca-ssdk-4.14.206-perf.list,file,129,70,0o100644,2009-01-01 00:00:00,7164d820528d0099e573bacfb4b9e942ab3dc0f3043b2b85085d1022650d3cea,
system/var/lib/opkg/info/system-core.preinst,system/var/lib/opkg/info/system-core.preinst,file,6037,1659,0o100755,2009-01-01 00:00:00,31bda38af22d09b47613e09ad069b884460617af03d6f6e6b3930e7f3020fffc,
system/var/lib/opkg/info/libpam-runtime.control,system/var/lib/opkg/info/libpam-runtime.control,file,617,340,0o100644,2009-01-01 00:00:00,32d9525be19611452c445cf86961d8e2fc0663b182d2e980afb068da0662f4a1,
system/var/lib/opkg/info/iputils-traceroute6.control,system/var/lib/opkg/info/iputils-traceroute6.control,file,492,323,0o100644,2009-01-01 00:00:00,145a65ce5388b281e9df3b7ef2d77a12b48a5d3b4caf5a8ec8d3bc4950713da6,
system/var/lib/opkg/info/util-linux-fsck.postinst,system/var/lib/opkg/info/util-linux-fsck.postinst,file,89,75,0o100755,2009-01-01 00:00:00,5644399ac7c32302fc82006ec429b9ce0a0c4cd926102348cb10ca1791032380,
system/var/lib/opkg/info/iptables-module-ipt-netmap.list,system/var/lib/opkg/info/iptables-module-ipt-netmap.list,file,34,33,0o100644,2009-01-01 00:00:00,e5b6825a934a61b3ccc1edfdaa3b3b98c7f753e0ea03cfac614a98b121f8bcc9,
system/var/lib/opkg/info/opkg-arch-config.control,system/var/lib/opkg/info/opkg-arch-config.control,file,470,253,0o100644,2009-01-01 00:00:00,9cf12ec4f8f3ef2e814351607702cef553ca9e42fd2dd25fb7f8c02a5cad62f2,
system/var/lib/opkg/info/realtek-firmware.list,system/var/lib/opkg/info/realtek-firmware.list,file,1033,143,0o100644,2009-01-01 00:00:00,ac7382395516cb0b2285c9014e3783b05127adcd7146b2c3c6f1dcdfec7985d5,
system/var/lib/opkg/info/libpal-net-if1.control,system/var/lib/opkg/info/libpal-net-if1.control,file,585,339,0o100644,2009-01-01 00:00:00,5d269b71bde94bfa31502191f607767866279ee04cafbe6cadde45b08a1249bc,
system/var/lib/opkg/info/iptables-module-xt-udp.list,system/var/lib/opkg/info/iptables-module-xt-udp.list,file,30,29,0o100644,2009-01-01 00:00:00,39ec1f867f0d53642c33943eba5eec29c589a06115e8cd4fafb5ef233ebc185e,
system/var/lib/opkg/info/libsepol1.list,system/var/lib/opkg/info/libsepol1.list,file,19,19,0o100644,2009-01-01 00:00:00,29b524b818732749900c5cc51e5c84376a4f033e8b518111da363d1438b979d9,
system/var/lib/opkg/info/libgnutls30.control,system/var/lib/opkg/info/libgnutls30.control,file,494,317,0o100644,2009-01-01 00:00:00,07560c1e8229eb6eeb55907b7b63320446a826897a82469eaaa17ab21adb8077,
system/var/lib/opkg/info/iptables-module-xt-audit.list,system/var/lib/opkg/info/iptables-module-xt-audit.list,file,32,31,0o100644,2009-01-01 00:00:00,36704786127425430d59b6572c6990d00cb6532593d8dca5cb9fca2e08eb356c,
system/var/lib/opkg/info/iptables-module-xt-tcpmss.list,system/var/lib/opkg/info/iptables-module-xt-tcpmss.list,file,66,44,0o100644,2009-01-01 00:00:00,8f9e24e1e62d02a1291f93c3a6eeff4c90e1bff214413a0ff5039540cb1ab176,
system/var/lib/opkg/info/qmi-framework-vendor.postinst,system/var/lib/opkg/info/qmi-framework-vendor.postinst,file,281,173,0o100755,2009-01-01 00:00:00,0cde2ec701dfb5465eb70ece2cadc464753b539d8e675d21b8b241ef18a68151,
system/var/lib/opkg/info/kernel-module-mtd-nandbiterrs-4.14.206-perf.postrm,system/var/lib/opkg/info/kernel-module-mtd-nandbiterrs-4.14.206-perf.postrm,file,110,90,0o100755,2009-01-01 00:00:00,7816454f47379296ddf522c6085fde64f7c6252cd2f9f6cc41433cc4a8599079,
system/var/lib/opkg/info/kernel-module-mtd-subpagetest-4.14.206-perf.postinst,system/var/lib/opkg/info/kernel-module-mtd-subpagetest-4.14.206-perf.postinst,file,180,144,0o100755,2009-01-01 00:00:00,f087f32e8cc0056b4aecca17dae3b0f7a8f345d8cbfe50adbb6ad5000c022b97,
system/var/lib/opkg/info/libsemanage1.list,system/var/lib/opkg/info/libsemanage1.list,file,53,45,0o100644,2009-01-01 00:00:00,4d885e0dbc124ec3ce20b7b7c1a751f934a1e70441fa9c5d242dc16bb4a17ef4,
system/var/lib/opkg/info/liblocation-client-api1.control,system/var/lib/opkg/info/liblocation-client-api1.control,file,580,313,0o100644,2009-01-01 00:00:00,75b2f56f6e32829e8a974d84ec16b43ec8ae10d935452cc80a3b24b0db6283ed,
system/var/lib/opkg/info/reboot-daemon.list,system/var/lib/opkg/info/reboot-daemon.list,file,188,79,0o100644,2009-01-01 00:00:00,a09ff41faadf5fa7e7e27b51bcbe5166a6c264e09b304b8a15b415ef98a4a6fe,
system/var/lib/opkg/info/pam-plugin-motd.control,system/var/lib/opkg/info/pam-plugin-motd.control,file,431,278,0o100644,2009-01-01 00:00:00,ba8b1b78fdeffe38e796967e3eefeb98e8b6d6c7c4caa85caa39a30670a139e9,
system/var/lib/opkg/info/hostap-daemon-qcacld.list,system/var/lib/opkg/info/hostap-daemon-qcacld.list,file,40,28,0o100644,2009-01-01 00:00:00,9487b8285fe4241c176db26b57050f57448c916e7b8017435c48b750f31502de,
system/var/lib/opkg/info/liblocation-client-api1.postinst,system/var/lib/opkg/info/liblocation-client-api1.postinst,file,97,72,0o100755,2009-01-01 00:00:00,1ded80b320d8b0b0a691da8e63c7c38791567f99b1923c8eba6c4bcaedef67b3,
system/var/lib/opkg/info/kernel-module-mtd-subpagetest-4.14.206-perf.control,system/var/lib/opkg/info/kernel-module-mtd-subpagetest-4.14.206-perf.control,file,422,238,0o100644,2009-01-01 00:00:00,42ecc842910649f22af81649a08cf7bdde732413e650dcb1b42b342e2fb20916,
system/var/lib/opkg/info/avahi-autoipd.control,system/var/lib/opkg/info/avahi-autoipd.control,file,802,507,0o100644,2009-01-01 00:00:00,d047f8c8e9f4a4fdaa06c6daccb3ae75bbb0569d7442586aa2a3f6a8c91c98a2,
system/var/lib/opkg/info/iptables-module-xt-socket.control,system/var/lib/opkg/info/iptables-module-xt-socket.control,file,393,251,0o100644,2009-01-01 00:00:00,ef9a729249e70ff96648d1099f588737922ed17114a52502efb334f90d27fa33,
system/var/lib/opkg/info/kernel-module-soundcore-4.14.206-perf.postinst,system/var/lib/opkg/info/kernel-module-soundcore-4.14.206-perf.postinst,file,180,144,0o100755,2009-01-01 00:00:00,f087f32e8cc0056b4aecca17dae3b0f7a8f345d8cbfe50adbb6ad5000c022b97,
system/var/lib/opkg/info/iproute2.postinst,system/var/lib/opkg/info/iproute2.postinst,file,82,73,0o100755,2009-01-01 00:00:00,eab63734b7ee9c516772fc46a0054d462e8e8fafa456e336be5d92097a7eb798,
system/var/lib/opkg/info/libcom-err2.control,system/var/lib/opkg/info/libcom-err2.control,file,534,340,0o100644,2009-01-01 00:00:00,7076db58a043cb580f63fdcaddcc410d00aa91cc59a8002e29724e77905513e4,
system/var/lib/opkg/info/libnlp-client-api1.postinst,system/var/lib/opkg/info/libnlp-client-api1.postinst,file,97,72,0o100755,2009-01-01 00:00:00,1ded80b320d8b0b0a691da8e63c7c38791567f99b1923c8eba6c4bcaedef67b3,
system/var/lib/opkg/info/strace.list,system/var/lib/opkg/info/strace.list,file,42,32,0o100644,2009-01-01 00:00:00,daecea247bf66397d3dad1310b65ef926c014408109e77dc7f119d44b9e9aa96,
system/var/lib/opkg/info/iptables-module-xt-nfacct.control,system/var/lib/opkg/info/iptables-module-xt-nfacct.control,file,393,251,0o100644,2009-01-01 00:00:00,1809cefa97ab0e94f3cf5a62ea07f82d3a2f079dffa6780077016306265bfe5f,
system/var/lib/opkg/info/libcrypto1.1.postinst,system/var/lib/opkg/info/libcrypto1.1.postinst,file,97,72,0o100755,2009-01-01 00:00:00,1ded80b320d8b0b0a691da8e63c7c38791567f99b1923c8eba6c4bcaedef67b3,
system/var/lib/opkg/info/edgnss-daemon.list,system/var/lib/opkg/info/edgnss-daemon.list,file,23,23,0o100644,2009-01-01 00:00:00,97b2c0ea8507801a5ed3e634a66d4d8b9cf60abfa9a627c98a7ece09dad33321,
system/var/lib/opkg/info/policycoreutils-semodule.control,system/var/lib/opkg/info/policycoreutils-semodule.control,file,701,407,0o100644,2009-01-01 00:00:00,0fc0f1e8ba0acbef70297726a448f5df3afddb69af06fdc95acbddcecf71e423,
system/var/lib/opkg/info/iptables-module-xt-classify.list,system/var/lib/opkg/info/iptables-module-xt-classify.list,file,35,34,0o100644,2009-01-01 00:00:00,7ec6ac437e984bbb37ca72b0969dc6a6eb2d272639ead259979838f799263293,
system/var/lib/opkg/info/kernel-module-spidev-4.14.206-perf.postinst,system/var/lib/opkg/info/kernel-module-spidev-4.14.206-perf.postinst,file,180,144,0o100755,2009-01-01 00:00:00,f087f32e8cc0056b4aecca17dae3b0f7a8f345d8cbfe50adbb6ad5000c022b97,
system/var/lib/opkg/info/ath6kl-utils.control,system/var/lib/opkg/info/ath6kl-utils.control,file,498,305,0o100644,2009-01-01 00:00:00,7ebbee35c19a5aa41d0d2f6adae21b2b584bfa2ef5aeff81832fa66c9a74791c,
system/var/lib/opkg/info/iptables-module-xt-devgroup.list,system/var/lib/opkg/info/iptables-module-xt-devgroup.list,file,35,34,0o100644,2009-01-01 00:00:00,cc4bc9708c5718979acab258f3a8c0f0d8a0d0a09d226c41501bce8701246148,
system/var/lib/opkg/info/ubus.control,system/var/lib/opkg/info/ubus.control,file,371,259,0o100644,2009-01-01 00:00:00,78ea79efee79315da6b0e2b1a7833ea3c381f7bdc6fa60e2a27c0ded185707ee,
system/var/lib/opkg/info/iputils-arping.control,system/var/lib/opkg/info/iputils-arping.control,file,487,322,0o100644,2009-01-01 00:00:00,dc6dc251a39ad79fb6dae7b59aa180b05ab1b0c1ffd7508e73888c3a03544490,
system/var/lib/opkg/info/iputils-tracepath.list,system/var/lib/opkg/info/iputils-tracepath.list,file,15,15,0o100644,2009-01-01 00:00:00,2d90eb7a5fb2f681a28ddd209bed706bd178220ae6cddc86f5828ad589c11b80,
system/var/lib/opkg/info/diag-reboot-app.control,system/var/lib/opkg/info/diag-reboot-app.control,file,476,302,0o100644,2009-01-01 00:00:00,9fc4ca52e049b2189ef5f1521504df9bfcb9b4d1891b1aabb9c9a611971a557c,
system/var/lib/opkg/info/libpng12.control,system/var/lib/opkg/info/libpng12.control,file,427,281,0o100644,2009-01-01 00:00:00,7cdc78d11194308ba7bd5b517f4d12c23015b25af9ced508268509b672a423f9,
system/var/lib/opkg/info/libloc-base-util1.control,system/var/lib/opkg/info/libloc-base-util1.control,file,529,318,0o100644,2009-01-01 00:00:00,3cf7dc190cd7366a52d0d27c5c5da40b888c6962377c7e806e81a4b84c640bc3,
system/var/lib/opkg/info/iptables-module-ip6t-log.control,system/var/lib/opkg/info/iptables-module-ip6t-log.control,file,390,251,0o100644,2009-01-01 00:00:00,f3a55e3598670ec1f100f6d59f57f2777121911c0c36795394877a9970559827,
system/var/lib/opkg/info/kernel-module-qcedevice-4.14.206-perf.list,system/var/lib/opkg/info/kernel-module-qcedevice-4.14.206-perf.list,file,66,64,0o100644,2009-01-01 00:00:00,796222d13f5a6c2273f46178a53d1ca02fe6a0f7dae9272df7903b34faa77913,
system/var/lib/opkg/info/liblocationservice-glue1.postinst,system/var/lib/opkg/info/liblocationservice-glue1.postinst,file,97,72,0o100755,2009-01-01 00:00:00,1ded80b320d8b0b0a691da8e63c7c38791567f99b1923c8eba6c4bcaedef67b3,
system/var/lib/opkg/info/iputils-tftpd.control,system/var/lib/opkg/info/iputils-tftpd.control,file,467,315,0o100644,2009-01-01 00:00:00,d6c68777fc7b3a714e9fced1775cd64237ebef138cd48ff599fd3d5a098a6754,
system/var/lib/opkg/info/busybox-udhcpc.control,system/var/lib/opkg/info/busybox-udhcpc.control,file,879,500,0o100644,2009-01-01 00:00:00,80b28e1e385c0b233a6c53d0a36f8ceb7b74d673abe69140fde9c223fb723105,
system/var/lib/opkg/info/kernel-module-mtd-pagetest-4.14.206-perf.control,system/var/lib/opkg/info/kernel-module-mtd-pagetest-4.14.206-perf.control,file,405,238,0o100644,2009-01-01 00:00:00,5900fa6c59ed81ed4cfa9623ca9b1048b5101d8e62bb725574527a548dd39cce,
system/var/lib/opkg/info/powerapp-shutdown.postinst,system/var/lib/opkg/info/powerapp-shutdown.postinst,file,181,116,0o100755,2009-01-01 00:00:00,fe3d7d0a21d3dfb31a22b95c36605ae5e59938ae08fe66336eada49a4e7179d9,
system/var/lib/opkg/info/ca-certificates.control,system/var/lib/opkg/info/ca-certificates.control,file,545,326,0o100644,2009-01-01 00:00:00,5572ed092127e9839bc029bcfd0b8a11fc30f708c9c398867e409d539dc60910,
system/var/lib/opkg/info/libcom-err2.postinst,system/var/lib/opkg/info/libcom-err2.postinst,file,97,72,0o100755,2009-01-01 00:00:00,1ded80b320d8b0b0a691da8e63c7c38791567f99b1923c8eba6c4bcaedef67b3,
system/var/lib/opkg/info/iptables-module-xt-iprange.list,system/var/lib/opkg/info/iptables-module-xt-iprange.list,file,34,33,0o100644,2009-01-01 00:00:00,9b902371f022885e95b5a4f6290ac2729da28c443c55cb3f88e8abeb8801a0ab,
system/var/lib/opkg/info/hostap-daemon-qcacld.control,system/var/lib/opkg/info/hostap-daemon-qcacld.control,file,464,271,0o100644,2009-01-01 00:00:00,0a7c6a568855eab789375f482192816a2830ca20277ed789baa8cc713777f18f,
system/var/lib/opkg/info/libpcap1.list,system/var/lib/opkg/info/libpcap1.list,file,48,28,0o100644,2009-01-01 00:00:00,b428e0fa40c94d2731f64ba742431365318010d0a9249138652f2bb7e6136448,
system/var/lib/opkg/info/dbus-1.list,system/var/lib/opkg/info/dbus-1.list,file,1412,347,0o100644,2009-01-01 00:00:00,37d6f4730febdd1b00c3705b9cd66e1cc7ea4a56d25b6786a0f21e8cb994e868,
system/var/lib/opkg/info/iptables-module-xt-ecn.list,system/var/lib/opkg/info/iptables-module-xt-ecn.list,file,30,29,0o100644,2009-01-01 00:00:00,f3a8b6a846661a1e9845051b891261b2fb583b916e79715f7fbc70db15916dd2,
system/var/lib/opkg/info/kernel-module-mtd-oobtest-4.14.206-perf.postinst,system/var/lib/opkg/info/kernel-module-mtd-oobtest-4.14.206-perf.postinst,file,180,144,0o100755,2009-01-01 00:00:00,f087f32e8cc0056b4aecca17dae3b0f7a8f345d8cbfe50adbb6ad5000c022b97,
system/var/lib/opkg/info/kernel-module-mtd-pagetest-4.14.206-perf.postrm,system/var/lib/opkg/info/kernel-module-mtd-pagetest-4.14.206-perf.postrm,file,110,90,0o100755,2009-01-01 00:00:00,7816454f47379296ddf522c6085fde64f7c6252cd2f9f6cc41433cc4a8599079,
system/var/lib/opkg/info/libgcc1.control,system/var/lib/opkg/info/libgcc1.control,file,396,267,0o100644,2009-01-01 00:00:00,13dd487afd376dcb9932edcc32d255b77a41d6ac59b7236458f9e76f90e2de5e,
system/var/lib/opkg/info/libunistring2.control,system/var/lib/opkg/info/libunistring2.control,file,1082,614,0o100644,2009-01-01 00:00:00,4d9c0cb01915559c1deb027ec96c0dde386c1ca590b9ad6d06bb83047e620e6e,
system/var/lib/opkg/info/libstdc++6.list,system/var/lib/opkg/info/libstdc++6.list,file,53,32,0o100644,2009-01-01 00:00:00,7edbf8ff9b480167639aaea481bfaf8ab5ee621dfad9c0de4c37ee7815ae926c,
system/var/lib/opkg/info/pam-plugin-lastlog.control,system/var/lib/opkg/info/pam-plugin-lastlog.control,file,443,281,0o100644,2009-01-01 00:00:00,cb52c6edb20fe43b0f06db0871f9d0b08e4f8140a98fb74f9191cd87d94af918,
system/var/lib/opkg/info/packagegroup-base-extended.control,system/var/lib/opkg/info/packagegroup-base-extended.control,file,435,226,0o100644,2009-01-01 00:00:00,2d6f172cdf43efef37b901dfa2ebf1b3e0548a542e6f028b47d08bf51137367b,
system/var/lib/opkg/info/packagegroup-core-boot.control,system/var/lib/opkg/info/packagegroup-core-boot.control,file,479,287,0o100644,2009-01-01 00:00:00,44cec98f62056276b1ca41006e430d734819c9b6d8f0dc9ed013fd76f196b222,
system/var/lib/opkg/info/kernel-module-gpio-event-4.14.206-perf.postrm,system/var/lib/opkg/info/kernel-module-gpio-event-4.14.206-perf.postrm,file,110,90,0o100755,2009-01-01 00:00:00,7816454f47379296ddf522c6085fde64f7c6252cd2f9f6cc41433cc4a8599079,
system/var/lib/opkg/info/systemd-machine-units.list,system/var/lib/opkg/info/systemd-machine-units.list,file,1376,237,0o100644,2009-01-01 00:00:00,c818486c18f1c4ba8164dc593b25f2b19647a0cded5900070437f8a314da9254,
system/var/lib/opkg/info/kernel-module-xt-physdev-4.14.206-perf.control,system/var/lib/opkg/info/kernel-module-xt-physdev-4.14.206-perf.control,file,420,253,0o100644,2009-01-01 00:00:00,41f8b050166df7eaa510cc30c7fb57f62535056e4b66862b634f790e59dc29bf,
system/var/lib/opkg/info/liblog0.list,system/var/lib/opkg/info/liblog0.list,file,106,66,0o100644,2009-01-01 00:00:00,1fea702de5704a87d302f613a9133278ce961f7cdc64764cb0a4cf7b9e2ee980,
system/var/lib/opkg/info/libdiag1.postinst,system/var/lib/opkg/info/libdiag1.postinst,file,268,161,0o100755,2009-01-01 00:00:00,579abc93749f7ba18deffd25cdda3c9a6142f3398dd4f748ef3ac138b3f0ae89,
system/var/lib/opkg/info/kernel-module-r8125-4.14.206-perf.list,system/var/lib/opkg/info/kernel-module-r8125-4.14.206-perf.list,file,42,42,0o100644,2009-01-01 00:00:00,9407d813760d89a70058a6f516a28b9061be8c869ea9e35fddbe5ba67640182b,
system/var/lib/opkg/info/liblocation-qapi1.list,system/var/lib/opkg/info/liblocation-qapi1.list,file,217,93,0o100644,2009-01-01 00:00:00,51b76b69a9e435a0ff9edd809a5d887f17aed102998cc82c26fa278d56024524,
system/var/lib/opkg/info/sec-config.list,system/var/lib/opkg/info/sec-config.list,file,16,16,0o100644,2009-01-01 00:00:00,f86c75cef02fa0c6da0bfb956cab9014b706031eca1474c71973d01f43833c02,
system/var/lib/opkg/info/start-scripts-firmware-links.list,system/var/lib/opkg/info/start-scripts-firmware-links.list,file,22,22,0o100644,2009-01-01 00:00:00,8b073caf159e56fb38a785de850ead26283d3107959b6b1303b7c0c7cbe4a412,
system/var/lib/opkg/info/miniupnpd.list,system/var/lib/opkg/info/miniupnpd.list,file,114,67,0o100644,2009-01-01 00:00:00,890d2aecc55e1ddb771f08cc4ae24e89241920ef755d8c367c617b5e1a442297,
system/var/lib/opkg/info/iptables-module-xt-tproxy.control,system/var/lib/opkg/info/iptables-module-xt-tproxy.control,file,393,252,0o100644,2009-01-01 00:00:00,6aee097a1783c1a9875f38366c000a3e81653c5339d2209278d08bf22a843575,
system/var/lib/opkg/info/iptables-module-ipt-realm.control,system/var/lib/opkg/info/iptables-module-ipt-realm.control,file,393,251,0o100644,2009-01-01 00:00:00,eac745a58c58499ec82944cc3db904e1ba9d31b09aaf36c189d7f03f35e8ce55,
system/var/lib/opkg/info/pam-plugin-rootok.list,system/var/lib/opkg/info/pam-plugin-rootok.list,file,28,28,0o100644,2009-01-01 00:00:00,98d51c39bc9452f876bc34ceeb0159f06238723ecf760d68d91176a7633e2e66,
system/var/lib/opkg/info/iptables-module-xt-policy.list,system/var/lib/opkg/info/iptables-module-xt-policy.list,file,33,32,0o100644,2009-01-01 00:00:00,d9b6e75bb2c5b19f7baae762ac8d0a19f17b71f19c3fb87b4710dc07b101f0b0,
system/var/lib/opkg/info/shadow-securetty.control,system/var/lib/opkg/info/shadow-securetty.control,file,357,213,0o100644,2009-01-01 00:00:00,3abc20017e58ef43d7fea4bcdc186057840e6fe07ccc1739061cd604f4a61aba,
system/var/lib/opkg/info/iptables-module-xt-tcpoptstrip.list,system/var/lib/opkg/info/iptables-module-xt-tcpoptstrip.list,file,38,37,0o100644,2009-01-01 00:00:00,7a6d077284d45a7542ebdc1739a123d7b00993047f9a2498ea0a15a8e7821d15,
system/var/lib/opkg/info/kernel-module-spidev-4.14.206-perf.list,system/var/lib/opkg/info/kernel-module-spidev-4.14.206-perf.list,file,103,60,0o100644,2009-01-01 00:00:00,beed2cd1ed8ee39be75c0418b63b6ba3b640e3e18ef42db77b85931472cfb798,
system/var/lib/opkg/info/iptables-module-xt-limit.list,system/var/lib/opkg/info/iptables-module-xt-limit.list,file,32,31,0o100644,2009-01-01 00:00:00,63fbe2c009d16d6a51bec3cb5b073a7b6fa3be0755ec940d764f8a39a7d51b88,
system/var/lib/opkg/info/bt-app.list,system/var/lib/opkg/info/bt-app.list,file,78,59,0o100644,2009-01-01 00:00:00,3554c44f302eb30aa1280e9bd58470f22f934bdb845af3e0bbcf505d58939233,
system/var/lib/opkg/info/qapi-demo-app.control,system/var/lib/opkg/info/qapi-demo-app.control,file,507,310,0o100644,2009-01-01 00:00:00,169b6091e16e7185ca59111328d294151c889c618259a193d477745bcb44e942,
system/var/lib/opkg/info/iptables-module-ipt-realm.list,system/var/lib/opkg/info/iptables-module-ipt-realm.list,file,33,32,0o100644,2009-01-01 00:00:00,51a74c44c031db3ba72b0b2d9de0ba8a63cd7d1e3bc1722ec3b06f1e4c46276a,
system/var/lib/opkg/info/kernel-module-gpio-output-4.14.206-perf.postrm,system/var/lib/opkg/info/kernel-module-gpio-output-4.14.206-perf.postrm,file,110,90,0o100755,2009-01-01 00:00:00,7816454f47379296ddf522c6085fde64f7c6252cd2f9f6cc41433cc4a8599079,
system/var/lib/opkg/info/xtwifi-inet-agent.list,system/var/lib/opkg/info/xtwifi-inet-agent.list,file,52,52,0o100644,2009-01-01 00:00:00,f59e673ee879eb6bdfecc6dc61bf95c56e3d7aa7ce04954118de6773d66610d4,
system/var/lib/opkg/info/iptables-module-xt-sctp.list,system/var/lib/opkg/info/iptables-module-xt-sctp.list,file,31,30,0o100644,2009-01-01 00:00:00,aa5aa6f770bbb5fc67a7d60ba651e206298108d839a84e9d7ca796b017722cc2,
system/var/lib/opkg/info/libsepol1.control,system/var/lib/opkg/info/libsepol1.control,file,666,408,0o100644,2009-01-01 00:00:00,08d2e068033c59260a094a41acf94a8488a978a87567b5b9af2fe09c973344fa,
system/var/lib/opkg/info/liblzma5.postinst,system/var/lib/opkg/info/liblzma5.postinst,file,97,72,0o100755,2009-01-01 00:00:00,1ded80b320d8b0b0a691da8e63c7c38791567f99b1923c8eba6c4bcaedef67b3,
system/var/lib/opkg/info/iptables-module-xt-checksum.control,system/var/lib/opkg/info/iptables-module-xt-checksum.control,file,399,254,0o100644,2009-01-01 00:00:00,4326fd6970a233180c646266c5825c35a4c02e2b78067756a317ab79646cd99e,
system/var/lib/opkg/info/embms-kernel.control,system/var/lib/opkg/info/embms-kernel.control,file,340,217,0o100644,2009-01-01 00:00:00,f527cfb8e4844c8b3ceec724f9f70370dbe8cff7b94475ee76fc08a81a4aea0e,
system/var/lib/opkg/info/libasn1c-crt1.postinst,system/var/lib/opkg/info/libasn1c-crt1.postinst,file,97,72,0o100755,2009-01-01 00:00:00,1ded80b320d8b0b0a691da8e63c7c38791567f99b1923c8eba6c4bcaedef67b3,
system/var/lib/opkg/info/libselinux1.postinst,system/var/lib/opkg/info/libselinux1.postinst,file,97,72,0o100755,2009-01-01 00:00:00,1ded80b320d8b0b0a691da8e63c7c38791567f99b1923c8eba6c4bcaedef67b3,
system/var/lib/opkg/info/iptables-module-ipt-redirect.control,system/var/lib/opkg/info/iptables-module-ipt-redirect.control,file,402,252,0o100644,2009-01-01 00:00:00,c8e6a71a7e03c61be7dd35f50611ee029273b8124b5dab3b4a723efd71e39cd1,
system/var/lib/opkg/info/kernel-module-soundcore-4.14.206-perf.list,system/var/lib/opkg/info/kernel-module-soundcore-4.14.206-perf.list,file,94,56,0o100644,2009-01-01 00:00:00,2816f8a70ef22622518dcdd9c0ecb171a458e2f681fb627aa1298516e3547cef,
system/var/lib/opkg/info/e2fsprogs-e2fsck.list,system/var/lib/opkg/info/e2fsprogs-e2fsck.list,file,61,31,0o100644,2009-01-01 00:00:00,16ca1ad9357f81586bbce3012efeaec5f6659e6d654e32e8a224650ed515e370,
system/var/lib/opkg/info/iputils-clockdiff.control,system/var/lib/opkg/info/iputils-clockdiff.control,file,490,326,0o100644,2009-01-01 00:00:00,ec14cbe5173e3614f410804f99f3a8dd868fb2b7e39263035c1923791a313ef5,
system/var/lib/opkg/info/iptables-module-xt-set.list,system/var/lib/opkg/info/iptables-module-xt-set.list,file,60,37,0o100644,2009-01-01 00:00:00,0d922471b1e42f3662cedf39352c5fa11fdf0bcb12957b1838c5af7f8896476a,
system/var/lib/opkg/info/policycoreutils-secon.list,system/var/lib/opkg/info/policycoreutils-secon.list,file,15,15,0o100644,2009-01-01 00:00:00,25e62da32389f90a8a912a1bcc7dbd4d412e5f58bbc04313ed2cf93872974b2b,
system/var/lib/opkg/info/avahi-daemon.list,system/var/lib/opkg/info/avahi-daemon.list,file,330,139,0o100644,2009-01-01 00:00:00,2b477066b86b360ef668a90ae8e1ff3e0eaaceb0d197f632158c1a99bc3801e9,
system/var/lib/opkg/info/libgmp10.postinst,system/var/lib/opkg/info/libgmp10.postinst,file,97,72,0o100755,2009-01-01 00:00:00,1ded80b320d8b0b0a691da8e63c7c38791567f99b1923c8eba6c4bcaedef67b3,
system/var/lib/opkg/info/iptables-module-ipt-icmp.list,system/var/lib/opkg/info/iptables-module-ipt-icmp.list,file,32,31,0o100644,2009-01-01 00:00:00,c319fe404e4dd311a2d9d41b0c9eb3d66e246027d474b0585d27430611c726ca,
system/var/lib/opkg/info/kernel-module-aqc-ipa-offload-4.14.206-perf.control,system/var/lib/opkg/info/kernel-module-aqc-ipa-offload-4.14.206-perf.control,file,445,248,0o100644,2009-01-01 00:00:00,c90e9f5ce4aeca0f495297b3920778f4e09a989c720225518df3771073ac5c07,
system/var/lib/opkg/info/wpa-supplicant-qcacld.list,system/var/lib/opkg/info/wpa-supplicant-qcacld.list,file,94,64,0o100644,2009-01-01 00:00:00,6095d8f1181bcff4770b246fa1cf6e1f94e7f2eb966029ada0dd0ba02a61ce62,
system/var/lib/opkg/info/libblkid1.control,system/var/lib/opkg/info/libblkid1.control,file,438,280,0o100644,2009-01-01 00:00:00,6c5ed4cef25fcfea71abb9e1ada2ecd328ddb4644aceee2706f6321a112c4d92,
system/var/lib/opkg/info/busybox-syslog.prerm,system/var/lib/opkg/info/busybox-syslog.prerm,file,498,251,0o100755,2009-01-01 00:00:00,44159de8baa52017a7f6202b6a3d8418526939ea19edafdc0cc614f5d83219d1,
system/var/lib/opkg/info/liblocation-api1.list,system/var/lib/opkg/info/liblocation-api1.list,file,64,37,0o100644,2009-01-01 00:00:00,32977673c7f0af3971259815b1861fe617df84b6cbea67b854625dddf88f5478,
system/var/lib/opkg/info/ftm.control,system/var/lib/opkg/info/ftm.control,file,508,307,0o100644,2009-01-01 00:00:00,f59380501bf88e6f323541a8b5d23f193687ffd1e1c49d6ee6d17f948d344ae4,
system/var/lib/opkg/info/iptables-module-ip6t-icmp6.control,system/var/lib/opkg/info/iptables-module-ip6t-icmp6.control,file,396,251,0o100644,2009-01-01 00:00:00,3ff39f31086985d7732d65668295f6df13dfec67738e90fce9ca11ca2d525e09,
system/var/lib/opkg/info/openssl.list,system/var/lib/opkg/info/openssl.list,file,234,90,0o100644,2009-01-01 00:00:00,5771436827f843b0f7d0aea9c425e7ad5a4ca4c5c403e5b744bba2d61587a668,
system/var/lib/opkg/info/libloc-api-wds1.postinst,system/var/lib/opkg/info/libloc-api-wds1.postinst,file,97,72,0o100755,2009-01-01 00:00:00,1ded80b320d8b0b0a691da8e63c7c38791567f99b1923c8eba6c4bcaedef67b3,
system/var/lib/opkg/info/iptables-module-xt-synproxy.control,system/var/lib/opkg/info/iptables-module-xt-synproxy.control,file,399,254,0o100644,2009-01-01 00:00:00,29516ec980ef4c56706a43b0e33b3b6936c33d14f027a907381c3fd8f86f918e,
system/var/lib/opkg/info/modem-shutdown.list,system/var/lib/opkg/info/modem-shutdown.list,file,307,96,0o100644,2009-01-01 00:00:00,c275518af0c0f93a60a160a88f7dc7fb48ee2db3d25fb871e9aff070a70562ff,
system/var/lib/opkg/info/liblocation-api-msg-proto1.list,system/var/lib/opkg/info/liblocation-api-msg-proto1.list,file,84,48,0o100644,2009-01-01 00:00:00,66ff8315c5b139423c71c3b7df6a0e86281f207bafb095b9732967e291da63dc,
system/var/lib/opkg/info/libe2p2.control,system/var/lib/opkg/info/libe2p2.control,file,527,336,0o100644,2009-01-01 00:00:00,0954ccc805628e1e0b4becd2693a4a82f9fb22556500b30912a33c43fe8f5e33,
system/var/lib/opkg/info/iptables-module-xt-hmark.control,system/var/lib/opkg/info/iptables-module-xt-hmark.control,file,390,252,0o100644,2009-01-01 00:00:00,2d6ea56cd33f17cb99dcb7e63bcb0b51389430021bf187205e107794244cf8df,
system/var/lib/opkg/info/iptables-module-xt-tos.list,system/var/lib/opkg/info/iptables-module-xt-tos.list,file,60,37,0o100644,2009-01-01 00:00:00,8786d350e26a8d46c398b94a46418ca47513ed36191d990a0bc399a40650331b,
system/var/lib/opkg/info/system-core-adbd.list,system/var/lib/opkg/info/system-core-adbd.list,file,407,138,0o100644,2009-01-01 00:00:00,e83faa809c1a1f31767b38739e020453b214eeb3cec7dd34c90f313c4f7945c9,
system/var/lib/opkg/info/conntrack-tools.list,system/var/lib/opkg/info/conntrack-tools.list,file,41,27,0o100644,2009-01-01 00:00:00,068485b002c992a2522552f84639b9219bb6d80c0941b7ce7ce3a054596dc527,
system/var/lib/opkg/info/kernel-module-nvram-linux-4.14.206-perf.control,system/var/lib/opkg/info/kernel-module-nvram-linux-4.14.206-perf.control,file,385,225,0o100644,2009-01-01 00:00:00,e9f7e2d46ecf88802281952e0e068f07156dc19c4e363d581833d40d118ec42f,
system/var/lib/opkg/info/busybox-syslog.postinst,system/var/lib/opkg/info/busybox-syslog.postinst,file,492,238,0o100755,2009-01-01 00:00:00,13889d0c9f1a638efea7d41d5ed3d7560e3d7d02fe3695d03318b2bd19b9d60a,
system/var/lib/opkg/info/libffi6.postinst,system/var/lib/opkg/info/libffi6.postinst,file,97,72,0o100755,2009-01-01 00:00:00,1ded80b320d8b0b0a691da8e63c7c38791567f99b1923c8eba6c4bcaedef67b3,
system/var/lib/opkg/info/mcm-core.list,system/var/lib/opkg/info/mcm-core.list,file,681,244,0o100644,2009-01-01 00:00:00,d11f3125d2d9d70915ad84c4d30227499aa76fa6220635c8a83abd7e2db5c0f4,
system/var/lib/opkg/info/iptables-module-ebt-ip.list,system/var/lib/opkg/info/iptables-module-ebt-ip.list,file,30,29,0o100644,2009-01-01 00:00:00,c91674fc18c4961e2d83b9b8beaac824262b7bb51d0c3c6db089e1f4dbca241a,
system/var/lib/opkg/info/protobuf.postinst,system/var/lib/opkg/info/protobuf.postinst,file,97,72,0o100755,2009-01-01 00:00:00,1ded80b320d8b0b0a691da8e63c7c38791567f99b1923c8eba6c4bcaedef67b3,
system/var/lib/opkg/info/rtsp-alg.control,system/var/lib/opkg/info/rtsp-alg.control,file,361,232,0o100644,2009-01-01 00:00:00,d6b7a071fb5ca247b123c0cda5e733aca473abfdda8b8d9b59fa56f3562f1efc,
system/var/lib/opkg/info/time-services.list,system/var/lib/opkg/info/time-services.list,file,351,128,0o100644,2009-01-01 00:00:00,0640a04353a6f5f12a738469fb208b1601775a56e3a9700baa5116d9ef956b9d,
system/var/lib/opkg/info/libunistring2.postinst,system/var/lib/opkg/info/libunistring2.postinst,file,97,72,0o100755,2009-01-01 00:00:00,1ded80b320d8b0b0a691da8e63c7c38791567f99b1923c8eba6c4bcaedef67b3,
system/var/lib/opkg/info/util-linux-umount.postinst,system/var/lib/opkg/info/util-linux-umount.postinst,file,93,76,0o100755,2009-01-01 00:00:00,2d738e89c6fb36d1d9c9a1e2ef3d3c69f484a8dd54ddfb9040009ef4086e3e19,
system/var/lib/opkg/info/iptables-module-ipt-dnat.list,system/var/lib/opkg/info/iptables-module-ipt-dnat.list,file,32,31,0o100644,2009-01-01 00:00:00,09a192a5a28a741b0de07d6e670baac7a614b3a360f4bcf6e97fabe799328fca,
system/var/lib/opkg/info/data-oss.list,system/var/lib/opkg/info/data-oss.list,file,74,41,0o100644,2009-01-01 00:00:00,3a68132429dee0a645627367e59e01e01aea59a947432f7f9f865aa0dff24e33,
system/var/lib/opkg/info/base-files.control,system/var/lib/opkg/info/base-files.control,file,422,266,0o100644,2009-01-01 00:00:00,12690c57338cad0ae3eddda2353d0f1dec4d1b0524379b5a9d84d8ea8c9f3b3a,
system/var/lib/opkg/info/kernel-module-mtd-stresstest-4.14.206-perf.postrm,system/var/lib/opkg/info/kernel-module-mtd-stresstest-4.14.206-perf.postrm,file,110,90,0o100755,2009-01-01 00:00:00,7816454f47379296ddf522c6085fde64f7c6252cd2f9f6cc41433cc4a8599079,
system/var/lib/opkg/info/libpam-runtime.list,system/var/lib/opkg/info/libpam-runtime.list,file,523,174,0o100644,2009-01-01 00:00:00,dab8731f4d6d359dfedab242ff88356b0eff0c45dfa913b49599e91e18f15c50,
system/var/lib/opkg/info/kernel-module-snd-compress-4.14.206-perf.control,system/var/lib/opkg/info/kernel-module-snd-compress-4.14.206-perf.control,file,457,257,0o100644,2009-01-01 00:00:00,aff410faba7fe6e9fe4ed0c996c95941a4e387b0e740b8c7d427ddb57777cfd2,
system/var/lib/opkg/info/liblocation-integration-api1.postinst,system/var/lib/opkg/info/liblocation-integration-api1.postinst,file,97,72,0o100755,2009-01-01 00:00:00,1ded80b320d8b0b0a691da8e63c7c38791567f99b1923c8eba6c4bcaedef67b3,
system/var/lib/opkg/info/iptables-module-ip6t-masquerade.list,system/var/lib/opkg/info/iptables-module-ip6t-masquerade.list,file,39,38,0o100644,2009-01-01 00:00:00,3bb69c1fc2f279635679ca0175792b88d55d54339cc94fdfa2e709cd8da2157f,
system/var/lib/opkg/info/iptables-module-xt-time.control,system/var/lib/opkg/info/iptables-module-xt-time.control,file,387,250,0o100644,2009-01-01 00:00:00,7dc1f25343e77e464e49a4021793e511af6e7baa8d14e4063f9819e5d233c8f9,
system/var/lib/opkg/info/busybox.postinst,system/var/lib/opkg/info/busybox.postinst,file,54490,4285,0o100755,2009-01-01 00:00:00,6e596ba5a23696abc29c1a174ad03af4ecc43904d0284661820fff8507ea9bc7,
system/var/lib/opkg/info/liblocdiagiface1.list,system/var/lib/opkg/info/liblocdiagiface1.list,file,92,41,0o100644,2009-01-01 00:00:00,06fc50aad7256a3770165f2aaee3a88c56ac73b3f74d0ce1e61101fbeae9cc7c,
system/var/lib/opkg/info/libubox.postinst,system/var/lib/opkg/info/libubox.postinst,file,97,72,0o100755,2009-01-01 00:00:00,1ded80b320d8b0b0a691da8e63c7c38791567f99b1923c8eba6c4bcaedef67b3,
system/var/lib/opkg/info/libpcre1.list,system/var/lib/opkg/info/libpcre1.list,file,63,33,0o100644,2009-01-01 00:00:00,d379e6c71837a7fac267eee6a951067c69f71f990acb69b5edbab81ca52f328c,
system/var/lib/opkg/info/libssl1.1.control,system/var/lib/opkg/info/libssl1.1.control,file,440,287,0o100644,2009-01-01 00:00:00,74eb6bc1f4bc9c216679c2a0edcdb3b16a0a87206c79a8497c4c129315beb685,
system/var/lib/opkg/info/liblocation-api1.postinst,system/var/lib/opkg/info/liblocation-api1.postinst,file,97,72,0o100755,2009-01-01 00:00:00,1ded80b320d8b0b0a691da8e63c7c38791567f99b1923c8eba6c4bcaedef67b3,
system/var/lib/opkg/info/iptables-module-ipt-masquerade.control,system/var/lib/opkg/info/iptables-module-ipt-masquerade.control,file,408,255,0o100644,2009-01-01 00:00:00,0e078c0e142b9ea4cdb728837e97837eca296a8b4d8601cfedd70902972af142,
system/var/lib/opkg/info/iptables-module-ip6t-eui64.list,system/var/lib/opkg/info/iptables-module-ip6t-eui64.list,file,34,33,0o100644,2009-01-01 00:00:00,dfbd33c4bbdaa7a4a1f04cc2e793cd624b15265c1277a945a7e54193a09c9be0,
system/var/lib/opkg/info/libloc-net-iface1.list,system/var/lib/opkg/info/libloc-net-iface1.list,file,290,102,0o100644,2009-01-01 00:00:00,0afa47023e72e3f3779688520438f3fc9e2c1c6eb30577bf0dace7647fb9d8d1,
system/var/lib/opkg/info/libsystemdq0.control,system/var/lib/opkg/info/libsystemdq0.control,file,596,357,0o100644,2009-01-01 00:00:00,46080397b1abd0b0b07e160d614800cf0fb5d012dfa5d44ad0912ad9f4048b4d,
system/var/lib/opkg/info/garden-app.postinst,system/var/lib/opkg/info/garden-app.postinst,file,97,72,0o100755,2009-01-01 00:00:00,1ded80b320d8b0b0a691da8e63c7c38791567f99b1923c8eba6c4bcaedef67b3,
system/var/lib/opkg/info/keymaps.control,system/var/lib/opkg/info/keymaps.control,file,309,214,0o100644,2009-01-01 00:00:00,03e88883dd70db5ae2691b61e62de30cbee8b85b62143b9a256c2d6312f6df31,
system/var/lib/opkg/info/libcutils0.postinst,system/var/lib/opkg/info/libcutils0.postinst,file,97,72,0o100755,2009-01-01 00:00:00,1ded80b320d8b0b0a691da8e63c7c38791567f99b1923c8eba6c4bcaedef67b3,
system/var/lib/opkg/info/iptables-module-ipt-ecn.list,system/var/lib/opkg/info/iptables-module-ipt-ecn.list,file,31,30,0o100644,2009-01-01 00:00:00,59458613e98bd2e34b6dc197e37d2cb459b0f7f761a728aa2e779364d685ec9e,
system/var/lib/opkg/info/iptables-module-ipt-icmp.control,system/var/lib/opkg/info/iptables-module-ipt-icmp.control,file,390,251,0o100644,2009-01-01 00:00:00,25ca81e947de4c0f0fde66c007b7084f9853fca46e4ecf64f0dd60e6342ce651,
system/var/lib/opkg/info/ca-certificates.conffiles,system/var/lib/opkg/info/ca-certificates.conffiles,file,26,26,0o100644,2009-01-01 00:00:00,761fcc3f70b47d9e3aba4372746e2f134f4e767e95343c7b68c3fe7984500073,
system/var/lib/opkg/info/busybox.control,system/var/lib/opkg/info/busybox.control,file,950,545,0o100644,2009-01-01 00:00:00,6d99143b0dfb72fc140877a5f41f3144a58999c0c8dee894ebd85bb8db35d44f,
system/var/lib/opkg/info/edk2.control,system/var/lib/opkg/info/edk2.control,file,310,215,0o100644,2009-01-01 00:00:00,783cfc682f1b441c1e337ee50dd82bd135cba0b4a9d531c6d7fe4f2725af3cb7,
system/var/lib/opkg/info/systemd-compat-units.list,system/var/lib/opkg/info/systemd-compat-units.list,file,0,0,0o100644,2009-01-01 00:00:00,e3b0c44298fc1c149afbf4c8996fb92427ae41e4649b934ca495991b7852b855,
system/var/lib/opkg/info/tftp-server.list,system/var/lib/opkg/info/tftp-server.list,file,1375,286,0o100644,2009-01-01 00:00:00,e2212f542ccbecb31a3206e0d1174f1efc8b651c5bc02a2f7c9cfeb72fb3e7b7,
system/var/lib/opkg/info/kernel-module-gpio-input-4.14.206-perf.postinst,system/var/lib/opkg/info/kernel-module-gpio-input-4.14.206-perf.postinst,file,180,144,0o100755,2009-01-01 00:00:00,f087f32e8cc0056b4aecca17dae3b0f7a8f345d8cbfe50adbb6ad5000c022b97,
system/var/lib/opkg/info/libsys-info-cache1.postinst,system/var/lib/opkg/info/libsys-info-cache1.postinst,file,97,72,0o100755,2009-01-01 00:00:00,1ded80b320d8b0b0a691da8e63c7c38791567f99b1923c8eba6c4bcaedef67b3,
system/var/lib/opkg/info/iptables-module-xt-state.list,system/var/lib/opkg/info/iptables-module-xt-state.list,file,32,31,0o100644,2009-01-01 00:00:00,c3a7a3e631531148533653e5ccf15f52cac144d648e313c2e69398d8f4ed665d,
system/var/lib/opkg/info/iptables-module-ip6t-ah.list,system/var/lib/opkg/info/iptables-module-ip6t-ah.list,file,31,30,0o100644,2009-01-01 00:00:00,c52cae7ec4f5b8a4e106c61437f0ed744d360d7104dd9abd13920d94c03e6482,
system/var/lib/opkg/info/kernel-module-mtd-nandecctest-4.14.206-perf.postinst,system/var/lib/opkg/info/kernel-module-mtd-nandecctest-4.14.206-perf.postinst,file,180,144,0o100755,2009-01-01 00:00:00,f087f32e8cc0056b4aecca17dae3b0f7a8f345d8cbfe50adbb6ad5000c022b97,
system/var/lib/opkg/info/kernel-module-snd-soc-core-4.14.206-perf.list,system/var/lib/opkg/info/kernel-module-snd-soc-core-4.14.206-perf.list,file,105,63,0o100644,2009-01-01 00:00:00,ad1a8cc374d11ec4d0484fe34ab0c75a8ae1f5c573f5e498bda8fa751058cbd7,
system/var/lib/opkg/info/iptables-module-xt-ecn.control,system/var/lib/opkg/info/iptables-module-xt-ecn.control,file,384,249,0o100644,2009-01-01 00:00:00,a511d6130d60b6ba3e6e3e620c6a3c17d3943a51e1d28f4a5841c1dd2d32125e,
system/var/lib/opkg/info/pam-plugin-mail.list,system/var/lib/opkg/info/pam-plugin-mail.list,file,26,26,0o100644,2009-01-01 00:00:00,9c26c1b258e66c0c5385984cdeb828b9d36ffd77d2ce9d7404e23bc407fd484c,
system/var/lib/opkg/info/iptables-module-xt-checksum.list,system/var/lib/opkg/info/iptables-module-xt-checksum.list,file,35,34,0o100644,2009-01-01 00:00:00,4c674734747c240d34a50edafbe07bb6b99cccb558850ab30bc579686feecd03,
system/var/lib/opkg/info/iptables-module-xt-multiport.control,system/var/lib/opkg/info/iptables-module-xt-multiport.control,file,402,254,0o100644,2009-01-01 00:00:00,f91a0be10c30d09c85e2c1ac09336afdfc09110338eace09d37ed54124ea681e,
system/var/lib/opkg/info/kernel-module-gpio-input-4.14.206-perf.list,system/var/lib/opkg/info/kernel-module-gpio-input-4.14.206-perf.list,file,67,65,0o100644,2009-01-01 00:00:00,7306c8b815698c7199ad39b36fecf075d531c4c0a15a3008200cf0d94d07ebb7,
system/var/lib/opkg/info/kernel-module-nf-nat-rtsp-4.14.206-perf.list,system/var/lib/opkg/info/kernel-module-nf-nat-rtsp-4.14.206-perf.list,file,61,61,0o100644,2009-01-01 00:00:00,eab1ee60a042ce0a4a45c0b13a1ae1e2607b06c18336dceecd3ec0e6afc2d1be,
system/var/lib/opkg/info/iptables-module-xt-rpfilter.list,system/var/lib/opkg/info/iptables-module-xt-rpfilter.list,file,35,34,0o100644,2009-01-01 00:00:00,3cf661d13c27008fcf21475f20e78c72681e3c07e26601bab9ff6eb9e93786b3,
system/var/lib/opkg/info/volatile-binds.control,system/var/lib/opkg/info/volatile-binds.control,file,367,207,0o100644,2009-01-01 00:00:00,27fdda4c8bb12ae9a6fb025ab11bd888fe7f9dffa732afdd00053bdc0300b7ae,
system/var/lib/opkg/info/kbd.prerm,system/var/lib/opkg/info/kbd.prerm,file,317,112,0o100755,2009-01-01 00:00:00,38649dee797def03ea70ad6f2f4bd45e378c0cce38a7163e089de4dc3ab2a312,
system/var/lib/opkg/info/kernel-module-gpio-output-4.14.206-perf.postinst,system/var/lib/opkg/info/kernel-module-gpio-output-4.14.206-perf.postinst,file,180,144,0o100755,2009-01-01 00:00:00,f087f32e8cc0056b4aecca17dae3b0f7a8f345d8cbfe50adbb6ad5000c022b97,
system/var/lib/opkg/info/libjson-c4.control,system/var/lib/opkg/info/libjson-c4.control,file,498,336,0o100644,2009-01-01 00:00:00,9386424a45285af241c54c53066b36e78c9ef7b56475de56ec95d3f832b281e3,
system/var/lib/opkg/info/qce.control,system/var/lib/opkg/info/qce.control,file,299,213,0o100644,2009-01-01 00:00:00,df5b7006addb2231abb09582d0890f07c4141ce834c0dd9fd906e42b04129361,
system/var/lib/opkg/info/libsqlite3-0.postinst,system/var/lib/opkg/info/libsqlite3-0.postinst,file,97,72,0o100755,2009-01-01 00:00:00,1ded80b320d8b0b0a691da8e63c7c38791567f99b1923c8eba6c4bcaedef67b3,
system/var/lib/opkg/info/kernel-module-aqc-ipa-offload-4.14.206-perf.list,system/var/lib/opkg/info/kernel-module-aqc-ipa-offload-4.14.206-perf.list,file,52,52,0o100644,2009-01-01 00:00:00,45c1f3432572c1b4b4984bf63444ab51571d3bd487facc6e7403051c939121c9,
system/var/lib/opkg/info/mtd-utils-ubifs.list,system/var/lib/opkg/info/mtd-utils-ubifs.list,file,296,112,0o100644,2009-01-01 00:00:00,c920ca9a54c88e522ed8fa4f32337afe5d35fa4792582e78ca67b1882c692210,
system/var/lib/opkg/info/iputils-ping.list,system/var/lib/opkg/info/iputils-ping.list,file,18,18,0o100644,2009-01-01 00:00:00,89a98fc45d9120e3e3159cc547ff79ea7564cbf2aa71f0461f315254c34b2f6c,
system/var/lib/opkg/info/openssl.control,system/var/lib/opkg/info/openssl.control,file,392,256,0o100644,2009-01-01 00:00:00,106410d449e534d61e4e48856510aeac9dae12d8a69f5294fb770d8b992fc815,
system/var/lib/opkg/info/libion0.list,system/var/lib/opkg/info/libion0.list,file,46,26,0o100644,2009-01-01 00:00:00,97f7a32f9e5417c2d53527662d0d37f3bcbdfd6c9ad9e709f3a4cb314c061956,
system/var/lib/opkg/info/kernel-module-qca-ssdk-4.14.206-perf.postrm,system/var/lib/opkg/info/kernel-module-qca-ssdk-4.14.206-perf.postrm,file,110,90,0o100755,2009-01-01 00:00:00,7816454f47379296ddf522c6085fde64f7c6252cd2f9f6cc41433cc4a8599079,
system/var/lib/opkg/info/pam-plugin-rootok.control,system/var/lib/opkg/info/pam-plugin-rootok.control,file,461,291,0o100644,2009-01-01 00:00:00,15a9a6c14380b8b939884720326b18d1ae33bcc4e0a81bdd8816eb9c7937b066,
system/var/lib/opkg/info/kernel-module-qcedevice-4.14.206-perf.postrm,system/var/lib/opkg/info/kernel-module-qcedevice-4.14.206-perf.postrm,file,110,90,0o100755,2009-01-01 00:00:00,7816454f47379296ddf522c6085fde64f7c6252cd2f9f6cc41433cc4a8599079,
system/var/lib/opkg/info/kernel-module-embms-kernel-4.14.206-perf.control,system/var/lib/opkg/info/kernel-module-embms-kernel-4.14.206-perf.control,file,391,218,0o100644,2009-01-01 00:00:00,1dd15f4bb99b4e53a9ca827b526530f80eab3dcb25cab3283d38d202180e1079,
system/var/lib/opkg/info/libcap2.postinst,system/var/lib/opkg/info/libcap2.postinst,file,97,72,0o100755,2009-01-01 00:00:00,1ded80b320d8b0b0a691da8e63c7c38791567f99b1923c8eba6c4bcaedef67b3,
system/var/lib/opkg/info/libnl-nf-3-200.postinst,system/var/lib/opkg/info/libnl-nf-3-200.postinst,file,97,72,0o100755,2009-01-01 00:00:00,1ded80b320d8b0b0a691da8e63c7c38791567f99b1923c8eba6c4bcaedef67b3,
system/var/lib/opkg/info/kernel-module-gpio-axis-4.14.206-perf.postinst,system/var/lib/opkg/info/kernel-module-gpio-axis-4.14.206-perf.postinst,file,180,144,0o100755,2009-01-01 00:00:00,f087f32e8cc0056b4aecca17dae3b0f7a8f345d8cbfe50adbb6ad5000c022b97,
system/var/lib/opkg/info/iptables-module-xt-trace.control,system/var/lib/opkg/info/iptables-module-xt-trace.control,file,390,251,0o100644,2009-01-01 00:00:00,6cc830e7e32227a5d9f52088612e4b0ef95dcd90ecd6025ae718324d2831f3d3,
system/var/lib/opkg/info/iptables-module-xt-policy.control,system/var/lib/opkg/info/iptables-module-xt-policy.control,file,393,252,0o100644,2009-01-01 00:00:00,3e4a776a9d9547f23a9a9c2135c3027268e1a36404a07aa95edcf955b4755fff,
system/var/lib/opkg/info/liblocation-qapi1.postinst,system/var/lib/opkg/info/liblocation-qapi1.postinst,file,97,72,0o100755,2009-01-01 00:00:00,1ded80b320d8b0b0a691da8e63c7c38791567f99b1923c8eba6c4bcaedef67b3,
system/var/lib/opkg/info/packagegroup-base-keyboard.list,system/var/lib/opkg/info/packagegroup-base-keyboard.list,file,0,0,0o100644,2009-01-01 00:00:00,e3b0c44298fc1c149afbf4c8996fb92427ae41e4649b934ca495991b7852b855,
system/var/lib/opkg/info/pam-plugin-group.list,system/var/lib/opkg/info/pam-plugin-group.list,file,27,27,0o100644,2009-01-01 00:00:00,6d7e624c4edc49491ae5602c5476118820455b9115ffed39dc00ec0dab712123,
system/var/lib/opkg/info/kernel-module-snd-timer-4.14.206-perf.postinst,system/var/lib/opkg/info/kernel-module-snd-timer-4.14.206-perf.postinst,file,180,144,0o100755,2009-01-01 00:00:00,f087f32e8cc0056b4aecca17dae3b0f7a8f345d8cbfe50adbb6ad5000c022b97,
system/var/lib/opkg/info/libdiag1.list,system/var/lib/opkg/info/libdiag1.list,file,404,122,0o100644,2009-01-01 00:00:00,7ebb5eb6d32daae3f73c82eb172b39f1fd306d3c2569a717d759aa7d827af969,
system/var/lib/opkg/info/iptables-module-xt-connsecmark.control,system/var/lib/opkg/info/iptables-module-xt-connsecmark.control,file,408,256,0o100644,2009-01-01 00:00:00,6141e5526f36d345e1790e3e6de9edb879f709d088f667685b90ff5498b949fa,
system/var/lib/opkg/info/iptables-module-xt-rateest.control,system/var/lib/opkg/info/iptables-module-xt-rateest.control,file,396,251,0o100644,2009-01-01 00:00:00,8b367f8345d08dc4c65cf09a92bc522316b5f946e8ef28ecbee784918701a035,
system/var/lib/opkg/info/kernel-module-mtd-readtest-4.14.206-perf.postrm,system/var/lib/opkg/info/kernel-module-mtd-readtest-4.14.206-perf.postrm,file,110,90,0o100755,2009-01-01 00:00:00,7816454f47379296ddf522c6085fde64f7c6252cd2f9f6cc41433cc4a8599079,
system/var/lib/opkg/info/nettle.list,system/var/lib/opkg/info/nettle.list,file,213,101,0o100644,2009-01-01 00:00:00,5e1efe4a048312f953a34f89b7e4e92c877b5e325071b4dcc689c911a953a46a,
system/var/lib/opkg/info/libstdc++6.postinst,system/var/lib/opkg/info/libstdc++6.postinst,file,97,72,0o100755,2009-01-01 00:00:00,1ded80b320d8b0b0a691da8e63c7c38791567f99b1923c8eba6c4bcaedef67b3,
system/var/lib/opkg/info/iptables-module-ip6t-hl.control,system/var/lib/opkg/info/iptables-module-ip6t-hl.control,file,387,250,0o100644,2009-01-01 00:00:00,646f35bc306ec3d1913376ab5cb82e660958098d6ea804f4a606f2595603799a,
system/var/lib/opkg/info/keymaps.postinst,system/var/lib/opkg/info/keymaps.postinst,file,113,98,0o100755,2009-01-01 00:00:00,9facb9aaf450c8dcec3e134c78e12444a79b55f8ccfd9a9b58312e83e520d742,
system/var/lib/opkg/info/kernel-module-gpio-input-4.14.206-perf.postrm,system/var/lib/opkg/info/kernel-module-gpio-input-4.14.206-perf.postrm,file,110,90,0o100755,2009-01-01 00:00:00,7816454f47379296ddf522c6085fde64f7c6252cd2f9f6cc41433cc4a8599079,
system/var/lib/opkg/info/libubox.control,system/var/lib/opkg/info/libubox.control,file,429,285,0o100644,2009-01-01 00:00:00,21a913f4f176f4fdc4dd30357c0848cc4d614d77d0a0b1e0d4a75b276911f7d0,
system/var/lib/opkg/info/libnl-route-3-200.list,system/var/lib/opkg/info/libnl-route-3-200.list,file,65,38,0o100644,2009-01-01 00:00:00,0aea4a5fdf3a16d1c88cddc222dabaac432f064df855dddee5522f8e7cbc8620,
system/var/lib/opkg/info/libizat-core1.postinst,system/var/lib/opkg/info/libizat-core1.postinst,file,97,72,0o100755,2009-01-01 00:00:00,1ded80b320d8b0b0a691da8e63c7c38791567f99b1923c8eba6c4bcaedef67b3,
system/var/lib/opkg/info/kernel-module-mmc-test-4.14.206-perf.postinst,system/var/lib/opkg/info/kernel-module-mmc-test-4.14.206-perf.postinst,file,180,144,0o100755,2009-01-01 00:00:00,f087f32e8cc0056b4aecca17dae3b0f7a8f345d8cbfe50adbb6ad5000c022b97,
system/var/lib/opkg/info/liblocationservice1.list,system/var/lib/opkg/info/liblocationservice1.list,file,70,40,0o100644,2009-01-01 00:00:00,c39f2792e6014ba5deb7d6cc850029bd0af8e151a9b58eb574ef90d3ba4e5daa,
system/var/lib/opkg/info/dbus-1.control,system/var/lib/opkg/info/dbus-1.control,file,834,500,0o100644,2009-01-01 00:00:00,94d82055dd3b0f75ba9bd2571cdd9859eff56c34d42e02f10a043f4db6138fdb,
system/var/lib/opkg/info/iputils-ping.control,system/var/lib/opkg/info/iputils-ping.control,file,528,351,0o100644,2009-01-01 00:00:00,409971368a17beddc96d9fd037bd51a4b8977ddde47497a78f4ff2fb946b4f03,
system/var/lib/opkg/info/iptables-module-xt-synproxy.list,system/var/lib/opkg/info/iptables-module-xt-synproxy.list,file,35,34,0o100644,2009-01-01 00:00:00,1cfb2793a0e1d7d39aac1e6a917545a5de90f2c41e119b0f0e134423a97e9578,
system/var/lib/opkg/info/libdiag1.control,system/var/lib/opkg/info/libdiag1.control,file,484,318,0o100644,2009-01-01 00:00:00,ca599ab9fa373b3f30759f41bbf389afa305417a1f0aeafdf37842c719844e92,
system/var/lib/opkg/info/base-files.preinst,system/var/lib/opkg/info/base-files.preinst,file,279,119,0o100755,2009-01-01 00:00:00,5dae7f5a8c835b71de84dcbe887b1944d1f0f86a66cede2b828c9d23e73f7c2c,
system/var/lib/opkg/info/kernel-module-usb-f-uac1-4.14.206-perf.postrm,system/var/lib/opkg/info/kernel-module-usb-f-uac1-4.14.206-perf.postrm,file,110,90,0o100755,2009-01-01 00:00:00,7816454f47379296ddf522c6085fde64f7c6252cd2f9f6cc41433cc4a8599079,
system/var/lib/opkg/info/shadow-base.list,system/var/lib/opkg/info/shadow-base.list,file,138,75,0o100644,2009-01-01 00:00:00,70f7dd2296403f28f0409553b70db12d5b0a8a2529da6ed48da79db0011881ac,
system/var/lib/opkg/info/libavahi-client3.postinst,system/var/lib/opkg/info/libavahi-client3.postinst,file,97,72,0o100755,2009-01-01 00:00:00,1ded80b320d8b0b0a691da8e63c7c38791567f99b1923c8eba6c4bcaedef67b3,
system/var/lib/opkg/info/kernel-module-embms-kernel-4.14.206-perf.postrm,system/var/lib/opkg/info/kernel-module-embms-kernel-4.14.206-perf.postrm,file,110,90,0o100755,2009-01-01 00:00:00,7816454f47379296ddf522c6085fde64f7c6252cd2f9f6cc41433cc4a8599079,
system/var/lib/opkg/info/wlan-conf.list,system/var/lib/opkg/info/wlan-conf.list,file,396,158,0o100644,2009-01-01 00:00:00,77923388fbecc1a5b1508b03632add53631165e151988de321f3f6bf3ea1f6f1,
system/var/lib/opkg/info/wireless-tools.list,system/var/lib/opkg/info/wireless-tools.list,file,124,62,0o100644,2009-01-01 00:00:00,d8eca82c81d92a66b09aca860638419cbae0e7c82ee6605a5d912827f4c73c37,
system/var/lib/opkg/info/opkg-arch-config.list,system/var/lib/opkg/info/opkg-arch-config.list,file,31,26,0o100644,2009-01-01 00:00:00,8d7c238c82bfe75ca95fcff12c47ca96b448c8a9b8f92d493e8d7e6744458ddf,
system/var/lib/opkg/info/kernel-module-mtd-stresstest-4.14.206-perf.postinst,system/var/lib/opkg/info/kernel-module-mtd-stresstest-4.14.206-perf.postinst,file,180,144,0o100755,2009-01-01 00:00:00,f087f32e8cc0056b4aecca17dae3b0f7a8f345d8cbfe50adbb6ad5000c022b97,
system/var/lib/opkg/info/libavahi-core7.postinst,system/var/lib/opkg/info/libavahi-core7.postinst,file,97,72,0o100755,2009-01-01 00:00:00,1ded80b320d8b0b0a691da8e63c7c38791567f99b1923c8eba6c4bcaedef67b3,
system/var/lib/opkg/info/libopkg1.list,system/var/lib/opkg/info/libopkg1.list,file,63,37,0o100644,2009-01-01 00:00:00,856d0b893538ff5374aec6cebbcca84b079c906506a4a0b1d3dca1cb57a22c06,
system/var/lib/opkg/info/atfwd-daemon.list,system/var/lib/opkg/info/atfwd-daemon.list,file,58,49,0o100644,2009-01-01 00:00:00,94c79a757fc2d1833cbf81f670b3453503f268b0b1883589a35f4eb838f95188,
system/var/lib/opkg/info/libnl-genl-3-200.postinst,system/var/lib/opkg/info/libnl-genl-3-200.postinst,file,97,72,0o100755,2009-01-01 00:00:00,1ded80b320d8b0b0a691da8e63c7c38791567f99b1923c8eba6c4bcaedef67b3,
system/var/lib/opkg/info/garden-app.list,system/var/lib/opkg/info/garden-app.list,file,652,189,0o100644,2009-01-01 00:00:00,8728ecf9a7aeccb77c3bf28375742e4011363d5f82e33df6283b70a465f0effb,
system/var/lib/opkg/info/iptables-module-ip6t-eui64.control,system/var/lib/opkg/info/iptables-module-ip6t-eui64.control,file,396,252,0o100644,2009-01-01 00:00:00,ae7643a54ca3cc5fdc3e1ce99623f80b87a206e42b79ecf255f9c97de8af7048,
system/var/lib/opkg/info/kernel-module-mtd-pagetest-4.14.206-perf.postinst,system/var/lib/opkg/info/kernel-module-mtd-pagetest-4.14.206-perf.postinst,file,180,144,0o100755,2009-01-01 00:00:00,f087f32e8cc0056b4aecca17dae3b0f7a8f345d8cbfe50adbb6ad5000c022b97,
system/var/lib/opkg/info/libgeofencing1.control,system/var/lib/opkg/info/libgeofencing1.control,file,497,280,0o100644,2009-01-01 00:00:00,48d5a1f8452314393558a348f6df144185a7967202c2bb41fc82ef37270dd71b,
system/var/lib/opkg/info/bt-property.list,system/var/lib/opkg/info/bt-property.list,file,20,20,0o100644,2009-01-01 00:00:00,b97de4896ca115404e30196f729e3346423324a39ce53fa1e2f27809c3c89350,
system/var/lib/opkg/info/iptables-module-ipt-ah.control,system/var/lib/opkg/info/iptables-module-ipt-ah.control,file,384,249,0o100644,2009-01-01 00:00:00,1b9188ac7f2a7924bc42e497d4e42791fc453333d0e6722ad64ae9741ab2fc93,
system/var/lib/opkg/info/chg-policy.list,system/var/lib/opkg/info/chg-policy.list,file,225,113,0o100644,2009-01-01 00:00:00,4f78ca8f6029aab79750e15d1205e6f310b135d68b7ca2b45cc306c3ed1b97b8,
system/var/lib/opkg/info/libavahi-core7.list,system/var/lib/opkg/info/libavahi-core7.list,file,60,35,0o100644,2009-01-01 00:00:00,6e7dac15f059e7f7d08121333d646f5f07aafd53d8cae7bd80f4f73b18c119e2,
system/var/lib/opkg/info/alk.list,system/var/lib/opkg/info/alk.list,file,8891,2056,0o100644,2009-01-01 00:00:00,32c2d573820d618fa0f4cb8dd5d46af4e237d0b44eb8b616a1722b9040e8f250,
system/var/lib/opkg/info/pam-plugin-shells.list,system/var/lib/opkg/info/pam-plugin-shells.list,file,28,28,0o100644,2009-01-01 00:00:00,37c0b884a349fba38cb92675a8c0e6d9f2648fc812e3952f1a8b463fb77d6741,
system/var/lib/opkg/info/kernel-module-mtd-speedtest-4.14.206-perf.list,system/var/lib/opkg/info/kernel-module-mtd-speedtest-4.14.206-perf.list,file,169,72,0o100644,2009-01-01 00:00:00,99af3e99fc8109f4e834007e42cfeddbfe88df5a44e012edbea9160ce30573a4,
system/var/lib/opkg/info/util-linux-umount.control,system/var/lib/opkg/info/util-linux-umount.control,file,693,414,0o100644,2009-01-01 00:00:00,179b6a0276d645c91a9b37b88512260de3a6951d87226296a5e12d8d5d429600,
system/var/lib/opkg/info/iptables-module-xt-nfqueue.control,system/var/lib/opkg/info/iptables-module-xt-nfqueue.control,file,396,252,0o100644,2009-01-01 00:00:00,ba3f666959e736781c3df9ee19ccc7145026ad1cbedea60ad3b6531838dc0246,
system/var/lib/opkg/info/strace.control,system/var/lib/opkg/info/strace.control,file,343,235,0o100644,2009-01-01 00:00:00,405dd6c91e13e74a381222ebfb051d80097941304b175427de4b96abd97ca071,
system/var/lib/opkg/info/libcap2.control,system/var/lib/opkg/info/libcap2.control,file,436,278,0o100644,2009-01-01 00:00:00,61eb84a8c3f97eec5cfa36397c91f70f26a60a3fb8af40fd7a4cf68bdb82a98a,
system/var/lib/opkg/info/libnss-mdns.list,system/var/lib/opkg/info/libnss-mdns.list,file,160,48,0o100644,2009-01-01 00:00:00,349e94d680bf2aee2f2ad41b94108e03121f93ebf3d9b1cfa7ca4fc1a4b730ff,
system/var/lib/opkg/info/nmea-test-app.control,system/var/lib/opkg/info/nmea-test-app.control,file,468,297,0o100644,2009-01-01 00:00:00,d023d4787878b87376c77684d75bbdc8aee0fc716a782a5766716f378fcd487e,
system/var/lib/opkg/info/iptables-module-xt-recent.control,system/var/lib/opkg/info/iptables-module-xt-recent.control,file,393,251,0o100644,2009-01-01 00:00:00,64384d72e581b76687ecea7668d6469fd346c0d539b3884545817a00fb654b0b,
system/var/lib/opkg/info/liblowi-client1.list,system/var/lib/opkg/info/liblowi-client1.list,file,62,36,0o100644,2009-01-01 00:00:00,4dde0cd93159c066f718d8fa4e773e707b24bb2ea5161cc9207516ebd7c50606,
system/var/lib/opkg/info/libacl1.control,system/var/lib/opkg/info/libacl1.control,file,452,294,0o100644,2009-01-01 00:00:00,61ff26b6e674827e5c423f37cbd3d37931d72bf594730c322db1c572dfef1f95,
system/var/lib/opkg/info/iptables-module-xt-comment.list,system/var/lib/opkg/info/iptables-module-xt-comment.list,file,34,33,0o100644,2009-01-01 00:00:00,426612a059d74235b299ba003a9eaa40fff5ca31f38b0952652949a8bfddb297,
system/var/lib/opkg/info/alk.control,system/var/lib/opkg/info/alk.control,file,618,375,0o100644,2009-01-01 00:00:00,608ba9f366564c3b8bf283eab03ee31be393c33494fb8b95939b4495211545e9,
system/var/lib/opkg/info/libasn1c-rtx1.list,system/var/lib/opkg/info/libasn1c-rtx1.list,file,58,34,0o100644,2009-01-01 00:00:00,f396828b7a2b279b1db7104cb9f74ea560fb0a8e8374aa61d21927b97b8bad44,
system/var/lib/opkg/info/libxml2.control,system/var/lib/opkg/info/libxml2.control,file,762,467,0o100644,2009-01-01 00:00:00,db7a2a0185ae54a7913481b92f49872a6a941d1331210cfdad98975c64ff6fcc,
system/var/lib/opkg/info/pam-plugin-unix.control,system/var/lib/opkg/info/pam-plugin-unix.control,file,475,301,0o100644,2009-01-01 00:00:00,3f770060e20ca77ed64a8702a171bc6ca442483ee1a806519ebc04ee9244dded,
system/var/lib/opkg/info/libdsutils1.postinst,system/var/lib/opkg/info/libdsutils1.postinst,file,97,72,0o100755,2009-01-01 00:00:00,1ded80b320d8b0b0a691da8e63c7c38791567f99b1923c8eba6c4bcaedef67b3,
system/var/lib/opkg/info/kernel-module-aqc-ipa-offload-4.14.206-perf.postrm,system/var/lib/opkg/info/kernel-module-aqc-ipa-offload-4.14.206-perf.postrm,file,110,90,0o100755,2009-01-01 00:00:00,7816454f47379296ddf522c6085fde64f7c6252cd2f9f6cc41433cc4a8599079,
system/var/lib/opkg/info/coreutils.control,system/var/lib/opkg/info/coreutils.control,file,603,366,0o100644,2009-01-01 00:00:00,47222fac6013cbe26a8d9e554fef1cabc3aac6f55be718b28964af83b4c9f3c0,
system/var/lib/opkg/info/liblzma5.list,system/var/lib/opkg/info/liblzma5.list,file,48,29,0o100644,2009-01-01 00:00:00,ee093d0a5bd346b70af4ae932fd20f0c384d7a70c305fc5465ef011eb8579362,
system/var/lib/opkg/info/common-tools.list,system/var/lib/opkg/info/common-tools.list,file,43,37,0o100644,2009-01-01 00:00:00,18dcf484c477218240ef5ac70fb79a0cb4d756ca53222d1a8c4d2cd693a75f79,
system/var/lib/opkg/info/iptables-module-ipt-ttl.list,system/var/lib/opkg/info/iptables-module-ipt-ttl.list,file,62,38,0o100644,2009-01-01 00:00:00,159a17ff04a303014637f21b148987aec28c0e080792b24065279ec5d819dd58,
system/var/lib/opkg/info/iptables-module-xt-led.control,system/var/lib/opkg/info/iptables-module-xt-led.control,file,384,249,0o100644,2009-01-01 00:00:00,c8b352c25a9bdbf0227669803fa6b78eb963c5db056668cfd9bb1f0d8c06343f,
system/var/lib/opkg/info/kernel-module-mtd-torturetest-4.14.206-perf.list,system/var/lib/opkg/info/kernel-module-mtd-torturetest-4.14.206-perf.list,file,71,66,0o100644,2009-01-01 00:00:00,a016e408310036e95d59c57900323528e0c7f05aa5d0e3001a4d773473443b3b,
system/var/lib/opkg/info/perl.control,system/var/lib/opkg/info/perl.control,file,497,300,0o100644,2009-01-01 00:00:00,cae08c8f27cfd3b70d0d3d80c61ad9053cb646c879d12584de641b19aac87f90,
system/var/lib/opkg/info/pam-plugin-nologin.control,system/var/lib/opkg/info/pam-plugin-nologin.control,file,443,280,0o100644,2009-01-01 00:00:00,e9954fa0876ffe337788b48cd84a9f4e16e7d6eaa6d856e56413c8ea4c10959e,
system/var/lib/opkg/info/libcurl4.list,system/var/lib/opkg/info/libcurl4.list,file,48,29,0o100644,2009-01-01 00:00:00,de282980ba4c33707788c3d70e725150c8e37df4ce960436ee525f1fbea2912c,
system/var/lib/opkg/info/coreutils.postinst,system/var/lib/opkg/info/coreutils.postinst,file,162,89,0o100755,2009-01-01 00:00:00,676f8965b1fddbff623e8c04824bba17dc08d1a33a97e84055c3452e34b6a8cd,
system/var/lib/opkg/info/iptables-module-xt-tproxy.list,system/var/lib/opkg/info/iptables-module-xt-tproxy.list,file,33,32,0o100644,2009-01-01 00:00:00,3874630bd48da628c56d2c05f88896223360bfec8219c5bbfe610d40e32d1c61,
system/var/lib/opkg/info/util-linux-mount.postinst,system/var/lib/opkg/info/util-linux-mount.postinst,file,90,75,0o100755,2009-01-01 00:00:00,74c4bf785a531448a96906c907bcd7420855d499ba8bde4d60b88eecb96f1a10,
system/var/lib/opkg/info/kernel-module-gpio-event-4.14.206-perf.list,system/var/lib/opkg/info/kernel-module-gpio-event-4.14.206-perf.list,file,67,65,0o100644,2009-01-01 00:00:00,12db4af866bc23517dbefa069dbdc34dd4908c2d8fb4a2f979294f4e3d1e6242,
system/var/lib/opkg/info/libmincrypt0.control,system/var/lib/opkg/info/libmincrypt0.control,file,392,248,0o100644,2009-01-01 00:00:00,8f22495ae7952149223076e98880dbbb03a007f61b2aed80b542bea9f07be368,
system/var/lib/opkg/info/iptables-module-ip6t-ah.control,system/var/lib/opkg/info/iptables-module-ip6t-ah.control,file,387,250,0o100644,2009-01-01 00:00:00,e94e19f74f380f71dd959f4b2bb66debffe725453363a86a1e7cd5951db7dfbc,
system/var/lib/opkg/info/libdaemon0.list,system/var/lib/opkg/info/libdaemon0.list,file,52,31,0o100644,2009-01-01 00:00:00,8d5848d8397246960c90395d0a46706fe6db45a28c563000b82596e9720a480e,
system/var/lib/opkg/info/libglib-2.0-0.postinst,system/var/lib/opkg/info/libglib-2.0-0.postinst,file,97,72,0o100755,2009-01-01 00:00:00,1ded80b320d8b0b0a691da8e63c7c38791567f99b1923c8eba6c4bcaedef67b3,
system/var/lib/opkg/info/libdaemon0.postinst,system/var/lib/opkg/info/libdaemon0.postinst,file,97,72,0o100755,2009-01-01 00:00:00,1ded80b320d8b0b0a691da8e63c7c38791567f99b1923c8eba6c4bcaedef67b3,
system/var/lib/opkg/info/libperl5.control,system/var/lib/opkg/info/libperl5.control,file,400,273,0o100644,2009-01-01 00:00:00,5425692d24d9dc68e54a0f9f6f01d4bff2c4148f86cefac41fc2b44a8e3cbc0c,
system/var/lib/opkg/info/garden-app.control,system/var/lib/opkg/info/garden-app.control,file,739,382,0o100644,2009-01-01 00:00:00,39ca8a71307d1dbd6a77480d15ee9926e21411a53a0e1de92349ccbff9a9428d,
system/var/lib/opkg/info/kernel-module-snd-compress-4.14.206-perf.postrm,system/var/lib/opkg/info/kernel-module-snd-compress-4.14.206-perf.postrm,file,110,90,0o100755,2009-01-01 00:00:00,7816454f47379296ddf522c6085fde64f7c6252cd2f9f6cc41433cc4a8599079,
system/var/lib/opkg/info/hci-qcomm-init.postinst,system/var/lib/opkg/info/hci-qcomm-init.postinst,file,97,72,0o100755,2009-01-01 00:00:00,1ded80b320d8b0b0a691da8e63c7c38791567f99b1923c8eba6c4bcaedef67b3,
system/var/lib/opkg/info/kernel-module-snd-pcm-4.14.206-perf.control,system/var/lib/opkg/info/kernel-module-snd-pcm-4.14.206-perf.control,file,470,258,0o100644,2009-01-01 00:00:00,99772aa6a3b458560621f8200013097532e523db456dda957df0a70d7fe3d4c7,
system/var/lib/opkg/info/xtra-daemon.list,system/var/lib/opkg/info/xtra-daemon.list,file,21,21,0o100644,2009-01-01 00:00:00,4ee0ff17d15a101f99aedb38c86f13ebcb627a50fe9068848c1138b75f2330ef,
system/var/lib/opkg/info/pam-plugin-warn.list,system/var/lib/opkg/info/pam-plugin-warn.list,file,26,26,0o100644,2009-01-01 00:00:00,27649b11e1e37249bef4f72d9ac60215ab353c22f7d4190ec1ba865cbd85efa6,
system/var/lib/opkg/info/powerapp.control,system/var/lib/opkg/info/powerapp.control,file,339,233,0o100644,2009-01-01 00:00:00,ac9065012278361d52877a491bb7dd93802d3bb9fdc9a50d022c45e0fdcf23f8,
system/var/lib/opkg/info/iptables-module-ip6t-dnat.control,system/var/lib/opkg/info/iptables-module-ip6t-dnat.control,file,393,251,0o100644,2009-01-01 00:00:00,ac4b62bd6bd2ef8dbc6e996cf3486a908670e12cc168da98fe990d179fa7c9ef,
system/var/lib/opkg/info/libarchive.list,system/var/lib/opkg/info/libarchive.list,file,72,44,0o100644,2009-01-01 00:00:00,fbc4c2b52cb24da84b07b054ea1b6673933af91cbd7bb13dee920d1f2f03da3c,
system/var/lib/opkg/info/opkg.control,system/var/lib/opkg/info/opkg.control,file,509,314,0o100644,2009-01-01 00:00:00,a0ff5a61045a668024c1bb14baa9a0df67a3d1adf1ea0222af6bd58f87ccc3d3,
system/var/lib/opkg/info/libnetmgr-rmnet-ext0.list,system/var/lib/opkg/info/libnetmgr-rmnet-ext0.list,file,72,38,0o100644,2009-01-01 00:00:00,f84feea4fe7c7cc76d8ed62433f0830fc6688ff99341d96e5e843486908be01e,
system/var/lib/opkg/info/iptables-module-xt-connbytes.list,system/var/lib/opkg/info/iptables-module-xt-connbytes.list,file,36,35,0o100644,2009-01-01 00:00:00,64c1b49b27925bdddd805752e2c316b9627ec7c01e00df7ba161498a105c7f4d,
system/var/lib/opkg/info/kernel-module-gpio-matrix-4.14.206-perf.postinst,system/var/lib/opkg/info/kernel-module-gpio-matrix-4.14.206-perf.postinst,file,180,144,0o100755,2009-01-01 00:00:00,f087f32e8cc0056b4aecca17dae3b0f7a8f345d8cbfe50adbb6ad5000c022b97,
system/var/lib/opkg/info/pam-plugin-lastlog.list,system/var/lib/opkg/info/pam-plugin-lastlog.list,file,29,29,0o100644,2009-01-01 00:00:00,9e7c56abcfb073b3dbd871b3e2b566b6e4114cb029796f1072d989399e79e657,
system/var/lib/opkg/info/kmod.control,system/var/lib/opkg/info/kmod.control,file,842,432,0o100644,2009-01-01 00:00:00,671ac89c5e571c22f57a4935cb224534df486ddf4d0e2d480004e7843b30519d,
system/var/lib/opkg/info/libloc-core1.list,system/var/lib/opkg/info/libloc-core1.list,file,56,33,0o100644,2009-01-01 00:00:00,3cac3012604c2d5d982427367bf28eef8180adbc2e531c94399267637a2e8c33,
system/var/lib/opkg/info/openssl-conf.conffiles,system/var/lib/opkg/info/openssl-conf.conffiles,file,21,21,0o100644,2009-01-01 00:00:00,e1041b09158ee49185ee4010d18c7cf31b65b4aeb16d7e4d3bacb28793b8d364,
system/var/lib/opkg/info/kernel-module-qca-ssdk-4.14.206-perf.postinst,system/var/lib/opkg/info/kernel-module-qca-ssdk-4.14.206-perf.postinst,file,180,144,0o100755,2009-01-01 00:00:00,f087f32e8cc0056b4aecca17dae3b0f7a8f345d8cbfe50adbb6ad5000c022b97,
system/var/lib/opkg/info/iptables-module-xt-rateest.list,system/var/lib/opkg/info/iptables-module-xt-rateest.list,file,68,46,0o100644,2009-01-01 00:00:00,33d5570ea971dccc498288982cdacb6ca86cc3e986a775600ee3897e62f86f6e,
system/var/lib/opkg/info/libloc-core1.control,system/var/lib/opkg/info/libloc-core1.control,file,432,263,0o100644,2009-01-01 00:00:00,c6081d9d598806590469414b6a3c1a9e14b0f847443dca4ec17ed260b583e8c5,
system/var/lib/opkg/info/iptables-module-xt-idletimer.list,system/var/lib/opkg/info/iptables-module-xt-idletimer.list,file,36,35,0o100644,2009-01-01 00:00:00,ce8574cf1730352150ac3f8f57a6521cff4e8749c4b90734957f89bd16b1227f,
system/var/lib/opkg/info/data.postinst,system/var/lib/opkg/info/data.postinst,file,2407,528,0o100755,2009-01-01 00:00:00,9d30d808665e663b6d816df14e224dee24433a7530b93bd52d8e080ce13bb73a,
system/var/lib/opkg/info/grep.prerm,system/var/lib/opkg/info/grep.prerm,file,174,76,0o100755,2009-01-01 00:00:00,7cca18bd96434d3ddc24f3ef3136b02442ba3b546fd9dcdbfe7e3456d419b6f5,
system/var/lib/opkg/info/kernel-module-mtd-torturetest-4.14.206-perf.postrm,system/var/lib/opkg/info/kernel-module-mtd-torturetest-4.14.206-perf.postrm,file,110,90,0o100755,2009-01-01 00:00:00,7816454f47379296ddf522c6085fde64f7c6252cd2f9f6cc41433cc4a8599079,
system/var/lib/opkg/info/initscripts-sushell.list,system/var/lib/opkg/info/initscripts-sushell.list,file,14,14,0o100644,2009-01-01 00:00:00,fe8cb742f7fec3c49fd6e67d5581dab356ad18b6fe533041a00f87c7486e4612,
system/var/lib/opkg/info/iptables-module-ip6t-frag.control,system/var/lib/opkg/info/iptables-module-ip6t-frag.control,file,393,251,0o100644,2009-01-01 00:00:00,83f972c4d7ad4ab8b8f9af15612b5c4cc5bffc9006145edc1233ae34a5d9eee8,
system/var/lib/opkg/info/e2fsprogs-e2fsck.control,system/var/lib/opkg/info/e2fsprogs-e2fsck.control,file,613,357,0o100644,2009-01-01 00:00:00,701808c58ce6e111aeaaf3f9259d6761ca7ce81002658b359e3e878c19f8b164,
system/var/lib/opkg/info/iptables-module-xt-idletimer.control,system/var/lib/opkg/info/iptables-module-xt-idletimer.control,file,402,254,0o100644,2009-01-01 00:00:00,ebc1e5f87c1019b634a2a0e5282de1e68cb54c075419efc6cc8246dc56fea0c6,
system/var/lib/opkg/info/libsystemd0.postinst,system/var/lib/opkg/info/libsystemd0.postinst,file,97,72,0o100755,2009-01-01 00:00:00,1ded80b320d8b0b0a691da8e63c7c38791567f99b1923c8eba6c4bcaedef67b3,
system/var/lib/opkg/info/kernel-module-mtd-speedtest-4.14.206-perf.postrm,system/var/lib/opkg/info/kernel-module-mtd-speedtest-4.14.206-perf.postrm,file,110,90,0o100755,2009-01-01 00:00:00,7816454f47379296ddf522c6085fde64f7c6252cd2f9f6cc41433cc4a8599079,
system/var/lib/opkg/info/r8125.control,system/var/lib/opkg/info/r8125.control,file,315,213,0o100644,2009-01-01 00:00:00,3d0506c83af25d8ac7429917e7b7adf8b99de3f06babb0f7924d7acd509f0760,
system/var/lib/opkg/info/kernel-4.14.206-perf.control,system/var/lib/opkg/info/kernel-4.14.206-perf.control,file,335,218,0o100644,2009-01-01 00:00:00,f443ed384a8b221ffb4c5970adfbdede5337f044aa1f5d2acde3fb16a727955d,
system/var/lib/opkg/info/fs-scrub-daemon.postinst,system/var/lib/opkg/info/fs-scrub-daemon.postinst,file,288,174,0o100755,2009-01-01 00:00:00,ef60c746137dc84f86f53ba83aaac9994ec59a66dceda2c77805a3d08c5a90a6,
system/var/lib/opkg/info/libnfnetlink0.list,system/var/lib/opkg/info/libnfnetlink0.list,file,58,33,0o100644,2009-01-01 00:00:00,1b541d4db8d3720edaf612f9784740dabd742b841c7ca2f0227bf1a85ec3ab44,
system/var/lib/opkg/info/liblocation-api-msg-proto1.control,system/var/lib/opkg/info/liblocation-api-msg-proto1.control,file,564,307,0o100644,2009-01-01 00:00:00,9bef2605f77c838f8d3a94acf82d4330902b1515afc195765d158e2e0caf7d15,
system/var/lib/opkg/info/iptables-module-ip6t-redirect.control,system/var/lib/opkg/info/iptables-module-ip6t-redirect.control,file,405,255,0o100644,2009-01-01 00:00:00,b76c1533c28315853143ef07abfb34c499815a57d87aa591a5446411aa2790c8,
system/var/lib/opkg/info/libxml0.postinst,system/var/lib/opkg/info/libxml0.postinst,file,97,72,0o100755,2009-01-01 00:00:00,1ded80b320d8b0b0a691da8e63c7c38791567f99b1923c8eba6c4bcaedef67b3,
system/var/lib/opkg/info/libsqlite3-0.control,system/var/lib/opkg/info/libsqlite3-0.control,file,385,252,0o100644,2009-01-01 00:00:00,085b19d54f94fe807a3e4a5ca7d0632ecf82ea89386163ed80a2786623cdc0e1,
system/var/lib/opkg/info/libdsutils1.control,system/var/lib/opkg/info/libdsutils1.control,file,445,292,0o100644,2009-01-01 00:00:00,2940737d92730f38a9da6a902a0d6426920f28ec6e93eb4d6945373fd92dbddc,
system/var/lib/opkg/info/kernel-module-mtd-readtest-4.14.206-perf.control,system/var/lib/opkg/info/kernel-module-mtd-readtest-4.14.206-perf.control,file,407,235,0o100644,2009-01-01 00:00:00,d3010b9fce16d12a4ba630faaa848f88c79bd62d8fbb93b55cd9ef8a763891ad,
system/var/lib/opkg/info/kernel-module-echainiv-4.14.206-perf.postinst,system/var/lib/opkg/info/kernel-module-echainiv-4.14.206-perf.postinst,file,180,144,0o100755,2009-01-01 00:00:00,f087f32e8cc0056b4aecca17dae3b0f7a8f345d8cbfe50adbb6ad5000c022b97,
system/var/lib/opkg/info/qcacld32-ll-mag.list,system/var/lib/opkg/info/qcacld32-ll-mag.list,file,45,45,0o100644,2009-01-01 00:00:00,6d67e89bb779c07bfa1f24a59817d05d44e01995a4cabb4189d3d085222e53ba,
system/var/lib/opkg/info/kernel-modules.control,system/var/lib/opkg/info/kernel-modules.control,file,1590,414,0o100644,2009-01-01 00:00:00,7d93b2646444dff0faa8259d8f495c465af45b76538a4bcbfcd1dd7cbb6c1a2c,
system/var/lib/opkg/info/kernel-module-mtd-torturetest-4.14.206-perf.control,system/var/lib/opkg/info/kernel-module-mtd-torturetest-4.14.206-perf.control,file,430,245,0o100644,2009-01-01 00:00:00,210fd0c1ded92524e7d8fba252bfd8e843569a3d65762d38607c1114cfab10ec,
system/var/lib/opkg/info/libdaemon0.control,system/var/lib/opkg/info/libdaemon0.control,file,474,287,0o100644,2009-01-01 00:00:00,79008eebd86546959ac53ca02dd698da6d6b6454686855ae33ef14a449d71694,
system/var/lib/opkg/info/kernel-module-gpio-axis-4.14.206-perf.list,system/var/lib/opkg/info/kernel-module-gpio-axis-4.14.206-perf.list,file,169,73,0o100644,2009-01-01 00:00:00,9004cacdf301702c661de00bdc30d0ae8980d82319061fe731a6e4a1aadb3884,
system/var/lib/opkg/info/wlan-conf.control,system/var/lib/opkg/info/wlan-conf.control,file,306,202,0o100644,2009-01-01 00:00:00,5779820b2de0cd1ae262a7e5dde04c0b8c4a2608d62e410de1c0c2136e65a1d5,
system/var/lib/opkg/info/avahi-autoipd.list,system/var/lib/opkg/info/avahi-autoipd.list,file,68,46,0o100644,2009-01-01 00:00:00,8c88f6a47d84a78cd954a017d3e2f926b7cd28693da46dd853586772b249be86,
system/var/lib/opkg/info/libnlp-client-api1.control,system/var/lib/opkg/info/libnlp-client-api1.control,file,569,326,0o100644,2009-01-01 00:00:00,ab28ebc108e21fbf54981aeae961c27abc909588a0c053f6dc37f35d32a1e3b8,
system/var/lib/opkg/info/ipa-fws.control,system/var/lib/opkg/info/ipa-fws.control,file,337,232,0o100644,2009-01-01 00:00:00,83ffef6a8c70e55f78190c70a2669caa5d73c0cfca303209fbf5cc98dcf098fe,
system/var/lib/opkg/info/libgps-utils1.control,system/var/lib/opkg/info/libgps-utils1.control,file,435,261,0o100644,2009-01-01 00:00:00,03b15a15fed4ea3493f02fa9094f53c384e02ec0378a41f8c332616824b4985f,
system/var/lib/opkg/info/iptables-module-ip6t-rt.list,system/var/lib/opkg/info/iptables-module-ip6t-rt.list,file,31,30,0o100644,2009-01-01 00:00:00,763c660d2625ac845707881a65212e5cb5fa801c2f601419e1d9353f16b8d2f7,
system/var/lib/opkg/info/wpa-supplicant-qcacld.control,system/var/lib/opkg/info/wpa-supplicant-qcacld.control,file,584,306,0o100644,2009-01-01 00:00:00,d6872393200579ab7d1f9e8a2c5204f0e7417c57bd10de2e07a8b5be045c2f98,
system/var/lib/opkg/info/iptables-module-xt-tcpoptstrip.control,system/var/lib/opkg/info/iptables-module-xt-tcpoptstrip.control,file,408,255,0o100644,2009-01-01 00:00:00,8ec0e630c3d592e0dac480c74acebdd9a7c0125029bc84a9a0d1b30f294809c2,
system/var/lib/opkg/info/mcm-core.postinst,system/var/lib/opkg/info/mcm-core.postinst,file,97,72,0o100755,2009-01-01 00:00:00,1ded80b320d8b0b0a691da8e63c7c38791567f99b1923c8eba6c4bcaedef67b3,
system/var/lib/opkg/info/libizatprovider1.postinst,system/var/lib/opkg/info/libizatprovider1.postinst,file,97,72,0o100755,2009-01-01 00:00:00,1ded80b320d8b0b0a691da8e63c7c38791567f99b1923c8eba6c4bcaedef67b3,
system/var/lib/opkg/info/gsb.control,system/var/lib/opkg/info/gsb.control,file,310,223,0o100644,2009-01-01 00:00:00,b65610a9e3646beadf0c2334da4d712816d6488ac87293da854818b43cbe1e23,
system/var/lib/opkg/info/libavahi-client3.control,system/var/lib/opkg/info/libavahi-client3.control,file,862,532,0o100644,2009-01-01 00:00:00,077840d88a6d4d52b2ac785549bcd0ae28af2e374506831bf75ddb88bb19444e,
system/var/lib/opkg/info/pam-plugin-limits.control,system/var/lib/opkg/info/pam-plugin-limits.control,file,439,280,0o100644,2009-01-01 00:00:00,46e98e4ef8b13e8240bea17e3abb0e5c7ce380ae25177dd77ed35d78b8737689,
system/var/lib/opkg/info/iptables-module-xt-cgroup.control,system/var/lib/opkg/info/iptables-module-xt-cgroup.control,file,393,251,0o100644,2009-01-01 00:00:00,d83b6038d7ef9002071fd6fa44a2c65b75a8e4959e1b4e9397b5d0eb0adce8ea,
system/var/lib/opkg/info/ca-certificates.postinst,system/var/lib/opkg/info/ca-certificates.postinst,file,59,58,0o100755,2009-01-01 00:00:00,683197fb1690270094460ea9719242016eade68289ef160fcaab9230dae2e6d8,
system/var/lib/opkg/info/base-files.list,system/var/lib/opkg/info/base-files.list,file,792,322,0o100644,2009-01-01 00:00:00,246e6715d5ad6ca58104ecc242986a4a19682571280b74fbe99e799401a89db0,
system/var/lib/opkg/info/iptables-module-xt-recent.list,system/var/lib/opkg/info/iptables-module-xt-recent.list,file,33,32,0o100644,2009-01-01 00:00:00,55a8e50ac370007002dc8c189cfcbe34ea23bb9710c634e21e378109e62ee3ae,
system/var/lib/opkg/info/util-linux-agetty.control,system/var/lib/opkg/info/util-linux-agetty.control,file,670,405,0o100644,2009-01-01 00:00:00,b349ff7982d3fa6f7caf9ca2b336f69677efbb2bce55ac55df6ab726f151dd98,
system/var/lib/opkg/info/libnl-3-200.control,system/var/lib/opkg/info/libnl-3-200.control,file,487,302,0o100644,2009-01-01 00:00:00,bf015ce93a45be0643d9d4dd0f9c8d74cb32af3f42070ed1439bcd20fd092d76,
system/var/lib/opkg/info/kernel-module-mtd-stresstest-4.14.206-perf.list,system/var/lib/opkg/info/kernel-module-mtd-stresstest-4.14.206-perf.list,file,70,64,0o100644,2009-01-01 00:00:00,c0e8597d4367c3b2b7075a5790596e88cc93c588799cedb0dd62b41e6c6f4e44,
system/var/lib/opkg/info/busybox.list,system/var/lib/opkg/info/busybox.list,file,9860,1783,0o100644,2009-01-01 00:00:00,79b1ac7c38305693429d6ce74e5419f4770c1cfb43cba3b0e2f7e3f200909fd6,
system/var/lib/opkg/info/packagegroup-core-boot.list,system/var/lib/opkg/info/packagegroup-core-boot.list,file,0,0,0o100644,2009-01-01 00:00:00,e3b0c44298fc1c149afbf4c8996fb92427ae41e4649b934ca495991b7852b855,
system/var/lib/opkg/info/kernel-module-mtd-stresstest-4.14.206-perf.control,system/var/lib/opkg/info/kernel-module-mtd-stresstest-4.14.206-perf.control,file,417,236,0o100644,2009-01-01 00:00:00,740b2063ff00dd3bc93fc7f07c3959567e2a566bf2cf42d2f62ecdea4ea1c6fa,
system/var/lib/opkg/info/libnetmgr-nr-fusion0.postinst,system/var/lib/opkg/info/libnetmgr-nr-fusion0.postinst,file,97,72,0o100755,2009-01-01 00:00:00,1ded80b320d8b0b0a691da8e63c7c38791567f99b1923c8eba6c4bcaedef67b3,
system/var/lib/opkg/info/securemsm-noship.list,system/var/lib/opkg/info/securemsm-noship.list,file,631,161,0o100644,2009-01-01 00:00:00,8475125430db212cc62b00b2d8ee4e2dec9506b18e474a345b0b8ae04a2da6a6,
system/var/lib/opkg/info/qcacld32-ll.control,system/var/lib/opkg/info/qcacld32-ll.control,file,419,258,0o100644,2009-01-01 00:00:00,fa7bfae84e77c2b568674255c34d59a0238b1e73344b858bdd87c3df24157abf,
system/var/lib/opkg/info/iputils-ping.postinst,system/var/lib/opkg/info/iputils-ping.postinst,file,85,72,0o100755,2009-01-01 00:00:00,46b1c46a3563ffe5055be80d258db32769f1740fbc666f672fedec965ec17eeb,
system/var/lib/opkg/info/liblocdiagiface1.postinst,system/var/lib/opkg/info/liblocdiagiface1.postinst,file,97,72,0o100755,2009-01-01 00:00:00,1ded80b320d8b0b0a691da8e63c7c38791567f99b1923c8eba6c4bcaedef67b3,
system/var/lib/opkg/info/kernel-module-r8125-4.14.206-perf.postinst,system/var/lib/opkg/info/kernel-module-r8125-4.14.206-perf.postinst,file,180,144,0o100755,2009-01-01 00:00:00,f087f32e8cc0056b4aecca17dae3b0f7a8f345d8cbfe50adbb6ad5000c022b97,
system/var/lib/opkg/info/kernel-module-gpio-matrix-4.14.206-perf.postrm,system/var/lib/opkg/info/kernel-module-gpio-matrix-4.14.206-perf.postrm,file,110,90,0o100755,2009-01-01 00:00:00,7816454f47379296ddf522c6085fde64f7c6252cd2f9f6cc41433cc4a8599079,
system/var/lib/opkg/info/pam-plugin-deny.control,system/var/lib/opkg/info/pam-plugin-deny.control,file,431,278,0o100644,2009-01-01 00:00:00,e1a45e7df848d8c15acfdcc2631009ba0dc99de53042fd0255f61c2df67070eb,
system/var/lib/opkg/info/fs-scrub-daemon.control,system/var/lib/opkg/info/fs-scrub-daemon.control,file,455,292,0o100644,2009-01-01 00:00:00,d74b91638d82cb70901b9e2a945c4ff80e509649d63ff6b1e584d0ecc14a6107,
system/var/lib/opkg/info/libssl1.1.list,system/var/lib/opkg/info/libssl1.1.list,file,23,22,0o100644,2009-01-01 00:00:00,580d4317af32dc26a87ea00633ac3c9be5cf2ff601ce19e3f19d406e9b32260c,
system/var/lib/opkg/info/libbtvendorhal0.postinst,system/var/lib/opkg/info/libbtvendorhal0.postinst,file,97,72,0o100755,2009-01-01 00:00:00,1ded80b320d8b0b0a691da8e63c7c38791567f99b1923c8eba6c4bcaedef67b3,
system/var/lib/opkg/info/liblocationservice-glue1.control,system/var/lib/opkg/info/liblocationservice-glue1.control,file,658,360,0o100644,2009-01-01 00:00:00,e4dc0db5a23c2f5b3d7d0481214b86342d02cd0976ed3454b3a0ab060c365757,
system/var/lib/opkg/info/start-scripts-firmware-links.control,system/var/lib/opkg/info/start-scripts-firmware-links.control,file,397,222,0o100644,2009-01-01 00:00:00,bdb783d24fb42abd2ee7ed0912630ccb82d7c13a09b83ef9de28701ba055a98c,
system/var/lib/opkg/info/audit.list,system/var/lib/opkg/info/audit.list,file,107,49,0o100644,2009-01-01 00:00:00,eb1a7b5375595cd7419df71048b2b6395474df194ce3f29f28040daec75d0574,
system/var/lib/opkg/info/libxsde0.control,system/var/lib/opkg/info/libxsde0.control,file,547,361,0o100644,2009-01-01 00:00:00,aed4e5de222d4a465f7068bdf97ded36e67ed29fb82e603a64c78516612eb0c3,
system/var/lib/opkg/info/iptables-module-ip6t-dnpt.control,system/var/lib/opkg/info/iptables-module-ip6t-dnpt.control,file,393,251,0o100644,2009-01-01 00:00:00,80b799150e02e23f57f3929f8f61c0ad02f8c7732e1e9bb0b45056d42bb574a5,
system/var/lib/opkg/info/kernel-module-nvram-linux-4.14.206-perf.postinst,system/var/lib/opkg/info/kernel-module-nvram-linux-4.14.206-perf.postinst,file,180,144,0o100755,2009-01-01 00:00:00,f087f32e8cc0056b4aecca17dae3b0f7a8f345d8cbfe50adbb6ad5000c022b97,
system/var/lib/opkg/info/kernel-module-snd-4.14.206-perf.list,system/var/lib/opkg/info/kernel-module-snd-4.14.206-perf.list,file,98,58,0o100644,2009-01-01 00:00:00,0f402083642b479b12fe07a97c2ae5d1de5dfdd51c486b7fb69b8ecf98b50b70,
system/var/lib/opkg/info/iptables-module-xt-mangle.control,system/var/lib/opkg/info/iptables-module-xt-mangle.control,file,393,251,0o100644,2009-01-01 00:00:00,4f3c7f43778fdda4f85218aa48456903e315a0d5721c6e097dcc89ccf0a566ed,
system/var/lib/opkg/info/iptables-module-xt-cluster.list,system/var/lib/opkg/info/iptables-module-xt-cluster.list,file,34,33,0o100644,2009-01-01 00:00:00,1bf63bd8759d994b80e98ecc0c20c12c4c5819be490e4770756ae37790aa759f,
system/var/lib/opkg/info/libcrypt1.list,system/var/lib/opkg/info/libcrypt1.list,file,75,35,0o100644,2009-01-01 00:00:00,5ded89c0caf0029d0b72061187227fb6801b1e5db23ebc99b8dc4ed782b6a8d1,
system/var/lib/opkg/info/aqc-ipa-offload.list,system/var/lib/opkg/info/aqc-ipa-offload.list,file,67,61,0o100644,2009-01-01 00:00:00,cc3b5ba4683ce56ef350ae145fa100b11697cf6650f46d545f5a888276e129e1,
system/var/lib/opkg/info/libattr1.list,system/var/lib/opkg/info/libattr1.list,file,40,25,0o100644,2009-01-01 00:00:00,d5943c9aa9fded2420754680b6dfe89f8b70166d6a8ab12e694ab4c3132a2735,
system/var/lib/opkg/info/kernel-module-gpio-output-4.14.206-perf.list,system/var/lib/opkg/info/kernel-module-gpio-output-4.14.206-perf.list,file,68,67,0o100644,2009-01-01 00:00:00,7a1c57ad74676732888afa59b46a6bda0356d39b42af63849fa48093917ff553,
system/var/lib/opkg/info/iptables-module-ip6t-frag.list,system/var/lib/opkg/info/iptables-module-ip6t-frag.list,file,33,32,0o100644,2009-01-01 00:00:00,8ac58cefe5585efdb6131ae151e4ca1b24babf277d7bb99c9a9a0863249d1bf2,
system/var/lib/opkg/info/iptables-module-xt-hashlimit.list,system/var/lib/opkg/info/iptables-module-xt-hashlimit.list,file,36,35,0o100644,2009-01-01 00:00:00,33f4008fe8f34453ac43f096db4cbc967ef291dd80bca0cf53c4e1d60728918d,
system/var/lib/opkg/info/libxtadapter1.control,system/var/lib/opkg/info/libxtadapter1.control,file,558,325,0o100644,2009-01-01 00:00:00,40c29952d1f4bbfdf2ad2a86fc64d657a41cd8bb7d4611a6ca9239e1b89ca532,
system/var/lib/opkg/info/qca-ssdk-shell.list,system/var/lib/opkg/info/qca-ssdk-shell.list,file,17,17,0o100644,2009-01-01 00:00:00,cf39b599cbd19032f91abc7a53a3e4f66e343b104324387e0a0b95656870d9f8,
system/var/lib/opkg/info/avahi-systemd.postrm,system/var/lib/opkg/info/avahi-systemd.postrm,file,113,103,0o100755,2009-01-01 00:00:00,b2fd6246f383cf328d9fca7a392f9c9fd86c2f688d86bace05e16bfa121c54f5,
system/var/lib/opkg/info/libpam.control,system/var/lib/opkg/info/libpam.control,file,519,322,0o100644,2009-01-01 00:00:00,1b9692386540fe1cab93445f0b9671f87e2f194e981d7e1d84dac34c3cbb9d3d,
system/var/lib/opkg/info/iptables-module-xt-state.control,system/var/lib/opkg/info/iptables-module-xt-state.control,file,390,251,0o100644,2009-01-01 00:00:00,78ea0c118418a1c0b5627d4d480305be2ab328814b927f1a36c8e70dfa71a36b,
system/var/lib/opkg/info/openssl-conf.control,system/var/lib/opkg/info/openssl-conf.control,file,451,275,0o100644,2009-01-01 00:00:00,83ab5583058be366cdab0ec66d8822760fe4824784c65939d03a44663178b701,
system/var/lib/opkg/info/libgmp10.list,system/var/lib/opkg/info/libgmp10.list,file,48,29,0o100644,2009-01-01 00:00:00,8d4b8aef6c54e97c64d28277b0eb07f60e324b9eaa096077a1d351710b258dce,
system/var/lib/opkg/info/libe2p2.list,system/var/lib/opkg/info/libe2p2.list,file,36,23,0o100644,2009-01-01 00:00:00,d893a8a755cbc398f74a48e9416d59c05fb8e36c95e6c2e1c30dcae8921acb0f,
system/var/lib/opkg/info/packagegroup-machine-base.control,system/var/lib/opkg/info/packagegroup-machine-base.control,file,396,248,0o100644,2009-01-01 00:00:00,a864348a0f1adab539311ac3c8ab9971138d93ed2344759c172fb4b245c20ca0,
system/var/lib/opkg/info/libtime-genoff1.postinst,system/var/lib/opkg/info/libtime-genoff1.postinst,file,97,72,0o100755,2009-01-01 00:00:00,1ded80b320d8b0b0a691da8e63c7c38791567f99b1923c8eba6c4bcaedef67b3,
system/var/lib/opkg/info/powerapp-powerconfig.control,system/var/lib/opkg/info/powerapp-powerconfig.control,file,326,219,0o100644,2009-01-01 00:00:00,291fd4203f5146eb05d7f28a6fb680084cc96fe3ffc6f6980b498a6701a56154,
system/var/lib/opkg/info/shadow-base.prerm,system/var/lib/opkg/info/shadow-base.prerm,file,243,96,0o100755,2009-01-01 00:00:00,4467b2f4117af5b2942a6672e9d92ea5e7490ae74a0e413157232f63f55718a1,
system/var/lib/opkg/info/powerapp-powerconfig.list,system/var/lib/opkg/info/powerapp-powerconfig.list,file,30,30,0o100644,2009-01-01 00:00:00,bd6adb9aa96071ff79d72a081b4d182e779e81d7e026ec04b4e90227137f0b51,
system/var/lib/opkg/info/liblocation-api1.control,system/var/lib/opkg/info/liblocation-api1.control,file,466,272,0o100644,2009-01-01 00:00:00,97e79fb7980f105237736a8ad06fd0a7a5546b16c783ee0f1715e9356da97ba8,
system/var/lib/opkg/info/kernel-module-gpio-input-4.14.206-perf.control,system/var/lib/opkg/info/kernel-module-gpio-input-4.14.206-perf.control,file,381,227,0o100644,2009-01-01 00:00:00,023ecc6594a992b9db834b6ee7344ba67d9ecc6519961c8b395269830091bedb,
system/var/lib/opkg/info/policycoreutils-fixfiles.list,system/var/lib/opkg/info/policycoreutils-fixfiles.list,file,15,15,0o100644,2009-01-01 00:00:00,565ac19f228f29ba92d9e89cb569b93fda427785de0b5e04b875e206d1d2cea5,
system/var/lib/opkg/info/libdbus-1-3.postinst,system/var/lib/opkg/info/libdbus-1-3.postinst,file,97,72,0o100755,2009-01-01 00:00:00,1ded80b320d8b0b0a691da8e63c7c38791567f99b1923c8eba6c4bcaedef67b3,
system/var/lib/opkg/info/libcutils0.control,system/var/lib/opkg/info/libcutils0.control,file,414,264,0o100644,2009-01-01 00:00:00,86a34e08715d12b6fd571360aeac0e330c7b6f10f5b35697bc35605ade56cbfe,
system/var/lib/opkg/info/data-ipa-cfg-mgr.control,system/var/lib/opkg/info/data-ipa-cfg-mgr.control,file,455,281,0o100644,2009-01-01 00:00:00,9d13f81c01787b878e77b80c83ebc0c262cdf84f8bb659c9cf161128ed361ab0,
system/var/lib/opkg/info/systemd.prerm,system/var/lib/opkg/info/systemd.prerm,file,449,168,0o100755,2009-01-01 00:00:00,de1b33caa5fe9cb2ec53b2155835d364e0f1379e7e49a161c286b65a48b8aa3f,
system/var/lib/opkg/info/libsystemd0.control,system/var/lib/opkg/info/libsystemd0.control,file,473,305,0o100644,2009-01-01 00:00:00,691b357b91fadbf834c2d76fc3626545c40836cda67bae04e73ea0f72d3e1fbc,
system/var/lib/opkg/info/libloc-base-util1.postinst,system/var/lib/opkg/info/libloc-base-util1.postinst,file,97,72,0o100755,2009-01-01 00:00:00,1ded80b320d8b0b0a691da8e63c7c38791567f99b1923c8eba6c4bcaedef67b3,
system/var/lib/opkg/info/mbim.list,system/var/lib/opkg/info/mbim.list,file,250,127,0o100644,2009-01-01 00:00:00,5b93edd41c16ea98e2401da49c277ad600ce1036b6e6c5ff59bc881a21435414,
system/var/lib/opkg/info/kbd.list,system/var/lib/opkg/info/kbd.list,file,499,174,0o100644,2009-01-01 00:00:00,0d60549dc3891c3ea7a448fe55ca5241e2f655d4fa5ef37316733c33077cac53,
system/var/lib/opkg/info/util-linux-agetty.postinst,system/var/lib/opkg/info/util-linux-agetty.postinst,file,82,69,0o100755,2009-01-01 00:00:00,cd541a995aedd1ec86f1462d34fa6b2acf4526bbf2daf8743877e51e250e4b6d,
system/var/lib/opkg/info/libc6.postinst,system/var/lib/opkg/info/libc6.postinst,file,97,72,0o100755,2009-01-01 00:00:00,1ded80b320d8b0b0a691da8e63c7c38791567f99b1923c8eba6c4bcaedef67b3,
system/var/lib/opkg/info/qc-bt-daemon.control,system/var/lib/opkg/info/qc-bt-daemon.control,file,515,317,0o100644,2009-01-01 00:00:00,ec954877bd0dc106edf2b0940de2d97ecc6d21a26cd45866c9c415e6ef995e18,
system/var/lib/opkg/info/powerapp-shutdown.list,system/var/lib/opkg/info/powerapp-shutdown.list,file,26,26,0o100644,2009-01-01 00:00:00,f120954ef9027f09af0180d9981233aec783b26e91903480284b5984c8d40caa,
system/var/lib/opkg/info/libsepol1.postinst,system/var/lib/opkg/info/libsepol1.postinst,file,97,72,0o100755,2009-01-01 00:00:00,1ded80b320d8b0b0a691da8e63c7c38791567f99b1923c8eba6c4bcaedef67b3,
system/var/lib/opkg/info/liblocationservice1.control,system/var/lib/opkg/info/liblocationservice1.control,file,758,376,0o100644,2009-01-01 00:00:00,2259c0dbe7c863de2d91c9142eda0bc334accc3d6834cf8f62b763b901920049,
system/var/lib/opkg/info/libopkg1.postinst,system/var/lib/opkg/info/libopkg1.postinst,file,97,72,0o100755,2009-01-01 00:00:00,1ded80b320d8b0b0a691da8e63c7c38791567f99b1923c8eba6c4bcaedef67b3,
system/var/lib/opkg/info/start-scripts-mssboot.list,system/var/lib/opkg/info/start-scripts-mssboot.list,file,33,26,0o100644,2009-01-01 00:00:00,b9ba3bbda3e9944a3d8b246a00d82bbadc8ed9274c92d3e91b7c70d17eedbf00,
system/var/lib/opkg/info/packagegroup-distro-base.list,system/var/lib/opkg/info/packagegroup-distro-base.list,file,0,0,0o100644,2009-01-01 00:00:00,e3b0c44298fc1c149afbf4c8996fb92427ae41e4649b934ca495991b7852b855,
system/var/lib/opkg/info/libext2fs2.control,system/var/lib/opkg/info/libext2fs2.control,file,581,365,0o100644,2009-01-01 00:00:00,441313c4d1f0b8c603e6bd0cd84690e26cba9a9583fc3fd9604c80ff11b69c5f,
system/var/lib/opkg/info/libpcap1.postinst,system/var/lib/opkg/info/libpcap1.postinst,file,97,72,0o100755,2009-01-01 00:00:00,1ded80b320d8b0b0a691da8e63c7c38791567f99b1923c8eba6c4bcaedef67b3,
system/var/lib/opkg/info/avahi-systemd.postinst,system/var/lib/opkg/info/avahi-systemd.postinst,file,87,82,0o100755,2009-01-01 00:00:00,507f8d13833896ba0bd32a487d329b8b865fddba2ba3f6fbf215bda79c90fd75,
system/var/lib/opkg/info/libgcc1.postinst,system/var/lib/opkg/info/libgcc1.postinst,file,97,72,0o100755,2009-01-01 00:00:00,1ded80b320d8b0b0a691da8e63c7c38791567f99b1923c8eba6c4bcaedef67b3,
system/var/lib/opkg/info/kernel-module-embms-kernel-4.14.206-perf.postinst,system/var/lib/opkg/info/kernel-module-embms-kernel-4.14.206-perf.postinst,file,180,144,0o100755,2009-01-01 00:00:00,f087f32e8cc0056b4aecca17dae3b0f7a8f345d8cbfe50adbb6ad5000c022b97,
system/var/lib/opkg/info/liblzo2-2.control,system/var/lib/opkg/info/liblzo2-2.control,file,390,262,0o100644,2009-01-01 00:00:00,cabfa8c82bdefa08bb7dc13ae8c1297bd41a9600e8e20d58b0008b8bf674e253,
system/var/lib/opkg/info/kernel-module-nf-conntrack-rtsp-4.14.206-perf.list,system/var/lib/opkg/info/kernel-module-nf-conntrack-rtsp-4.14.206-perf.list,file,192,76,0o100644,2009-01-01 00:00:00,fc5b3ddb67ad10b59926070406539af667c3094d28220aa3fa22a6d41a8d1dc3,
system/var/lib/opkg/info/kernel-module-snd-4.14.206-perf.control,system/var/lib/opkg/info/kernel-module-snd-4.14.206-perf.control,file,451,264,0o100644,2009-01-01 00:00:00,2f127c0f192ae9d2b94429261db0644979bd443821dc6b5b7e79404076c48094,
system/var/lib/opkg/info/base-files.conffiles,system/var/lib/opkg/info/base-files.conffiles,file,68,55,0o100644,2009-01-01 00:00:00,b99c7a29a9dd9344face0102587c4f0f9f2cbe62ce83a6db3eed8dbe3f499898,
system/var/lib/opkg/info/iptables-module-xt-iprange.control,system/var/lib/opkg/info/iptables-module-xt-iprange.control,file,396,252,0o100644,2009-01-01 00:00:00,744d278248fe88031bd3a83a8368f49a69680323db37630a71d1539b1c76b0ec,
system/var/lib/opkg/info/iptables-module-ipt-ulog.control,system/var/lib/opkg/info/iptables-module-ipt-ulog.control,file,390,250,0o100644,2009-01-01 00:00:00,a70f051f6359991a10fa80a62bd5e1b8e6d08870b4fee5bb986bd7cd2a4f9963,
system/var/lib/opkg/info/os-release.control,system/var/lib/opkg/info/os-release.control,file,334,209,0o100644,2009-01-01 00:00:00,c038b9c1838e902acbe303cf108eccc7db0cc9718f918c71bc0f6f9dc73babba,
system/var/lib/opkg/info/libdataitems1.control,system/var/lib/opkg/info/libdataitems1.control,file,562,329,0o100644,2009-01-01 00:00:00,8f9756abc28a7d52041b6084769b2a8608fb75ceb078afa62e1a16adc8b2c00a,
system/var/lib/opkg/info/libdsutils1.list,system/var/lib/opkg/info/libdsutils1.list,file,54,32,0o100644,2009-01-01 00:00:00,e26e3ba6a14c3c5129e602b203efd131b2e2dd7f084a283295a0290ddf625d24,
system/var/lib/opkg/info/wlan-services.list,system/var/lib/opkg/info/wlan-services.list,file,181,87,0o100644,2009-01-01 00:00:00,6c3b6440664fddae1d9f25880e0efe004dfd92da82f5bf3543958e063e339e73,
system/var/lib/opkg/info/iptables-module-ip6t-log.list,system/var/lib/opkg/info/iptables-module-ip6t-log.list,file,32,31,0o100644,2009-01-01 00:00:00,7e030db8fccc7029064f2e3d1d353b715d3d0e7dd0a947d3709b71152ded0444,
system/var/lib/opkg/info/libnl-genl-3-200.list,system/var/lib/opkg/info/libnl-genl-3-200.list,file,63,36,0o100644,2009-01-01 00:00:00,dd03a1b2b22e404885e8ea076c2c9803de980adfad4b360d3a1370096c9ca2a0,
system/var/lib/opkg/info/libgeofencing1.postinst,system/var/lib/opkg/info/libgeofencing1.postinst,file,97,72,0o100755,2009-01-01 00:00:00,1ded80b320d8b0b0a691da8e63c7c38791567f99b1923c8eba6c4bcaedef67b3,
system/var/lib/opkg/info/iptables-module-ip6t-netmap.list,system/var/lib/opkg/info/iptables-module-ip6t-netmap.list,file,35,34,0o100644,2009-01-01 00:00:00,831bc8d80e01f67aa918585d8255d43d76463b0f0e05d191df9fa97556c8dcfa,
system/var/lib/opkg/info/libion0.control,system/var/lib/opkg/info/libion0.control,file,376,251,0o100644,2009-01-01 00:00:00,eea374f59123c506b42d638f47f4c090674b5560e6085c443cb3ea7f11fbbdb2,
system/var/lib/opkg/info/keymaps.list,system/var/lib/opkg/info/keymaps.list,file,0,0,0o100644,2009-01-01 00:00:00,e3b0c44298fc1c149afbf4c8996fb92427ae41e4649b934ca495991b7852b855,
system/var/lib/opkg/info/ssreq-server.control,system/var/lib/opkg/info/ssreq-server.control,file,440,293,0o100644,2009-01-01 00:00:00,6ec7be0548600c5f3943f37ecba058582fa65a9d790071c1007a085f34a0a35e,
system/var/lib/opkg/info/iptables-module-xt-hashlimit.control,system/var/lib/opkg/info/iptables-module-xt-hashlimit.control,file,402,254,0o100644,2009-01-01 00:00:00,abfc094e6fe0194f378694d6f58999c75e10f6a205eb9ad614a5e71fec0154e4,
system/var/lib/opkg/info/libz1.control,system/var/lib/opkg/info/libz1.control,file,440,300,0o100644,2009-01-01 00:00:00,c42dafa3197938f31f4002ccc7a73e5076d6100b3774779531015ee37f108a0b,
system/var/lib/opkg/info/libizatprovider1.list,system/var/lib/opkg/info/libizatprovider1.list,file,213,91,0o100644,2009-01-01 00:00:00,c0091236f02ede6f5272e9ca1be32c3869e8abe91b9d0aa9aa3da688276e56a8,
system/var/lib/opkg/info/dnsmasq.list,system/var/lib/opkg/info/dnsmasq.list,file,243,110,0o100644,2009-01-01 00:00:00,3c5a2329cb6126543bb51e21bf02cabf5aa0280870e644bda8da63f26ccb2130,
system/var/lib/opkg/info/libsemanage1.control,system/var/lib/opkg/info/libsemanage1.control,file,764,447,0o100644,2009-01-01 00:00:00,29b2640f8cf29db52a9a17d16e1192ed9bff5614c98be49b7fefe4b1a9428bb4,
system/var/lib/opkg/info/libxtadapter1.postinst,system/var/lib/opkg/info/libxtadapter1.postinst,file,97,72,0o100755,2009-01-01 00:00:00,1ded80b320d8b0b0a691da8e63c7c38791567f99b1923c8eba6c4bcaedef67b3,
system/var/lib/opkg/info/libexpat1.list,system/var/lib/opkg/info/libexpat1.list,file,50,30,0o100644,2009-01-01 00:00:00,10486d6ec1b729d4cc2ddaef208ed395ecd3f6f4a3455a2facf39c7d7427cef9,
system/var/lib/opkg/info/netbase.conffiles,system/var/lib/opkg/info/netbase.conffiles,file,11,11,0o100644,2009-01-01 00:00:00,3b7b0d52aa7ded1bf2e9ac1fe06add2f1fb918e74f2cbac83e29cb8ba39a477d,
system/var/lib/opkg/info/kernel-module-mtd-speedtest-4.14.206-perf.postinst,system/var/lib/opkg/info/kernel-module-mtd-speedtest-4.14.206-perf.postinst,file,180,144,0o100755,2009-01-01 00:00:00,f087f32e8cc0056b4aecca17dae3b0f7a8f345d8cbfe50adbb6ad5000c022b97,
system/var/lib/opkg/info/data-rc.list,system/var/lib/opkg/info/data-rc.list,file,165,92,0o100644,2009-01-01 00:00:00,5316c9c8349eebcb2cf2e3bd9828f1c483583beda8a4cf65007236be9b0f7bfa,
system/var/lib/opkg/info/iptables-module-ipt-netmap.control,system/var/lib/opkg/info/iptables-module-ipt-netmap.control,file,396,250,0o100644,2009-01-01 00:00:00,875853a87641749372379e13ccf13a04dc52776199fd31de741d2d8b4b6b5690,
system/var/lib/opkg/info/libnss-mdns.control,system/var/lib/opkg/info/libnss-mdns.control,file,492,297,0o100644,2009-01-01 00:00:00,06bcb5e3723355e84637cca63b6090c7ad08b94d41b3fb9a0daba719e3e779e2,
system/var/lib/opkg/info/securemsm-noship.control,system/var/lib/opkg/info/securemsm-noship.control,file,633,357,0o100644,2009-01-01 00:00:00,513726a5a38102f8f40ab4264f669384d9e8505ba741a3eab28aefeeb2cad070,
system/var/lib/opkg/info/kernel-module-mtd-pagetest-4.14.206-perf.list,system/var/lib/opkg/info/kernel-module-mtd-pagetest-4.14.206-perf.list,file,68,64,0o100644,2009-01-01 00:00:00,569b30f05ac8fa30f078dac5b421145c277c01c4f540501da73139ddcc46d6e8,
system/var/lib/opkg/info/dbus-1.conffiles,system/var/lib/opkg/info/dbus-1.conffiles,file,49,37,0o100644,2009-01-01 00:00:00,ebcdfaeae0eb5395d1957d87f747b4a4877be6eeb606c2f136ee24e72d5da6ca,
system/var/lib/opkg/info/libavahi-glib1.control,system/var/lib/opkg/info/libavahi-glib1.control,file,859,531,0o100644,2009-01-01 00:00:00,4b78e62dbf7c73a0061766b58cde5723d84989abd1bcca29ef70686da09e2e2c,
system/var/lib/opkg/info/nettle.postinst,system/var/lib/opkg/info/nettle.postinst,file,97,72,0o100755,2009-01-01 00:00:00,1ded80b320d8b0b0a691da8e63c7c38791567f99b1923c8eba6c4bcaedef67b3,
system/var/lib/opkg/info/libsolv0.control,system/var/lib/opkg/info/libsolv0.control,file,447,275,0o100644,2009-01-01 00:00:00,1d9714163e7c8a983d63b863ee87c74abf7b8230fe6e791f33d0ff701867abca,
system/var/lib/opkg/info/system-core-usb.control,system/var/lib/opkg/info/system-core-usb.control,file,380,251,0o100644,2009-01-01 00:00:00,6eb85ada88625b7024ed7e62f56ed27422c85344bd758f71f0e3825f4c242319,
system/var/lib/opkg/info/kbd.control,system/var/lib/opkg/info/kbd.control,file,466,296,0o100644,2009-01-01 00:00:00,8ed4721ea10b9bf597e22c2911fc0a137b00f2679b24fdebe49214d9702ead49,
system/var/lib/opkg/info/liblzo2-2.list,system/var/lib/opkg/info/liblzo2-2.list,file,48,29,0o100644,2009-01-01 00:00:00,d964dc8edbb4656a6bb8a3b0f6fb52c1de60119dfc099921101dee8a2633520c,
system/var/lib/opkg/info/iptables-module-xt-ct.list,system/var/lib/opkg/info/iptables-module-xt-ct.list,file,29,28,0o100644,2009-01-01 00:00:00,bd4d7fa8df6735d2575af5bda4524b26e0ea71d3df90fe5ab09db5b87a894752,
system/var/lib/opkg/info/libext4-utils0.control,system/var/lib/opkg/info/libext4-utils0.control,file,482,296,0o100644,2009-01-01 00:00:00,728a457151aca1edfc4ac1c81778daaaf7b08908975e21e113b8178121b94d3c,
system/var/lib/opkg/info/ssreq-server.list,system/var/lib/opkg/info/ssreq-server.list,file,126,72,0o100644,2009-01-01 00:00:00,163c861e2471e4d986faf404cff0272ef8817d928c737bf6a2a588f8decf5541,
system/var/lib/opkg/info/libloc-api-wds1.list,system/var/lib/opkg/info/libloc-api-wds1.list,file,89,39,0o100644,2009-01-01 00:00:00,02cfbcc5b40c6f126cac04e0db430a7137506e2418b0909d9b5fed0b165a7447,
system/var/lib/opkg/info/r8125.list,system/var/lib/opkg/info/r8125.list,file,34,30,0o100644,2009-01-01 00:00:00,05ed28e8007af72fbbac20c60d833cdd8204c323bdba152fb94552e3e5536adf,
system/var/lib/opkg/info/fluoride.control,system/var/lib/opkg/info/fluoride.control,file,433,278,0o100644,2009-01-01 00:00:00,ef4530b94f0d637ebeb5dfe40f13f43e33cb18410a468ccf4c8f923d38a556b0,
system/var/lib/opkg/info/busybox-syslog.list,system/var/lib/opkg/info/busybox-syslog.list,file,88,61,0o100644,2009-01-01 00:00:00,f18598dc925b5d0c063cca8f93ca5d80b89651a6383e787f7d352dfe37223aaf,
system/var/lib/opkg/info/policycoreutils-setfiles.list,system/var/lib/opkg/info/policycoreutils-setfiles.list,file,32,31,0o100644,2009-01-01 00:00:00,064708341e12c2629c619c95ac01500173fae6a27a99e34fa42afe2417d14df7,
system/var/lib/opkg/info/findutils.prerm,system/var/lib/opkg/info/findutils.prerm,file,139,82,0o100755,2009-01-01 00:00:00,86c7c3f20b0e9b5153a9923cf7821e8464f712e9f40ade0a16e5518d57d3fb5e,
system/var/lib/opkg/info/iputils-rarpd.list,system/var/lib/opkg/info/iputils-rarpd.list,file,11,11,0o100644,2009-01-01 00:00:00,7b236f983262580d00b9b42e3be62c19a7f9b16a5f21c7912b420ef65c64afde,
system/var/lib/opkg/info/avahi-systemd.control,system/var/lib/opkg/info/avahi-systemd.control,file,777,486,0o100644,2009-01-01 00:00:00,87da8f0c919ed343d791b564fc585b2d4be9202ac34cdf9da2c1fc5e7d2dceb5,
system/var/lib/opkg/info/libpcre1.postinst,system/var/lib/opkg/info/libpcre1.postinst,file,97,72,0o100755,2009-01-01 00:00:00,1ded80b320d8b0b0a691da8e63c7c38791567f99b1923c8eba6c4bcaedef67b3,
system/var/lib/opkg/info/mtd-utils-ubifs.control,system/var/lib/opkg/info/mtd-utils-ubifs.control,file,491,301,0o100644,2009-01-01 00:00:00,78731e1a6990f187f7eecf57039a68c2b78bccbbbd42d9b19a812fb84d503ed9,
system/var/lib/opkg/info/kernel-module-snd-4.14.206-perf.postrm,system/var/lib/opkg/info/kernel-module-snd-4.14.206-perf.postrm,file,110,90,0o100755,2009-01-01 00:00:00,7816454f47379296ddf522c6085fde64f7c6252cd2f9f6cc41433cc4a8599079,
system/var/lib/opkg/info/libloc-api-v02-1.list,system/var/lib/opkg/info/libloc-api-v02-1.list,file,62,36,0o100644,2009-01-01 00:00:00,2a6175276b98035e6089af7927af6149daa9259f980e8a9e5d073301f5cb1943,
system/var/lib/opkg/info/kernel-module-gpio-output-4.14.206-perf.control,system/var/lib/opkg/info/kernel-module-gpio-output-4.14.206-perf.control,file,385,227,0o100644,2009-01-01 00:00:00,1c83f0f9db3a81ab8ba3f4679f8c5fc3ac1a68e2b9c143ab6a9338eda4d3820f,
system/var/lib/opkg/info/iptables-module-ipt-ah.list,system/var/lib/opkg/info/iptables-module-ipt-ah.list,file,30,29,0o100644,2009-01-01 00:00:00,6a14774ee0ed99f42956f616e5bcb90c77bf2a3103d4aaa66d6d1efa22aea1a8,
system/var/lib/opkg/info/libnss-mdns.postinst,system/var/lib/opkg/info/libnss-mdns.postinst,file,243,185,0o100755,2009-01-01 00:00:00,f9070bd9c51ef63e14100a82d55dbc1b9f2750b51200472490da6969bad13011,
system/var/lib/opkg/info/init-mss.control,system/var/lib/opkg/info/init-mss.control,file,295,205,0o100644,2009-01-01 00:00:00,d1e328085b9013bcd250334c3b7d9d9e954fe8b25808b7686dd6f491e7bd0bf0,
system/var/lib/opkg/info/iptables-module-ip6t-netmap.control,system/var/lib/opkg/info/iptables-module-ip6t-netmap.control,file,399,252,0o100644,2009-01-01 00:00:00,70ae130ccb4694e9fbc4d057289627c2e1eb7c0a7da0f5abcb823c2ca5092269,
system/var/lib/opkg/info/system-core-usb.list,system/var/lib/opkg/info/system-core-usb.list,file,2392,392,0o100644,2009-01-01 00:00:00,579733438041e04f0efca855ce97217876acbb659621ae72dda821da4da102b0,
system/var/lib/opkg/info/kernel-module-usb-f-uac1-4.14.206-perf.list,system/var/lib/opkg/info/kernel-module-usb-f-uac1-4.14.206-perf.list,file,76,72,0o100644,2009-01-01 00:00:00,07c717bb2229c8c93009ed36a98891de3543c6aea55878fb8c34361969557b9e,
system/var/lib/opkg/info/iptables.control,system/var/lib/opkg/info/iptables.control,file,784,401,0o100644,2009-01-01 00:00:00,b1acfbbb67c0217225ba43a8359d8e818b43813bce5f2eef433d14eda8e5f773,
system/var/lib/opkg/info/libcurl4.postinst,system/var/lib/opkg/info/libcurl4.postinst,file,97,72,0o100755,2009-01-01 00:00:00,1ded80b320d8b0b0a691da8e63c7c38791567f99b1923c8eba6c4bcaedef67b3,
system/var/lib/opkg/info/iptables-module-xt-esp.list,system/var/lib/opkg/info/iptables-module-xt-esp.list,file,30,29,0o100644,2009-01-01 00:00:00,22f69dc65020838be0e52890aa83d5e9f8da6524bc57cc5e77e1095c0f9a32b0,
system/var/lib/opkg/info/systemd.list,system/var/lib/opkg/info/systemd.list,file,12815,2227,0o100644,2009-01-01 00:00:00,1c2c3459962e3f0dd088d4f397c19cdca78f0588ffbd96a735ca1f828c7adedd,
system/var/lib/opkg/info/qmi-framework-vendor.list,system/var/lib/opkg/info/qmi-framework-vendor.list,file,367,130,0o100644,2009-01-01 00:00:00,6de537bc1fddc92496dc62dcc3714bf8067433f15de26c7461b1f831c669fd9d,
system/var/lib/opkg/info/netbase.list,system/var/lib/opkg/info/netbase.list,file,49,38,0o100644,2009-01-01 00:00:00,660a9d845a958bb2991fd94b45c94138e3ba29c6650343ad449d99973d893154,
system/var/lib/opkg/info/libnss-mdns.prerm,system/var/lib/opkg/info/libnss-mdns.prerm,file,132,127,0o100755,2009-01-01 00:00:00,56e40577db0f35d062727e7028df2b680f8f678f7f3df0bf5fefca32f03bcad9,
system/var/lib/opkg/info/iptables-module-xt-owner.control,system/var/lib/opkg/info/iptables-module-xt-owner.control,file,390,251,0o100644,2009-01-01 00:00:00,ec6466c7f9e74f313c3d7a24c0eb543c52607e8f36c742301f9ee1ddd2bd06d0,
system/var/lib/opkg/info/coreutils.prerm,system/var/lib/opkg/info/coreutils.prerm,file,131,79,0o100755,2009-01-01 00:00:00,6da15939ec0fa64c9ff03dbc873def51068fa60c0eda43d5a96c3c209189e43f,
system/var/lib/opkg/info/systemd-machine-units.control,system/var/lib/opkg/info/systemd-machine-units.control,file,333,198,0o100644,2009-01-01 00:00:00,367aa58f5e99ac3014f1b192ec8a16c651bf373e796260086b9edd4c4a8422d0,
system/var/lib/opkg/info/kernel-module-gsb-4.14.206-perf.list,system/var/lib/opkg/info/kernel-module-gsb-4.14.206-perf.list,file,40,40,0o100644,2009-01-01 00:00:00,a6e19bdb160789c1b176d2983ed8f35c4ae8ae57c569a02c099b60dc96946d43,
system/var/lib/opkg/info/iptables-module-xt-helper.list,system/var/lib/opkg/info/iptables-module-xt-helper.list,file,33,32,0o100644,2009-01-01 00:00:00,961c04da5ddd71295859b2f6f050461de84865a9c9227a582abe1e8185049065,
system/var/lib/opkg/info/iptables-module-xt-helper.control,system/var/lib/opkg/info/iptables-module-xt-helper.control,file,393,250,0o100644,2009-01-01 00:00:00,e29baca2b994af135c0af81e28032b30e694db168afe3c076ea713e3cf1aec67,
system/var/lib/opkg/info/libavahi-glib1.postinst,system/var/lib/opkg/info/libavahi-glib1.postinst,file,97,72,0o100755,2009-01-01 00:00:00,1ded80b320d8b0b0a691da8e63c7c38791567f99b1923c8eba6c4bcaedef67b3,
system/var/lib/opkg/info/libconfigdb0.postinst,system/var/lib/opkg/info/libconfigdb0.postinst,file,97,72,0o100755,2009-01-01 00:00:00,1ded80b320d8b0b0a691da8e63c7c38791567f99b1923c8eba6c4bcaedef67b3,
system/var/lib/opkg/info/iptables-module-xt-esp.control,system/var/lib/opkg/info/iptables-module-xt-esp.control,file,384,250,0o100644,2009-01-01 00:00:00,a3b8d5e7265d9e12109746d794a9bf938888683572c0edfe302e252819354335,
system/var/lib/opkg/info/qmi-simple-ril.control,system/var/lib/opkg/info/qmi-simple-ril.control,file,458,293,0o100644,2009-01-01 00:00:00,0a48f30eb4d10c33709bb1e03c0c2194d48048fb43070b95b0cd9646063bf41c,
system/var/lib/opkg/info/libconfigdb0.control,system/var/lib/opkg/info/libconfigdb0.control,file,491,305,0o100644,2009-01-01 00:00:00,b9f889b745309784bef617085bd7b6d0e5b418c4d8062c38006f877e34f45fda,
system/var/lib/opkg/info/iptables-module-xt-addrtype.control,system/var/lib/opkg/info/iptables-module-xt-addrtype.control,file,399,253,0o100644,2009-01-01 00:00:00,425903eea2b871b0335284f0baac8f93637663d3062ed77790d3ec606fc471b3,
system/var/lib/opkg/info/iptables-module-xt-connsecmark.list,system/var/lib/opkg/info/iptables-module-xt-connsecmark.list,file,38,37,0o100644,2009-01-01 00:00:00,bc22a71be980b0756ae15b588cc33e2beb91ac7ca4714404ad4cbb0aa87000e2,
system/var/lib/opkg/info/libizatprovider1.control,system/var/lib/opkg/info/libizatprovider1.control,file,640,341,0o100644,2009-01-01 00:00:00,eec30e2284db2d3d2fbbfcce023d0513151a9f685a15578169244c08cf2a6119,
system/var/lib/opkg/info/diag-reboot-app.list,system/var/lib/opkg/info/diag-reboot-app.list,file,197,88,0o100644,2009-01-01 00:00:00,a5250290a00c3098bd011dddcc15057efc7026478bb0cbb410458709565cf7fc,
system/var/lib/opkg/info/iptables-module-xt-conntrack.control,system/var/lib/opkg/info/iptables-module-xt-conntrack.control,file,402,254,0o100644,2009-01-01 00:00:00,71670635292a85ed9b817df8d1ffdbb782751392ebdcf35b9fd5dbb0b42a875d,
system/var/lib/opkg/info/kernel-module-mtd-nandecctest-4.14.206-perf.postrm,system/var/lib/opkg/info/kernel-module-mtd-nandecctest-4.14.206-perf.postrm,file,110,90,0o100755,2009-01-01 00:00:00,7816454f47379296ddf522c6085fde64f7c6252cd2f9f6cc41433cc4a8599079,
system/var/lib/opkg/info/libnl-nf-3-200.list,system/var/lib/opkg/info/libnl-nf-3-200.list,file,59,35,0o100644,2009-01-01 00:00:00,4dcb80f2ab0994585298745ae4465aa5a67970ec05a9f27f62936ed880839db2,
system/var/lib/opkg/info/kernel-module-gpio-matrix-4.14.206-perf.control,system/var/lib/opkg/info/kernel-module-gpio-matrix-4.14.206-perf.control,file,385,227,0o100644,2009-01-01 00:00:00,ee6e362a8fe89060e3ddece05f36ee6d7af0a09304309e70fc75a6eddb4517d0,
system/var/lib/opkg/info/iptables-module-ebt-log.control,system/var/lib/opkg/info/iptables-module-ebt-log.control,file,387,250,0o100644,2009-01-01 00:00:00,c2b803271cbd59d9508b9fa1f37091a261c551ed790770c26786cbe2724c0184,
system/var/lib/opkg/info/data.control,system/var/lib/opkg/info/data.control,file,890,466,0o100644,2009-01-01 00:00:00,d300c77ee21e751b7136dca637efe59c9cae05331c4e27b16a6cadd39d4e7783,
system/var/lib/opkg/info/kernel-module-nvram-linux-4.14.206-perf.list,system/var/lib/opkg/info/kernel-module-nvram-linux-4.14.206-perf.list,file,112,65,0o100644,2009-01-01 00:00:00,a8e694a77ca9a8498dc0f7af215aa22347e445308a6db64bbce43800e4f307f3,
system/var/lib/opkg/info/iputils-rdisc.control,system/var/lib/opkg/info/iputils-rdisc.control,file,467,314,0o100644,2009-01-01 00:00:00,eb436649e933d990633653f9b44b608a6e78e07b919356edfeb409dec2a4c095,
system/var/lib/opkg/info/iproute2.list,system/var/lib/opkg/info/iproute2.list,file,350,131,0o100644,2009-01-01 00:00:00,cee9564590bd854ea64d52079ca5bd5bf6a4d8c5be7cf801febdbd3d87a048ee,
system/var/lib/opkg/info/libloc-api-wds1.control,system/var/lib/opkg/info/libloc-api-wds1.control,file,560,336,0o100644,2009-01-01 00:00:00,378e7aefdc45ebebf51f52c07d9d4e52b849c3e225edbcb7303adb3d3fe0d6b5,
system/var/lib/opkg/info/systemd-machine-units.prerm,system/var/lib/opkg/info/systemd-machine-units.prerm,file,325,166,0o100755,2009-01-01 00:00:00,e53d16ab0d53c283443af79686ebac005b0f62d6ae74644da8710d7b542c74f2,
system/var/lib/opkg/info/data-oss.control,system/var/lib/opkg/info/data-oss.control,file,337,230,0o100644,2009-01-01 00:00:00,c678212952770d1562d289a1032a9a2d2566297cffe02f6fb2e25ee7c854dd64,
system/var/lib/opkg/info/iptables-module-ip6t-reject.control,system/var/lib/opkg/info/iptables-module-ip6t-reject.control,file,399,253,0o100644,2009-01-01 00:00:00,3018fd3564396ea855402640128a51f95f575f8aa5a1cd8a1dec244088554908,
system/var/lib/opkg/info/libext2fs2.list,system/var/lib/opkg/info/libext2fs2.list,file,67,46,0o100644,2009-01-01 00:00:00,0e3943520a3f6be144c3015a321f824f306739bae6467f9832e1e76d04f6a691,
system/var/lib/opkg/info/grep.postinst,system/var/lib/opkg/info/grep.postinst,file,218,87,0o100755,2009-01-01 00:00:00,d3142f01bf1e2bed33f4cefb5734d06923e82fc39a883aaa2706f72b5956a940,
system/var/lib/opkg/info/hci-qcomm-init.control,system/var/lib/opkg/info/hci-qcomm-init.control,file,570,335,0o100644,2009-01-01 00:00:00,70dc003889254f3c5ff9bdd870c897906c750ebd82b9cae23d180d7470bce590,
system/var/lib/opkg/info/iptables-module-xt-length.control,system/var/lib/opkg/info/iptables-module-xt-length.control,file,393,251,0o100644,2009-01-01 00:00:00,eb7d27201b1f7e0576b4f1b3b35047aa38619ef03749095a1dd8fde5b346945c,
system/var/lib/opkg/info/system-core-adbd.control,system/var/lib/opkg/info/system-core-adbd.control,file,601,331,0o100644,2009-01-01 00:00:00,c9fdb722f8da883ba2e6cef0c14723269060bc6ce3235aa6ea87634d1189d57f,
system/var/lib/opkg/info/start-scripts-qseecomd-daemon.control,system/var/lib/opkg/info/start-scripts-qseecomd-daemon.control,file,458,262,0o100644,2009-01-01 00:00:00,294780b751414bc1719dd4f9665377c842e8a02f1253998a3d1e2e4b71786bfe,
system/var/lib/opkg/info/iw.control,system/var/lib/opkg/info/iw.control,file,577,348,0o100644,2009-01-01 00:00:00,413f7c78749d0c7a41339d3604f49be04be31278347a00b60bbaf16e0fbb1c91,
system/var/lib/opkg/info/xtwifi-client.list,system/var/lib/opkg/info/xtwifi-client.list,file,424,120,0o100644,2009-01-01 00:00:00,b758542de85f8a9c05e584277d5a8b3cbebe80eb5561c84e23dd6d9bd4ae4918,
system/var/lib/opkg/info/xtwifi-client.postinst,system/var/lib/opkg/info/xtwifi-client.postinst,file,97,72,0o100755,2009-01-01 00:00:00,1ded80b320d8b0b0a691da8e63c7c38791567f99b1923c8eba6c4bcaedef67b3,
system/var/lib/opkg/info/liblbs-core1.postinst,system/var/lib/opkg/info/liblbs-core1.postinst,file,97,72,0o100755,2009-01-01 00:00:00,1ded80b320d8b0b0a691da8e63c7c38791567f99b1923c8eba6c4bcaedef67b3,
system/var/lib/opkg/info/libgps-utils1.postinst,system/var/lib/opkg/info/libgps-utils1.postinst,file,97,72,0o100755,2009-01-01 00:00:00,1ded80b320d8b0b0a691da8e63c7c38791567f99b1923c8eba6c4bcaedef67b3,
system/var/lib/opkg/info/iptables-module-ip6t-hl.list,system/var/lib/opkg/info/iptables-module-ip6t-hl.list,file,62,37,0o100644,2009-01-01 00:00:00,085325b90012fbf40f7dd6f86867eec688b1f3ca67a588064af8e8a21a87307c,
system/var/lib/opkg/info/iptables-module-ipt-clusterip.list,system/var/lib/opkg/info/iptables-module-ipt-clusterip.list,file,37,36,0o100644,2009-01-01 00:00:00,dd2f5460caabac323198d906a9f618c84d141574afce5e92a52c19756e059c2f,
system/var/lib/opkg/info/start-scripts-mssboot.control,system/var/lib/opkg/info/start-scripts-mssboot.control,file,403,241,0o100644,2009-01-01 00:00:00,9f46f15a0c9f77e88cdf4ed84df0af7b70007ddda8686b1f25c1f10231fff06c,
system/var/lib/opkg/info/kernel-module-nf-nat-rtsp-4.14.206-perf.control,system/var/lib/opkg/info/kernel-module-nf-nat-rtsp-4.14.206-perf.control,file,469,266,0o100644,2009-01-01 00:00:00,ed827ab9d94f4dab0988b89bfee3d075dc5a072c39684bd2c46e52a42022114a,
system/var/lib/opkg/info/busybox-syslog.control,system/var/lib/opkg/info/busybox-syslog.control,file,962,546,0o100644,2009-01-01 00:00:00,ded39cccdc875ea40b034d5ef16db6c00dbe90d2fa09143df75234829839880f,
system/var/lib/opkg/info/libnl-route-3-200.postinst,system/var/lib/opkg/info/libnl-route-3-200.postinst,file,97,72,0o100755,2009-01-01 00:00:00,1ded80b320d8b0b0a691da8e63c7c38791567f99b1923c8eba6c4bcaedef67b3,
system/var/lib/opkg/info/iputils-rdisc.list,system/var/lib/opkg/info/iputils-rdisc.list,file,11,11,0o100644,2009-01-01 00:00:00,f9efe675280975d70946b856820d6cd8605f74ae5e6f9bddc5bced6d0e092280,
system/var/lib/opkg/info/kernel-module-mtd-nandecctest-4.14.206-perf.list,system/var/lib/opkg/info/kernel-module-mtd-nandecctest-4.14.206-perf.list,file,71,67,0o100644,2009-01-01 00:00:00,98619b64c792e676125d9f74578891b83de812b87a05b5a9bd4ad6035ea0a6f4,
system/var/lib/opkg/info/kmod.postinst,system/var/lib/opkg/info/kmod.postinst,file,522,133,0o100755,2009-01-01 00:00:00,9b510388260992204e6dce9b5db3ebdddb20ff99921e4315e97a270edbd5f1ad,
system/var/lib/opkg/info/libsparse0.control,system/var/lib/opkg/info/libsparse0.control,file,395,257,0o100644,2009-01-01 00:00:00,fa2e469d62927d7be0cc24a379d986d6c666572f07452c670f994ed0e3c24a52,
system/var/lib/opkg/info/libpal-net-if1.list,system/var/lib/opkg/info/libpal-net-if1.list,file,119,59,0o100644,2009-01-01 00:00:00,a59d47639070590650fdb70faa635e7892bd5b3307e67b65eedd9a90dee21909,
system/var/lib/opkg/info/libattr1.postinst,system/var/lib/opkg/info/libattr1.postinst,file,97,72,0o100755,2009-01-01 00:00:00,1ded80b320d8b0b0a691da8e63c7c38791567f99b1923c8eba6c4bcaedef67b3,
system/var/lib/opkg/info/kernel-module-mtd-nandbiterrs-4.14.206-perf.control,system/var/lib/opkg/info/kernel-module-mtd-nandbiterrs-4.14.206-perf.control,file,431,250,0o100644,2009-01-01 00:00:00,ade54639acab03d78540e79608174d152d15acb06016322d6a627cb6d3fd87d9,
system/var/lib/opkg/info/libmount1.list,system/var/lib/opkg/info/libmount1.list,file,42,26,0o100644,2009-01-01 00:00:00,edeacd4b41a67768ad8a64bf2cfe43a4f2108c208d83103f6a2574c03adb024a,
system/var/lib/opkg/info/loc-hal.list,system/var/lib/opkg/info/loc-hal.list,file,64,54,0o100644,2009-01-01 00:00:00,e5be39800f612aca916755c0407fefabb3342482baeee4153ac21ab2c551c8bf,
system/var/lib/opkg/info/libdbus-1-3.control,system/var/lib/opkg/info/libdbus-1-3.control,file,730,456,0o100644,2009-01-01 00:00:00,ce3c3ec7e504e8fc792d4711655a81e3e15706611283e52c6348970f31955492,
system/var/lib/opkg/info/kernel-module-snd-hwdep-4.14.206-perf.list,system/var/lib/opkg/info/kernel-module-snd-hwdep-4.14.206-perf.list,file,58,58,0o100644,2009-01-01 00:00:00,37321bde7fa9ab73c1923145c1198c145c97e396b663fd4e81a13176ab4ed2e2,
system/var/lib/opkg/info/iptables-module-xt-cluster.control,system/var/lib/opkg/info/iptables-module-xt-cluster.control,file,396,252,0o100644,2009-01-01 00:00:00,1775093c6779e179726c134519bd718bd4047f1c58bb2ae75a64de95b5b6d640,
system/var/lib/opkg/info/kernel-module-snd-pcm-4.14.206-perf.postinst,system/var/lib/opkg/info/kernel-module-snd-pcm-4.14.206-perf.postinst,file,180,144,0o100755,2009-01-01 00:00:00,f087f32e8cc0056b4aecca17dae3b0f7a8f345d8cbfe50adbb6ad5000c022b97,
system/var/lib/opkg/info/dnsmasq.control,system/var/lib/opkg/info/dnsmasq.control,file,426,293,0o100644,2009-01-01 00:00:00,30b741992a38a67fb8e0e9fd2ae6baf1deff24a8aeb486c9b2c9290fa8d6d7da,
system/var/lib/opkg/info/kernel-module-usb-f-uac1-4.14.206-perf.postinst,system/var/lib/opkg/info/kernel-module-usb-f-uac1-4.14.206-perf.postinst,file,180,144,0o100755,2009-01-01 00:00:00,f087f32e8cc0056b4aecca17dae3b0f7a8f345d8cbfe50adbb6ad5000c022b97,
system/var/lib/opkg/info/iptables-module-xt-ipvs.control,system/var/lib/opkg/info/iptables-module-xt-ipvs.control,file,387,251,0o100644,2009-01-01 00:00:00,099270834ea77da3d0dfa802b4f6c4c6d63e43af47d4f5941674845a4ed94f51,
system/var/lib/opkg/info/iptables-module-xt-statistic.control,system/var/lib/opkg/info/iptables-module-xt-statistic.control,file,402,254,0o100644,2009-01-01 00:00:00,6858ea2c88fda63059a7d9fd53ddc0add125d757f350fc88f5a0708c8224ce63,
system/var/lib/opkg/info/libnfnetlink0.control,system/var/lib/opkg/info/libnfnetlink0.control,file,431,269,0o100644,2009-01-01 00:00:00,bc86f8a66357b0bdb329ab323ea63ef03daeedd4fd3b8956a33d871269a8c5a1,
system/var/lib/opkg/info/powerapp.postinst,system/var/lib/opkg/info/powerapp.postinst,file,216,129,0o100755,2009-01-01 00:00:00,e5307de947a63d0cf388c40c3b792b07a6bd8a3de76cd0307fd71c7aa15e0eb2,
system/var/lib/opkg/info/kernel-module-snd-pcm-4.14.206-perf.postrm,system/var/lib/opkg/info/kernel-module-snd-pcm-4.14.206-perf.postrm,file,110,90,0o100755,2009-01-01 00:00:00,7816454f47379296ddf522c6085fde64f7c6252cd2f9f6cc41433cc4a8599079,
system/var/lib/opkg/info/loc-hal.postinst,system/var/lib/opkg/info/loc-hal.postinst,file,97,72,0o100755,2009-01-01 00:00:00,1ded80b320d8b0b0a691da8e63c7c38791567f99b1923c8eba6c4bcaedef67b3,
system/var/lib/opkg/info/pam-plugin-deny.list,system/var/lib/opkg/info/pam-plugin-deny.list,file,26,26,0o100644,2009-01-01 00:00:00,c08f523965886450eb00ae4c034ea6e38f46e3838b4162dc5e3df8e6d4ec9281,
system/var/lib/opkg/info/iproute2.prerm,system/var/lib/opkg/info/iproute2.prerm,file,69,66,0o100755,2009-01-01 00:00:00,01d40c392b5667598c17ee284cd4f60200eadb947c26975852e64717efaf1639,
system/var/lib/opkg/info/pam-plugin-limits.list,system/var/lib/opkg/info/pam-plugin-limits.list,file,28,28,0o100644,2009-01-01 00:00:00,12a6aaee9ac96a01c22af3472f2e2558038f66744bb31979ee121ecf208614c3,
system/var/lib/opkg/info/busybox.prerm,system/var/lib/opkg/info/busybox.prerm,file,43470,3276,0o100755,2009-01-01 00:00:00,915c531394659bf339aed1a57e1964a26e8dfef95ca1207093ab858c3e7d812f,
system/var/lib/opkg/info/ftm.list,system/var/lib/opkg/info/ftm.list,file,19,19,0o100644,2009-01-01 00:00:00,8268dda3ed2435281edd5d1758c65acaa501d1bf39a417027a2b2150dd0c3187,
system/var/lib/opkg/info/kernel-module-soundcore-4.14.206-perf.control,system/var/lib/opkg/info/kernel-module-soundcore-4.14.206-perf.control,file,396,232,0o100644,2009-01-01 00:00:00,f40da9443c3496ca4eb47d15adad259241d947f56b4c502015e93c460d24382d,
system/var/lib/opkg/info/kmod.list,system/var/lib/opkg/info/kmod.list,file,239,100,0o100644,2009-01-01 00:00:00,36d4b89276d5bb1226b8764cd21b2825385c8dba36547724da570e084fc709bb,
system/var/lib/opkg/info/opkg-arch-config.conffiles,system/var/lib/opkg/info/opkg-arch-config.conffiles,file,20,20,0o100644,2009-01-01 00:00:00,5262063d37a2521d2d4f8e110230f4f208ff8a493bd38166194f749da0f0a925,
system/var/lib/opkg/info/iptables-module-xt-secmark.control,system/var/lib/opkg/info/iptables-module-xt-secmark.control,file,396,252,0o100644,2009-01-01 00:00:00,e9aa01add58ecffa0b6c2370d29101c316bd1deaaf54a4f2348602d60f20248b,
system/var/lib/opkg/info/iptables-module-ip6t-snat.list,system/var/lib/opkg/info/iptables-module-ip6t-snat.list,file,33,32,0o100644,2009-01-01 00:00:00,458bbf9a642b3b877861a9c0f345f78950b4f1a8165464840419f960700c2955,
system/var/lib/opkg/info/iptables-module-xt-dccp.control,system/var/lib/opkg/info/iptables-module-xt-dccp.control,file,387,250,0o100644,2009-01-01 00:00:00,b1a604467c14f06773028a6a37cd05109464715fe4601685ab15dda221ce1e44,
system/var/lib/opkg/info/libuuid1.control,system/var/lib/opkg/info/libuuid1.control,file,412,267,0o100644,2009-01-01 00:00:00,1f0e44aab3ed19072b41d4a9d274b30472a0e62a76c2289c1fdb91f143212b93,
system/var/lib/opkg/info/mcm-core.control,system/var/lib/opkg/info/mcm-core.control,file,605,357,0o100644,2009-01-01 00:00:00,d1fac6a9affa36ecf6fb7efadf4bb0e696580b3c1aa03956bc89f2ea5041accf,
system/var/lib/opkg/info/packagegroup-selinux-minimal.list,system/var/lib/opkg/info/packagegroup-selinux-minimal.list,file,0,0,0o100644,2009-01-01 00:00:00,e3b0c44298fc1c149afbf4c8996fb92427ae41e4649b934ca495991b7852b855,
system/var/lib/opkg/info/loc-hal.control,system/var/lib/opkg/info/loc-hal.control,file,431,267,0o100644,2009-01-01 00:00:00,7e4f8bbc237df61e1f7f7bec3ef5b95e68dededc02f2b408f745e4102912c33b,
system/var/lib/opkg/info/libsystemdq0.list,system/var/lib/opkg/info/libsystemdq0.list,file,49,30,0o100644,2009-01-01 00:00:00,9e23a41b11172950fe38d693dfe8c9da11f2b13656d9af6dab53e22c9214585a,
system/var/lib/opkg/info/libasn1c-rtx1.control,system/var/lib/opkg/info/libasn1c-rtx1.control,file,478,297,0o100644,2009-01-01 00:00:00,05ad7ae720eee78c5aff2d87c58514cc47802f25bdbacdbfc955f02ca1584fb0,
system/var/lib/opkg/info/libacl1.postinst,system/var/lib/opkg/info/libacl1.postinst,file,97,72,0o100755,2009-01-01 00:00:00,1ded80b320d8b0b0a691da8e63c7c38791567f99b1923c8eba6c4bcaedef67b3,
system/var/lib/opkg/info/libion0.postinst,system/var/lib/opkg/info/libion0.postinst,file,97,72,0o100755,2009-01-01 00:00:00,1ded80b320d8b0b0a691da8e63c7c38791567f99b1923c8eba6c4bcaedef67b3,
system/var/lib/opkg/info/libbt-vendor0.postinst,system/var/lib/opkg/info/libbt-vendor0.postinst,file,97,72,0o100755,2009-01-01 00:00:00,1ded80b320d8b0b0a691da8e63c7c38791567f99b1923c8eba6c4bcaedef67b3,
system/var/lib/opkg/info/pam-plugin-permit.control,system/var/lib/opkg/info/pam-plugin-permit.control,file,439,280,0o100644,2009-01-01 00:00:00,78308ad60280a41f94a630dff1e5bd06df53ef571bfa8ca8b7be281c17fa2181,
system/var/lib/opkg/info/libpal-net-if1.postinst,system/var/lib/opkg/info/libpal-net-if1.postinst,file,97,72,0o100755,2009-01-01 00:00:00,1ded80b320d8b0b0a691da8e63c7c38791567f99b1923c8eba6c4bcaedef67b3,
system/var/lib/opkg/info/busybox.postrm,system/var/lib/opkg/info/busybox.postrm,file,157,114,0o100755,2009-01-01 00:00:00,06ad095af03a48612df41395172339f41b93a929b664af9086a11da1d1d00e33,
system/var/lib/opkg/info/libxml2.list,system/var/lib/opkg/info/libxml2.list,file,48,29,0o100644,2009-01-01 00:00:00,874c3800b5487719d87ac4f5e261780c831f36c97be5a3400079396dd829d601,
system/var/lib/opkg/info/iptables-module-xt-connlimit.control,system/var/lib/opkg/info/iptables-module-xt-connlimit.control,file,402,254,0o100644,2009-01-01 00:00:00,4bf585f94c1b8c155fa8648aba6af9228029e950395772de1b5026d803185c38,
system/var/lib/opkg/info/iptables-module-xt-udp.control,system/var/lib/opkg/info/iptables-module-xt-udp.control,file,384,250,0o100644,2009-01-01 00:00:00,8ab1f93162fce225b6fd048229e5fe223237cc51fe49747a61177ad0cabb04eb,
system/var/lib/opkg/info/libwpa-supplicant-8-lib0.list,system/var/lib/opkg/info/libwpa-supplicant-8-lib0.list,file,80,42,0o100644,2009-01-01 00:00:00,1a47c436b41746ebd2b70cc7e1d68a7969180de1c40f994f338c193519c43401,
system/var/lib/opkg/info/iptables-module-xt-devgroup.control,system/var/lib/opkg/info/iptables-module-xt-devgroup.control,file,399,253,0o100644,2009-01-01 00:00:00,592066fbb85c1120fb042ede6c8487860f23b52665ca75abc732c65a53ec5e59,
system/var/lib/opkg/info/kernel-module-gsb-4.14.206-perf.postinst,system/var/lib/opkg/info/kernel-module-gsb-4.14.206-perf.postinst,file,180,144,0o100755,2009-01-01 00:00:00,f087f32e8cc0056b4aecca17dae3b0f7a8f345d8cbfe50adbb6ad5000c022b97,
system/var/lib/opkg/info/kernel-module-soundcore-4.14.206-perf.postrm,system/var/lib/opkg/info/kernel-module-soundcore-4.14.206-perf.postrm,file,110,90,0o100755,2009-01-01 00:00:00,7816454f47379296ddf522c6085fde64f7c6252cd2f9f6cc41433cc4a8599079,
system/var/lib/opkg/info/pam-plugin-warn.control,system/var/lib/opkg/info/pam-plugin-warn.control,file,431,278,0o100644,2009-01-01 00:00:00,d79b93a5970314ad05e889635dc530e0fc470b3274a8724ef429d2d23dece89f,
system/var/lib/opkg/info/rtsp-alg.list,system/var/lib/opkg/info/rtsp-alg.list,file,0,0,0o100644,2009-01-01 00:00:00,e3b0c44298fc1c149afbf4c8996fb92427ae41e4649b934ca495991b7852b855,
system/var/lib/opkg/info/libsparse0.list,system/var/lib/opkg/info/libsparse0.list,file,52,29,0o100644,2009-01-01 00:00:00,c874d8a4a76d8bba916bb8b6afcd4ecd5c206d2412c5bd9f400326424aea2eaf,
system/var/lib/opkg/info/libloc-net-iface1.postinst,system/var/lib/opkg/info/libloc-net-iface1.postinst,file,97,72,0o100755,2009-01-01 00:00:00,1ded80b320d8b0b0a691da8e63c7c38791567f99b1923c8eba6c4bcaedef67b3,
system/var/lib/opkg/info/liblzo2-2.postinst,system/var/lib/opkg/info/liblzo2-2.postinst,file,97,72,0o100755,2009-01-01 00:00:00,1ded80b320d8b0b0a691da8e63c7c38791567f99b1923c8eba6c4bcaedef67b3,
system/var/lib/opkg/info/iptables-module-xt-trace.list,system/var/lib/opkg/info/iptables-module-xt-trace.list,file,32,31,0o100644,2009-01-01 00:00:00,5f0b8155111fa261eda17a0811a6e91f08eb755321bea6babd586af6bda04a00,
system/var/lib/opkg/info/libizat-client-api1.list,system/var/lib/opkg/info/libizat-client-api1.list,file,1018,255,0o100644,2009-01-01 00:00:00,1469ab9a06806e27ff3d757d432bcd6fe16eb13d4e573f9d2492f893cf182861,
system/var/lib/opkg/info/avahi-daemon.postrm,system/var/lib/opkg/info/avahi-daemon.postrm,file,54,39,0o100755,2009-01-01 00:00:00,56c46eaf6cbe26688f67f0e93b517d4d0ab44465667438163c5aae6624c57ea8,
system/var/lib/opkg/info/util-linux-fsck.prerm,system/var/lib/opkg/info/util-linux-fsck.prerm,file,75,70,0o100755,2009-01-01 00:00:00,7e23afc1a3ff5545fa8a7488c263521f0c9b48c478c6f495d1e1d3f5a75edf26,
system/var/lib/opkg/info/libloc-net-iface1.control,system/var/lib/opkg/info/libloc-net-iface1.control,file,656,360,0o100644,2009-01-01 00:00:00,1a12737604e4e08a39d9c588617026e2f7801a64dff0e366eafd83a745ef795c,
system/var/lib/opkg/info/systemd-serialgetty.control,system/var/lib/opkg/info/systemd-serialgetty.control,file,396,239,0o100644,2009-01-01 00:00:00,37b05708997fe781082dbff08828f63a6fe86dad521faa79c0c2194103003f84,
system/var/lib/opkg/info/libxml2.postinst,system/var/lib/opkg/info/libxml2.postinst,file,97,72,0o100755,2009-01-01 00:00:00,1ded80b320d8b0b0a691da8e63c7c38791567f99b1923c8eba6c4bcaedef67b3,
system/var/lib/opkg/info/location-client-api-testapp.control,system/var/lib/opkg/info/location-client-api-testapp.control,file,541,271,0o100644,2009-01-01 00:00:00,bede521f99888d97ecb61e8b79f882ebbb9e07f0b1671d4d9570433c6110db65,
system/var/lib/opkg/info/ipa-fws.list,system/var/lib/opkg/info/ipa-fws.list,file,246,64,0o100644,2009-01-01 00:00:00,e328e98b3892f6d270072d949453936afa09b160830d6dc64808f919b92b5a10,
system/var/lib/opkg/info/pam-plugin-unix.list,system/var/lib/opkg/info/pam-plugin-unix.list,file,70,58,0o100644,2009-01-01 00:00:00,9e37b7cc87f3a761d0d8063eb090ee4ecf5f127b6745964df1d8f05771e93032,
system/var/lib/opkg/info/libsystemdq0.postinst,system/var/lib/opkg/info/libsystemdq0.postinst,file,97,72,0o100755,2009-01-01 00:00:00,1ded80b320d8b0b0a691da8e63c7c38791567f99b1923c8eba6c4bcaedef67b3,
system/var/lib/opkg/info/tcpdump.list,system/var/lib/opkg/info/tcpdump.list,file,18,18,0o100644,2009-01-01 00:00:00,48a584aa2c02e297faef0469efd033c7ee65ec77b86322cce37a7167540a3e04,
system/var/lib/opkg/info/iptables-module-xt-owner.list,system/var/lib/opkg/info/iptables-module-xt-owner.list,file,32,31,0o100644,2009-01-01 00:00:00,7eb2e558b3be77a9761833ee09655b2974c058392352322bfdbefbdc8664307e,
system/var/lib/opkg/info/netbase.control,system/var/lib/opkg/info/netbase.control,file,399,263,0o100644,2009-01-01 00:00:00,c09ff03f5a729003eef9c42c799c55794975473a4727ae6fa1d523d0cd59569a,
system/var/lib/opkg/info/start-scripts-ipa-fws.control,system/var/lib/opkg/info/start-scripts-ipa-fws.control,file,379,234,0o100644,2009-01-01 00:00:00,df146049eb7ec40b8e3d69ebebc08684b13ce90cd41b1d1186c988d02b4e7867,
system/var/lib/opkg/info/libasn1c-cper1.control,system/var/lib/opkg/info/libasn1c-cper1.control,file,536,310,0o100644,2009-01-01 00:00:00,9f68f03143d519aba063a16a76a0ff1041f1fb233a46462bb2e590619cec71e2,
system/var/lib/opkg/info/kernel-module-r8125-4.14.206-perf.control,system/var/lib/opkg/info/kernel-module-r8125-4.14.206-perf.control,file,401,251,0o100644,2009-01-01 00:00:00,7634be91edafaa52a9b1e57000009618d915d53467f0f027d239eac659bfa3ff,
system/var/lib/opkg/info/avahi-daemon.preinst,system/var/lib/opkg/info/avahi-daemon.preinst,file,5320,1381,0o100755,2009-01-01 00:00:00,2ba1d843ba617e99c59bc25586ad2a2c673dec8f3127f76786f115a515501eb4,
system/var/lib/opkg/info/libdbus-1-3.list,system/var/lib/opkg/info/libdbus-1-3.list,file,53,32,0o100644,2009-01-01 00:00:00,4b4d0c1158f8258ae3a04a2bd4fb9611e5d15c5f20a9d92caeb3b3eeeed81653,
system/var/lib/opkg/info/kernel-module-gsb-4.14.206-perf.control,system/var/lib/opkg/info/kernel-module-gsb-4.14.206-perf.control,file,366,234,0o100644,2009-01-01 00:00:00,df13f66ad9a01118de0697f9baadcc482183c7848b8c9cde0cd4b39bf60266e4,
system/var/lib/opkg/info/iptables-module-xt-quota.list,system/var/lib/opkg/info/iptables-module-xt-quota.list,file,32,31,0o100644,2009-01-01 00:00:00,757b3826c1310c8ce0c26d27cbbce746c63aecdbe9f5099765f78f0b26866dfe,
system/var/lib/opkg/info/iptables-module-ipt-clusterip.control,system/var/lib/opkg/info/iptables-module-ipt-clusterip.control,file,405,254,0o100644,2009-01-01 00:00:00,54ea2d478cd2f500b4be84ab4f42d24a477b510d2c6be41f2545550dc4fd3cc6,
system/var/lib/opkg/info/kernel-module-snd-pcm-4.14.206-perf.list,system/var/lib/opkg/info/kernel-module-snd-pcm-4.14.206-perf.list,file,56,56,0o100644,2009-01-01 00:00:00,70784e3fdff6f68643a170ee9553472a4cf2029a5afeb0944865f30e9a82c021,
system/var/lib/opkg/info/pimd.list,system/var/lib/opkg/info/pimd.list,file,63,52,0o100644,2009-01-01 00:00:00,9b1acd17492272d9f2d3e221096575792f5b84ad60abf4a0dc7ef11dba90197a,
system/var/lib/opkg/info/kernel-module-qcrypto-4.14.206-perf.control,system/var/lib/opkg/info/kernel-module-qcrypto-4.14.206-perf.control,file,423,247,0o100644,2009-01-01 00:00:00,248a1dea4726dbf275dad467308656d70c665677cf3385170f65d6f00ecf91f9,
system/var/lib/opkg/info/openssl-conf.list,system/var/lib/opkg/info/openssl-conf.list,file,31,25,0o100644,2009-01-01 00:00:00,548863c5a86aab8893f70a80607ab9953ef66ab0d66fa1ac5162838307ec6abd,
system/var/lib/opkg/info/libmincrypt0.postinst,system/var/lib/opkg/info/libmincrypt0.postinst,file,97,72,0o100755,2009-01-01 00:00:00,1ded80b320d8b0b0a691da8e63c7c38791567f99b1923c8eba6c4bcaedef67b3,
system/var/lib/opkg/info/libpugixml1.control,system/var/lib/opkg/info/libpugixml1.control,file,405,272,0o100644,2009-01-01 00:00:00,19072f8e13a02d502bd987bfa43f86682dd67400be31718da30e76feb0d24e42,
system/var/lib/opkg/info/libselinux1.control,system/var/lib/opkg/info/libselinux1.control,file,590,361,0o100644,2009-01-01 00:00:00,66cfea96386fbbbf205bdc0021df8780755833be20b9321693e011bf0939e542,
system/var/lib/opkg/info/libext2fs2.postinst,system/var/lib/opkg/info/libext2fs2.postinst,file,97,72,0o100755,2009-01-01 00:00:00,1ded80b320d8b0b0a691da8e63c7c38791567f99b1923c8eba6c4bcaedef67b3,
system/var/lib/opkg/info/libnlp-client-api1.list,system/var/lib/opkg/info/libnlp-client-api1.list,file,98,44,0o100644,2009-01-01 00:00:00,3b99d03d0ae025523edb1c15b65faafa1fec956ed023c73efdd8cfaaa0eb61d0,
system/var/lib/opkg/info/liblocation-client-api1.list,system/var/lib/opkg/info/liblocation-client-api1.list,file,113,47,0o100644,2009-01-01 00:00:00,c63c1cd4ab134e5ae2f03225b1c243739ffd16c9c39a5729fec397d7407891b1,
system/var/lib/opkg/info/libasn1c-cper1.postinst,system/var/lib/opkg/info/libasn1c-cper1.postinst,file,97,72,0o100755,2009-01-01 00:00:00,1ded80b320d8b0b0a691da8e63c7c38791567f99b1923c8eba6c4bcaedef67b3,
system/var/lib/opkg/info/bt-app.control,system/var/lib/opkg/info/bt-app.control,file,484,303,0o100644,2009-01-01 00:00:00,3f54ce3be13ead7ebb5c23e31f0a569df6037e7247303937f9b61e1c0242aafd,
system/var/lib/opkg/info/fluoride.postinst,system/var/lib/opkg/info/fluoride.postinst,file,97,72,0o100755,2009-01-01 00:00:00,1ded80b320d8b0b0a691da8e63c7c38791567f99b1923c8eba6c4bcaedef67b3,
system/var/lib/opkg/info/iptables-modules.list,system/var/lib/opkg/info/iptables-modules.list,file,0,0,0o100644,2009-01-01 00:00:00,e3b0c44298fc1c149afbf4c8996fb92427ae41e4649b934ca495991b7852b855,
system/var/lib/opkg/info/libsqlite3-0.list,system/var/lib/opkg/info/libsqlite3-0.list,file,54,32,0o100644,2009-01-01 00:00:00,cf3c19aedf865f08799209c84075b35984d7404cce0534602eac0d5ba314f7cb,
system/var/lib/opkg/info/kernel-module-echainiv-4.14.206-perf.control,system/var/lib/opkg/info/kernel-module-echainiv-4.14.206-perf.control,file,403,245,0o100644,2009-01-01 00:00:00,799b4a57727d54f133d29b83316eb0e4d1bd1b12226ec563a0475328322d46fd,
system/var/lib/opkg/info/libloc-socket1.list,system/var/lib/opkg/info/libloc-socket1.list,file,119,58,0o100644,2009-01-01 00:00:00,5faa93e231a68895c0e14903b4ca428483aeda40ae083f1d49d8be722afce5e2,
system/var/lib/opkg/info/liblocation-qapi1.control,system/var/lib/opkg/info/liblocation-qapi1.control,file,504,281,0o100644,2009-01-01 00:00:00,6b09e15e53d0517c20de579395de731bd11489e9aae9d4680769964e67116b37,
system/var/lib/opkg/info/kernel-module-snd-4.14.206-perf.postinst,system/var/lib/opkg/info/kernel-module-snd-4.14.206-perf.postinst,file,180,144,0o100755,2009-01-01 00:00:00,f087f32e8cc0056b4aecca17dae3b0f7a8f345d8cbfe50adbb6ad5000c022b97,
system/var/lib/opkg/info/iptables-module-ip6t-hbh.list,system/var/lib/opkg/info/iptables-module-ip6t-hbh.list,file,32,31,0o100644,2009-01-01 00:00:00,552e86561043e45be2c9db822ae72da7192b0d48bddf2b155ba214d50903266d,
system/var/lib/opkg/info/iputils-traceroute6.list,system/var/lib/opkg/info/iputils-traceroute6.list,file,17,17,0o100644,2009-01-01 00:00:00,75536637d8a80475a700c9e0ccf9fc2b33e0e6680aad8ded1b50205248840cb1,
system/var/lib/opkg/info/kernel-module-snd-timer-4.14.206-perf.postrm,system/var/lib/opkg/info/kernel-module-snd-timer-4.14.206-perf.postrm,file,110,90,0o100755,2009-01-01 00:00:00,7816454f47379296ddf522c6085fde64f7c6252cd2f9f6cc41433cc4a8599079,
system/var/lib/opkg/info/iptables-module-ip6t-ipv6header.control,system/var/lib/opkg/info/iptables-module-ip6t-ipv6header.control,file,411,256,0o100644,2009-01-01 00:00:00,a694835a3c9163e5d4897359074b5c322d295b6a149478eb161bb58f5247214f,
system/var/lib/opkg/info/liblocation-api-msg-proto1.postinst,system/var/lib/opkg/info/liblocation-api-msg-proto1.postinst,file,97,72,0o100755,2009-01-01 00:00:00,1ded80b320d8b0b0a691da8e63c7c38791567f99b1923c8eba6c4bcaedef67b3,
system/var/lib/opkg/info/shadow-securetty.list,system/var/lib/opkg/info/shadow-securetty.list,file,15,15,0o100644,2009-01-01 00:00:00,726ce056c9f32ec24a983216681b6d67962b8767931b11036b4878952af619b6,
system/var/lib/opkg/info/libbatching1.list,system/var/lib/opkg/info/libbatching1.list,file,215,96,0o100644,2009-01-01 00:00:00,379fdc19a14c58a7a24e6f9d8ca7d729f8e17d15c959c97be2a53f2f89aece0d,
system/var/lib/opkg/info/perl.list,system/var/lib/opkg/info/perl.list,file,231,83,0o100644,2009-01-01 00:00:00,a61445a9ba9ecf2bfc652689f2c62d1322aa176fc9e44f39137e3bcc4379321f,
system/var/lib/opkg/info/libsystemd0.list,system/var/lib/opkg/info/libsystemd0.list,file,47,29,0o100644,2009-01-01 00:00:00,3433ae96c58a3e7a0b47ed1df94b004be059e7de992470db7934ab1355329c0a,
system/var/lib/opkg/info/kernel-module-snd-timer-4.14.206-perf.control,system/var/lib/opkg/info/kernel-module-snd-timer-4.14.206-perf.control,file,432,245,0o100644,2009-01-01 00:00:00,d594591cd2dad2786700888a9da14691fa0e2133cee55c35d2ab7d50a2b905a2,
system/var/lib/opkg/info/opkg.conffiles,system/var/lib/opkg/info/opkg.conffiles,file,20,18,0o100644,2009-01-01 00:00:00,a2982a855678c93356d758bb4f1f8d1e9f9c3d127c0d41d606ac92e1e4f466a4,
system/var/lib/opkg/info/libasn1c-cper1.list,system/var/lib/opkg/info/libasn1c-cper1.list,file,60,35,0o100644,2009-01-01 00:00:00,5349e75a4858aa1caf0b339458c319e7f5b48ff0541b6333ab1e706b702262cf,
system/var/lib/opkg/info/libselinux-bin.list,system/var/lib/opkg/info/libselinux-bin.list,file,664,212,0o100644,2009-01-01 00:00:00,8a3d7b04d0f05081db0218fe3b17fd5eb51969538dc76f37ab840debef662501,
system/var/lib/opkg/info/libsystemdq0.preinst,system/var/lib/opkg/info/libsystemdq0.preinst,file,6037,1660,0o100755,2009-01-01 00:00:00,4c9db1d8919eefd424dc0ed8a68710364a2d8b4de7348112758be9883abcdff5,
system/var/lib/opkg/info/openssl-bin.control,system/var/lib/opkg/info/openssl-bin.control,file,454,283,0o100644,2009-01-01 00:00:00,b569dc2f67fc60c595304df7447c9f46ea4a55b583b6d499c91f0d7ec53ec364,
system/var/lib/opkg/info/libbase0.postinst,system/var/lib/opkg/info/libbase0.postinst,file,97,72,0o100755,2009-01-01 00:00:00,1ded80b320d8b0b0a691da8e63c7c38791567f99b1923c8eba6c4bcaedef67b3,
system/var/lib/opkg/info/iptables-module-xt-physdev.list,system/var/lib/opkg/info/iptables-module-xt-physdev.list,file,34,33,0o100644,2009-01-01 00:00:00,9cfe41893ebff8ed46848a2d4afddeabf6a198e3c2df6a9fbf49c5db59b76938,
system/var/lib/opkg/info/ubus.postinst,system/var/lib/opkg/info/ubus.postinst,file,97,72,0o100755,2009-01-01 00:00:00,1ded80b320d8b0b0a691da8e63c7c38791567f99b1923c8eba6c4bcaedef67b3,
system/var/lib/opkg/info/iptables-module-xt-nflog.list,system/var/lib/opkg/info/iptables-module-xt-nflog.list,file,32,31,0o100644,2009-01-01 00:00:00,f45f881acef61adee7d9cb4dbdd023250cdc0a3f1944651e0533c3cb7fe2a091,
system/var/lib/opkg/info/libsolv0.postinst,system/var/lib/opkg/info/libsolv0.postinst,file,97,72,0o100755,2009-01-01 00:00:00,1ded80b320d8b0b0a691da8e63c7c38791567f99b1923c8eba6c4bcaedef67b3,
system/var/lib/opkg/info/libloc-mq-client1.control,system/var/lib/opkg/info/libloc-mq-client1.control,file,554,324,0o100644,2009-01-01 00:00:00,1464e4d1256cdc53ab25ffd37e7e196f8ecd1d82ba675f85f7be5f59351a89b6,
system/var/lib/opkg/info/iptables-module-ipt-ttl.control,system/var/lib/opkg/info/iptables-module-ipt-ttl.control,file,387,249,0o100644,2009-01-01 00:00:00,1f3327806f556162cdd2702ff39d58927f2100646b5985a62ae96452a0ef552a,
system/var/lib/opkg/info/thermal-engine.control,system/var/lib/opkg/info/thermal-engine.control,file,444,287,0o100644,2009-01-01 00:00:00,07834c96efa2b3cb6a1f4888b4b00da0c26872a230c195507a3be3c1683ed33d,
system/var/lib/opkg/info/libgdtap-adapter1.control,system/var/lib/opkg/info/libgdtap-adapter1.control,file,650,351,0o100644,2009-01-01 00:00:00,4b10817403eeaae295f37a1fbc39225a8d352a3a0fd0a7fc9e2f6da0eac43c28,
system/var/lib/opkg/info/libbz2-1.postinst,system/var/lib/opkg/info/libbz2-1.postinst,file,97,72,0o100755,2009-01-01 00:00:00,1ded80b320d8b0b0a691da8e63c7c38791567f99b1923c8eba6c4bcaedef67b3,
system/var/lib/opkg/info/libmount1.control,system/var/lib/opkg/info/libmount1.control,file,483,289,0o100644,2009-01-01 00:00:00,945610bde9379b56008d9753a67d2a73662a04d51956d820e100386ffff6004f,
system/var/lib/opkg/info/iproute2.control,system/var/lib/opkg/info/iproute2.control,file,664,393,0o100644,2009-01-01 00:00:00,842b569cff9b5dddc3428b69a008f5493d149c086f39fc10a2b11054a250a21c,
system/var/lib/opkg/info/kernel-module-qce50-4.14.206-perf.list,system/var/lib/opkg/info/kernel-module-qce50-4.14.206-perf.list,file,166,70,0o100644,2009-01-01 00:00:00,a539e310179eeb280621fe6dd8c46644a9a65889a25076d76190b829db1c84ad,
system/var/lib/opkg/info/subsystem-ramdump.list,system/var/lib/opkg/info/subsystem-ramdump.list,file,73,52,0o100644,2009-01-01 00:00:00,810349e4a820598b42e4c3f3e044626f8531a10e68b37170e8a278d4cf1dbb1b,
system/var/lib/opkg/info/libattr1.control,system/var/lib/opkg/info/libattr1.control,file,451,285,0o100644,2009-01-01 00:00:00,bf4bf257d2b0554eae6448e9957087e1c0934cdcd6e8b4712d0ec1636a716a83,
system/var/lib/opkg/info/libpng12.list,system/var/lib/opkg/info/libpng12.list,file,98,40,0o100644,2009-01-01 00:00:00,1bced0b0e8fa6be848db8d2ae754f71fef49f6fd1971e0edfa156039cc5e0094,
system/var/lib/opkg/info/iptables-module-ebt-log.list,system/var/lib/opkg/info/iptables-module-ebt-log.list,file,31,30,0o100644,2009-01-01 00:00:00,353f63d47a55a4ead017b45e78c92bf1da073624e4c92f93bf94268a23b04661,
system/var/lib/opkg/info/kernel-module-msm-geni-ir-4.14.206-perf.postrm,system/var/lib/opkg/info/kernel-module-msm-geni-ir-4.14.206-perf.postrm,file,110,90,0o100755,2009-01-01 00:00:00,7816454f47379296ddf522c6085fde64f7c6252cd2f9f6cc41433cc4a8599079,
system/var/lib/opkg/info/qmi.postinst,system/var/lib/opkg/info/qmi.postinst,file,97,72,0o100755,2009-01-01 00:00:00,1ded80b320d8b0b0a691da8e63c7c38791567f99b1923c8eba6c4bcaedef67b3,
system/var/lib/opkg/info/iptables-module-xt-string.control,system/var/lib/opkg/info/iptables-module-xt-string.control,file,393,251,0o100644,2009-01-01 00:00:00,848c2a2c2a24d5d81cf6d7460e4e4efa32c3356eb95959f4d995ef06afb96099,
system/var/lib/opkg/info/pam-plugin-env.control,system/var/lib/opkg/info/pam-plugin-env.control,file,427,277,0o100644,2009-01-01 00:00:00,028f54cb6d239efbce4a09762328822f65a0b5a90105fc7b325a90775b2dab11,
system/var/lib/opkg/info/thermal-engine.list,system/var/lib/opkg/info/thermal-engine.list,file,309,102,0o100644,2009-01-01 00:00:00,9c24404fc068ba1ff66690db520c44999374f5f5d470d34aa6b41e1a8febedc5,
system/var/lib/opkg/info/tftp-server.postinst,system/var/lib/opkg/info/tftp-server.postinst,file,279,162,0o100755,2009-01-01 00:00:00,9a49224ba1ebab7ddc110eccab96a92cd371b52456756348dc1c327c3da70263,
system/var/lib/opkg/info/libasn1c-crt1.list,system/var/lib/opkg/info/libasn1c-crt1.list,file,58,34,0o100644,2009-01-01 00:00:00,006be52fc20b1e8ca4efbb22978ebc97fe5cd93c3563c3aee3a626297776bcfd,
system/var/lib/opkg/info/libcurl4.control,system/var/lib/opkg/info/libcurl4.control,file,549,335,0o100644,2009-01-01 00:00:00,1464209fc5afee48d95a8aa925603d29ef696686b8fa62b4b88b7ff7971afdcf,
system/var/lib/opkg/info/kernel-module-snd-soc-core-4.14.206-perf.postrm,system/var/lib/opkg/info/kernel-module-snd-soc-core-4.14.206-perf.postrm,file,110,90,0o100755,2009-01-01 00:00:00,7816454f47379296ddf522c6085fde64f7c6252cd2f9f6cc41433cc4a8599079,
system/var/lib/opkg/info/iputils-clockdiff.list,system/var/lib/opkg/info/iputils-clockdiff.list,file,15,15,0o100644,2009-01-01 00:00:00,4ccb075d57e8cc0d87a1ff74010f710eb36f36dbb8de92e56ba8b2ea820b7a97,
system/var/lib/opkg/info/libpam.postinst,system/var/lib/opkg/info/libpam.postinst,file,97,72,0o100755,2009-01-01 00:00:00,1ded80b320d8b0b0a691da8e63c7c38791567f99b1923c8eba6c4bcaedef67b3,
system/var/lib/opkg/info/libnl-genl-3-200.control,system/var/lib/opkg/info/libnl-genl-3-200.control,file,531,316,0o100644,2009-01-01 00:00:00,dcaacc613dc2804805181db2da5ade1d90bf6990a34e04766831c1818c19a7e8,
system/var/lib/opkg/info/systemd-machine-units.postinst,system/var/lib/opkg/info/systemd-machine-units.postinst,file,414,201,0o100755,2009-01-01 00:00:00,1198e706d793a4239871468bdb41ed0b5329c9c786d2c2f69513aaf9564e151c,
system/var/lib/opkg/info/iptables-module-xt-connbytes.control,system/var/lib/opkg/info/iptables-module-xt-connbytes.control,file,402,254,0o100644,2009-01-01 00:00:00,9b08628fc7653cf97efbb4d90c9520783c9c9437142588e9dc96d0bfaa16a9a1,
system/var/lib/opkg/info/libgeofencing1.list,system/var/lib/opkg/info/libgeofencing1.list,file,207,93,0o100644,2009-01-01 00:00:00,f7b5d2070acce379263b3c395f25514e9800620e8261dccbf562e545c6448c91,
system/var/lib/opkg/info/libnl-3-200.postinst,system/var/lib/opkg/info/libnl-3-200.postinst,file,97,72,0o100755,2009-01-01 00:00:00,1ded80b320d8b0b0a691da8e63c7c38791567f99b1923c8eba6c4bcaedef67b3,
system/var/lib/opkg/info/kernel-module-mtd-oobtest-4.14.206-perf.list,system/var/lib/opkg/info/kernel-module-mtd-oobtest-4.14.206-perf.list,file,67,63,0o100644,2009-01-01 00:00:00,a2dfaf8b579dcb43cf048751ff9ceea544bab5acf08845d0444f4fef82a6eb94,
system/var/lib/opkg/info/systemd-conf.control,system/var/lib/opkg/info/systemd-conf.control,file,495,306,0o100644,2009-01-01 00:00:00,256383c0d9e62e0dc26dc692416e5afb72294f42945273e4ed61c6696a3d9443,
system/var/lib/opkg/info/iptables-module-ip6t-mh.list,system/var/lib/opkg/info/iptables-module-ip6t-mh.list,file,31,30,0o100644,2009-01-01 00:00:00,30d2c365c6ee81bcf9b36f514f0037ca7b49810f57c101e022c23c6313c0b3f0,
system/var/lib/opkg/info/libutils0.control,system/var/lib/opkg/info/libutils0.control,file,408,263,0o100644,2009-01-01 00:00:00,f3a780faa4686d6ff9ba6067d833c6db254b167029c1b84c5e26ae418269e0fd,
system/var/lib/opkg/info/iptables-module-ip6t-icmp6.list,system/var/lib/opkg/info/iptables-module-ip6t-icmp6.list,file,34,33,0o100644,2009-01-01 00:00:00,25dd3ec9fa26928a284a8263b7b61d5918967cb47ad0e87d30364911f560a17f,
system/var/lib/opkg/info/kernel-module-u-audio-4.14.206-perf.list,system/var/lib/opkg/info/kernel-module-u-audio-4.14.206-perf.list,file,237,81,0o100644,2009-01-01 00:00:00,f4e1b3117e7d021750c56cca7eedc4c24309293c6f97bd048d8141e5ba1c2eff,
system/var/lib/opkg/info/qmi.control,system/var/lib/opkg/info/qmi.control,file,435,292,0o100644,2009-01-01 00:00:00,addeb7232ab7e03d5a609d1259a6a72965833d08718c83235ca89451c2850a7a,
system/var/lib/opkg/info/qapi-demo-app.list,system/var/lib/opkg/info/qapi-demo-app.list,file,23,23,0o100644,2009-01-01 00:00:00,e5a446c74c04cbbc8939ebcd89760fdc6c6d54b968151d2daf46b9b29d152eba,
system/var/lib/opkg/info/libloc-mq-client1.list,system/var/lib/opkg/info/libloc-mq-client1.list,file,66,38,0o100644,2009-01-01 00:00:00,75438d3636ab432810da611eef5a4fa89fd4f76c94ad087a155eb5dddd851b75,
system/var/lib/opkg/info/start-scripts-sfs-config.list,system/var/lib/opkg/info/start-scripts-sfs-config.list,file,117,73,0o100644,2009-01-01 00:00:00,a9abb536b3af1b43a379ebd491cf0dce1ae07333fb3657bde6313ac06e7691e3,
system/var/lib/opkg/info/libavahi-core7.control,system/var/lib/opkg/info/libavahi-core7.control,file,832,515,0o100644,2009-01-01 00:00:00,86be82482aaa6a710a5d0fbcc840b1eb527cb634b585a7ead3653bf4e114ea0b,
system/var/lib/opkg/info/securemsm-noship.postinst,system/var/lib/opkg/info/securemsm-noship.postinst,file,97,72,0o100755,2009-01-01 00:00:00,1ded80b320d8b0b0a691da8e63c7c38791567f99b1923c8eba6c4bcaedef67b3,
system/var/lib/opkg/info/iptables-module-ipt-snat.list,system/var/lib/opkg/info/iptables-module-ipt-snat.list,file,32,31,0o100644,2009-01-01 00:00:00,d60112a1350a9ed890de71a901f516feba28dbb2397d110ae1dee19b8a147262,
system/var/lib/opkg/info/iptables-module-xt-quota.control,system/var/lib/opkg/info/iptables-module-xt-quota.control,file,390,251,0o100644,2009-01-01 00:00:00,52d0d436d9e64c00eb866ae2068ab8977d1a68974e67e636b82f7730bd5e89ae,
system/var/lib/opkg/info/refpolicy-mls.conffiles,system/var/lib/opkg/info/refpolicy-mls.conffiles,file,20,20,0o100644,2009-01-01 00:00:00,1aca1bd5b589ffcbbdb549ec3527df91b86abb0975c58dab375305ab118516b9,
system/var/lib/opkg/info/libnetmgr-nr-fusion0.list,system/var/lib/opkg/info/libnetmgr-nr-fusion0.list,file,72,39,0o100644,2009-01-01 00:00:00,628ea51e47db44dea78fdfb3a79192d254b441e16aee771cafd9f344ae2a55a4,
system/var/lib/opkg/info/kernel-module-usb-f-uac1-4.14.206-perf.control,system/var/lib/opkg/info/kernel-module-usb-f-uac1-4.14.206-perf.control,file,418,237,0o100644,2009-01-01 00:00:00,619f084753b55522f349b598c70758340339eac05eb673539f2b43aa9bc1d744,
system/var/lib/opkg/info/udev.control,system/var/lib/opkg/info/udev.control,file,1015,589,0o100644,2009-01-01 00:00:00,917e5a2df0d0f37683fa87bcf49b55a3547a30cbd9329d269d14bad95a0e734b,
system/var/lib/opkg/info/mbim.control,system/var/lib/opkg/info/mbim.control,file,514,345,0o100644,2009-01-01 00:00:00,5e81b1852825f31fdfc28217c9e58a22a683cc3f04e5b9a05786f5861dcec37f,
system/var/lib/opkg/info/iptables.postinst,system/var/lib/opkg/info/iptables.postinst,file,97,72,0o100755,2009-01-01 00:00:00,1ded80b320d8b0b0a691da8e63c7c38791567f99b1923c8eba6c4bcaedef67b3,
system/var/lib/opkg/info/pam-plugin-env.list,system/var/lib/opkg/info/pam-plugin-env.list,file,25,25,0o100644,2009-01-01 00:00:00,4f452205ff5d88e5f899b70196dbb15af6b3a332d10866015306c3fae88c1a37,
system/var/lib/opkg/info/libbase0.list,system/var/lib/opkg/info/libbase0.list,file,78,43,0o100644,2009-01-01 00:00:00,a71114164d689a98d58fe58294c52bbb92ce2b931a92dfaaa9d11bbc624b2827,
system/var/lib/opkg/info/pimd.control,system/var/lib/opkg/info/pimd.control,file,300,221,0o100644,2009-01-01 00:00:00,d6320e3fca0c44a58acc254eff72f332480bc2d3bfe44ce7064c457f0d7f8e4d,
system/var/lib/opkg/info/libdataitems1.list,system/var/lib/opkg/info/libdataitems1.list,file,389,146,0o100644,2009-01-01 00:00:00,51a656be9ed771fe4304abd0d6100d3b96dfd5ac6b1cd9fe130d1bc166629494,
system/var/lib/opkg/info/systemd-conf.conffiles,system/var/lib/opkg/info/systemd-conf.conffiles,file,116,60,0o100644,2009-01-01 00:00:00,5c8c2e839e40fadcfe146d0d344115aa155a0bc74b553b05702ee2fa75fe731e,
system/var/lib/opkg/info/iptables-module-ipt-log.control,system/var/lib/opkg/info/iptables-module-ipt-log.control,file,387,249,0o100644,2009-01-01 00:00:00,305833e62040cc23562ff923d112ae4627b52c6fc7e4d748bafbbf51d04bbb48,
system/var/lib/opkg/info/liblowi-client1.postinst,system/var/lib/opkg/info/liblowi-client1.postinst,file,97,72,0o100755,2009-01-01 00:00:00,1ded80b320d8b0b0a691da8e63c7c38791567f99b1923c8eba6c4bcaedef67b3,
system/var/lib/opkg/info/audit.postinst,system/var/lib/opkg/info/audit.postinst,file,97,72,0o100755,2009-01-01 00:00:00,1ded80b320d8b0b0a691da8e63c7c38791567f99b1923c8eba6c4bcaedef67b3,
system/var/lib/opkg/info/kernel-module-snd-soc-core-4.14.206-perf.postinst,system/var/lib/opkg/info/kernel-module-snd-soc-core-4.14.206-perf.postinst,file,180,144,0o100755,2009-01-01 00:00:00,f087f32e8cc0056b4aecca17dae3b0f7a8f345d8cbfe50adbb6ad5000c022b97,
system/var/lib/opkg/info/packagegroup-base.control,system/var/lib/opkg/info/packagegroup-base.control,file,701,304,0o100644,2009-01-01 00:00:00,1c9a6bfb45889064c6ca6d2b7642392cf3d06949e0c38607db69c43d33df7b04,
system/var/lib/opkg/info/libgps-utils1.list,system/var/lib/opkg/info/libgps-utils1.list,file,58,34,0o100644,2009-01-01 00:00:00,2476e668273b6c212fcd1292536761fc4501bb72734b5e3c05b0ea7c421d88b5,
system/var/lib/opkg/info/powerapp-reboot.list,system/var/lib/opkg/info/powerapp-reboot.list,file,24,24,0o100644,2009-01-01 00:00:00,29ea03505e58011092df6a264caca3577ac236535ab67c73dbc630cb4ba6e0e0,
system/var/lib/opkg/info/pam-plugin-motd.list,system/var/lib/opkg/info/pam-plugin-motd.list,file,26,26,0o100644,2009-01-01 00:00:00,cec5147c208b0b73860fc57a4ba960f558421a6af8dbb5b322f3193340cb6f4a,
system/var/lib/opkg/info/libloc-base-util1.list,system/var/lib/opkg/info/libloc-base-util1.list,file,66,38,0o100644,2009-01-01 00:00:00,abc48583d513e8537acec9c118633ac34ae76548db8922c9331b88aac592a985,
system/var/lib/opkg/info/audit.control,system/var/lib/opkg/info/audit.control,file,506,327,0o100644,2009-01-01 00:00:00,0bed5fa883dc28088f335ce6fb302f8a4da8ab7a9db4116140d8f459ed35df2b,
system/var/lib/opkg/info/kernel-4.14.206-perf.postinst,system/var/lib/opkg/info/kernel-4.14.206-perf.postinst,file,198,116,0o100755,2009-01-01 00:00:00,4b1a7b8dbbc10e9c66799454d7b1f5252824fd4dc0506f4e604cbbe735631061,
system/var/lib/opkg/info/powerapp.list,system/var/lib/opkg/info/powerapp.list,file,380,146,0o100644,2009-01-01 00:00:00,63aeba7392e83e241ef9a874197a3f6efccd5fb12db0a31050d7759374adeb42,
system/var/lib/opkg/info/iputils-tracepath.control,system/var/lib/opkg/info/iputils-tracepath.control,file,471,315,0o100644,2009-01-01 00:00:00,cfe2c221cf8e605f6263d0b1e8e1392ce02d631826cca5baa5de0aea5f0060b8,
system/var/lib/opkg/info/kernel-module-mmc-test-4.14.206-perf.list,system/var/lib/opkg/info/kernel-module-mmc-test-4.14.206-perf.list,file,162,69,0o100644,2009-01-01 00:00:00,02c6ecca66621d5b48d334bd8b82e1d67168c5ed174bd35c3acec502bf25ab86,
system/var/lib/opkg/info/iptables-module-xt-connmark.list,system/var/lib/opkg/info/iptables-module-xt-connmark.list,file,70,48,0o100644,2009-01-01 00:00:00,e1fd574b7dfe41c5ebe25e5d5e16d3b3e11f7127778f2c4597c5d168abb6670f,
system/var/lib/opkg/info/libe2p2.postinst,system/var/lib/opkg/info/libe2p2.postinst,file,97,72,0o100755,2009-01-01 00:00:00,1ded80b320d8b0b0a691da8e63c7c38791567f99b1923c8eba6c4bcaedef67b3,
system/var/lib/opkg/info/libcap2.list,system/var/lib/opkg/info/libcap2.list,file,77,43,0o100644,2009-01-01 00:00:00,c0056a6c8162a0f5213021f6cb65e8d43b4e7768cad089f50bc86912576d4995,
system/var/lib/opkg/info/init-mss.list,system/var/lib/opkg/info/init-mss.list,file,240,102,0o100644,2009-01-01 00:00:00,f4f8ec7807943f98a4d54d9fda4f7fbb74d130367caf3d739ff44351fe435936,
system/var/lib/opkg/info/iptables-module-xt-string.list,system/var/lib/opkg/info/iptables-module-xt-string.list,file,33,32,0o100644,2009-01-01 00:00:00,55ed0fdc0bc3b6044bb6af745f33b563e3f283c4c6edcb1651225f3392a10eb2,
system/var/lib/opkg/info/iptables-module-ip6t-redirect.list,system/var/lib/opkg/info/iptables-module-ip6t-redirect.list,file,37,36,0o100644,2009-01-01 00:00:00,ae87d2a3fa6618f5d6b8b678aef058a78a239496ffe7c8b92aa894eec28f695b,
system/var/lib/opkg/info/liblzma5.control,system/var/lib/opkg/info/liblzma5.control,file,393,264,0o100644,2009-01-01 00:00:00,e14fe5a0d11726a01472b1c411fad9a6433a0698ff61bfd031c533309a54c038,
system/var/lib/opkg/info/start-scripts-misc-daemon.list,system/var/lib/opkg/info/start-scripts-misc-daemon.list,file,133,79,0o100644,2009-01-01 00:00:00,4c7111c94a3bfde7f67bfb0833f83bb6ac1c7a597f06d354e49daf0ed5d47ad0,
system/var/lib/opkg/info/initscripts-sushell.control,system/var/lib/opkg/info/initscripts-sushell.control,file,663,387,0o100644,2009-01-01 00:00:00,c7ebfc81fdb05b5746d7a222bdb133640f80fd1a1de39de8139bc84dc5ed20d4,
system/var/lib/opkg/info/os-release.list,system/var/lib/opkg/info/os-release.list,file,36,28,0o100644,2009-01-01 00:00:00,58517fcc80c116b5b245e179df8ae3cf07219d54397465f3d740fb81902143b2,
system/var/lib/opkg/info/iptables-module-xt-time.list,system/var/lib/opkg/info/iptables-module-xt-time.list,file,31,30,0o100644,2009-01-01 00:00:00,e093af0b0c97ce91bf604ff9386615ce295f53a02d19399840a00112e1859ccf,
system/var/lib/opkg/info/lowi-test.list,system/var/lib/opkg/info/lowi-test.list,file,19,19,0o100644,2009-01-01 00:00:00,54dadce393d8ce0c1bed6c3b6f125a94ab909b91ab2786a35d8521b81466c0d0,
system/var/lib/opkg/info/iptables-module-xt-set.control,system/var/lib/opkg/info/iptables-module-xt-set.control,file,384,249,0o100644,2009-01-01 00:00:00,5e95cb0df703768635437bfc84fb76cb089a39f92ae0d1b6bc86f6d9249a86c0,
system/var/lib/opkg/info/iptables-module-ebt-802-3.control,system/var/lib/opkg/info/iptables-module-ebt-802-3.control,file,393,252,0o100644,2009-01-01 00:00:00,1537b8dfdae5923b25571b024a1860f6ceb7276e6266bc90838ecc2fdbde0ca4,
system/var/lib/opkg/info/libacl1.list,system/var/lib/opkg/info/libacl1.list,file,38,24,0o100644,2009-01-01 00:00:00,0ccecce8d8fd2a6d6cd7c5888a0f51108911a76e65f8c38cefe65cfcc9a209fc,
system/var/lib/opkg/info/libasn1c-crt1.control,system/var/lib/opkg/info/libasn1c-crt1.control,file,502,303,0o100644,2009-01-01 00:00:00,9621c16d3621dbdb7c81d3330ee4a2e36078ba989dc531bdfdb10387c0b0a47b,
system/var/lib/opkg/info/grep.list,system/var/lib/opkg/info/grep.list,file,47,23,0o100644,2009-01-01 00:00:00,adee3f9fd243dd74090decabef253172aa31d6645fcb23a648da9f2c1ee9ef34,
system/var/lib/opkg/info/libgdtap-adapter1.list,system/var/lib/opkg/info/libgdtap-adapter1.list,file,66,38,0o100644,2009-01-01 00:00:00,7de998d88d45640d5369496e939b0443bf25ca23879a3ab59370e7d3a74eda95,
system/var/lib/opkg/info/pam-plugin-permit.list,system/var/lib/opkg/info/pam-plugin-permit.list,file,28,28,0o100644,2009-01-01 00:00:00,0ed12c5e970adde02c87f7c54b4a58e3422d129b8c86743fae34f6f7328f7289,
system/var/lib/opkg/info/libarchive.postinst,system/var/lib/opkg/info/libarchive.postinst,file,97,72,0o100755,2009-01-01 00:00:00,1ded80b320d8b0b0a691da8e63c7c38791567f99b1923c8eba6c4bcaedef67b3,
system/var/lib/opkg/info/libperl5.postinst,system/var/lib/opkg/info/libperl5.postinst,file,97,72,0o100755,2009-01-01 00:00:00,1ded80b320d8b0b0a691da8e63c7c38791567f99b1923c8eba6c4bcaedef67b3,
system/var/lib/opkg/info/system-core.list,system/var/lib/opkg/info/system-core.list,file,290,105,0o100644,2009-01-01 00:00:00,f3dc546e29e21731deb1d6f8802f9f3911e5e6387e9da4fb164e99b95f0b9285,
system/var/lib/opkg/info/iptables-module-xt-cpu.list,system/var/lib/opkg/info/iptables-module-xt-cpu.list,file,30,29,0o100644,2009-01-01 00:00:00,2bf59a11103d7a47f878fc154dcf3503ea7d0d79f764c4fb4573cf70cd702034,
system/var/lib/opkg/info/libmount1.postinst,system/var/lib/opkg/info/libmount1.postinst,file,97,72,0o100755,2009-01-01 00:00:00,1ded80b320d8b0b0a691da8e63c7c38791567f99b1923c8eba6c4bcaedef67b3,
system/var/lib/opkg/info/libarchive.control,system/var/lib/opkg/info/libarchive.control,file,559,342,0o100644,2009-01-01 00:00:00,de59e6f9d7356145fe242dc8d1ab947f1ef9e8143df859348159724cee5fde55,
system/var/lib/opkg/info/kernel-module-spidev-4.14.206-perf.control,system/var/lib/opkg/info/kernel-module-spidev-4.14.206-perf.control,file,397,243,0o100644,2009-01-01 00:00:00,18fc604fb8544e21b400efb28735013e9e4511d50e44ce1bc15c6b37a741d52d,
system/var/lib/opkg/info/iptables-module-xt-bpf.control,system/var/lib/opkg/info/iptables-module-xt-bpf.control,file,384,249,0o100644,2009-01-01 00:00:00,23c91c6d10f4edca35fd0e72463a6ecbb9abd80782ded81e7a8d1a90a7d368f4,
system/var/lib/opkg/info/libwpa-supplicant-8-lib0.control,system/var/lib/opkg/info/libwpa-supplicant-8-lib0.control,file,486,255,0o100644,2009-01-01 00:00:00,74a8a123059354a4007ccb3a285557350f565b6d59e514e6a29a133259512161,
system/var/lib/opkg/info/iptables-module-ip6t-snat.control,system/var/lib/opkg/info/iptables-module-ip6t-snat.control,file,393,251,0o100644,2009-01-01 00:00:00,524ba2690fb3b011dd76441e6328dd17bde2dbc800659c008c619330227c14b8,
system/var/lib/opkg/info/powerapp-powerconfig.postinst,system/var/lib/opkg/info/powerapp-powerconfig.postinst,file,211,134,0o100755,2009-01-01 00:00:00,b956c1a7027993ca908ea8e7e5646ae0d1f78188953c410f6f4e24bb8dbc6829,
system/var/lib/opkg/info/kernel-module-mmc-test-4.14.206-perf.control,system/var/lib/opkg/info/kernel-module-mmc-test-4.14.206-perf.control,file,413,252,0o100644,2009-01-01 00:00:00,08977beaf4b1babc7cb79f2b568533a02d7fd8be0f7a2d2cf33d668c6f2be33d,
system/var/lib/opkg/info/qmi-shutdown-modem.control,system/var/lib/opkg/info/qmi-shutdown-modem.control,file,488,303,0o100644,2009-01-01 00:00:00,75a5c3d4deb7d51c4127f6adba72416cc517f876e2d790ef010d8bcbc67250b0,
system/var/lib/opkg/info/kernel-module-xt-physdev-4.14.206-perf.postrm,system/var/lib/opkg/info/kernel-module-xt-physdev-4.14.206-perf.postrm,file,110,90,0o100755,2009-01-01 00:00:00,7816454f47379296ddf522c6085fde64f7c6252cd2f9f6cc41433cc4a8599079,
system/var/lib/opkg/info/systemd.control,system/var/lib/opkg/info/systemd.control,file,1426,774,0o100644,2009-01-01 00:00:00,3874c7e52a6172ffaa435ddc37db041d69d933cecfe98d1264d7eb3f6304579c,
system/var/lib/opkg/info/tinyproxy.control,system/var/lib/opkg/info/tinyproxy.control,file,317,220,0o100644,2009-01-01 00:00:00,b5922b741a73a9e066e0d64c34296aaff100d9ca08fe2707aff0d0193d31b034,
system/var/lib/opkg/info/kernel-module-embms-kernel-4.14.206-perf.list,system/var/lib/opkg/info/kernel-module-embms-kernel-4.14.206-perf.list,file,49,49,0o100644,2009-01-01 00:00:00,14c0128cc5b46a56c6bc04099b98520f0216694c969a68f7523100d4a5bfe28e,
system/var/lib/opkg/info/avahi-daemon.control,system/var/lib/opkg/info/avahi-daemon.control,file,977,580,0o100644,2009-01-01 00:00:00,1d62e6df4665696838c3024eb56e88a1c7b4f751de264d362446fd3357fd6346,
system/var/lib/opkg/info/kernel-module-mtd-torturetest-4.14.206-perf.postinst,system/var/lib/opkg/info/kernel-module-mtd-torturetest-4.14.206-perf.postinst,file,180,144,0o100755,2009-01-01 00:00:00,f087f32e8cc0056b4aecca17dae3b0f7a8f345d8cbfe50adbb6ad5000c022b97,
system/var/lib/opkg/info/systemd.postinst,system/var/lib/opkg/info/systemd.postinst,file,607,226,0o100755,2009-01-01 00:00:00,7e522a84ea29b2506bfe65836347d055dca8b72a613543b3063dfcd5c919c74b,
system/var/lib/opkg/info/libselinux-bin.control,system/var/lib/opkg/info/libselinux-bin.control,file,614,370,0o100644,2009-01-01 00:00:00,a1bf09c12cb3018a9c26ce2b0a25c5c0c66629bd89e953eb8a15109ad27a3b03,
system/var/lib/opkg/info/wlan-services.control,system/var/lib/opkg/info/wlan-services.control,file,464,299,0o100644,2009-01-01 00:00:00,5600e333539b06506fcd5a600d4c0b66bbe2f832619798997c5a738023b069c5,
system/var/lib/opkg/info/iptables-module-xt-physdev.control,system/var/lib/opkg/info/iptables-module-xt-physdev.control,file,396,252,0o100644,2009-01-01 00:00:00,571d612b8f045619926b8197313b1f5c88c8247c153589d7bc87c98c6e47f94a,
system/var/lib/opkg/info/iptables-module-xt-tee.control,system/var/lib/opkg/info/iptables-module-xt-tee.control,file,384,249,0o100644,2009-01-01 00:00:00,b3c4d5c092fb7cc65f7947f813d5f307155d790b68447d0c4633d86a79c005c6,
system/var/lib/opkg/info/iptables-module-xt-dscp.list,system/var/lib/opkg/info/iptables-module-xt-dscp.list,file,62,39,0o100644,2009-01-01 00:00:00,16dd4360d59d561c985854cf55360e5b5744d76b2222ab62f0c8a5bb4c450c4e,
system/var/lib/opkg/info/data-rc.control,system/var/lib/opkg/info/data-rc.control,file,316,205,0o100644,2009-01-01 00:00:00,f1a9cd81b56e38604ac15a86c08b86815f6ed94be36dc00131f7b8a585b37986,
system/var/lib/opkg/info/tcpdump.control,system/var/lib/opkg/info/tcpdump.control,file,394,268,0o100644,2009-01-01 00:00:00,6a4702d29d6e6989445f1b255d4e4c9e3fe214d8011d849b0e8fc3f9487156ce,
system/var/lib/opkg/info/iptables-module-xt-dccp.list,system/var/lib/opkg/info/iptables-module-xt-dccp.list,file,31,30,0o100644,2009-01-01 00:00:00,2e9875e5960587d77b01fbe980ef978ff272a8a284e2a97d1d4c109e496af8f3,
system/var/lib/opkg/info/iputils-ping.prerm,system/var/lib/opkg/info/iputils-ping.prerm,file,71,66,0o100755,2009-01-01 00:00:00,57b41f430354e95c3354318796555a60a3c79bf5d7b3792234ad93f003eb8c57,
system/var/lib/opkg/info/iptables-module-xt-sctp.control,system/var/lib/opkg/info/iptables-module-xt-sctp.control,file,387,251,0o100644,2009-01-01 00:00:00,25bc309eff25b39bcf3145e6a59b6ad86415ec4b3eb90273c67986f6b9432c9e,
system/var/lib/opkg/info/iptables-module-ebt-mark-m.list,system/var/lib/opkg/info/iptables-module-ebt-mark-m.list,file,34,33,0o100644,2009-01-01 00:00:00,aecff1767e11705d51144f18df88c67193b3f7ce28f7bfa863e43107daf29cc0,
system/var/lib/opkg/info/iptables-module-ebt-mark-m.control,system/var/lib/opkg/info/iptables-module-ebt-mark-m.control,file,396,252,0o100644,2009-01-01 00:00:00,a43f7291b7b1ad7b2703666302bd76352243df28dbd1bc49c1f9e7fb209e2d72,
system/var/lib/opkg/info/iptables-module-ipt-redirect.list,system/var/lib/opkg/info/iptables-module-ipt-redirect.list,file,36,35,0o100644,2009-01-01 00:00:00,689e3f3f39e629cfedfa79a4c6b198e5b516c2b9fbdac6f3dbd02dc880fb7d86,
system/var/lib/opkg/info/kernel-module-qcedevice-4.14.206-perf.postinst,system/var/lib/opkg/info/kernel-module-qcedevice-4.14.206-perf.postinst,file,180,144,0o100755,2009-01-01 00:00:00,f087f32e8cc0056b4aecca17dae3b0f7a8f345d8cbfe50adbb6ad5000c022b97,
system/var/lib/opkg/info/pam-plugin-shells.control,system/var/lib/opkg/info/pam-plugin-shells.control,file,439,281,0o100644,2009-01-01 00:00:00,f8af97d4ead44880f8a0da50865d1b1013e7d16fcfec73ebf997211ef91de567,
system/var/lib/opkg/info/libizat-core1.control,system/var/lib/opkg/info/libizat-core1.control,file,580,328,0o100644,2009-01-01 00:00:00,e139dc8858cda93fc545e63fb37d2e6a1d110e11c0849ae4ac29442881eb199a,
system/var/lib/opkg/info/libavahi-glib1.list,system/var/lib/opkg/info/libavahi-glib1.list,file,60,34,0o100644,2009-01-01 00:00:00,413128cf92bbfdd96c3e2f39f813518ed812cc6756ccf0a151b16d240a1757d1,
system/var/lib/opkg/info/iptables-module-ip6t-mh.control,system/var/lib/opkg/info/iptables-module-ip6t-mh.control,file,387,250,0o100644,2009-01-01 00:00:00,be302603becc6935665deffeafc927d025fc1a4ca837fe8f81d8763b62d4f1ef,
system/var/lib/opkg/info/liblocation-integration-api1.list,system/var/lib/opkg/info/liblocation-integration-api1.list,file,128,48,0o100644,2009-01-01 00:00:00,7240e03ea661a6e67ffd8fcd3a16d8a5aed9ea2abe50a29a7effb25522cd54fb,
system/var/lib/opkg/info/libcrypto1.1.control,system/var/lib/opkg/info/libcrypto1.1.control,file,445,288,0o100644,2009-01-01 00:00:00,7b2322cf967feeb8517fb47737e333ebee83509009866d6ac645d5ed15b3efc2,
system/var/lib/opkg/info/iptables-module-xt-tee.list,system/var/lib/opkg/info/iptables-module-xt-tee.list,file,30,29,0o100644,2009-01-01 00:00:00,c47ef9d1f18f963bc0436372da14d14569c7355d9a2bbd9dfcf2773030f286a9,
system/var/lib/opkg/info/kernel-module-snd-compress-4.14.206-perf.postinst,system/var/lib/opkg/info/kernel-module-snd-compress-4.14.206-perf.postinst,file,180,144,0o100755,2009-01-01 00:00:00,f087f32e8cc0056b4aecca17dae3b0f7a8f345d8cbfe50adbb6ad5000c022b97,
system/var/lib/opkg/info/libssl1.1.postinst,system/var/lib/opkg/info/libssl1.1.postinst,file,97,72,0o100755,2009-01-01 00:00:00,1ded80b320d8b0b0a691da8e63c7c38791567f99b1923c8eba6c4bcaedef67b3,
system/var/lib/opkg/info/kernel-module-qce50-4.14.206-perf.postinst,system/var/lib/opkg/info/kernel-module-qce50-4.14.206-perf.postinst,file,180,144,0o100755,2009-01-01 00:00:00,f087f32e8cc0056b4aecca17dae3b0f7a8f345d8cbfe50adbb6ad5000c022b97,
system/var/lib/opkg/info/pam-plugin-faildelay.control,system/var/lib/opkg/info/pam-plugin-faildelay.control,file,451,284,0o100644,2009-01-01 00:00:00,66c41a3adeafc62ba1a4f0906e337d34d84bb2eae9779d83513b5fc78ed1d4ed,
system/var/lib/opkg/info/util-linux-fsck.control,system/var/lib/opkg/info/util-linux-fsck.control,file,714,418,0o100644,2009-01-01 00:00:00,8485326519161713112d76efbb16ff71bcb51ba773e80f2d86f2846983f2cb4d,
system/var/lib/opkg/info/hci-qcomm-init.list,system/var/lib/opkg/info/hci-qcomm-init.list,file,111,69,0o100644,2009-01-01 00:00:00,9339630ba9caa184c1836bec12f31931136cbc4b76e5969675d01b4d213ed363,
system/var/lib/opkg/info/libnl-3-200.list,system/var/lib/opkg/info/libnl-3-200.list,file,102,58,0o100644,2009-01-01 00:00:00,2152f3c4cb26a46a76fe857dbcccf3d1edb904ee5d1ea870b1204a7a208d9996,
system/var/lib/opkg/info/libselinux1.list,system/var/lib/opkg/info/libselinux1.list,file,21,21,0o100644,2009-01-01 00:00:00,6038eab7f8a22b41a33ecce8f4e575d7d8ed71b5f0e9f86d707e26e26693d191,
system/var/lib/opkg/info/kbd.postinst,system/var/lib/opkg/info/kbd.postinst,file,422,126,0o100755,2009-01-01 00:00:00,21a107febd34bef4a39122c10075d8b5cbb51c1e27e3c515266fe4f55ef01ff5,
system/var/lib/opkg/info/iputils-rarpd.control,system/var/lib/opkg/info/iputils-rarpd.control,file,467,315,0o100644,2009-01-01 00:00:00,62e6080e01c84a5243be141638ae0e6f3e188972ab034d2e77c8b4a3f975e761,
system/var/lib/opkg/info/kernel-module-nvram-linux-4.14.206-perf.postrm,system/var/lib/opkg/info/kernel-module-nvram-linux-4.14.206-perf.postrm,file,110,90,0o100755,2009-01-01 00:00:00,7816454f47379296ddf522c6085fde64f7c6252cd2f9f6cc41433cc4a8599079,
system/var/lib/opkg/info/bt-property.control,system/var/lib/opkg/info/bt-property.control,file,389,257,0o100644,2009-01-01 00:00:00,9fdf69b48c9c547000cfe03a8b491ec9d300c02cc87c442ec711eac8f2454382,
system/var/lib/opkg/info/kernel-module-u-audio-4.14.206-perf.postrm,system/var/lib/opkg/info/kernel-module-u-audio-4.14.206-perf.postrm,file,110,90,0o100755,2009-01-01 00:00:00,7816454f47379296ddf522c6085fde64f7c6252cd2f9f6cc41433cc4a8599079,
system/var/lib/opkg/info/libidn2-0.list,system/var/lib/opkg/info/libidn2-0.list,file,48,29,0o100644,2009-01-01 00:00:00,7e01a7c1edd89116279d074acdec2e46f27107df0600396748025e63bc9ed959,
system/var/lib/opkg/info/libcrypt1.postinst,system/var/lib/opkg/info/libcrypt1.postinst,file,97,72,0o100755,2009-01-01 00:00:00,1ded80b320d8b0b0a691da8e63c7c38791567f99b1923c8eba6c4bcaedef67b3,
system/var/lib/opkg/info/subsystem-ramdump.control,system/var/lib/opkg/info/subsystem-ramdump.control,file,400,253,0o100644,2009-01-01 00:00:00,ce79b3d7d105ad0a99f97a076fbaec3c7e4bc2eb39302ebb611ea1cc8fb2d431,
system/var/lib/opkg/info/util-linux-agetty.prerm,system/var/lib/opkg/info/util-linux-agetty.prerm,file,67,63,0o100755,2009-01-01 00:00:00,94cd105e7bd6b6c1951c0861d1d8077d3dd3dc9c3445e3a39c226f85f968010d,
system/var/lib/opkg/info/kernel-module-mtd-subpagetest-4.14.206-perf.postrm,system/var/lib/opkg/info/kernel-module-mtd-subpagetest-4.14.206-perf.postrm,file,110,90,0o100755,2009-01-01 00:00:00,7816454f47379296ddf522c6085fde64f7c6252cd2f9f6cc41433cc4a8599079,
system/var/lib/opkg/info/iptables-module-xt-nflog.control,system/var/lib/opkg/info/iptables-module-xt-nflog.control,file,390,251,0o100644,2009-01-01 00:00:00,c66dcd262150a08e2e1f25e05315854985cbbbbe11293b199c9427e472f45692,
system/var/lib/opkg/info/iptables-module-xt-limit.control,system/var/lib/opkg/info/iptables-module-xt-limit.control,file,390,251,0o100644,2009-01-01 00:00:00,d49893cbce38ab8f46d1bbadd23daf0a3a0f43a516efee8e889b46638b88423b,
system/var/lib/opkg/info/kernel-module-mtd-subpagetest-4.14.206-perf.list,system/var/lib/opkg/info/kernel-module-mtd-subpagetest-4.14.206-perf.list,file,71,66,0o100644,2009-01-01 00:00:00,e4cbb74a71a0e6fc2f1abceba86002a464cca81f7c73f929b8ef7fe973f396b8,
system/var/lib/opkg/info/data-ipa-cfg-mgr.list,system/var/lib/opkg/info/data-ipa-cfg-mgr.list,file,291,147,0o100644,2009-01-01 00:00:00,6e22940798c231310fd73eb0f8bc92891e41f407364ee321397f40a31defbd1c,
system/var/lib/opkg/info/iptables-module-xt-tcp.list,system/var/lib/opkg/info/iptables-module-xt-tcp.list,file,30,29,0o100644,2009-01-01 00:00:00,c5c473b5f68f00208adb0d2f1c7049fd6f89cb2e6e27dfedbfdc0a89ed6ba6fd,
system/var/lib/opkg/info/util-linux-umount.list,system/var/lib/opkg/info/util-linux-umount.list,file,23,23,0o100644,2009-01-01 00:00:00,777690dfea42262c4d526e4652d0a9e84ee8d5475e24fd18fe55e30990c4ee08,
system/var/lib/opkg/info/iptables-module-ip6t-dst.list,system/var/lib/opkg/info/iptables-module-ip6t-dst.list,file,32,31,0o100644,2009-01-01 00:00:00,360ab37fd1047244dd27cd3f21d9586e64e0f45f55f9c5387835d7a3735ba85f,
system/var/lib/opkg/info/kernel-module-mtd-nandbiterrs-4.14.206-perf.list,system/var/lib/opkg/info/kernel-module-mtd-nandbiterrs-4.14.206-perf.list,file,71,67,0o100644,2009-01-01 00:00:00,3ebe3addeeb111f25247a0e89e7a344e7488fc0abbfd4f0ecaeeca9274c38442,
system/var/lib/opkg/info/pam-plugin-nologin.list,system/var/lib/opkg/info/pam-plugin-nologin.list,file,29,29,0o100644,2009-01-01 00:00:00,a7746fc221d170e5a47587fc91fc0f7156cf57803aacb2c37c96f41bd171734e,
system/var/lib/opkg/info/libbz2-1.list,system/var/lib/opkg/info/libbz2-1.list,file,46,28,0o100644,2009-01-01 00:00:00,749244eb4888c7769b44317736aa9db7e96def7ee42394f677b30416cc29b652,
system/var/lib/opkg/info/r8125.prerm,system/var/lib/opkg/info/r8125.prerm,file,219,145,0o100755,2009-01-01 00:00:00,c4ea5b1f59090a177bcf67cfa47e23feb525f23d9e8c49acf278053f316fc9e3,
system/var/lib/opkg/info/systemd-serialgetty.list,system/var/lib/opkg/info/systemd-serialgetty.list,file,150,72,0o100644,2009-01-01 00:00:00,edf59b3536984b2c971c4c38334679624bd80a18374bbf7b961cbfb36984d3a9,
system/var/lib/opkg/info/kernel-module-xt-physdev-4.14.206-perf.postinst,system/var/lib/opkg/info/kernel-module-xt-physdev-4.14.206-perf.postinst,file,180,144,0o100755,2009-01-01 00:00:00,f087f32e8cc0056b4aecca17dae3b0f7a8f345d8cbfe50adbb6ad5000c022b97,
system/var/lib/opkg/info/kernel-module-qce50-4.14.206-perf.control,system/var/lib/opkg/info/kernel-module-qce50-4.14.206-perf.control,file,383,239,0o100644,2009-01-01 00:00:00,c0170a7e7b514bb31aa96239716dc561f8a46bd8f083d753a38ce8bee0cc9cf0,
system/var/lib/opkg/info/libc6.control,system/var/lib/opkg/info/libc6.control,file,446,306,0o100644,2009-01-01 00:00:00,c7373631684ccd5037b2b47401eb3df56ed9679449b175a17703ac12a070dcab,
system/var/lib/opkg/info/bt-dlkm.list,system/var/lib/opkg/info/bt-dlkm.list,file,374,133,0o100644,2009-01-01 00:00:00,3ed46711683e584509ac660ca07a1639ff95f857bc6e79c2adec94e9fcdda6a1,
system/var/lib/opkg/info/iptables-module-ipt-ulog.list,system/var/lib/opkg/info/iptables-module-ipt-ulog.list,file,32,31,0o100644,2009-01-01 00:00:00,41dc043fff47248039f105d2f08a009e91bf138eece1ea980af5cb1c16585e3f,
system/var/lib/opkg/info/avahi-dnsconfd.list,system/var/lib/opkg/info/avahi-dnsconfd.list,file,58,43,0o100644,2009-01-01 00:00:00,f6bbad0bfbf610abe522b8815f9768d926398e13d8ffd3347851f25513621185,
system/var/lib/opkg/info/policycoreutils-sestatus.list,system/var/lib/opkg/info/policycoreutils-sestatus.list,file,34,29,0o100644,2009-01-01 00:00:00,d070959dee071c32d1ab80093a11e849d755ee30087cb4825afd9b8b55e24b6e,
system/var/lib/opkg/info/libcrypt1.control,system/var/lib/opkg/info/libcrypt1.control,file,443,294,0o100644,2009-01-01 00:00:00,4d7dc2e192c5b71d39a15ac416d6b8d9c1507a451569a8a05513bb08fc881209,
system/var/lib/opkg/info/iptables-module-ipt-masquerade.list,system/var/lib/opkg/info/iptables-module-ipt-masquerade.list,file,38,37,0o100644,2009-01-01 00:00:00,2f797a7883014b69845475a7932437ed8d35d50d52778400c53dc2b8c57ba8ba,
system/var/lib/opkg/info/kernel-module-snd-timer-4.14.206-perf.list,system/var/lib/opkg/info/kernel-module-snd-timer-4.14.206-perf.list,file,58,58,0o100644,2009-01-01 00:00:00,a26f3827f6d51fd824e3138f4938e510e4d3f1d192868ac313f9c63f14e6aba7,
system/var/lib/opkg/info/diag-vendor.control,system/var/lib/opkg/info/diag-vendor.control,file,473,311,0o100644,2009-01-01 00:00:00,a5b874c28b960372b73538c321361f0067297cf6f2fee1ec9712da8763c042a5,
system/var/lib/opkg/info/kernel-module-gpio-event-4.14.206-perf.postinst,system/var/lib/opkg/info/kernel-module-gpio-event-4.14.206-perf.postinst,file,180,144,0o100755,2009-01-01 00:00:00,f087f32e8cc0056b4aecca17dae3b0f7a8f345d8cbfe50adbb6ad5000c022b97,
system/var/lib/opkg/info/libpcap1.control,system/var/lib/opkg/info/libpcap1.control,file,538,330,0o100644,2009-01-01 00:00:00,dde9f52d30dfd562df3b5124342c292847f141255d25f5a942358a3eacbf6ee8,
system/var/lib/opkg/info/volatile-binds.list,system/var/lib/opkg/info/volatile-binds.list,file,662,149,0o100644,2009-01-01 00:00:00,9197203cd3b2a2a7a007f78fb7e141dc3b3f8c4ac4edd080e3e50f8271c0ba9c,
system/var/lib/opkg/info/libconfigdb0.list,system/var/lib/opkg/info/libconfigdb0.list,file,56,31,0o100644,2009-01-01 00:00:00,30939bdd14b206828d503f43e658c350d925f1fddbf23aab7590bac21a20fb72,
system/var/lib/opkg/info/kernel-module-gpio-event-4.14.206-perf.control,system/var/lib/opkg/info/kernel-module-gpio-event-4.14.206-perf.control,file,400,239,0o100644,2009-01-01 00:00:00,75f2a8d2c8d1e1fd30a07d8d910061209944a44bf83b2ad4564a14dfca109187,
system/var/lib/opkg/info/libffi6.list,system/var/lib/opkg/info/libffi6.list,file,46,28,0o100644,2009-01-01 00:00:00,0d4c639ee3326dde3179bd4581c5bf41921490e8a24a1f8efecbe82e84fc9bfa,
system/var/lib/opkg/info/kernel-module-snd-hwdep-4.14.206-perf.control,system/var/lib/opkg/info/kernel-module-snd-hwdep-4.14.206-perf.control,file,436,250,0o100644,2009-01-01 00:00:00,633f21416867b68ec900d294b00e1df590f9d6ec0572b49989e3c8b7d2dd7f9a,
system/var/lib/opkg/info/findutils.postinst,system/var/lib/opkg/info/findutils.postinst,file,176,87,0o100755,2009-01-01 00:00:00,55f3e6ed8dd7435fa7cfd1f2a9cddb99109e47e5125c4839602285c280bb1eb8,
system/var/lib/opkg/info/system-core.control,system/var/lib/opkg/info/system-core.control,file,537,311,0o100644,2009-01-01 00:00:00,e5797573728bda9378ebe11ef8b54ac25b94e7163140d3e04cce753c3309438e,
system/var/lib/opkg/info/grep.control,system/var/lib/opkg/info/grep.control,file,389,273,0o100644,2009-01-01 00:00:00,c73bbfd1e0098aa04903c7674e2bd357d760e8089675a7741c1c3e1042e5ae1d,
system/var/lib/opkg/info/libglib-2.0-0.control,system/var/lib/opkg/info/libglib-2.0-0.control,file,671,402,0o100644,2009-01-01 00:00:00,8e2b3b0aa90c7a95bf5abc51ab5850b87c6f0751f9c6cc3b40ea5bdb39cc1d7c,
system/var/lib/opkg/info/kernel-module-qcedevice-4.14.206-perf.control,system/var/lib/opkg/info/kernel-module-qcedevice-4.14.206-perf.control,file,435,253,0o100644,2009-01-01 00:00:00,3bc53156dcd497aa8c2ab22cae143c8b7d523086bddb99d92ddb711607673b43,
system/var/lib/opkg/info/qca-ssdk-shell.control,system/var/lib/opkg/info/qca-ssdk-shell.control,file,323,216,0o100644,2009-01-01 00:00:00,7295e6b109f5c489b98a387c90ac37d5d3595ee856fe2f95b9eefe6b7480459c,
system/var/lib/opkg/info/xtra-daemon.control,system/var/lib/opkg/info/xtra-daemon.control,file,700,382,0o100644,2009-01-01 00:00:00,652d631462e408b8505a52e5f49bf240831de01b1cb61a930f3349f7df214e51,
system/var/lib/opkg/info/packagegroup-base-extended.list,system/var/lib/opkg/info/packagegroup-base-extended.list,file,0,0,0o100644,2009-01-01 00:00:00,e3b0c44298fc1c149afbf4c8996fb92427ae41e4649b934ca495991b7852b855,
system/var/lib/opkg/info/libizat-client-api1.postinst,system/var/lib/opkg/info/libizat-client-api1.postinst,file,97,72,0o100755,2009-01-01 00:00:00,1ded80b320d8b0b0a691da8e63c7c38791567f99b1923c8eba6c4bcaedef67b3,
system/var/lib/opkg/info/iptables-module-xt-u32.list,system/var/lib/opkg/info/iptables-module-xt-u32.list,file,30,29,0o100644,2009-01-01 00:00:00,e6bd632f88c705e0ebff3f02d4b0f3374105abda8d2ed06a922e8564f4b4432f,
system/var/lib/opkg/info/qmi-framework.postinst,system/var/lib/opkg/info/qmi-framework.postinst,file,97,72,0o100755,2009-01-01 00:00:00,1ded80b320d8b0b0a691da8e63c7c38791567f99b1923c8eba6c4bcaedef67b3,
system/var/lib/opkg/info/liblocation-integration-api1.control,system/var/lib/opkg/info/liblocation-integration-api1.control,file,610,315,0o100644,2009-01-01 00:00:00,eb47c9f1b720c37c818e4d7f0c5b345afe0e48c5ccaed4d9c34e4fef861e3235,
system/var/lib/opkg/info/libpcre1.control,system/var/lib/opkg/info/libpcre1.control,file,605,382,0o100644,2009-01-01 00:00:00,84869a163f649b285e184b3d6568ec54b0625f6612c81660fe13ed6a22aa2e92,
system/var/lib/opkg/info/kernel-module-mtd-oobtest-4.14.206-perf.control,system/var/lib/opkg/info/kernel-module-mtd-oobtest-4.14.206-perf.control,file,410,241,0o100644,2009-01-01 00:00:00,4ca3bf5bb0a389c509c828c3b734cc26f266c18943adf5750afc3a443c40c245,
system/var/lib/opkg/info/iptables.list,system/var/lib/opkg/info/iptables.list,file,393,114,0o100644,2009-01-01 00:00:00,e3129d67cd56b9df9226d4165ebba0617e053caf4897ba6e5b28f904bb06b2b8,
system/var/lib/opkg/info/pam-plugin-mail.control,system/var/lib/opkg/info/pam-plugin-mail.control,file,431,278,0o100644,2009-01-01 00:00:00,1f9c5bf25fb96df606f387474060016b87fcbb0a775b61411b8d4356dcb87b12,
system/var/lib/opkg/info/libjson-c4.list,system/var/lib/opkg/info/libjson-c4.list,file,52,31,0o100644,2009-01-01 00:00:00,510a25500db3ba2e13387a81ba5154d5423b7115274d616f054843917010c47f,
system/var/lib/opkg/info/atfwd-daemon.control,system/var/lib/opkg/info/atfwd-daemon.control,file,510,312,0o100644,2009-01-01 00:00:00,2c5f874f4887c5270cf8c6b1d62995fbf42168785a64fd303e348c6b8273a9cb,
system/var/lib/opkg/info/diag-reboot-app.preinst,system/var/lib/opkg/info/diag-reboot-app.preinst,file,6077,1666,0o100755,2009-01-01 00:00:00,9c44b9256599464ca86d0e6bc83fd274e2b5cda40e54ca4570f8b8bd90c25bad,
system/var/lib/opkg/info/libnfnetlink0.postinst,system/var/lib/opkg/info/libnfnetlink0.postinst,file,97,72,0o100755,2009-01-01 00:00:00,1ded80b320d8b0b0a691da8e63c7c38791567f99b1923c8eba6c4bcaedef67b3,
system/var/lib/opkg/info/iptables-module-xt-addrtype.list,system/var/lib/opkg/info/iptables-module-xt-addrtype.list,file,35,34,0o100644,2009-01-01 00:00:00,eba1ca9a7d2b3744ecbc44e7a38ad6230c7e80e0f95e4d930ad78af5a827cdd5,
system/var/lib/opkg/info/kernel-module-gpio-matrix-4.14.206-perf.list,system/var/lib/opkg/info/kernel-module-gpio-matrix-4.14.206-perf.list,file,68,67,0o100644,2009-01-01 00:00:00,888ac3c4afd76b4b236878305ac7df90dab3e1bb5d242780b9ff2ffdb54aec95,
system/var/lib/opkg/info/libdataitems1.postinst,system/var/lib/opkg/info/libdataitems1.postinst,file,97,72,0o100755,2009-01-01 00:00:00,1ded80b320d8b0b0a691da8e63c7c38791567f99b1923c8eba6c4bcaedef67b3,
system/var/lib/opkg/info/iptables-module-ip6t-dnat.list,system/var/lib/opkg/info/iptables-module-ip6t-dnat.list,file,33,32,0o100644,2009-01-01 00:00:00,9686bbef7463e23df983c178f4158556966147a9de1c9f1b6e449f70cb7b62fb,
system/var/lib/opkg/info/kernel-module-snd-compress-4.14.206-perf.list,system/var/lib/opkg/info/kernel-module-snd-compress-4.14.206-perf.list,file,61,59,0o100644,2009-01-01 00:00:00,9a654692610675cc0893f40bdf4253591458f359ba67b8f04c4ccd25ca149c7d,
system/var/lib/opkg/info/pam-plugin-securetty.list,system/var/lib/opkg/info/pam-plugin-securetty.list,file,31,29,0o100644,2009-01-01 00:00:00,7d606a2f936bff53d2f3bbcd50c25314e4277b2048bed7f6f8006fa3437e3509,
system/var/lib/opkg/info/libubox.list,system/var/lib/opkg/info/libubox.list,file,701,174,0o100644,2009-01-01 00:00:00,15f187ec66bacb34253f2b0f1d11399c4e21743878a1efff6f1718eda4e2fb82,
system/var/lib/opkg/info/liblowi-client1.control,system/var/lib/opkg/info/liblowi-client1.control,file,550,322,0o100644,2009-01-01 00:00:00,28ef24fa16e1f0ed0adb732c4ad39dbcb90a0c1e44dfd38beacb82da27b8083a,
system/var/lib/opkg/info/libxsde0.list,system/var/lib/opkg/info/libxsde0.list,file,48,27,0o100644,2009-01-01 00:00:00,83f4512f7136171a417523c1c9f2225001890f72a9b93db04c3c6d7436fd6edf,
system/var/lib/opkg/info/pam-plugin-securetty.control,system/var/lib/opkg/info/pam-plugin-securetty.control,file,451,284,0o100644,2009-01-01 00:00:00,2538b4e9e754526ed3897c426c51513020c5dde5c0e6b98554670fb60c82e828,
system/var/lib/opkg/info/start-scripts-ipa-fws.list,system/var/lib/opkg/info/start-scripts-ipa-fws.list,file,212,99,0o100644,2009-01-01 00:00:00,4ad36322c6438d770468187f54ebf534dfca19b3f69d816cbf9090f8e06ec526,
system/var/lib/opkg/info/libavahi-client3.list,system/var/lib/opkg/info/libavahi-client3.list,file,64,37,0o100644,2009-01-01 00:00:00,4450e1ada15c07856860085eea4c975f4aeb877e0355197c04b8f333e00060b9,
system/var/lib/opkg/info/libtime-genoff1.control,system/var/lib/opkg/info/libtime-genoff1.control,file,410,267,0o100644,2009-01-01 00:00:00,73e432edf85770cffbe1152ec32eb064ca46b10212088749887ca86df7b7abb9,
system/var/lib/opkg/info/util-linux-fsck.list,system/var/lib/opkg/info/util-linux-fsck.list,file,22,22,0o100644,2009-01-01 00:00:00,9cc7279c14aa559cc3eed1e73cb8850f16e4916a096b3eba19fc142055f58cef,
system/var/lib/opkg/info/qc-bt-daemon.list,system/var/lib/opkg/info/qc-bt-daemon.list,file,20,20,0o100644,2009-01-01 00:00:00,1f713c34f32641e1ebdb06e7981c8f2cf72fcab3b7b1c9844904c6b10882dd59,
system/var/lib/opkg/info/udev.list,system/var/lib/opkg/info/udev.list,file,2091,504,0o100644,2009-01-01 00:00:00,6c1a862ad6da21d14926c46ea71a9686e64383a72d864240b14e971bb888cc62,
system/var/lib/opkg/info/iptables-module-xt-osf.control,system/var/lib/opkg/info/iptables-module-xt-osf.control,file,384,249,0o100644,2009-01-01 00:00:00,7293ddb300dbf7c4cb7993cec6acfb2f8656358c7e39ba72b03da5bc7ae2285f,
system/var/lib/opkg/info/iptables-module-xt-classify.control,system/var/lib/opkg/info/iptables-module-xt-classify.control,file,399,253,0o100644,2009-01-01 00:00:00,8a8735fbd17c7523bafa80addb49ad53f4b467b4cc25f5ab56a99cd4b95b5b8f,
system/var/lib/opkg/info/libloc-mq-client1.postinst,system/var/lib/opkg/info/libloc-mq-client1.postinst,file,97,72,0o100755,2009-01-01 00:00:00,1ded80b320d8b0b0a691da8e63c7c38791567f99b1923c8eba6c4bcaedef67b3,
system/var/lib/opkg/info/xtwifi-client.control,system/var/lib/opkg/info/xtwifi-client.control,file,883,418,0o100644,2009-01-01 00:00:00,ae568a3edefe0b42eed3e4ba697679c290a53767de7cccb3ab6e513d550b3dab,
system/var/lib/opkg/info/openssl-bin.list,system/var/lib/opkg/info/openssl-bin.list,file,35,31,0o100644,2009-01-01 00:00:00,72e79fb22eb1004d38534d5a71652951391bf70e365287121ce6ce88f34b35a9,
system/var/lib/opkg/info/libsys-info-cache1.control,system/var/lib/opkg/info/libsys-info-cache1.control,file,580,330,0o100644,2009-01-01 00:00:00,870e770c5c01a05c16252efd7ae9e24263e23d4347eb4580719db0e8d4eecf0c,
system/var/lib/opkg/info/libuuid1.list,system/var/lib/opkg/info/libuuid1.list,file,40,26,0o100644,2009-01-01 00:00:00,7068546913430afc59e0f0ce999b2f12587f747404cb5593681f01f9cb1555c7,
system/var/lib/opkg/info/libavahi-common3.control,system/var/lib/opkg/info/libavahi-common3.control,file,809,505,0o100644,2009-01-01 00:00:00,3935c1cbf7b48f7bd83efbe6303752c95917f64bc8a652cfcf511e41a6bb2dd9,
system/var/lib/opkg/info/iptables-module-xt-standard.control,system/var/lib/opkg/info/iptables-module-xt-standard.control,file,399,253,0o100644,2009-01-01 00:00:00,834f0d51242dcee51b1fd6c540ad67c7bdffd3d5d8c221a0a0954485505fd62b,
system/var/lib/opkg/info/kernel-module-gpio-axis-4.14.206-perf.control,system/var/lib/opkg/info/kernel-module-gpio-axis-4.14.206-perf.control,file,377,226,0o100644,2009-01-01 00:00:00,ba9819aee30181a61ba9c40e87c4eb4d0e43302c12eb1df5d4e9183494dc7910,
system/var/lib/opkg/info/kernel-module-mtd-nandecctest-4.14.206-perf.control,system/var/lib/opkg/info/kernel-module-mtd-nandecctest-4.14.206-perf.control,file,432,249,0o100644,2009-01-01 00:00:00,ae7797994789944ce1eb271c8cb0262c2969c305d9bfd71a0179cd3f622ec316,
system/var/lib/opkg/info/libgnutls30.list,system/var/lib/opkg/info/libgnutls30.list,file,55,33,0o100644,2009-01-01 00:00:00,6cb419e513e5d67268ad8d65e6e258fe1e0219d9898fad9a301c67d483ccb73b,
system/var/lib/opkg/info/libpugixml1.list,system/var/lib/opkg/info/libpugixml1.list,file,54,32,0o100644,2009-01-01 00:00:00,8a9363db566fc68091acc68993f22bb7336e07a41fe959045a856143d2c50bb8,
system/var/lib/opkg/info/kernel-module-spidev-4.14.206-perf.postrm,system/var/lib/opkg/info/kernel-module-spidev-4.14.206-perf.postrm,file,110,90,0o100755,2009-01-01 00:00:00,7816454f47379296ddf522c6085fde64f7c6252cd2f9f6cc41433cc4a8599079,
system/var/lib/opkg/info/libext4-utils0.list,system/var/lib/opkg/info/libext4-utils0.list,file,60,33,0o100644,2009-01-01 00:00:00,8320207bffba74878fc2b3542cf89e5bb9975d3b56e766c3382871a94e1629c5,
system/var/lib/opkg/info/libext4-utils0.postinst,system/var/lib/opkg/info/libext4-utils0.postinst,file,97,72,0o100755,2009-01-01 00:00:00,1ded80b320d8b0b0a691da8e63c7c38791567f99b1923c8eba6c4bcaedef67b3,
system/var/lib/opkg/info/kernel-module-snd-soc-core-4.14.206-perf.control,system/var/lib/opkg/info/kernel-module-snd-soc-core-4.14.206-perf.control,file,552,279,0o100644,2009-01-01 00:00:00,9e354da82509855ed1af240faf9937fe03777be8f145075f288f3f46daa70643,
system/var/lib/opkg/info/system-core.postinst,system/var/lib/opkg/info/system-core.postinst,file,97,72,0o100755,2009-01-01 00:00:00,1ded80b320d8b0b0a691da8e63c7c38791567f99b1923c8eba6c4bcaedef67b3,
system/var/lib/opkg/info/ath6kl-utils.list,system/var/lib/opkg/info/ath6kl-utils.list,file,15,15,0o100644,2009-01-01 00:00:00,f7866f1d0ce151a5adbaa3cfe7d739c44eed38859d02c0fa8655dc64e371ec3d,
system/var/lib/opkg/info/iputils-arping.list,system/var/lib/opkg/info/iputils-arping.list,file,12,12,0o100644,2009-01-01 00:00:00,9d3beb62ae64b4f9f3c275e742505db235ffb2a57229febed97201bdf0195b46,
system/var/lib/opkg/info/start-scripts-qseecomd-daemon.list,system/var/lib/opkg/info/start-scripts-qseecomd-daemon.list,file,226,96,0o100644,2009-01-01 00:00:00,d1675bc41c3b73e5e63fc4fc426903082ba06c5ca118a6ebda0ea609ea406913,
system/var/lib/opkg/info/realtek-firmware.control,system/var/lib/opkg/info/realtek-firmware.control,file,415,259,0o100644,2009-01-01 00:00:00,d34c97f7d9e0fa500cca9e9779074c2e3d84c6937331471d8d4606440940c637,
system/var/lib/opkg/info/libbatching1.postinst,system/var/lib/opkg/info/libbatching1.postinst,file,97,72,0o100755,2009-01-01 00:00:00,1ded80b320d8b0b0a691da8e63c7c38791567f99b1923c8eba6c4bcaedef67b3,
system/var/lib/opkg/info/tinyproxy.list,system/var/lib/opkg/info/tinyproxy.list,file,224,98,0o100644,2009-01-01 00:00:00,ec702ba869b69e4b73b36b098ab5ed6cf8e00f12fddf722cf0e299c8f08a3920,
system/var/lib/opkg/info/nettle.control,system/var/lib/opkg/info/nettle.control,file,408,277,0o100644,2009-01-01 00:00:00,01a68cc62d6551fa75155cf5785284fc2a3cb7979a860754d4096e6f6088cee8,
system/var/lib/opkg/info/coreutils.list,system/var/lib/opkg/info/coreutils.list,file,43,33,0o100644,2009-01-01 00:00:00,77fb97598308b925234e385f9902a4a50f77d1c86a7271de881d48e2be660802,
system/var/lib/opkg/info/kernel-module-gpio-axis-4.14.206-perf.postrm,system/var/lib/opkg/info/kernel-module-gpio-axis-4.14.206-perf.postrm,file,110,90,0o100755,2009-01-01 00:00:00,7816454f47379296ddf522c6085fde64f7c6252cd2f9f6cc41433cc4a8599079,
system/var/lib/opkg/info/libsemanage1.postinst,system/var/lib/opkg/info/libsemanage1.postinst,file,97,72,0o100755,2009-01-01 00:00:00,1ded80b320d8b0b0a691da8e63c7c38791567f99b1923c8eba6c4bcaedef67b3,
system/var/lib/opkg/info/start-scripts-misc-daemon.control,system/var/lib/opkg/info/start-scripts-misc-daemon.control,file,424,248,0o100644,2009-01-01 00:00:00,f0fdc7c83ea53c255e8887021fc37d10e475508f6abefc92b89b37ebf3242d2e,
system/var/lib/opkg/info/diag-vendor.list,system/var/lib/opkg/info/diag-vendor.list,file,181,83,0o100644,2009-01-01 00:00:00,c590c5f841df57f2c9e50ce32807c960492f6d428f558cc4a1968d027bdc5564,
system/var/lib/opkg/info/iptables-module-ebt-ip.control,system/var/lib/opkg/info/iptables-module-ebt-ip.control,file,384,249,0o100644,2009-01-01 00:00:00,2469270f8295153a4a90d25e4db3b50500c062486efa172477fa74acf1b0dff0,
system/var/lib/opkg/info/libnetmgr-rmnet-ext0.control,system/var/lib/opkg/info/libnetmgr-rmnet-ext0.control,file,497,299,0o100644,2009-01-01 00:00:00,05d5797870fcee0d61ba56634f14c08fe5fa4ab3040acbcf5f06e1444c6d3ffa,
system/var/lib/opkg/info/avahi-daemon.conffiles,system/var/lib/opkg/info/avahi-daemon.conffiles,file,29,26,0o100644,2009-01-01 00:00:00,0448819edfcd12c0b543dc24fe6899ce353c595cb555371ae230a8e469544947,
system/var/lib/opkg/info/libavahi-common3.list,system/var/lib/opkg/info/libavahi-common3.list,file,64,36,0o100644,2009-01-01 00:00:00,2d99fd1df16c2f73e16ab280ae2150e3538b2d0e13f3fa61b93eaad42b0b3829,
system/var/lib/opkg/info/iptables-module-ip6t-dst.control,system/var/lib/opkg/info/iptables-module-ip6t-dst.control,file,390,251,0o100644,2009-01-01 00:00:00,3a25fffeeedb475b4c3e47fc912d841cde06af4c71bc5f0fd73b3dd74d6cbaa8,
system/var/lib/opkg/info/libbtvendorhal0.list,system/var/lib/opkg/info/libbtvendorhal0.list,file,62,34,0o100644,2009-01-01 00:00:00,cef08027bfa953520f0e4cd9af3a40292ac8943598767a2e534422c70d323745,
system/var/lib/opkg/info/packagegroup-base-ipv6.control,system/var/lib/opkg/info/packagegroup-base-ipv6.control,file,376,242,0o100644,2009-01-01 00:00:00,168b7ed70d65074c070629ebb1743cf0b2f38a7fafc9671101cf622336582711,
system/var/lib/opkg/info/libloc-core1.postinst,system/var/lib/opkg/info/libloc-core1.postinst,file,97,72,0o100755,2009-01-01 00:00:00,1ded80b320d8b0b0a691da8e63c7c38791567f99b1923c8eba6c4bcaedef67b3,
system/var/lib/opkg/info/kernel-module-nf-conntrack-rtsp-4.14.206-perf.control,system/var/lib/opkg/info/kernel-module-nf-conntrack-rtsp-4.14.206-perf.control,file,438,248,0o100644,2009-01-01 00:00:00,bb89ae80925ffa13d6b65e2ed7d1be6dfbe9c777128be2619a8cc0210e72ca4d,
system/var/lib/opkg/info/reboot-daemon.control,system/var/lib/opkg/info/reboot-daemon.control,file,316,208,0o100644,2009-01-01 00:00:00,a3d8a8885eb0673f6e54a6ba1950af644116b4f9703c44eb10ad7c6e07cc4490,
system/var/lib/opkg/info/kernel-module-nf-nat-rtsp-4.14.206-perf.postrm,system/var/lib/opkg/info/kernel-module-nf-nat-rtsp-4.14.206-perf.postrm,file,110,90,0o100755,2009-01-01 00:00:00,7816454f47379296ddf522c6085fde64f7c6252cd2f9f6cc41433cc4a8599079,
system/var/lib/opkg/info/util-linux-sulogin.postinst,system/var/lib/opkg/info/util-linux-sulogin.postinst,file,98,77,0o100755,2009-01-01 00:00:00,396eee730f0ee71009b34863c09bdde174a0e7e36387f843eedfe355cfe59e0a,
system/var/lib/opkg/info/iptables-module-ipt-reject.list,system/var/lib/opkg/info/iptables-module-ipt-reject.list,file,34,33,0o100644,2009-01-01 00:00:00,698b12cb923275716194cbc14309702dd560ea7575a45842da4eed3859ccdd47,
system/var/lib/opkg/info/util-linux-mount.list,system/var/lib/opkg/info/util-linux-mount.list,file,22,22,0o100644,2009-01-01 00:00:00,494e319b861205b7d17d83d1ac7c767e500f1d767b68aa07b9d9860a64f2562a,
system/var/lib/opkg/info/kernel-4.14.206-perf.list,system/var/lib/opkg/info/kernel-4.14.206-perf.list,file,84,48,0o100644,2009-01-01 00:00:00,27fbe5869eeef8b3c330a84647d80299cd8cd4dae7828d3ae7a0ea507f9c21eb,
system/var/lib/opkg/info/liblbs-core1.list,system/var/lib/opkg/info/liblbs-core1.list,file,71,48,0o100644,2009-01-01 00:00:00,09aed596d49ae495fafef7c5d31dad38624b076c7b16dcde5fca17edbb764cd2,
system/var/lib/opkg/info/packagegroup-distro-base.control,system/var/lib/opkg/info/packagegroup-distro-base.control,file,345,222,0o100644,2009-01-01 00:00:00,19939ce9b8d248450972044b13ad2f9fd9ee6a6d5259257d618f69092c0d5b69,
system/var/lib/opkg/info/shadow-base.postinst,system/var/lib/opkg/info/shadow-base.postinst,file,310,110,0o100755,2009-01-01 00:00:00,4ada804f23935a80dcf0dbd6a26460423b5a61967972b0c75ade456bc3799e99,
system/var/lib/opkg/info/qmi-framework.list,system/var/lib/opkg/info/qmi-framework.list,file,766,163,0o100644,2009-01-01 00:00:00,881f748f838c77879f4b78b21d4c4e5afd0f63762520bb716471eac230373b5a,
system/var/lib/opkg/info/iptables-module-xt-notrack.list,system/var/lib/opkg/info/iptables-module-xt-notrack.list,file,34,33,0o100644,2009-01-01 00:00:00,a364791dd617e692bf35a57169ef073421ce2c862c9c56511ae1134804cbdea9,
system/var/lib/opkg/info/libbase0.control,system/var/lib/opkg/info/libbase0.control,file,423,268,0o100644,2009-01-01 00:00:00,b991b00c52cff839992309366c3b44143a47bc6ed1290191ef0fbe82b5df5c94,
system/var/lib/opkg/info/avahi-autoipd.postrm,system/var/lib/opkg/info/avahi-autoipd.postrm,file,70,47,0o100755,2009-01-01 00:00:00,eea8ca1bb8e992593e89eec20572bf6675498bc86a5ca415eb234041e9a144de,
system/var/lib/opkg/info/iptables-module-ipt-snat.control,system/var/lib/opkg/info/iptables-module-ipt-snat.control,file,390,250,0o100644,2009-01-01 00:00:00,c0a4d6ec292b916718db0de24fa83b2aa63a8ae76ed3c5012bab0e109222d822,
system/var/lib/opkg/info/kernel-module-msm-geni-ir-4.14.206-perf.list,system/var/lib/opkg/info/kernel-module-msm-geni-ir-4.14.206-perf.list,file,167,72,0o100644,2009-01-01 00:00:00,de36b849928e046a86178852232e212ed2e9b89e4fb15208dd2880ebe1a68da9,
system/var/lib/opkg/info/kernel-module-u-audio-4.14.206-perf.postinst,system/var/lib/opkg/info/kernel-module-u-audio-4.14.206-perf.postinst,file,180,144,0o100755,2009-01-01 00:00:00,f087f32e8cc0056b4aecca17dae3b0f7a8f345d8cbfe50adbb6ad5000c022b97,
system/var/lib/opkg/info/refpolicy-mls.list,system/var/lib/opkg/info/refpolicy-mls.list,file,37504,3936,0o100644,2009-01-01 00:00:00,790f0061a22ae8482695540fb5168afe15c0ebc52becb4fae7c4a80721594559,
system/var/lib/opkg/info/libloc-socket1.postinst,system/var/lib/opkg/info/libloc-socket1.postinst,file,97,72,0o100755,2009-01-01 00:00:00,1ded80b320d8b0b0a691da8e63c7c38791567f99b1923c8eba6c4bcaedef67b3,
system/var/lib/opkg/info/policycoreutils-fixfiles.control,system/var/lib/opkg/info/policycoreutils-fixfiles.control,file,680,385,0o100644,2009-01-01 00:00:00,8e05ecd68eb779085863c8a8e2ffe6e1271a3736d251ff5928453c57dfab79a0,
system/var/lib/opkg/info/libffi6.control,system/var/lib/opkg/info/libffi6.control,file,1031,550,0o100644,2009-01-01 00:00:00,1810e9b8915fdf7bd6026f5d9b88792a8ce1fd3c77ca8862ee2cba9e3e29b275,
system/var/lib/opkg/info/data.list,system/var/lib/opkg/info/data.list,file,5527,1279,0o100644,2009-01-01 00:00:00,1cb5648ff35ab3d191599187599fc6c70b03ad9339189d38a76e3f2162942c75,
system/var/lib/opkg/info/pam-plugin-selinux.list,system/var/lib/opkg/info/pam-plugin-selinux.list,file,29,29,0o100644,2009-01-01 00:00:00,c84c34cb6be511750911b417f949f99da2a12adf8d8cf56cd44db3181c955cde,
system/var/lib/opkg/info/kernel-module-nf-conntrack-rtsp-4.14.206-perf.postinst,system/var/lib/opkg/info/kernel-module-nf-conntrack-rtsp-4.14.206-perf.postinst,file,180,144,0o100755,2009-01-01 00:00:00,f087f32e8cc0056b4aecca17dae3b0f7a8f345d8cbfe50adbb6ad5000c022b97,
system/var/lib/opkg/info/time-services.control,system/var/lib/opkg/info/time-services.control,file,462,294,0o100644,2009-01-01 00:00:00,3af138fa0ee72b86a5207b04c21719eda329f06b526d3ada2ffdcca9baace523,
system/var/lib/opkg/info/iptables-module-ip6t-ipv6header.list,system/var/lib/opkg/info/iptables-module-ip6t-ipv6header.list,file,39,38,0o100644,2009-01-01 00:00:00,f3f691e0e2f24fe46fcd0f298adb1b6c777b3e4b2090710ab2e239ddafb07418,
system/var/lib/opkg/info/util-linux-agetty.list,system/var/lib/opkg/info/util-linux-agetty.list,file,13,13,0o100644,2009-01-01 00:00:00,d51c0cc897697bdf0c76eac1c54505bf50b7d36e2e481735f8859b93be33c5a0,
system/var/lib/opkg/info/fs-scrub-daemon.list,system/var/lib/opkg/info/fs-scrub-daemon.list,file,286,134,0o100644,2009-01-01 00:00:00,586bb3d87e353bfd0152cc40b772d697e91098a8db7bebd64b07eb13cfac6b4e,
system/var/lib/opkg/info/util-linux-umount.prerm,system/var/lib/opkg/info/util-linux-umount.prerm,file,78,70,0o100755,2009-01-01 00:00:00,8781bcfdea285b956353e65f6cec04bdfc92826b7c655d749e4c551680a35f86,
system/var/lib/opkg/info/iputils-tftpd.list,system/var/lib/opkg/info/iputils-tftpd.list,file,11,11,0o100644,2009-01-01 00:00:00,bc71ba999185510edef115b677e939f7cb1fde1b25a1fe2213789ece85ff564c,
system/var/lib/opkg/info/iptables-module-xt-cpu.control,system/var/lib/opkg/info/iptables-module-xt-cpu.control,file,384,250,0o100644,2009-01-01 00:00:00,1a1332da61ab6f4298967d1b72795182cae33d64964c7e86dc3282ff015dfbfd,
system/var/lib/opkg/info/qmi-framework-vendor.control,system/var/lib/opkg/info/qmi-framework-vendor.control,file,459,292,0o100644,2009-01-01 00:00:00,c965e2e388fbd60affd4a31acc590d533cc1b92d0237d7ea6cb8b27f5378f66d,
system/var/lib/opkg/info/iptables-module-xt-u32.control,system/var/lib/opkg/info/iptables-module-xt-u32.control,file,384,250,0o100644,2009-01-01 00:00:00,9fea1fba64a2af3df247ff425f03742234964d4e9035004a1fa81e8b09b6a571,
system/var/lib/opkg/info/libloc-api-v02-1.control,system/var/lib/opkg/info/libloc-api-v02-1.control,file,535,296,0o100644,2009-01-01 00:00:00,cd6b41a36f025af11ae48e96c2be48f57bd9c4d921977d2f4f5f726a3f306241,
system/var/lib/opkg/info/data-module.control,system/var/lib/opkg/info/data-module.control,file,451,290,0o100644,2009-01-01 00:00:00,65ac2a047a6d1f3ece8fbed535ff4bd5d1cd91522ce29aa63f98a577ca4991a6,
system/var/lib/opkg/info/findutils.control,system/var/lib/opkg/info/findutils.control,file,676,424,0o100644,2009-01-01 00:00:00,61de51a3b548d3cba6b42fbcefe383dbfcf0e8cd6f8796f86a565801c61fb5a4,
system/var/lib/opkg/info/iptables-module-xt-connlimit.list,system/var/lib/opkg/info/iptables-module-xt-connlimit.list,file,36,35,0o100644,2009-01-01 00:00:00,f948334c701e519a64ab6e2c4696b44fda99eb878baed5ea5d381c09ce2c1c02,
system/var/lib/opkg/info/nmea-test-app.list,system/var/lib/opkg/info/nmea-test-app.list,file,23,23,0o100644,2009-01-01 00:00:00,6a476122460c7ab361a46be145ae7d515b1b79d15e621a88358a03088f321d85,
system/var/lib/opkg/info/iptables-module-ip6t-hbh.control,system/var/lib/opkg/info/iptables-module-ip6t-hbh.control,file,390,251,0o100644,2009-01-01 00:00:00,b478150ebb788d3adf51bd1f6ed18e14492ab6281792912e99da3fc60d025e71,
system/var/lib/opkg/info/libblkid1.list,system/var/lib/opkg/info/libblkid1.list,file,42,26,0o100644,2009-01-01 00:00:00,38db4173177943c8c20c5d2802b6a775a43f825adbf7a61cededc7af306eb25c,
system/var/lib/opkg/info/avahi-utils.list,system/var/lib/opkg/info/avahi-utils.list,file,253,92,0o100644,2009-01-01 00:00:00,8b2b3d9e97bac1fac42a0a5fb231496ba54e89376766a817b61a9fa328dbefc7,
system/var/lib/opkg/info/liblocationservice1.postinst,system/var/lib/opkg/info/liblocationservice1.postinst,file,97,72,0o100755,2009-01-01 00:00:00,1ded80b320d8b0b0a691da8e63c7c38791567f99b1923c8eba6c4bcaedef67b3,
system/var/lib/opkg/info/iptables-module-xt-led.list,system/var/lib/opkg/info/iptables-module-xt-led.list,file,30,29,0o100644,2009-01-01 00:00:00,20dfc7857ded64563c81495a8e0b320fc0a75dfdf018de2ec71d39ed463412b0,
system/var/lib/opkg/info/libuuid1.postinst,system/var/lib/opkg/info/libuuid1.postinst,file,97,72,0o100755,2009-01-01 00:00:00,1ded80b320d8b0b0a691da8e63c7c38791567f99b1923c8eba6c4bcaedef67b3,
system/var/lib/opkg/info/iptables-module-ip6t-srh.list,system/var/lib/opkg/info/iptables-module-ip6t-srh.list,file,32,31,0o100644,2009-01-01 00:00:00,2c9d7c13b7d92a13330d4e8e3080c3048c4326a393762d89625eb59f0b490722,
system/var/lib/opkg/info/packagegroup-selinux-minimal.control,system/var/lib/opkg/info/packagegroup-selinux-minimal.control,file,616,296,0o100644,2009-01-01 00:00:00,12a9f403e242e1903749f254ad86e83be5db07f6bf3c0f44289e4474ff3a8d12,
system/var/lib/opkg/info/libnetmgr-nr-fusion0.control,system/var/lib/opkg/info/libnetmgr-nr-fusion0.control,file,427,278,0o100644,2009-01-01 00:00:00,7b5f57baa6d09739a001368737dfee1c98e38b1fae9d4fd89ef055f6399f783c,
system/var/lib/opkg/info/libwpa-supplicant-8-lib0.postinst,system/var/lib/opkg/info/libwpa-supplicant-8-lib0.postinst,file,97,72,0o100755,2009-01-01 00:00:00,1ded80b320d8b0b0a691da8e63c7c38791567f99b1923c8eba6c4bcaedef67b3,
system/var/lib/opkg/info/libnetfilter-conntrack3.postinst,system/var/lib/opkg/info/libnetfilter-conntrack3.postinst,file,97,72,0o100755,2009-01-01 00:00:00,1ded80b320d8b0b0a691da8e63c7c38791567f99b1923c8eba6c4bcaedef67b3,
system/var/lib/opkg/info/kernel-module-echainiv-4.14.206-perf.list,system/var/lib/opkg/info/kernel-module-echainiv-4.14.206-perf.list,file,95,59,0o100644,2009-01-01 00:00:00,e53e92e92aedf7c3989dd1ddff4bc1570ff46ffd457913268a25c7e4ff888e54,
system/var/lib/opkg/info/systemd-compat-units.control,system/var/lib/opkg/info/systemd-compat-units.control,file,469,263,0o100644,2009-01-01 00:00:00,ce0b621289996b8bbc26f7d7bb67d368102d6993ff63a2cdbaf2e49922f1676e,
system/var/lib/opkg/info/libxsde0.postinst,system/var/lib/opkg/info/libxsde0.postinst,file,97,72,0o100755,2009-01-01 00:00:00,1ded80b320d8b0b0a691da8e63c7c38791567f99b1923c8eba6c4bcaedef67b3,
system/var/lib/opkg/info/start-scripts-sfs-config.control,system/var/lib/opkg/info/start-scripts-sfs-config.control,file,445,263,0o100644,2009-01-01 00:00:00,2ad130a237fad16b0a42329e8722e1f2d8b004c4b7cc28190bc2dd996b5fb16f,
system/var/lib/opkg/info/iptables-module-xt-mark.list,system/var/lib/opkg/info/iptables-module-xt-mark.list,file,62,39,0o100644,2009-01-01 00:00:00,237c56f5dde8805e669da6deebacdc10dfc33604086e7ef415956059eebb5065,
system/var/lib/opkg/info/protobuf.list,system/var/lib/opkg/info/protobuf.list,file,126,46,0o100644,2009-01-01 00:00:00,ea50e2a6bcb3c3f907c3434bdc39d751bfb6830765c829198f2caade4287dde1,
system/var/lib/opkg/info/iptables-module-xt-standard.list,system/var/lib/opkg/info/iptables-module-xt-standard.list,file,53,39,0o100644,2009-01-01 00:00:00,b08667533e378ae0d6c5a788182a1368c92c3a3625bbd6eeb28e5136cd779c83,
system/var/lib/opkg/info/libqmi-client-helper1.postinst,system/var/lib/opkg/info/libqmi-client-helper1.postinst,file,97,72,0o100755,2009-01-01 00:00:00,1ded80b320d8b0b0a691da8e63c7c38791567f99b1923c8eba6c4bcaedef67b3,
system/var/lib/opkg/info/libnl-route-3-200.control,system/var/lib/opkg/info/libnl-route-3-200.control,file,488,302,0o100644,2009-01-01 00:00:00,66438e26e60c3270b5ed3ed2dd849560a77f0896bc84141c9eeebb19fc7553ca,
system/var/lib/opkg/info/libutils0.postinst,system/var/lib/opkg/info/libutils0.postinst,file,97,72,0o100755,2009-01-01 00:00:00,1ded80b320d8b0b0a691da8e63c7c38791567f99b1923c8eba6c4bcaedef67b3,
system/var/lib/opkg/info/iptables-module-xt-tcp.control,system/var/lib/opkg/info/iptables-module-xt-tcp.control,file,384,250,0o100644,2009-01-01 00:00:00,8e24be1b239035bd6366aadd0cdbcedde5a577623902a3065b07d9572f264b16,
system/var/lib/opkg/info/findutils.list,system/var/lib/opkg/info/findutils.list,file,155,80,0o100644,2009-01-01 00:00:00,f1b08413abb20ad1badbbcc1c2fb8390f2f2be2557b08a472bb387ce9ab7020b,
system/var/lib/opkg/info/libstdc++6.control,system/var/lib/opkg/info/libstdc++6.control,file,430,296,0o100644,2009-01-01 00:00:00,07df3f9c954fb0fb94cd8d37e6d8b11809ddfae37158b10a688fa42d5a45a8f2,
system/var/lib/opkg/info/libpugixml1.postinst,system/var/lib/opkg/info/libpugixml1.postinst,file,97,72,0o100755,2009-01-01 00:00:00,1ded80b320d8b0b0a691da8e63c7c38791567f99b1923c8eba6c4bcaedef67b3,
system/var/lib/opkg/info/libcutils0.list,system/var/lib/opkg/info/libcutils0.list,file,84,45,0o100644,2009-01-01 00:00:00,7c3cd439176072743e4dc7125cb8c6ac5d931676c858911c48d0040b0e008b53,
system/var/lib/opkg/info/iptables-module-ip6t-masquerade.control,system/var/lib/opkg/info/iptables-module-ip6t-masquerade.control,file,411,256,0o100644,2009-01-01 00:00:00,f4489b6c85bcb6ce99b474c4ca99a12162df7ed3b2e22b13eac9e2e47fbe0707,
system/var/lib/opkg/info/iptables-module-ipt-nattype.list,system/var/lib/opkg/info/iptables-module-ipt-nattype.list,file,35,34,0o100644,2009-01-01 00:00:00,cd109e76cd6e5abf0b84057a34d3d64f62fc722740ed0d05692b443211ac8a17,
system/var/lib/opkg/info/iptables-module-xt-bpf.list,system/var/lib/opkg/info/iptables-module-xt-bpf.list,file,30,29,0o100644,2009-01-01 00:00:00,de028243250a942b310925b2a08be0d85bdd558e34dac5df7e255fd8e772dd57,
system/var/lib/opkg/info/opkg.list,system/var/lib/opkg/info/opkg.list,file,214,92,0o100644,2009-01-01 00:00:00,34f560e4897760ec9d1d704c5b570d571a9c83826e9a29156354fe2345bedc12,
system/var/lib/opkg/info/libsys-info-cache1.list,system/var/lib/opkg/info/libsys-info-cache1.list,file,135,66,0o100644,2009-01-01 00:00:00,d0b947a160a9333e81a9a10b5810bada0e0ce5ce92119981aa18ff9a3d249e7a,
system/var/lib/opkg/info/qcacld-utils.control,system/var/lib/opkg/info/qcacld-utils.control,file,362,242,0o100644,2009-01-01 00:00:00,3482e949b33a538cd156f90cf427fe936ac92b51a5b86582b9c3c9ae9cc25d44,
system/var/lib/opkg/info/iputils.control,system/var/lib/opkg/info/iputils.control,file,578,332,0o100644,2009-01-01 00:00:00,d6e18fd796b1e90fde4d5de5fe85b4659d3da16a48377dc40000a481cf5f6fa5,
system/var/lib/opkg/info/kernel-module-gsb-4.14.206-perf.postrm,system/var/lib/opkg/info/kernel-module-gsb-4.14.206-perf.postrm,file,110,90,0o100755,2009-01-01 00:00:00,7816454f47379296ddf522c6085fde64f7c6252cd2f9f6cc41433cc4a8599079,
system/var/lib/opkg/info/aqc-ipa-offload.control,system/var/lib/opkg/info/aqc-ipa-offload.control,file,389,236,0o100644,2009-01-01 00:00:00,3836f6b073d8ea2fd9286816c3169fe470763fd21d65364473112925ac703b29,
system/var/lib/opkg/info/libbz2-1.control,system/var/lib/opkg/info/libbz2-1.control,file,675,428,0o100644,2009-01-01 00:00:00,0183d504651528d581fc591e71812b40c81d884cf8350c09279da268c473dca6,
system/var/lib/opkg/info/libglib-2.0-0.list,system/var/lib/opkg/info/libglib-2.0-0.list,file,377,108,0o100644,2009-01-01 00:00:00,3c6266e49f59e45f609bb0a2f7a096e1222f71ac62095dd57a7fdde839e8a7f3,
system/var/lib/opkg/info/iptables-module-ipt-ecn.control,system/var/lib/opkg/info/iptables-module-ipt-ecn.control,file,387,249,0o100644,2009-01-01 00:00:00,d6373bfc438fe8dfd5b70cccaa82a1b40e6e20951aec0ceac26959398398bec5,
system/var/lib/opkg/info/libcrypto1.1.list,system/var/lib/opkg/info/libcrypto1.1.list,file,26,25,0o100644,2009-01-01 00:00:00,dd1ef64b3d675906411b53574068437291c161a640926eede2d197157ac636b9,
system/var/lib/opkg/info/libexpat1.control,system/var/lib/opkg/info/libexpat1.control,file,564,356,0o100644,2009-01-01 00:00:00,c5639097aac4367d88e0cf355676c2898b5e26b91d543e7f0b8609f8701b522c,
system/var/lib/opkg/info/aqc-ipa-offload.prerm,system/var/lib/opkg/info/aqc-ipa-offload.prerm,file,239,151,0o100755,2009-01-01 00:00:00,934ccb418ba45b465c097917bd22dee2468a4c5a2b478a4451ed493d571d85ce,
system/var/lib/opkg/info/iptables-module-xt-statistic.list,system/var/lib/opkg/info/iptables-module-xt-statistic.list,file,36,35,0o100644,2009-01-01 00:00:00,af0ee65164ddc36184787f6644aceccd6bed10f521471445938c19f3a6dc924b,
system/var/lib/opkg/info/iptables-module-xt-pkttype.control,system/var/lib/opkg/info/iptables-module-xt-pkttype.control,file,396,252,0o100644,2009-01-01 00:00:00,9c9ebdcd3b4dd7f003cf0f08279efaf9065946994ffff33734793c2c29a90e41,
system/var/lib/opkg/info/xtwifi-inet-agent.control,system/var/lib/opkg/info/xtwifi-inet-agent.control,file,575,329,0o100644,2009-01-01 00:00:00,fd44cbe0fcf0ba4c5d23f39ef75f752b56fa2f7b83c1d3308664689f372792fb,
system/var/lib/opkg/info/iptables-module-xt-conntrack.list,system/var/lib/opkg/info/iptables-module-xt-conntrack.list,file,36,35,0o100644,2009-01-01 00:00:00,fd2f5dbf2a08cb3a54e10fc6277a6ebadbcc8f37e3a94ef8eea2da34d5e29eef,
system/var/lib/opkg/info/pam-plugin-group.control,system/var/lib/opkg/info/pam-plugin-group.control,file,435,279,0o100644,2009-01-01 00:00:00,07d26d5cffba751e01752fe3bdfc420a528d2d9fa190603415a10e92fdee9791,
system/var/lib/opkg/info/libgnutls30.postinst,system/var/lib/opkg/info/libgnutls30.postinst,file,97,72,0o100755,2009-01-01 00:00:00,1ded80b320d8b0b0a691da8e63c7c38791567f99b1923c8eba6c4bcaedef67b3,
system/var/lib/opkg/info/iptables-module-xt-ipvs.list,system/var/lib/opkg/info/iptables-module-xt-ipvs.list,file,31,30,0o100644,2009-01-01 00:00:00,30e92eb744d9e8bac4b02a9719436de7d80c1f1a62c05159f45ef0fc41d46f99,
system/var/lib/opkg/info/iptables-module-xt-notrack.control,system/var/lib/opkg/info/iptables-module-xt-notrack.control,file,396,252,0o100644,2009-01-01 00:00:00,eab0c6a7219dbaa18f2b7ddbd5c15e53b5d4e827b1e66788caf713674f380e1e,
system/var/lib/opkg/info/powerapp-reboot.control,system/var/lib/opkg/info/powerapp-reboot.control,file,321,217,0o100644,2009-01-01 00:00:00,7a277e781bdee7188888c6051a37ddec745b49c23f7a6a8b16c5238fa312586c,
system/var/lib/opkg/info/busybox-udhcpc.list,system/var/lib/opkg/info/busybox-udhcpc.list,file,91,54,0o100644,2009-01-01 00:00:00,b3d595e816710ddb8a7ffccfdb608191c88c39919ce1bfaaf3892bbea1d6f4f5,
system/var/lib/opkg/info/iptables-module-xt-pkttype.list,system/var/lib/opkg/info/iptables-module-xt-pkttype.list,file,34,33,0o100644,2009-01-01 00:00:00,eac4732cdafdc4748ff7485bb0da0a9157c2e915a687461a689cd30975a371a0,
system/var/lib/opkg/info/liblog0.control,system/var/lib/opkg/info/liblog0.control,file,401,262,0o100644,2009-01-01 00:00:00,4f4cd3eb4afa202424b027f249aabc68099972d8c82818ec13d2fa99f5027869,
system/var/lib/opkg/info/qce.list,system/var/lib/opkg/info/qce.list,file,204,87,0o100644,2009-01-01 00:00:00,888550937f3655dd9174ecffeb7bcbd0db2515479b5cdf46fac54860229e3140,
system/var/lib/opkg/info/iptables-module-xt-hmark.list,system/var/lib/opkg/info/iptables-module-xt-hmark.list,file,32,31,0o100644,2009-01-01 00:00:00,4365897102a55f62cd1209018f571ce647a857d5966819785b3697b80eeaeffd,
system/var/lib/opkg/info/libxml0.control,system/var/lib/opkg/info/libxml0.control,file,424,289,0o100644,2009-01-01 00:00:00,d2a47d4361d95de9e96a6dfdd28e71d8bebe7e7ce5691458adeda50870ec58bc,
system/var/lib/opkg/info/libloc-api-v02-1.postinst,system/var/lib/opkg/info/libloc-api-v02-1.postinst,file,97,72,0o100755,2009-01-01 00:00:00,1ded80b320d8b0b0a691da8e63c7c38791567f99b1923c8eba6c4bcaedef67b3,
system/var/lib/opkg/info/qmi-shutdown-modem.list,system/var/lib/opkg/info/qmi-shutdown-modem.list,file,297,112,0o100644,2009-01-01 00:00:00,a34d96b4911309fc65ae18266a5be233d258831c97bc2b10987952e1aab01327,
system/var/lib/opkg/info/libpam.list,system/var/lib/opkg/info/libpam.list,file,129,48,0o100644,2009-01-01 00:00:00,c96d2630144d01bd73632d50caa43210fe91d4e71d57149b15a90ce831ded932,
system/var/lib/opkg/info/iptables-module-ipt-log.list,system/var/lib/opkg/info/iptables-module-ipt-log.list,file,31,30,0o100644,2009-01-01 00:00:00,9130e56c09df6efe0148309824d2852fae4f30aff35a63b5d722e158ca51cbef,
system/var/lib/opkg/info/iptables-module-ip6t-reject.list,system/var/lib/opkg/info/iptables-module-ip6t-reject.list,file,35,34,0o100644,2009-01-01 00:00:00,ed346e94175430d7b624ae22c8d7c44a06e7aeacd04a22b38056db21e1a543ff,
system/var/lib/opkg/info/chg-policy.control,system/var/lib/opkg/info/chg-policy.control,file,423,277,0o100644,2009-01-01 00:00:00,f057687fda35bd8abd8d7e5b27225ed2baa8d268f67ac07a07c46455360401ab,
system/var/lib/opkg/info/iptables-module-xt-cgroup.list,system/var/lib/opkg/info/iptables-module-xt-cgroup.list,file,33,32,0o100644,2009-01-01 00:00:00,97203d272c85b97fffc6aac9dd545fe72c45db5582171e83c40f25cbfeefdf27,
system/var/lib/opkg/info/securemsm.list,system/var/lib/opkg/info/securemsm.list,file,141,82,0o100644,2009-01-01 00:00:00,3619586e00e6b9ae863e2711290ce9895e642a74417ba59a0f2515bc11bc5f4d,
system/var/lib/opkg/info/powerapp-shutdown.control,system/var/lib/opkg/info/powerapp-shutdown.control,file,323,219,0o100644,2009-01-01 00:00:00,8466225f1c7d98c94c73138177e1d1667dfd2d5006295ce688ac3888bc53cf24,
system/var/lib/opkg/info/ca-certificates.list,system/var/lib/opkg/info/ca-certificates.list,file,8867,1393,0o100644,2009-01-01 00:00:00,a401e55335cbbe8c4d2ee42a2b8a6c170f53f2c75d82237a09a6ff1bcb0caa07,
system/var/lib/opkg/info/kernel-modules.list,system/var/lib/opkg/info/kernel-modules.list,file,0,0,0o100644,2009-01-01 00:00:00,e3b0c44298fc1c149afbf4c8996fb92427ae41e4649b934ca495991b7852b855,
system/var/lib/opkg/info/policycoreutils-semodule.list,system/var/lib/opkg/info/policycoreutils-semodule.list,file,15,15,0o100644,2009-01-01 00:00:00,959fe4a1b2c104094eb39e1b0af0d0ba93cbaad51cf20f75dc62061c14e98643,
system/var/lib/opkg/info/iptables-module-xt-length.list,system/var/lib/opkg/info/iptables-module-xt-length.list,file,33,32,0o100644,2009-01-01 00:00:00,8202bedfcfebd5a16044ed5adc928b4d30f5eb92812aa686fb845adb4a1c071c,
system/var/lib/opkg/info/systemd.preinst,system/var/lib/opkg/info/systemd.preinst,file,5919,1615,0o100755,2009-01-01 00:00:00,66cdde5e226f178ad758ad87fed7b162685fd73b0bfc646d3c3e8c4c4706eca8,
system/var/lib/opkg/info/libsparse0.postinst,system/var/lib/opkg/info/libsparse0.postinst,file,97,72,0o100755,2009-01-01 00:00:00,1ded80b320d8b0b0a691da8e63c7c38791567f99b1923c8eba6c4bcaedef67b3,
system/var/lib/opkg/info/libnetmgr-rmnet-ext0.postinst,system/var/lib/opkg/info/libnetmgr-rmnet-ext0.postinst,file,97,72,0o100755,2009-01-01 00:00:00,1ded80b320d8b0b0a691da8e63c7c38791567f99b1923c8eba6c4bcaedef67b3,
system/var/lib/opkg/info/r8125.postinst,system/var/lib/opkg/info/r8125.postinst,file,308,177,0o100755,2009-01-01 00:00:00,3b8e64c94388a199125c221c488f681998b921e8dd6f053854786c19a1d9d53e,
system/var/lib/opkg/info/dbus-1.preinst,system/var/lib/opkg/info/dbus-1.preinst,file,5285,1381,0o100755,2009-01-01 00:00:00,b1048ad6ca1934301965060ed14df7462a2737b9173094778a5b4fd56d4121f5,
system/var/lib/opkg/info/system-core-adbd.postinst,system/var/lib/opkg/info/system-core-adbd.postinst,file,97,72,0o100755,2009-01-01 00:00:00,1ded80b320d8b0b0a691da8e63c7c38791567f99b1923c8eba6c4bcaedef67b3,
system/var/lib/opkg/info/libjson-c4.postinst,system/var/lib/opkg/info/libjson-c4.postinst,file,97,72,0o100755,2009-01-01 00:00:00,1ded80b320d8b0b0a691da8e63c7c38791567f99b1923c8eba6c4bcaedef67b3,
system/var/lib/opkg/info/dnsmasq.conffiles,system/var/lib/opkg/info/dnsmasq.conffiles,file,23,23,0o100644,2009-01-01 00:00:00,0c503c70223cf3c6a258b58ddfa027402b357f4dfb83b3194a3535eaf92dc284,
system/var/lib/opkg/info/iptables-module-ip6t-dnpt.list,system/var/lib/opkg/info/iptables-module-ip6t-dnpt.list,file,33,32,0o100644,2009-01-01 00:00:00,2179773526a47bac87b1b95f87ab133cca427110432f5be67098d5aff0809f9d,
system/var/lib/opkg/info/data-module.list,system/var/lib/opkg/info/data-module.list,file,23,23,0o100644,2009-01-01 00:00:00,bf4af4162c2a086833a24394e38ac7ed3fb091b54771c6949f45acefe2f54166,
system/var/lib/opkg/info/liblocationservice-glue1.list,system/var/lib/opkg/info/liblocationservice-glue1.list,file,323,134,0o100644,2009-01-01 00:00:00,3aa0e2b8ebbe1cfc6ee9855e201efc251c24744527b5d6d29437c842a6c39e05,
system/var/lib/opkg/info/iptables-module-xt-rpfilter.control,system/var/lib/opkg/info/iptables-module-xt-rpfilter.control,file,399,251,0o100644,2009-01-01 00:00:00,791508c783dc8d5911d9c768d87f22914861dfe92c046d82e080b065f042de7c,
system/var/lib/opkg/info/qcacld32-ll-mag.control,system/var/lib/opkg/info/qcacld32-ll-mag.control,file,439,260,0o100644,2009-01-01 00:00:00,c3fd976819e9c3eef69fb79bd747ed8acaf0d5920f0042fa58ac4e3f49030943,
system/var/lib/opkg/info/libidn2-0.control,system/var/lib/opkg/info/libidn2-0.control,file,554,368,0o100644,2009-01-01 00:00:00,a2f8f1be4e2992df9d143ac6720f481eeba28070232f2d6358def16d7a7a77df,
system/var/lib/opkg/info/policycoreutils-sestatus.control,system/var/lib/opkg/info/policycoreutils-sestatus.control,file,676,397,0o100644,2009-01-01 00:00:00,04f2c2a0081c74f671b2e2eed993e529e1564b3c65b70a9ffe5323b0302a16f7,
system/var/lib/opkg/info/kernel-module-mmc-test-4.14.206-perf.postrm,system/var/lib/opkg/info/kernel-module-mmc-test-4.14.206-perf.postrm,file,110,90,0o100755,2009-01-01 00:00:00,7816454f47379296ddf522c6085fde64f7c6252cd2f9f6cc41433cc4a8599079,
system/var/lib/opkg/info/packagegroup-machine-base.list,system/var/lib/opkg/info/packagegroup-machine-base.list,file,0,0,0o100644,2009-01-01 00:00:00,e3b0c44298fc1c149afbf4c8996fb92427ae41e4649b934ca495991b7852b855,
system/var/lib/opkg/info/iptables-module-ebt-802-3.list,system/var/lib/opkg/info/iptables-module-ebt-802-3.list,file,33,32,0o100644,2009-01-01 00:00:00,24e7aa6a665c209cb9c0ed8ca31a57bdc64950917d94eebf8b1adb1049f6c584,
system/var/lib/opkg/info/iptables-module-xt-tos.control,system/var/lib/opkg/info/iptables-module-xt-tos.control,file,384,249,0o100644,2009-01-01 00:00:00,bfc463c577b79c95df6d43a3befdd727cc1b504de413def7433a1501dd6751bd,
system/var/lib/opkg/info/edk2.list,system/var/lib/opkg/info/edk2.list,file,783,166,0o100644,2009-01-01 00:00:00,465de6917325017d308c35252baaa719ba71166ec4634816e849b4662ab5870a,
system/var/lib/opkg/info/kmod.prerm,system/var/lib/opkg/info/kmod.prerm,file,411,117,0o100755,2009-01-01 00:00:00,d78180af53aa1ae0d96c5e7bde9ff915944bc7db50c9a27e2c7243d8d7efaaa0,
system/var/lib/opkg/info/libexpat1.postinst,system/var/lib/opkg/info/libexpat1.postinst,file,97,72,0o100755,2009-01-01 00:00:00,1ded80b320d8b0b0a691da8e63c7c38791567f99b1923c8eba6c4bcaedef67b3,
system/var/lib/opkg/info/packagegroup-base-ipv6.list,system/var/lib/opkg/info/packagegroup-base-ipv6.list,file,0,0,0o100644,2009-01-01 00:00:00,e3b0c44298fc1c149afbf4c8996fb92427ae41e4649b934ca495991b7852b855,
system/var/lib/opkg/info/iptables-module-xt-mac.list,system/var/lib/opkg/info/iptables-module-xt-mac.list,file,30,29,0o100644,2009-01-01 00:00:00,f751224fadbbb4903cc26c46542e6dd5f051efca71b83626023d267b95609205,
system/var/lib/opkg/info/wlan-sigma-dut.list,system/var/lib/opkg/info/wlan-sigma-dut.list,file,20,20,0o100644,2009-01-01 00:00:00,4563eb29c3058404363055deee3b498f73167dfe87929aff651a2c7a80e9492d,
system/var/lib/opkg/info/util-linux-sulogin.prerm,system/var/lib/opkg/info/util-linux-sulogin.prerm,file,81,71,0o100755,2009-01-01 00:00:00,9cc4a28d738847177aac18a5ca529b0cd5917837ebdeb707335cd49ad3056ff4,
system/var/lib/opkg/info/kernel-module-msm-geni-ir-4.14.206-perf.control,system/var/lib/opkg/info/kernel-module-msm-geni-ir-4.14.206-perf.control,file,401,241,0o100644,2009-01-01 00:00:00,e707dc4d0483e08eb297311b26a681f1481aedea635fe0a328e73137924e18ee,
system/var/lib/opkg/info/iptables-module-xt-osf.list,system/var/lib/opkg/info/iptables-module-xt-osf.list,file,30,29,0o100644,2009-01-01 00:00:00,2c3fefa9d7bf8f077ee5c3a40edacc847709af5d6df15fe446ff47c3c8895e00,
system/var/lib/opkg/info/iptables-module-xt-comment.control,system/var/lib/opkg/info/iptables-module-xt-comment.control,file,396,252,0o100644,2009-01-01 00:00:00,05bf8b27b3bfa23a1f9bb34f187bc257ef2555975cf9413d3c24bde785568012,
system/var/lib/opkg/info/libgcc1.list,system/var/lib/opkg/info/libgcc1.list,file,19,19,0o100644,2009-01-01 00:00:00,c70529a7731cc8a0b7ff6a60bc6a28af61f047ee0a5572e6fa62784236724585,
system/var/lib/opkg/info/libpng12.postinst,system/var/lib/opkg/info/libpng12.postinst,file,97,72,0o100755,2009-01-01 00:00:00,1ded80b320d8b0b0a691da8e63c7c38791567f99b1923c8eba6c4bcaedef67b3,
system/var/lib/opkg/info/iptables-module-xt-dscp.control,system/var/lib/opkg/info/iptables-module-xt-dscp.control,file,387,250,0o100644,2009-01-01 00:00:00,57fbba5ccabc2a7d5b78c2eb49a1b3a57db39d3a5f12f66651bdcf51781c97d8,
system/var/lib/opkg/info/ubus.list,system/var/lib/opkg/info/ubus.list,file,228,107,0o100644,2009-01-01 00:00:00,db28d150e9289cf7ce180568a67fe29998718e0a09ae08d9f6d937c02cc0d9a9,
system/var/lib/opkg/info/iptables-module-xt-connmark.control,system/var/lib/opkg/info/iptables-module-xt-connmark.control,file,399,253,0o100644,2009-01-01 00:00:00,0242dbd5541955c6f9cc3cf14c28a771e05fd243918fb96ab7da0b64053de318,
system/var/lib/opkg/info/iptables-module-xt-secmark.list,system/var/lib/opkg/info/iptables-module-xt-secmark.list,file,34,33,0o100644,2009-01-01 00:00:00,02ebaaf0b41ef8d52b055de1fe6c636cff61e95837173057aeb4e01bb1afaee0,
system/var/lib/opkg/info/aqc-ipa-offload.postinst,system/var/lib/opkg/info/aqc-ipa-offload.postinst,file,328,179,0o100755,2009-01-01 00:00:00,889d8be8122fa9fea409654dff8c4877016080d94d4760087e96d84c047b4258,
system/var/lib/opkg/info/iptables-module-xt-ipcomp.list,system/var/lib/opkg/info/iptables-module-xt-ipcomp.list,file,33,32,0o100644,2009-01-01 00:00:00,a40e8aad265d3389d204b2b803e8f7edfe94448ed1daf49c5d5fc531b2cf7349,
system/var/lib/opkg/info/iptables-module-ip6t-snpt.list,system/var/lib/opkg/info/iptables-module-ip6t-snpt.list,file,33,32,0o100644,2009-01-01 00:00:00,c879eef18357ab938811b79b7f498a36459315a7ee6caf04b95b6d2d9a61517a,
system/var/lib/opkg/info/avahi-dnsconfd.control,system/var/lib/opkg/info/avahi-dnsconfd.control,file,830,518,0o100644,2009-01-01 00:00:00,4da00869ad542335ada1d4ac16c300ea92d59a6a018f80508bb9e8037895e489,
system/var/lib/opkg/info/kernel-module-mtd-oobtest-4.14.206-perf.postrm,system/var/lib/opkg/info/kernel-module-mtd-oobtest-4.14.206-perf.postrm,file,110,90,0o100755,2009-01-01 00:00:00,7816454f47379296ddf522c6085fde64f7c6252cd2f9f6cc41433cc4a8599079,
system/var/lib/opkg/info/kernel-module-qcrypto-4.14.206-perf.list,system/var/lib/opkg/info/kernel-module-qcrypto-4.14.206-perf.list,file,64,61,0o100644,2009-01-01 00:00:00,6447ce2df8d2a7f0f159a702a08fc26ef3793499a050e73cafc4812f1a97fb68,
system/var/lib/opkg/info/util-linux-mount.prerm,system/var/lib/opkg/info/util-linux-mount.prerm,file,76,69,0o100755,2009-01-01 00:00:00,c66275bf680d62b05953df6081b0d36b79b2f73e67fb83b2cdee4850439f9ddc,
system/var/lib/opkg/info/qrencode.list,system/var/lib/opkg/info/qrencode.list,file,96,60,0o100644,2009-01-01 00:00:00,8b2df96716b736727c4fadb0e5b1774392d70344cdfc33d443398083693b0ecb,
system/var/lib/opkg/info/iptables-module-xt-mangle.list,system/var/lib/opkg/info/iptables-module-xt-mangle.list,file,33,32,0o100644,2009-01-01 00:00:00,93337599b7e522eaf31f3aca651f75bf69faf107e1fb5fefa3db7c183ac94e66,
system/var/lib/opkg/info/iptables-module-xt-nfacct.list,system/var/lib/opkg/info/iptables-module-xt-nfacct.list,file,33,32,0o100644,2009-01-01 00:00:00,2a3f4612e08ab25268d2dbbc9285acd1e7e58de9e5402ce09027d87f34b67f7d,
system/var/lib/opkg/info/data-oss.postinst,system/var/lib/opkg/info/data-oss.postinst,file,97,72,0o100755,2009-01-01 00:00:00,1ded80b320d8b0b0a691da8e63c7c38791567f99b1923c8eba6c4bcaedef67b3,
system/var/lib/opkg/info/libqmi-client-helper1.control,system/var/lib/opkg/info/libqmi-client-helper1.control,file,505,302,0o100644,2009-01-01 00:00:00,7f30c9c40228f0dfbd9ed3547cae4f0d1b728f714865b749dc6ee79d1437e392,
system/var/lib/opkg/info/libbt-vendor0.list,system/var/lib/opkg/info/libbt-vendor0.list,file,88,62,0o100644,2009-01-01 00:00:00,f10771f640dc1df5b5cc812a1f8a8f172b1b994c4954560b31c2cf6dbd4fcf69,
system/var/lib/opkg/info/conntrack-tools.control,system/var/lib/opkg/info/conntrack-tools.control,file,618,388,0o100644,2009-01-01 00:00:00,ddf5206ebd098c87ac0aafaa4051c5bc46e0ee25d04d0053425f844b9dd485b7,
system/var/lib/opkg/info/iptables-module-xt-ipcomp.control,system/var/lib/opkg/info/iptables-module-xt-ipcomp.control,file,393,251,0o100644,2009-01-01 00:00:00,0d93ab81ac3d736914cc2587283fe0864de1d619fafd1554923026f96e2e1941,
system/var/lib/opkg/info/libnetfilter-conntrack3.list,system/var/lib/opkg/info/libnetfilter-conntrack3.list,file,78,44,0o100644,2009-01-01 00:00:00,7beb1ec39000834af2c5b49980f5c0260ea1866c07fb71d22d6fa287bdfe1d96,
system/var/lib/opkg/info/iptables-module-xt-socket.list,system/var/lib/opkg/info/iptables-module-xt-socket.list,file,33,32,0o100644,2009-01-01 00:00:00,3f763d30944451c4fd4e9d1e1bd4fe02a4abe6130475ab4ce33b6dd5ddd5ea22,
system/var/lib/opkg/info/kernel-module-qcrypto-4.14.206-perf.postrm,system/var/lib/opkg/info/kernel-module-qcrypto-4.14.206-perf.postrm,file,110,90,0o100755,2009-01-01 00:00:00,7816454f47379296ddf522c6085fde64f7c6252cd2f9f6cc41433cc4a8599079,
system/var/lib/opkg/info/kernel-module-xt-physdev-4.14.206-perf.list,system/var/lib/opkg/info/kernel-module-xt-physdev-4.14.206-perf.list,file,150,69,0o100644,2009-01-01 00:00:00,8ef62a084fa35477f1b3cb857822074665a75c613287bf0c1aaa30c265bda5bd,
system/var/lib/opkg/info/kernel-module-mtd-speedtest-4.14.206-perf.control,system/var/lib/opkg/info/kernel-module-mtd-speedtest-4.14.206-perf.control,file,412,236,0o100644,2009-01-01 00:00:00,5b54ad817b4d1f4db1bedbbe5d42c6280d1de6cadad592befdcf86625c932cca,
system/var/lib/opkg/info/liblbs-core1.control,system/var/lib/opkg/info/liblbs-core1.control,file,602,339,0o100644,2009-01-01 00:00:00,120c1b43c9cb405f435c47e56271f79d79150097e87e043e6b10fdd03ccd9b8c,
system/var/lib/opkg/info/libidn2-0.postinst,system/var/lib/opkg/info/libidn2-0.postinst,file,97,72,0o100755,2009-01-01 00:00:00,1ded80b320d8b0b0a691da8e63c7c38791567f99b1923c8eba6c4bcaedef67b3,
system/var/lib/opkg/info/qmi.list,system/var/lib/opkg/info/qmi.list,file,230,74,0o100644,2009-01-01 00:00:00,414e16426ad44826cae0251e9ce19c2efd095eac19283243beca3df8ed803e43,
system/var/lib/opkg/info/policycoreutils-setfiles.control,system/var/lib/opkg/info/policycoreutils-setfiles.control,file,714,406,0o100644,2009-01-01 00:00:00,1a57d0c0534a2eb05afd62a23dcdfe608c33c0f936538e75c528a009eb3bafb9,
system/var/lib/opkg/info/util-linux-sulogin.list,system/var/lib/opkg/info/util-linux-sulogin.list,file,25,25,0o100644,2009-01-01 00:00:00,4273ca418ed441a4bdc58da393ee43067879bf56ff500cd76ff0a0e57b3ef202,
system/var/lib/opkg/info/avahi-autoipd.postinst,system/var/lib/opkg/info/avahi-autoipd.postinst,file,318,174,0o100755,2009-01-01 00:00:00,cc5718143f226327455a860c24a693a13acb0a6694ff80632cf3ce4a7d00fbe3,
system/var/lib/opkg/info/libtime-genoff1.list,system/var/lib/opkg/info/libtime-genoff1.list,file,62,36,0o100644,2009-01-01 00:00:00,88f764118d91cbc1d44ea1795b0f540dc0165235260898e2606daf9d255d1986,
system/var/lib/opkg/info/lowi-test.control,system/var/lib/opkg/info/lowi-test.control,file,514,314,0o100644,2009-01-01 00:00:00,2063234af3346caea13e101385ee4e673c9df81ef79829d9e333198bd6619724,
system/var/lib/opkg/info/fluoride.list,system/var/lib/opkg/info/fluoride.list,file,362,129,0o100644,2009-01-01 00:00:00,a0902362ca9c94e71e24fe17ceee6100a21d7b28e66c345dc2bd3c8149a529d1,
system/var/lib/opkg/info/protobuf.control,system/var/lib/opkg/info/protobuf.control,file,652,401,0o100644,2009-01-01 00:00:00,4d9f834c248c2fb56c53c203ebbcdc0476622ee9fa4384b8a3415fe5561ecce9,
system/var/lib/opkg/info/kernel-module-echainiv-4.14.206-perf.postrm,system/var/lib/opkg/info/kernel-module-echainiv-4.14.206-perf.postrm,file,110,90,0o100755,2009-01-01 00:00:00,7816454f47379296ddf522c6085fde64f7c6252cd2f9f6cc41433cc4a8599079,
system/var/lib/opkg/info/edgnss-daemon.control,system/var/lib/opkg/info/edgnss-daemon.control,file,564,329,0o100644,2009-01-01 00:00:00,4e53a3b434f89a773deaecc6d357656669e08c586fb3af084cc17c65fca68291,
system/var/lib/opkg/info/libxtadapter1.list,system/var/lib/opkg/info/libxtadapter1.list,file,83,38,0o100644,2009-01-01 00:00:00,a9b41f2bd5c01132b3f9f8b6137421dcac2ab6d7b523bc9136e3d8b596b72b96,
system/var/lib/opkg/info/systemd-conf.list,system/var/lib/opkg/info/systemd-conf.list,file,116,64,0o100644,2009-01-01 00:00:00,07c4a4237a1639a615bb8bd0151091ffa5ba071aa896dad8eb0f22746ea0dd54,
system/var/lib/opkg/info/iptables-module-xt-audit.control,system/var/lib/opkg/info/iptables-module-xt-audit.control,file,390,251,0o100644,2009-01-01 00:00:00,5072145c2298f9c798cc5cd74f195f4b1d4bf6ea6041bbabb73a24c574cfe795,
system/var/lib/opkg/info/libperl5.list,system/var/lib/opkg/info/libperl5.list,file,241,84,0o100644,2009-01-01 00:00:00,addd32ed4ec09bc9cba1d73898dffb05feee7bf8b70a9c25ce3eb53555043467,
system/var/lib/opkg/info/common-tools.control,system/var/lib/opkg/info/common-tools.control,file,444,284,0o100644,2009-01-01 00:00:00,caf0bc5d0a25bc59bd43ae791cd6dd312992f747dfc1a9f8a7bd979c85033f0b,
system/var/lib/opkg/info/libbatching1.control,system/var/lib/opkg/info/libbatching1.control,file,499,282,0o100644,2009-01-01 00:00:00,b95e42ec9ae87e9f8514c19a9397a6257b48a71be10905516759005127b0308f,
system/var/lib/opkg/info/start-scripts-firmware-links.postinst,system/var/lib/opkg/info/start-scripts-firmware-links.postinst,file,422,187,0o100755,2009-01-01 00:00:00,cc11b2dca95a712027d20a38b79c2e5a9915a464ffdcd71d642d94d2beefc6f2,
system/var/lib/opkg/info/qcacld-utils.list,system/var/lib/opkg/info/qcacld-utils.list,file,37,33,0o100644,2009-01-01 00:00:00,dfd78420f43d3a7befbaaaa6517e94f063a153851d27166d056bc238b26cf135,
system/var/lib/opkg/info/qca-ssdk-nohnat.list,system/var/lib/opkg/info/qca-ssdk-nohnat.list,file,0,0,0o100644,2009-01-01 00:00:00,e3b0c44298fc1c149afbf4c8996fb92427ae41e4649b934ca495991b7852b855,
system/var/lib/opkg/info/iptables-modules.control,system/var/lib/opkg/info/iptables-modules.control,file,3305,792,0o100644,2009-01-01 00:00:00,ef01409e40688942ec880dea789e9147a0d7dd6ec431a983593d7534d7254598,
system/var/lib/opkg/info/wireless-tools.control,system/var/lib/opkg/info/wireless-tools.control,file,417,269,0o100644,2009-01-01 00:00:00,c9fb158f7ffba509cd808662636147ee433a5fdea1d8328b5a50b6e6225a14f6,
system/var/lib/opkg/info/iptables-module-xt-multiport.list,system/var/lib/opkg/info/iptables-module-xt-multiport.list,file,36,35,0o100644,2009-01-01 00:00:00,5eaecba16939bbcac9a238267d61c673792712e6071003c4e0c4464bbf1bc00e,
system/var/lib/opkg/info/libpam-runtime.conffiles,system/var/lib/opkg/info/libpam-runtime.conffiles,file,169,84,0o100644,2009-01-01 00:00:00,d07e3008c2c7252200470b4946d19cd3053f747206d11734904217f252476341,
system/var/lib/opkg/info/libqmi-client-helper1.list,system/var/lib/opkg/info/libqmi-client-helper1.list,file,74,42,0o100644,2009-01-01 00:00:00,974a80c008c26c5572cb1b0e6452fe38743278286353833e74f585106713120a,
system/var/lib/opkg/info/kernel-module-snd-hwdep-4.14.206-perf.postinst,system/var/lib/opkg/info/kernel-module-snd-hwdep-4.14.206-perf.postinst,file,180,144,0o100755,2009-01-01 00:00:00,f087f32e8cc0056b4aecca17dae3b0f7a8f345d8cbfe50adbb6ad5000c022b97,
system/var/lib/opkg/info/refpolicy-mls.control,system/var/lib/opkg/info/refpolicy-mls.control,file,555,354,0o100644,2009-01-01 00:00:00,ca08c5a8fe9d88a5943d9ce20fdb46daa9e2713b9818b09bc28c0f25d5b884e8,
system/var/lib/opkg/info/iptables-module-ipt-nattype.control,system/var/lib/opkg/info/iptables-module-ipt-nattype.control,file,399,253,0o100644,2009-01-01 00:00:00,0178068008ee149e58207d90c230f44d5f484eda67af199ba95074759a07f36f,
system/var/lib/opkg/info/libnetfilter-conntrack3.control,system/var/lib/opkg/info/libnetfilter-conntrack3.control,file,518,303,0o100644,2009-01-01 00:00:00,887d3414f877baad87b3529c0abe06bffb59f1e120ded631008dd0d061a71a3c,
system/var/lib/opkg/info/packagegroup-base.list,system/var/lib/opkg/info/packagegroup-base.list,file,0,0,0o100644,2009-01-01 00:00:00,e3b0c44298fc1c149afbf4c8996fb92427ae41e4649b934ca495991b7852b855,
system/var/lib/opkg/info/libz1.postinst,system/var/lib/opkg/info/libz1.postinst,file,97,72,0o100755,2009-01-01 00:00:00,1ded80b320d8b0b0a691da8e63c7c38791567f99b1923c8eba6c4bcaedef67b3,
system/var/lib/opkg/info/iptables-module-ip6t-rt.control,system/var/lib/opkg/info/iptables-module-ip6t-rt.control,file,387,250,0o100644,2009-01-01 00:00:00,52cd48e90ada240bbd8d6febc6eaf6e7c8b1e2aa9dd80113c7c3873aa154ef06,
system/var/lib/opkg/info/libbtvendorhal0.control,system/var/lib/opkg/info/libbtvendorhal0.control,file,430,266,0o100644,2009-01-01 00:00:00,60749fa70cbceb23fa9d82bcd28b41456b19a4485c4e4ae43c6aba8e442f39f5,
system/var/lib/opkg/info/libcom-err2.list,system/var/lib/opkg/info/libcom-err2.list,file,44,27,0o100644,2009-01-01 00:00:00,be6566b2a11d717deb9d1483ab97119c5957785fdada96dab27b8612cf3cb394,
system/var/lib/opkg/info/volatile-binds.prerm,system/var/lib/opkg/info/volatile-binds.prerm,file,909,242,0o100755,2009-01-01 00:00:00,6f0a35ad502e333383771af155e8a6d480a0cc4d82cbdc129624d788a0a944c4,
system/var/lib/opkg/info/avahi-utils.control,system/var/lib/opkg/info/avahi-utils.control,file,832,514,0o100644,2009-01-01 00:00:00,2b036b557648ee3c0f54e69e578d0b2fe1824fe68501fc425db8fa7dc741bc47,
system/var/lib/opkg/info/libloc-socket1.control,system/var/lib/opkg/info/libloc-socket1.control,file,458,274,0o100644,2009-01-01 00:00:00,c25ccd29430b6874288f0f3102c21f854e4cdf32bdda889327be2fac6e083ad2,
system/var/lib/opkg/info/libblkid1.postinst,system/var/lib/opkg/info/libblkid1.postinst,file,97,72,0o100755,2009-01-01 00:00:00,1ded80b320d8b0b0a691da8e63c7c38791567f99b1923c8eba6c4bcaedef67b3,
system/var/lib/opkg/info/liblocdiagiface1.control,system/var/lib/opkg/info/liblocdiagiface1.control,file,553,324,0o100644,2009-01-01 00:00:00,2ee276bb392686598dbd25efc3ea92b7f2bd990c491e1b3cd07ab50f04290e14,
system/var/lib/opkg/status,system/var/lib/opkg/status,file,115525,12795,0o100644,2009-01-01 00:00:00,07572e4929d6c4de6dcc52818cfdcf17306eff9ce298ab64013520794cafd5b6,
system/var/lib/misc/__emptyfile__,system/var/lib/misc/__emptyfile__,file,0,0,0o40755,2024-02-02 11:17:48,e3b0c44298fc1c149afbf4c8996fb92427ae41e4649b934ca495991b7852b855,
system/var/lib/misc/,system/var/lib/misc/,directory,0,0,0o40755,2009-01-01 00:00:00,,
system/var/lib/dbus/__emptyfile__,system/var/lib/dbus/__emptyfile__,file,0,0,0o40755,2024-02-02 11:17:48,e3b0c44298fc1c149afbf4c8996fb92427ae41e4649b934ca495991b7852b855,
system/var/lib/dbus/,system/var/lib/dbus/,directory,0,0,0o40755,2009-01-01 00:00:00,,
system/var/lib/systemd/__emptyfile__,system/var/lib/systemd/__emptyfile__,file,0,0,0o40755,2024-02-02 11:17:48,e3b0c44298fc1c149afbf4c8996fb92427ae41e4649b934ca495991b7852b855,
system/var/lib/systemd/,system/var/lib/systemd/,directory,0,0,0o40755,2009-01-01 00:00:00,,
system/var/spool/__emptyfile__,system/var/spool/__emptyfile__,file,0,0,0o40755,2024-02-02 11:17:48,e3b0c44298fc1c149afbf4c8996fb92427ae41e4649b934ca495991b7852b855,
system/var/spool/,system/var/spool/,directory,0,0,0o40755,2009-01-01 00:00:00,,
system/var/local/__emptyfile__,system/var/local/__emptyfile__,file,0,0,0o40755,2024-02-02 11:17:48,e3b0c44298fc1c149afbf4c8996fb92427ae41e4649b934ca495991b7852b855,
system/var/local/,system/var/local/,directory,0,0,0o40755,2009-01-01 00:00:00,,
system/vendor/__emptyfile__,system/vendor/__emptyfile__,file,0,0,0o40755,2024-02-02 11:17:48,e3b0c44298fc1c149afbf4c8996fb92427ae41e4649b934ca495991b7852b855,
system/vendor/,system/vendor/,directory,0,0,0o40755,2009-01-01 00:00:00,,
system/vendor/etc/__emptyfile__,system/vendor/etc/__emptyfile__,file,0,0,0o40755,2024-02-02 11:17:48,e3b0c44298fc1c149afbf4c8996fb92427ae41e4649b934ca495991b7852b855,
system/vendor/etc/,system/vendor/etc/,directory,0,0,0o40755,2009-01-01 00:00:00,,
system/vendor/etc/gpfspath_le_oem_config.xml,system/vendor/etc/gpfspath_le_oem_config.xml,file,1449,649,0o100644,2009-01-01 00:00:00,04701c6b3348bae4beb4e463d6ad95a51c3587265efff8f5f7afd3f57843ee0b,
system/firmware/__emptyfile__,system/firmware/__emptyfile__,file,0,0,0o40755,2024-02-02 11:17:48,e3b0c44298fc1c149afbf4c8996fb92427ae41e4649b934ca495991b7852b855,
system/firmware/,system/firmware/,directory,0,0,0o40755,2009-01-01 00:00:00,,
system/dev/__emptyfile__,system/dev/__emptyfile__,file,0,0,0o40755,2024-02-02 11:17:48,e3b0c44298fc1c149afbf4c8996fb92427ae41e4649b934ca495991b7852b855,
system/dev/,system/dev/,directory,0,0,0o40755,2009-01-01 00:00:00,,
system/dev/mtdblock7,system/dev/mtdblock7,file,0,0,0o100640,2009-01-01 00:00:00,e3b0c44298fc1c149afbf4c8996fb92427ae41e4649b934ca495991b7852b855,
system/dev/tty4,system/dev/tty4,file,0,0,0o100644,2009-01-01 00:00:00,e3b0c44298fc1c149afbf4c8996fb92427ae41e4649b934ca495991b7852b855,
system/dev/zero,system/dev/zero,file,0,0,0o100644,2009-01-01 00:00:00,e3b0c44298fc1c149afbf4c8996fb92427ae41e4649b934ca495991b7852b855,
system/dev/sdb,system/dev/sdb,file,0,0,0o100640,2009-01-01 00:00:00,e3b0c44298fc1c149afbf4c8996fb92427ae41e4649b934ca495991b7852b855,
system/dev/rtc0,system/dev/rtc0,file,0,0,0o100644,2009-01-01 00:00:00,e3b0c44298fc1c149afbf4c8996fb92427ae41e4649b934ca495991b7852b855,
system/dev/rtc1,system/dev/rtc1,file,0,0,0o100644,2009-01-01 00:00:00,e3b0c44298fc1c149afbf4c8996fb92427ae41e4649b934ca495991b7852b855,
system/dev/tty7,system/dev/tty7,file,0,0,0o100644,2009-01-01 00:00:00,e3b0c44298fc1c149afbf4c8996fb92427ae41e4649b934ca495991b7852b855,
system/dev/tty6,system/dev/tty6,file,0,0,0o100644,2009-01-01 00:00:00,e3b0c44298fc1c149afbf4c8996fb92427ae41e4649b934ca495991b7852b855,
system/dev/mmcblk0p1,system/dev/mmcblk0p1,file,0,0,0o100640,2009-01-01 00:00:00,e3b0c44298fc1c149afbf4c8996fb92427ae41e4649b934ca495991b7852b855,
system/dev/hda1,system/dev/hda1,file,0,0,0o100640,2009-01-01 00:00:00,e3b0c44298fc1c149afbf4c8996fb92427ae41e4649b934ca495991b7852b855,
system/dev/ttyS0,system/dev/ttyS0,file,0,0,0o100640,2009-01-01 00:00:00,e3b0c44298fc1c149afbf4c8996fb92427ae41e4649b934ca495991b7852b855,
system/dev/console,system/dev/console,file,0,0,0o100640,2009-01-01 00:00:00,e3b0c44298fc1c149afbf4c8996fb92427ae41e4649b934ca495991b7852b855,
system/dev/sda2,system/dev/sda2,file,0,0,0o100640,2009-01-01 00:00:00,e3b0c44298fc1c149afbf4c8996fb92427ae41e4649b934ca495991b7852b855,
system/dev/mtd3,system/dev/mtd3,file,0,0,0o100640,2009-01-01 00:00:00,e3b0c44298fc1c149afbf4c8996fb92427ae41e4649b934ca495991b7852b855,
system/dev/ram3,system/dev/ram3,file,0,0,0o100640,2009-01-01 00:00:00,e3b0c44298fc1c149afbf4c8996fb92427ae41e4649b934ca495991b7852b855,
system/dev/mtdblock5,system/dev/mtdblock5,file,0,0,0o100640,2009-01-01 00:00:00,e3b0c44298fc1c149afbf4c8996fb92427ae41e4649b934ca495991b7852b855,
system/dev/kmsg,system/dev/kmsg,file,0,0,0o100600,2009-01-01 00:00:00,e3b0c44298fc1c149afbf4c8996fb92427ae41e4649b934ca495991b7852b855,
system/dev/mtdblock3,system/dev/mtdblock3,file,0,0,0o100640,2009-01-01 00:00:00,e3b0c44298fc1c149afbf4c8996fb92427ae41e4649b934ca495991b7852b855,
system/dev/mtdblock6,system/dev/mtdblock6,file,0,0,0o100640,2009-01-01 00:00:00,e3b0c44298fc1c149afbf4c8996fb92427ae41e4649b934ca495991b7852b855,
system/dev/hda2,system/dev/hda2,file,0,0,0o100640,2009-01-01 00:00:00,e3b0c44298fc1c149afbf4c8996fb92427ae41e4649b934ca495991b7852b855,
system/dev/mtd0,system/dev/mtd0,file,0,0,0o100640,2009-01-01 00:00:00,e3b0c44298fc1c149afbf4c8996fb92427ae41e4649b934ca495991b7852b855,
system/dev/urandom,system/dev/urandom,file,0,0,0o100644,2009-01-01 00:00:00,e3b0c44298fc1c149afbf4c8996fb92427ae41e4649b934ca495991b7852b855,
system/dev/mtd1,system/dev/mtd1,file,0,0,0o100640,2009-01-01 00:00:00,e3b0c44298fc1c149afbf4c8996fb92427ae41e4649b934ca495991b7852b855,
system/dev/mtdblock1,system/dev/mtdblock1,file,0,0,0o100640,2009-01-01 00:00:00,e3b0c44298fc1c149afbf4c8996fb92427ae41e4649b934ca495991b7852b855,
system/dev/sdb2,system/dev/sdb2,file,0,0,0o100640,2009-01-01 00:00:00,e3b0c44298fc1c149afbf4c8996fb92427ae41e4649b934ca495991b7852b855,
system/dev/mmcblk0p3,system/dev/mmcblk0p3,file,0,0,0o100640,2009-01-01 00:00:00,e3b0c44298fc1c149afbf4c8996fb92427ae41e4649b934ca495991b7852b855,
system/dev/mmcblk0,system/dev/mmcblk0,file,0,0,0o100640,2009-01-01 00:00:00,e3b0c44298fc1c149afbf4c8996fb92427ae41e4649b934ca495991b7852b855,
system/dev/sda4,system/dev/sda4,file,0,0,0o100640,2009-01-01 00:00:00,e3b0c44298fc1c149afbf4c8996fb92427ae41e4649b934ca495991b7852b855,
system/dev/hda,system/dev/hda,file,0,0,0o100640,2009-01-01 00:00:00,e3b0c44298fc1c149afbf4c8996fb92427ae41e4649b934ca495991b7852b855,
system/dev/sdb3,system/dev/sdb3,file,0,0,0o100640,2009-01-01 00:00:00,e3b0c44298fc1c149afbf4c8996fb92427ae41e4649b934ca495991b7852b855,
system/dev/tty,system/dev/tty,file,0,0,0o100640,2009-01-01 00:00:00,e3b0c44298fc1c149afbf4c8996fb92427ae41e4649b934ca495991b7852b855,
system/dev/tty0,system/dev/tty0,file,0,0,0o100644,2009-01-01 00:00:00,e3b0c44298fc1c149afbf4c8996fb92427ae41e4649b934ca495991b7852b855,
system/dev/hda3,system/dev/hda3,file,0,0,0o100640,2009-01-01 00:00:00,e3b0c44298fc1c149afbf4c8996fb92427ae41e4649b934ca495991b7852b855,
system/dev/tty5,system/dev/tty5,file,0,0,0o100644,2009-01-01 00:00:00,e3b0c44298fc1c149afbf4c8996fb92427ae41e4649b934ca495991b7852b855,
system/dev/mem,system/dev/mem,file,0,0,0o100640,2009-01-01 00:00:00,e3b0c44298fc1c149afbf4c8996fb92427ae41e4649b934ca495991b7852b855,
system/dev/ram1,system/dev/ram1,file,0,0,0o100640,2009-01-01 00:00:00,e3b0c44298fc1c149afbf4c8996fb92427ae41e4649b934ca495991b7852b855,
system/dev/tty3,system/dev/tty3,file,0,0,0o100644,2009-01-01 00:00:00,e3b0c44298fc1c149afbf4c8996fb92427ae41e4649b934ca495991b7852b855,
system/dev/sda1,system/dev/sda1,file,0,0,0o100640,2009-01-01 00:00:00,e3b0c44298fc1c149afbf4c8996fb92427ae41e4649b934ca495991b7852b855,
system/dev/sdb1,system/dev/sdb1,file,0,0,0o100640,2009-01-01 00:00:00,e3b0c44298fc1c149afbf4c8996fb92427ae41e4649b934ca495991b7852b855,
system/dev/tty1,system/dev/tty1,file,0,0,0o100644,2009-01-01 00:00:00,e3b0c44298fc1c149afbf4c8996fb92427ae41e4649b934ca495991b7852b855,
system/dev/ttyS1,system/dev/ttyS1,file,0,0,0o100640,2009-01-01 00:00:00,e3b0c44298fc1c149afbf4c8996fb92427ae41e4649b934ca495991b7852b855,
system/dev/null,system/dev/null,file,0,0,0o100644,2009-01-01 00:00:00,e3b0c44298fc1c149afbf4c8996fb92427ae41e4649b934ca495991b7852b855,
system/dev/mtd5,system/dev/mtd5,file,0,0,0o100640,2009-01-01 00:00:00,e3b0c44298fc1c149afbf4c8996fb92427ae41e4649b934ca495991b7852b855,
system/dev/sda,system/dev/sda,file,0,0,0o100640,2009-01-01 00:00:00,e3b0c44298fc1c149afbf4c8996fb92427ae41e4649b934ca495991b7852b855,
system/dev/mmcblk0p4,system/dev/mmcblk0p4,file,0,0,0o100640,2009-01-01 00:00:00,e3b0c44298fc1c149afbf4c8996fb92427ae41e4649b934ca495991b7852b855,
system/dev/mmcblk0p2,system/dev/mmcblk0p2,file,0,0,0o100640,2009-01-01 00:00:00,e3b0c44298fc1c149afbf4c8996fb92427ae41e4649b934ca495991b7852b855,
system/dev/sdb4,system/dev/sdb4,file,0,0,0o100640,2009-01-01 00:00:00,e3b0c44298fc1c149afbf4c8996fb92427ae41e4649b934ca495991b7852b855,
system/dev/mtd6,system/dev/mtd6,file,0,0,0o100640,2009-01-01 00:00:00,e3b0c44298fc1c149afbf4c8996fb92427ae41e4649b934ca495991b7852b855,
system/dev/mtd7,system/dev/mtd7,file,0,0,0o100640,2009-01-01 00:00:00,e3b0c44298fc1c149afbf4c8996fb92427ae41e4649b934ca495991b7852b855,
system/dev/mtd2,system/dev/mtd2,file,0,0,0o100640,2009-01-01 00:00:00,e3b0c44298fc1c149afbf4c8996fb92427ae41e4649b934ca495991b7852b855,
system/dev/mtdblock2,system/dev/mtdblock2,file,0,0,0o100640,2009-01-01 00:00:00,e3b0c44298fc1c149afbf4c8996fb92427ae41e4649b934ca495991b7852b855,
system/dev/mtd4,system/dev/mtd4,file,0,0,0o100640,2009-01-01 00:00:00,e3b0c44298fc1c149afbf4c8996fb92427ae41e4649b934ca495991b7852b855,
system/dev/kmem,system/dev/kmem,file,0,0,0o100640,2009-01-01 00:00:00,e3b0c44298fc1c149afbf4c8996fb92427ae41e4649b934ca495991b7852b855,
system/dev/fb0,system/dev/fb0,file,0,0,0o100600,2009-01-01 00:00:00,e3b0c44298fc1c149afbf4c8996fb92427ae41e4649b934ca495991b7852b855,
system/dev/ram0,system/dev/ram0,file,0,0,0o100640,2009-01-01 00:00:00,e3b0c44298fc1c149afbf4c8996fb92427ae41e4649b934ca495991b7852b855,
system/dev/sda3,system/dev/sda3,file,0,0,0o100640,2009-01-01 00:00:00,e3b0c44298fc1c149afbf4c8996fb92427ae41e4649b934ca495991b7852b855,
system/dev/mtdblock0,system/dev/mtdblock0,file,0,0,0o100640,2009-01-01 00:00:00,e3b0c44298fc1c149afbf4c8996fb92427ae41e4649b934ca495991b7852b855,
system/dev/mtdblock4,system/dev/mtdblock4,file,0,0,0o100640,2009-01-01 00:00:00,e3b0c44298fc1c149afbf4c8996fb92427ae41e4649b934ca495991b7852b855,
system/dev/tty2,system/dev/tty2,file,0,0,0o100644,2009-01-01 00:00:00,e3b0c44298fc1c149afbf4c8996fb92427ae41e4649b934ca495991b7852b855,
system/dev/hda4,system/dev/hda4,file,0,0,0o100640,2009-01-01 00:00:00,e3b0c44298fc1c149afbf4c8996fb92427ae41e4649b934ca495991b7852b855,
system/dev/random,system/dev/random,file,0,0,0o100644,2009-01-01 00:00:00,e3b0c44298fc1c149afbf4c8996fb92427ae41e4649b934ca495991b7852b855,
system/dev/ram2,system/dev/ram2,file,0,0,0o100640,2009-01-01 00:00:00,e3b0c44298fc1c149afbf4c8996fb92427ae41e4649b934ca495991b7852b855,
system/media/__emptyfile__,system/media/__emptyfile__,file,0,0,0o40755,2024-02-02 11:17:48,e3b0c44298fc1c149afbf4c8996fb92427ae41e4649b934ca495991b7852b855,
system/media/,system/media/,directory,0,0,0o40755,2009-01-01 00:00:00,,
system/media/realroot/__emptyfile__,system/media/realroot/__emptyfile__,file,0,0,0o40755,2024-02-02 11:17:48,e3b0c44298fc1c149afbf4c8996fb92427ae41e4649b934ca495991b7852b855,
system/media/realroot/,system/media/realroot/,directory,0,0,0o40755,2009-01-01 00:00:00,,
system/media/cf/__emptyfile__,system/media/cf/__emptyfile__,file,0,0,0o40755,2024-02-02 11:17:48,e3b0c44298fc1c149afbf4c8996fb92427ae41e4649b934ca495991b7852b855,
system/media/cf/,system/media/cf/,directory,0,0,0o40755,2009-01-01 00:00:00,,
system/media/union/__emptyfile__,system/media/union/__emptyfile__,file,0,0,0o40755,2024-02-02 11:17:48,e3b0c44298fc1c149afbf4c8996fb92427ae41e4649b934ca495991b7852b855,
system/media/union/,system/media/union/,directory,0,0,0o40755,2009-01-01 00:00:00,,
system/media/ram/__emptyfile__,system/media/ram/__emptyfile__,file,0,0,0o40755,2024-02-02 11:17:48,e3b0c44298fc1c149afbf4c8996fb92427ae41e4649b934ca495991b7852b855,
system/media/ram/,system/media/ram/,directory,0,0,0o40755,2009-01-01 00:00:00,,
system/media/mmc1/__emptyfile__,system/media/mmc1/__emptyfile__,file,0,0,0o40755,2024-02-02 11:17:48,e3b0c44298fc1c149afbf4c8996fb92427ae41e4649b934ca495991b7852b855,
system/media/mmc1/,system/media/mmc1/,directory,0,0,0o40755,2009-01-01 00:00:00,,
system/media/net/__emptyfile__,system/media/net/__emptyfile__,file,0,0,0o40755,2024-02-02 11:17:48,e3b0c44298fc1c149afbf4c8996fb92427ae41e4649b934ca495991b7852b855,
system/media/net/,system/media/net/,directory,0,0,0o40755,2009-01-01 00:00:00,,
system/media/hdd/__emptyfile__,system/media/hdd/__emptyfile__,file,0,0,0o40755,2024-02-02 11:17:48,e3b0c44298fc1c149afbf4c8996fb92427ae41e4649b934ca495991b7852b855,
system/media/hdd/,system/media/hdd/,directory,0,0,0o40755,2009-01-01 00:00:00,,
system/WEBSERVER/__emptyfile__,system/WEBSERVER/__emptyfile__,file,0,0,0o40755,2024-02-02 11:17:48,e3b0c44298fc1c149afbf4c8996fb92427ae41e4649b934ca495991b7852b855,
system/WEBSERVER/,system/WEBSERVER/,directory,0,0,0o40755,2009-01-01 00:00:00,,
system/WEBSERVER/www/__emptyfile__,system/WEBSERVER/www/__emptyfile__,file,0,0,0o40755,2024-02-02 11:17:48,e3b0c44298fc1c149afbf4c8996fb92427ae41e4649b934ca495991b7852b855,
system/WEBSERVER/www/,system/WEBSERVER/www/,directory,0,0,0o40755,2009-01-01 00:00:00,,
system/WEBSERVER/www/QCMAP_NAT_Help.html,system/WEBSERVER/www/QCMAP_NAT_Help.html,file,3102,1141,0o100644,2009-01-01 00:00:00,7c80a4a53adda65701df84b8a86f8967da283cec3714692d7bddca0ca9333b14,
system/WEBSERVER/www/QCMAP_WWAN.html,system/WEBSERVER/www/QCMAP_WWAN.html,file,6025,1639,0o100644,2009-01-01 00:00:00,d44df9eb0fa066546f31dd659a330342f015fc28e209b0c4e751f5e88fd398e2,
system/WEBSERVER/www/QCMAP_Firewall.html,system/WEBSERVER/www/QCMAP_Firewall.html,file,53431,7909,0o100644,2009-01-01 00:00:00,c67f19b4ef0f3197194999a9989bc5d5dfc84428ee74e0fb0891060ee9871792,
system/WEBSERVER/www/QCMAP_Firewall_Help.html,system/WEBSERVER/www/QCMAP_Firewall_Help.html,file,1772,857,0o100644,2009-01-01 00:00:00,d39f5c66af327ff50442ed5213fba65eb3326c5e38786014cbfb50b5affe7330,
system/WEBSERVER/www/cgi-bin/__emptyfile__,system/WEBSERVER/www/cgi-bin/__emptyfile__,file,0,0,0o40755,2024-02-02 11:17:48,e3b0c44298fc1c149afbf4c8996fb92427ae41e4649b934ca495991b7852b855,
system/WEBSERVER/www/cgi-bin/,system/WEBSERVER/www/cgi-bin/,directory,0,0,0o40755,2009-01-01 00:00:00,,
system/WEBSERVER/www/cgi-bin/qcmap_web_cgi,system/WEBSERVER/www/cgi-bin/qcmap_web_cgi,file,9860,3874,0o100755,2009-01-01 00:00:00,624714358f578ae0be6e1125a9a44fd33657c2bed6f3fbfeb7e69392a26a8246,
system/WEBSERVER/www/cgi-bin/qcmap_auth,system/WEBSERVER/www/cgi-bin/qcmap_auth,file,18048,7772,0o100755,2009-01-01 00:00:00,939da9319ba023b2c09d29f8201cf6d122a25b902a7872e17bf040b7e1eb49b5,
system/WEBSERVER/www/QCMAP_Help.html,system/WEBSERVER/www/QCMAP_Help.html,file,944,533,0o100644,2009-01-01 00:00:00,269e027d2bb7126b796fa7b2d64fb3e060ffd5cc8ac8498362be6159b5eb6a88,
system/WEBSERVER/www/QCMAP_WWAN_Help.html,system/WEBSERVER/www/QCMAP_WWAN_Help.html,file,648,395,0o100644,2009-01-01 00:00:00,96c3fad1d9106983b3b1c4a331dc8b33f78ee9d1a676e914769a65a10eaadcc9,
system/WEBSERVER/www/QCMAP_UPNP_DLNA_MDNS_Help.html,system/WEBSERVER/www/QCMAP_UPNP_DLNA_MDNS_Help.html,file,1455,790,0o100644,2009-01-01 00:00:00,c44fd91f12e66690dd96563098b7b1f3eba39fa0cc75359ba7802fe63ba1340c,
system/WEBSERVER/www/QCMAP.html,system/WEBSERVER/www/QCMAP.html,file,11661,2732,0o100644,2009-01-01 00:00:00,441ac6a0d6882eaecd3d1bc6de124dcfb621a7b368fb3b1596b480f6006b196a,
system/WEBSERVER/www/images/__emptyfile__,system/WEBSERVER/www/images/__emptyfile__,file,0,0,0o40755,2024-02-02 11:17:48,e3b0c44298fc1c149afbf4c8996fb92427ae41e4649b934ca495991b7852b855,
system/WEBSERVER/www/images/,system/WEBSERVER/www/images/,directory,0,0,0o40755,2009-01-01 00:00:00,,
system/WEBSERVER/www/images/delete.png,system/WEBSERVER/www/images/delete.png,file,2252,2252,0o100644,2009-01-01 00:00:00,23d84116eacdbdcf5292afa704b702aaab3bf0f5c04160a749f90ee019c1fa1e,
system/WEBSERVER/www/images/header.jpg,system/WEBSERVER/www/images/header.jpg,file,14799,14172,0o100644,2009-01-01 00:00:00,1ef38a677fb17cf576cc853cd6d20e2672ed714a1c40c3f2597c3f62ddeb3b20,
system/WEBSERVER/www/images/update.jpg,system/WEBSERVER/www/images/update.jpg,file,1023,857,0o100644,2009-01-01 00:00:00,fe998a476458175be4e839047b36f8cbf0b81801a61479b26eb830adb7133a4c,
system/WEBSERVER/www/QCMAP_IPV6_Help.html,system/WEBSERVER/www/QCMAP_IPV6_Help.html,file,1942,905,0o100644,2009-01-01 00:00:00,bc04088de2ae1343412dc26753072a27fb2e9e49f95802f0acd9be6445ad0f3d,
system/WEBSERVER/www/QCMAP_WLAN.html,system/WEBSERVER/www/QCMAP_WLAN.html,file,41794,6010,0o100644,2009-01-01 00:00:00,21b4709b8de4c9cb10cead1de8d84d9c2d5bc510400d1caaa6ae0724ce3a3ace,
system/WEBSERVER/www/QCMAP_IPV6.html,system/WEBSERVER/www/QCMAP_IPV6.html,file,17987,3537,0o100644,2009-01-01 00:00:00,e8736afeb50ca88022e1104fd81dc8e731f8471b157764e57873d8b9ebdc30ec,
system/WEBSERVER/www/QCMAP_IPV4.html,system/WEBSERVER/www/QCMAP_IPV4.html,file,20417,3706,0o100644,2009-01-01 00:00:00,cdbdc7df789ced997309d973932260a1239723c40ff028376398232100cc60f8,
system/WEBSERVER/www/QCMAP_NAT.html,system/WEBSERVER/www/QCMAP_NAT.html,file,32094,5200,0o100644,2009-01-01 00:00:00,4e8c77da3a4cac81901dbb72d885235d943eaba13a108868150ba3a7bd9e5435,
system/WEBSERVER/www/QCMAP_Account.html,system/WEBSERVER/www/QCMAP_Account.html,file,8576,2223,0o100644,2009-01-01 00:00:00,68d27644b107a078edc784414880243a757a936cf368bac87e3ab74cadc7da79,
system/WEBSERVER/www/QCMAP_login.html,system/WEBSERVER/www/QCMAP_login.html,file,5836,1622,0o100644,2009-01-01 00:00:00,395a4e581cd5a446a8bfc12c682a8c72775bcfaa344a3905207e144a9a3ce234,
system/WEBSERVER/www/QCMAP_UPNP_DLNA_MDNS.html,system/WEBSERVER/www/QCMAP_UPNP_DLNA_MDNS.html,file,16419,2949,0o100644,2009-01-01 00:00:00,67a7c826679bdc9df6988744ff6de9e71b9af9f1c83dad81563c1c6cad26456b,
system/WEBSERVER/www/QCMAP_WLAN_Help.html,system/WEBSERVER/www/QCMAP_WLAN_Help.html,file,2503,1093,0o100644,2009-01-01 00:00:00,557a2fa78b43e54332456aa57284700be121671360c4d96dd2213253fce8bbbb,
system/WEBSERVER/www/QCMAP_Account_Help.html,system/WEBSERVER/www/QCMAP_Account_Help.html,file,287,206,0o100644,2009-01-01 00:00:00,c1b59030837dbafa9108ac2d3f42065cc49cf5e668fd2f35cb9066d1f12835d7,
system/WEBSERVER/www/QCMAP_IPV4_Help.html,system/WEBSERVER/www/QCMAP_IPV4_Help.html,file,1986,941,0o100644,2009-01-01 00:00:00,822379a3faf191e7697f9bfc21b561baecdf693873e02fbf18f48e56e22aabe4,
system/system/__emptyfile__,system/system/__emptyfile__,file,0,0,0o40755,2024-02-02 11:17:48,e3b0c44298fc1c149afbf4c8996fb92427ae41e4649b934ca495991b7852b855,
system/system/,system/system/,directory,0,0,0o40755,2009-01-01 00:00:00,,
system/system/rfs/__emptyfile__,system/system/rfs/__emptyfile__,file,0,0,0o40755,2024-02-02 11:17:48,e3b0c44298fc1c149afbf4c8996fb92427ae41e4649b934ca495991b7852b855,
system/system/rfs/,system/system/rfs/,directory,0,0,0o40755,2009-01-01 00:00:00,,
system/system/rfs/msm/__emptyfile__,system/system/rfs/msm/__emptyfile__,file,0,0,0o40755,2024-02-02 11:17:48,e3b0c44298fc1c149afbf4c8996fb92427ae41e4649b934ca495991b7852b855,
system/system/rfs/msm/,system/system/rfs/msm/,directory,0,0,0o40755,2009-01-01 00:00:00,,
system/system/rfs/msm/adsp/__emptyfile__,system/system/rfs/msm/adsp/__emptyfile__,file,0,0,0o40755,2024-02-02 11:17:48,e3b0c44298fc1c149afbf4c8996fb92427ae41e4649b934ca495991b7852b855,
system/system/rfs/msm/adsp/,system/system/rfs/msm/adsp/,directory,0,0,0o40755,2009-01-01 00:00:00,,
system/system/rfs/msm/adsp/readonly/__emptyfile__,system/system/rfs/msm/adsp/readonly/__emptyfile__,file,0,0,0o40705,2024-02-02 11:17:48,e3b0c44298fc1c149afbf4c8996fb92427ae41e4649b934ca495991b7852b855,
system/system/rfs/msm/adsp/readonly/,system/system/rfs/msm/adsp/readonly/,directory,0,0,0o40705,2009-01-01 00:00:00,,
system/system/rfs/msm/mpss/__emptyfile__,system/system/rfs/msm/mpss/__emptyfile__,file,0,0,0o40755,2024-02-02 11:17:48,e3b0c44298fc1c149afbf4c8996fb92427ae41e4649b934ca495991b7852b855,
system/system/rfs/msm/mpss/,system/system/rfs/msm/mpss/,directory,0,0,0o40755,2009-01-01 00:00:00,,
system/system/rfs/msm/mpss/readonly/__emptyfile__,system/system/rfs/msm/mpss/readonly/__emptyfile__,file,0,0,0o40705,2024-02-02 11:17:48,e3b0c44298fc1c149afbf4c8996fb92427ae41e4649b934ca495991b7852b855,
system/system/rfs/msm/mpss/readonly/,system/system/rfs/msm/mpss/readonly/,directory,0,0,0o40705,2009-01-01 00:00:00,,
system/system/rfs/mdm/__emptyfile__,system/system/rfs/mdm/__emptyfile__,file,0,0,0o40755,2024-02-02 11:17:48,e3b0c44298fc1c149afbf4c8996fb92427ae41e4649b934ca495991b7852b855,
system/system/rfs/mdm/,system/system/rfs/mdm/,directory,0,0,0o40755,2009-01-01 00:00:00,,
system/system/rfs/mdm/adsp/__emptyfile__,system/system/rfs/mdm/adsp/__emptyfile__,file,0,0,0o40755,2024-02-02 11:17:48,e3b0c44298fc1c149afbf4c8996fb92427ae41e4649b934ca495991b7852b855,
system/system/rfs/mdm/adsp/,system/system/rfs/mdm/adsp/,directory,0,0,0o40755,2009-01-01 00:00:00,,
system/system/rfs/mdm/adsp/readonly/__emptyfile__,system/system/rfs/mdm/adsp/readonly/__emptyfile__,file,0,0,0o40705,2024-02-02 11:17:48,e3b0c44298fc1c149afbf4c8996fb92427ae41e4649b934ca495991b7852b855,
system/system/rfs/mdm/adsp/readonly/,system/system/rfs/mdm/adsp/readonly/,directory,0,0,0o40705,2009-01-01 00:00:00,,
system/system/rfs/mdm/mpss/__emptyfile__,system/system/rfs/mdm/mpss/__emptyfile__,file,0,0,0o40755,2024-02-02 11:17:48,e3b0c44298fc1c149afbf4c8996fb92427ae41e4649b934ca495991b7852b855,
system/system/rfs/mdm/mpss/,system/system/rfs/mdm/mpss/,directory,0,0,0o40755,2009-01-01 00:00:00,,
system/system/rfs/mdm/mpss/readonly/__emptyfile__,system/system/rfs/mdm/mpss/readonly/__emptyfile__,file,0,0,0o40705,2024-02-02 11:17:48,e3b0c44298fc1c149afbf4c8996fb92427ae41e4649b934ca495991b7852b855,
system/system/rfs/mdm/mpss/readonly/,system/system/rfs/mdm/mpss/readonly/,directory,0,0,0o40705,2009-01-01 00:00:00,,
system/bin/__emptyfile__,system/bin/__emptyfile__,file,0,0,0o40755,2024-02-02 11:17:48,e3b0c44298fc1c149afbf4c8996fb92427ae41e4649b934ca495991b7852b855,
system/bin/,system/bin/,directory,0,0,0o40755,2009-01-01 00:00:00,,
system/bin/rarpd,system/bin/rarpd,file,14036,6089,0o100755,2009-01-01 00:00:00,4987c15557034617ff8224f7be0597348f1d8c33b2012235be715c914c34492d,
system/bin/rdisc,system/bin/rdisc,file,18116,8963,0o100755,2009-01-01 00:00:00,2147bdab122ff811eafe1c971489a8b557f87574778e024d695af87248c5fc4c,
system/bin/busybox.nosuid,system/bin/busybox.nosuid,file,870400,636798,0o100755,2009-01-01 00:00:00,bf85d416c2109464cd533596d493054bd200fc8c2938ca97f3a92140dd1c85ab,
system/bin/systemd-ask-password,system/bin/systemd-ask-password,file,9884,3511,0o100755,2009-01-01 00:00:00,37a086b02a19e7e8f4328c8e0da8e6e869e62cfd72bfc19a6f6de63cc761f2d6,
system/bin/grep.grep,system/bin/grep.grep,file,173956,122352,0o100755,2009-01-01 00:00:00,d2562eea551b4f31d9de0d7b441e47bd1b8b62dbf89ef49efecd22660fa1791a,
system/bin/systemd-tmpfiles,system/bin/systemd-tmpfiles,file,50900,27357,0o100755,2009-01-01 00:00:00,9a1d279329af22109ed7980dfb90bcd2ff9e059857a5b532caa6495750e3bd01,
system/bin/systemd-tty-ask-password-agent,system/bin/systemd-tty-ask-password-agent,file,22172,10101,0o100755,2009-01-01 00:00:00,0c725ad77e2be44ac81827c068631c2da9d66320ffb8532f7166dd9c8a2e1561,
system/bin/umount.util-linux,system/bin/umount.util-linux,file,18116,8420,0o100755,2009-01-01 00:00:00,e688eb3d0bbc5aac79ed18f33dde0ee0779404d66f4a9bca0f4ab05c118e8de2,
system/bin/loginctl,system/bin/loginctl,file,34464,17513,0o100755,2009-01-01 00:00:00,3cf4465da6cfe61508d8b96ae5b19b8b9bb3930138942c00c32889958d35ad63,
system/bin/dnsmasq_script.sh,system/bin/dnsmasq_script.sh,file,4103,1783,0o100755,2009-01-01 00:00:00,ea84c296f0f2b70cca5e114d0ea5aeda0d1aee5145d7f242475b0a517f462e68,
system/bin/systemd-notify,system/bin/systemd-notify,file,9872,4023,0o100755,2009-01-01 00:00:00,109ea9bcf011ff4c079b44f6ded680ee110542d99bafa8ba84954a79e86debd5,
system/bin/systemd-sysusers,system/bin/systemd-sysusers,file,34524,17970,0o100755,2009-01-01 00:00:00,408e7f8af9bf0fb38ecba93d27145a057ba9598e376cc7a80248969e57536a87,
system/bin/tracepath,system/bin/tracepath,file,13964,5984,0o100755,2009-01-01 00:00:00,6fd3c4472bd13363c4850cf1aab82f8afbf9fb273b2acde742e4be802c20dffa,
system/bin/ping.iputils,system/bin/ping.iputils,file,47312,29545,0o100755,2009-01-01 00:00:00,a2f3471a1d2f56e76acc588bbeeb53da126621fd46dbd23e5beae8786c7ddbef,
system/bin/journalctl,system/bin/journalctl,file,46736,22837,0o100755,2009-01-01 00:00:00,cdf2470272ce664ec2201c60bfd98c2ebe16d02b561848e39d70f8399013dbd8,
system/bin/kmod,system/bin/kmod,file,91936,58081,0o100755,2009-01-01 00:00:00,3d090c4d5d2ca8a5cd5c7edce4982fe83b54e9eec7a52c3bc477c821f70ff0e6,
system/bin/systemctl,system/bin/systemctl,file,137096,75633,0o100755,2009-01-01 00:00:00,4e2f59aa1819178b45637a23f610103bc08b1c69f13bf525c09a2b81ce808f86,
system/bin/arping,system/bin/arping,file,18096,9198,0o100755,2009-01-01 00:00:00,adb135901d3e8a4c66ca392324537e04dd23012df9898ed426271db631c67d50,
system/bin/mount.util-linux,system/bin/mount.util-linux,file,30408,15583,0o100755,2009-01-01 00:00:00,dec6c2653c340fce6e3b236480ab7dfb76dd61049974e13e2f13cac193d71d68,
system/bin/su.shadow,system/bin/su.shadow,file,27048,13351,0o100755,2009-01-01 00:00:00,bd6b4ad514fe1fede05b0a47b87722c56ee36b18ea11ae4dcdabeb75e1b539ee,
system/bin/login.shadow,system/bin/login.shadow,file,31052,16025,0o100755,2009-01-01 00:00:00,cf9a49f68f0e00de3e451dd7459148d00c6b44c79e5aad0509c21ce5ae04a120,
system/bin/systemd-inhibit,system/bin/systemd-inhibit,file,9872,4645,0o100755,2009-01-01 00:00:00,de295733aff47987c605927bc9969992c1b57c71361b1a6e341d205e62f0a632,
system/bin/clockdiff,system/bin/clockdiff,file,13956,6156,0o100755,2009-01-01 00:00:00,c7d04a66c4a7473e662b8d8569c4e347fcf5c2f1254554c80ac7e50dc581d68a,
system/bin/egrep.grep,system/bin/egrep.grep,file,28,28,0o100755,2009-01-01 00:00:00,f7c621ae0ceb26a76802743830bc469288996f64342901ae5292950ff713e981,
system/bin/cp.coreutils,system/bin/cp.coreutils,file,92000,59546,0o100755,2009-01-01 00:00:00,c2043aa3adae422cc76d2175506adda39d0e4c8510f256c55a895e18b94006d9,
system/bin/busybox.suid,system/bin/busybox.suid,file,75468,50693,0o100755,2009-01-01 00:00:00,0c1d1eb48975a8d28be641074c5757af774162eeeb55cf96d045f4da95db62da,
system/bin/systemd-escape,system/bin/systemd-escape,file,9864,3910,0o100755,2009-01-01 00:00:00,41b1fe1283d0721d023ebe2202bc64dd5bb7820231555da6c1226c1eedeae860,
system/bin/traceroute6,system/bin/traceroute6,file,13972,7022,0o100755,2009-01-01 00:00:00,cdcb98cb041586082eafde69b326ab2cfe04ce0b7c40b68feaa875de641c361f,
system/bin/systemd-machine-id-setup,system/bin/systemd-machine-id-setup,file,13972,6336,0o100755,2009-01-01 00:00:00,bce127e5aa142cdc5df795dc99fad68cf988115861325845a51f6a1d8a76daa4,
system/bin/tftpd,system/bin/tftpd,file,9996,5557,0o100755,2009-01-01 00:00:00,bd36083cfb1377e974cf22653ab222bef4ff704693ab6eafa9bd8d441343033d,
system/bin/fgrep.grep,system/bin/fgrep.grep,file,28,28,0o100755,2009-01-01 00:00:00,5c8b1486de899cdd010d3cacde94579999cb82d0be9ec8c131b1b56886cfd36b,
system/bin/udevadm,system/bin/udevadm,file,428288,223805,0o100755,2009-01-01 00:00:00,f3a0baf0fb36ccdc36a27a4a9b0df4c8f66b2c8c55643932dc10075fc01e96ff,
system/mnt/__emptyfile__,system/mnt/__emptyfile__,file,0,0,0o40755,2024-02-02 11:17:48,e3b0c44298fc1c149afbf4c8996fb92427ae41e4649b934ca495991b7852b855,
system/mnt/,system/mnt/,directory,0,0,0o40755,2009-01-01 00:00:00,,
system/mnt/sdcard/__emptyfile__,system/mnt/sdcard/__emptyfile__,file,0,0,0o40755,2024-02-02 11:17:48,e3b0c44298fc1c149afbf4c8996fb92427ae41e4649b934ca495991b7852b855,
system/mnt/sdcard/,system/mnt/sdcard/,directory,0,0,0o40755,2009-01-01 00:00:00,,
system/data/__emptyfile__,system/data/__emptyfile__,file,0,0,0o40755,2024-02-02 11:17:48,e3b0c44298fc1c149afbf4c8996fb92427ae41e4649b934ca495991b7852b855,
system/data/,system/data/,directory,0,0,0o40755,2009-01-01 00:00:00,,
system/www/__emptyfile__,system/www/__emptyfile__,file,0,0,0o40755,2024-02-02 11:17:48,e3b0c44298fc1c149afbf4c8996fb92427ae41e4649b934ca495991b7852b855,
system/www/,system/www/,directory,0,0,0o40755,2009-01-01 00:00:00,,
system/www/Advanced_Exposed_Content.asp,system/www/Advanced_Exposed_Content.asp,file,13745,2921,0o100744,2009-01-01 00:00:00,169c35801c008d0456c6db56e748e2d470dfd4149b364a4b56526a77d011a9b8,
system/www/Advanced_PortFiltering.asp,system/www/Advanced_PortFiltering.asp,file,19734,4215,0o100744,2009-01-01 00:00:00,5d9658c43616b7a475af9de3b6612412283857ec3ac9754883cdd1210173f5aa,
system/www/disk_folder_tree.js,system/www/disk_folder_tree.js,file,10859,2925,0o100744,2009-01-01 00:00:00,10256c2c3f49fa5ed9a7bec43443fdf585c7b1efa184e3f3965459e318d38abe,
system/www/smsSend.asp,system/www/smsSend.asp,file,13969,3691,0o100744,2009-01-01 00:00:00,cba7c511810c77262631a4d5ecfbccf49fa13c0ecd5ce5a2065f2f555bf4c718,
system/www/Advanced_BasicFirewall_Content.asp,system/www/Advanced_BasicFirewall_Content.asp,file,31618,3872,0o100744,2009-01-01 00:00:00,d20910fea2719298f32d52fb2cd25fdac78dc70c116cab6bf70b99952d7091e8,
system/www/as.asp,system/www/as.asp,file,8180,1783,0o100744,2009-01-01 00:00:00,13f2edecad80dc609392eb210456191e785bb501cf7cf3470247728965fc014b,
system/www/Advanced_VPN_Content.asp,system/www/Advanced_VPN_Content.asp,file,14690,2609,0o100744,2009-01-01 00:00:00,58122d7e356c96e23ac00853ba1e8cc8a14b5210c46905a74c3b125c12559f58,
system/www/UploadDone.asp,system/www/UploadDone.asp,file,375,217,0o100744,2009-01-01 00:00:00,f329800161f7bf9f98f2340d8ac16cc151ca9cfd78304ff86766c7abd70caedc,
system/www/Advanced_Wireless2g_Content.asp,system/www/Advanced_Wireless2g_Content.asp,file,42205,5605,0o100744,2009-01-01 00:00:00,bbf89ea011eb8e937c714c74e59d3fc32a5a50f5b3725a27720fc4ef3e6ef376,
system/www/Advanced_Wireless_Content2.asp,system/www/Advanced_Wireless_Content2.asp,file,43886,5713,0o100744,2009-01-01 00:00:00,c7b404d52e13c435df2696543c265844fe99cc03caa296174fa0239c89cc740d,
system/www/Advanced_System_Info.asp,system/www/Advanced_System_Info.asp,file,11735,2904,0o100744,2009-01-01 00:00:00,1bf05791795431b0ddecc13dc7462a40cc22dd9b62c9bf33a169269c1124768f,
system/www/jquery.js,system/www/jquery.js,file,94839,33647,0o100744,2009-01-01 00:00:00,0fb170f24675c84f8228ad6b61d69bf6705030949cc2fec316b3a006eab282f8,
system/www/Main_LogStatus_Content.asp,system/www/Main_LogStatus_Content.asp,file,7716,2109,0o100744,2009-01-01 00:00:00,38d1539b5c72e796769238632744b09fe309fcdf6710b675f5b615af66b0bc10,
system/www/wireless.js,system/www/wireless.js,file,26508,3892,0o100744,2009-01-01 00:00:00,5fd2f3f1732bf6048933001af0d321a3ff4230fe8687834199e97462f1ee61d8,
system/www/Advanced_NMS_Content.asp,system/www/Advanced_NMS_Content.asp,file,10656,2141,0o100744,2009-01-01 00:00:00,0528391fec231192070684b7f83e6d6015c50823a51f9e0e3955790a81b1106b,
system/www/CN.dict,system/www/CN.dict,file,98976,35381,0o100744,2009-01-01 00:00:00,0903c88f97ab99835f2e193151db14036b8567d56e9656733a7882f40d52c8e0,
system/www/state.js,system/www/state.js,file,53048,12699,0o100744,2009-01-01 00:00:00,90f1e7fdf609906a7aa6ca74539c143b4078f0bf3bbed30ab62023b99c96aab7,
system/www/UpdateError.asp,system/www/UpdateError.asp,file,379,223,0o100744,2009-01-01 00:00:00,b0ec35f7fe08dd0fa15c0999bef13f64dfc11d4b2bcc2b39f0ea2577eabcf68b,
system/www/disk_functions.js,system/www/disk_functions.js,file,4784,1040,0o100744,2009-01-01 00:00:00,94492dfb47c7283ab84efb38142bcf27016fec4982c6db198e32c0e391ef8f18,
system/www/underscore.base.js,system/www/underscore.base.js,file,16415,5809,0o100744,2009-01-01 00:00:00,951349bd5206d7885ec9d7e299f2115618eeefdd9f9c53fdb834187aee291f03,
system/www/Advanced_Settings_Band.asp,system/www/Advanced_Settings_Band.asp,file,19173,2323,0o100744,2009-01-01 00:00:00,bc395093685590c2e961a8299f62d4781f0f8ea373a6e33b1408688d970c5555,
system/www/net_speed_tabs.js,system/www/net_speed_tabs.js,file,4655,1455,0o100744,2009-01-01 00:00:00,9cb9c464f857fe2b2b77c51ebd01fc0aea8c21d5683dd7a254562e42acc93bfe,
system/www/Advanced_VirtualServer_Content.asp,system/www/Advanced_VirtualServer_Content.asp,file,32668,6282,0o100744,2009-01-01 00:00:00,d765cfcd15ee9d7966a812b4af54fd7d47de2b2a9a59c0bf01b41f426d650f08,
system/www/statistic.asp,system/www/statistic.asp,file,14475,3757,0o100744,2009-01-01 00:00:00,2e94299e9518e98d1ee750d9e2f86aa184232c44e6b83aeff2345f337f0eceb4,
system/www/Updating.asp,system/www/Updating.asp,file,375,217,0o100744,2009-01-01 00:00:00,6fd1e59168baea839e67dab4ca488833c5dbc0a89a22ebd5e872d1fdca810d9e,
system/www/general.js,system/www/general.js,file,41067,7422,0o100744,2009-01-01 00:00:00,92298edcafee4cf6fa8611bcc39813044379f40e2ab8e87b09dac5b67d9a8666,
system/www/wireless_2g.js,system/www/wireless_2g.js,file,26447,3924,0o100744,2009-01-01 00:00:00,426d720a4d4b1eadaedb84402eda95b64fbca9dfd9f6fabc952549d5796effd2,
system/www/lan_clients.asp,system/www/lan_clients.asp,file,124,101,0o100744,2009-01-01 00:00:00,864a24a65b3ad78285b965f505639d70071f6a29ee7b76d71cb49a33ccb4c862,
system/www/sms_in.asp,system/www/sms_in.asp,file,42,42,0o100744,2009-01-01 00:00:00,41ee04f3d25d1d42668d32351b62ce9e344a469c0cf34331ce41bbf127b2af99,
system/www/modem_isp.js,system/www/modem_isp.js,file,22873,4445,0o100744,2009-01-01 00:00:00,a806d624fad9a8891deb28649943ea7803df3dd18d653be1ac7b6d16272ce0b6,
system/www/smsInbox.asp,system/www/smsInbox.asp,file,27655,6662,0o100744,2009-01-01 00:00:00,c71e58c145e2974ff1181a643532dcf33bbba7f64e553dd693b203c898137f89,
system/www/client_function.js,system/www/client_function.js,file,2624,1064,0o100744,2009-01-01 00:00:00,6554e1c21f52349fc4184955b026612bf3a990891432d122979cde54b9095903,
system/www/Advanced_LAN_Content.asp,system/www/Advanced_LAN_Content.asp,file,40197,6661,0o100744,2009-01-01 00:00:00,37e41f7b37334b4de0212b21ce2c15c2a4ba2253d5e5d3810d3ba49d273371a2,
system/www/images/__emptyfile__,system/www/images/__emptyfile__,file,0,0,0o40755,2024-02-02 11:17:48,e3b0c44298fc1c149afbf4c8996fb92427ae41e4649b934ca495991b7852b855,
system/www/images/,system/www/images/,directory,0,0,0o40755,2009-01-01 00:00:00,,
system/www/images/Tree/__emptyfile__,system/www/images/Tree/__emptyfile__,file,0,0,0o40755,2024-02-02 11:17:48,e3b0c44298fc1c149afbf4c8996fb92427ae41e4649b934ca495991b7852b855,
system/www/images/Tree/,system/www/images/Tree/,directory,0,0,0o40755,2009-01-01 00:00:00,,
system/www/images/Tree/vert_line_n10.gif,system/www/images/Tree/vert_line_n10.gif,file,67,67,0o100744,2009-01-01 00:00:00,a2041b4a326bb001f39b9b74bcbc16bfbb80f50d39fd54e9892a8e5509f9b9f8,
system/www/images/Tree/join.gif,system/www/images/Tree/join.gif,file,67,67,0o100744,2009-01-01 00:00:00,5ae3891e487feba1e026ed51d50ea3bd07b53bf18b611c4f296dcbcc0b4558d3,
system/www/images/Tree/vert_line_s00.gif,system/www/images/Tree/vert_line_s00.gif,file,94,94,0o100744,2009-01-01 00:00:00,50643d0837ab53f870f03cdd60f305c41d275e164ef313a02577099b69936994,
system/www/images/Tree/part.gif,system/www/images/Tree/part.gif,file,115,110,0o100744,2009-01-01 00:00:00,0b2561ff7d00b54bccf50ecb3c7de602079ac489f0c5d40f5509c91ff4be7d8c,
system/www/images/Tree/vert_line_s10.gif,system/www/images/Tree/vert_line_s10.gif,file,93,93,0o100744,2009-01-01 00:00:00,3e3b3050f4a40584489dbc2c85f7e1b1ffaecae592c9d010d350690c9f04b442,
system/www/images/Tree/vert_line.gif,system/www/images/Tree/vert_line.gif,file,68,68,0o100744,2009-01-01 00:00:00,1e7c0ec2d9b214a481aaea2fbe27161142d2a6b9d02ffc9da8e1e22448816665,
system/www/images/Tree/vert_line_s11.gif,system/www/images/Tree/vert_line_s11.gif,file,86,86,0o100744,2009-01-01 00:00:00,c632ed7923b72563371cd8a8db511196d2c4136546cd469f471227e0c7387bd1,
system/www/images/Tree/folder.gif,system/www/images/Tree/folder.gif,file,371,333,0o100744,2009-01-01 00:00:00,0e40d689fd77b97c9706a306ce38307d6ebdcb908c1e27f8da3de2526778dbba,
system/www/images/Tree/vert_line_s01.gif,system/www/images/Tree/vert_line_s01.gif,file,88,88,0o100744,2009-01-01 00:00:00,a9b252c557fbd4edca6ebbb866829c47d6d7a148f21e659a582ff6512db8481f,
system/www/images/Tree/folder_wait.gif,system/www/images/Tree/folder_wait.gif,file,673,537,0o100744,2009-01-01 00:00:00,e2579ed89b19694ca95b177d6c97e0bfb4c030e5635194c87094e3cac117a048,
system/www/images/Tree/vert_line_n00.gif,system/www/images/Tree/vert_line_n00.gif,file,70,70,0o100744,2009-01-01 00:00:00,5ab3faf2bb9ca5df06f4cb829f5f63e79f6fe9fe9408293ba92e1e4c03c8565f,
system/www/images/Tree/Thumbs.db,system/www/images/Tree/Thumbs.db,file,6144,3587,0o100744,2009-01-01 00:00:00,0bb49105ac080d8d87e0b670a534a7b672acc5f1b1dc441e6dbcc1bba3dddbf3,
system/www/images/Tree/disk.gif,system/www/images/Tree/disk.gif,file,134,134,0o100744,2009-01-01 00:00:00,b2e7a67492d5c5ae3a7acc254d49a4272333fa79ad3adcab0934ec7c9aa3ab74,
system/www/images/management.png,system/www/images/management.png,file,15727,2200,0o100744,2009-01-01 00:00:00,557a5dc46fe6b3283460671574ed446b7bb2c1c8a0090fd89106c17b9fa2a404,
system/www/images/bgaibutton.gif,system/www/images/bgaibutton.gif,file,87,87,0o100744,2009-01-01 00:00:00,da65b0b94c17837958851980acea22976e2875408febc9055ddb3a868db4de72,
system/www/images/favicon.png,system/www/images/favicon.png,file,4579,4579,0o100744,2009-01-01 00:00:00,2c66be171f72b3855a651f732ca338c36324ea66932efa983be09e190f1c5f85,
system/www/images/management2.png,system/www/images/management2.png,file,15986,1772,0o100744,2009-01-01 00:00:00,e0a5db529bc04d060737b8ea9f0bcd6664ff4ead75acfd26190208c1ed83ed5b,
system/www/images/AiDisk/__emptyfile__,system/www/images/AiDisk/__emptyfile__,file,0,0,0o40755,2024-02-02 11:17:48,e3b0c44298fc1c149afbf4c8996fb92427ae41e4649b934ca495991b7852b855,
system/www/images/AiDisk/,system/www/images/AiDisk/,directory,0,0,0o40755,2009-01-01 00:00:00,,
system/www/images/AiDisk/FolderAdd.gif,system/www/images/AiDisk/FolderAdd.gif,file,880,749,0o100744,2009-01-01 00:00:00,bf81d59265eebfd4fce74c6a6d4f952d0e0c5b0ce906347415f12989fbe194e7,
system/www/images/AiDisk/user_icon0.gif,system/www/images/AiDisk/user_icon0.gif,file,1446,1151,0o100744,2009-01-01 00:00:00,deff06235f008aa8a11b30b32455d64572937586a069452e9a7b6c0e321e7c7e,
system/www/images/AiDisk/user_icon.gif,system/www/images/AiDisk/user_icon.gif,file,610,610,0o100744,2009-01-01 00:00:00,1b1fdb3194119b011046899450d083529bdf9ab07085afba1cd852b70fd37397,
system/www/images/AiDisk/FolderMod_1.gif,system/www/images/AiDisk/FolderMod_1.gif,file,1373,1197,0o100744,2009-01-01 00:00:00,de2f0eb710685e3d4acae4f6a113f8fe5a4aa3665adac98b696bb9723486b000,
system/www/images/AiDisk/user_icon1.gif,system/www/images/AiDisk/user_icon1.gif,file,1448,1152,0o100744,2009-01-01 00:00:00,92377deeced79fc25686689283b1ba3fabc38cfa13906cc81eee3a5222a1e036,
system/www/images/AiDisk/FolderAdd_1.gif,system/www/images/AiDisk/FolderAdd_1.gif,file,1331,1093,0o100744,2009-01-01 00:00:00,940a12995961eb5ff0acf17c56ef4d35d92e6fdc22be802b9c2a8f3779cdb11d,
system/www/images/AiDisk/FolderAdd_0.gif,system/www/images/AiDisk/FolderAdd_0.gif,file,1330,1049,0o100744,2009-01-01 00:00:00,8bcba5d152c2ebbffc84203436c3c1d9fac380eaa3d85baf09e43bb40ee07259,
system/www/images/AiDisk/UserAdd.gif,system/www/images/AiDisk/UserAdd.gif,file,1025,1025,0o100744,2009-01-01 00:00:00,5ce0006b831c3be0a381d85d6762365ba84415684c84cb80b8cae1dc871db02d,
system/www/images/AiDisk/FolderMod.gif,system/www/images/AiDisk/FolderMod.gif,file,911,793,0o100744,2009-01-01 00:00:00,4e98a5a016b0abd8643dbd8b9d28d762d640a6a810728b4c1811c4aac8cf4de4,
system/www/images/AiDisk/UserDel_0.gif,system/www/images/AiDisk/UserDel_0.gif,file,1483,1483,0o100744,2009-01-01 00:00:00,91d0899b6a941570582c3905ce81a98c876076fd6b24da68f3a33b80de0c587e,
system/www/images/AiDisk/UserDel.gif,system/www/images/AiDisk/UserDel.gif,file,1024,1024,0o100744,2009-01-01 00:00:00,8ca37cb3a91ea8002d45deba005dab5f83111c6fdb4d559c0e492062d21a6ddb,
system/www/images/AiDisk/FolderMod_0.gif,system/www/images/AiDisk/FolderMod_0.gif,file,1373,1142,0o100744,2009-01-01 00:00:00,4aab917a6a86f56fad3a549cea798c169d26af97ab3f4434fc44589f17149485,
system/www/images/AiDisk/FolderDel_1.gif,system/www/images/AiDisk/FolderDel_1.gif,file,1343,1159,0o100744,2009-01-01 00:00:00,6a64e645502e2b0ea759eeb0899b40ce1fcfb05926aee56c71923ae597c14c3e,
system/www/images/AiDisk/FolderDel.gif,system/www/images/AiDisk/FolderDel.gif,file,883,762,0o100744,2009-01-01 00:00:00,3cba31823b33cb9711ff526a5011ade4cbc6bcd7496a56c9496d615ec578e2d2,
system/www/images/AiDisk/UserMod_1.gif,system/www/images/AiDisk/UserMod_1.gif,file,1493,1493,0o100744,2009-01-01 00:00:00,a2f163586d29ed4a28cd4b11765cecf5c1ed6e031ad3b7989f6d1d06f6e5c174,
system/www/images/AiDisk/UserDel_1.gif,system/www/images/AiDisk/UserDel_1.gif,file,1477,1477,0o100744,2009-01-01 00:00:00,ce4bc1c9e71f18d6f9a27c6f31743471cf6fd3b49be32891815d9fbe0ab7c422,
system/www/images/AiDisk/UserMod.gif,system/www/images/AiDisk/UserMod.gif,file,1051,1051,0o100744,2009-01-01 00:00:00,add5e222b73e42f034d618d5b938c5e96534f181b0b5047c27a6886502636d8a,
system/www/images/AiDisk/UserAdd_0.gif,system/www/images/AiDisk/UserAdd_0.gif,file,1482,1482,0o100744,2009-01-01 00:00:00,92f34e0f82287b1d624d7bb853c32f0f7761795242d0778a38b6ee5692bb745a,
system/www/images/AiDisk/UserAdd_1.gif,system/www/images/AiDisk/UserAdd_1.gif,file,1477,1477,0o100744,2009-01-01 00:00:00,1c8dc0e1ab71639fac2a241fcd62c77a47a9eed84ee9d03c8e9df93358999239,
system/www/images/AiDisk/UserMod_0.gif,system/www/images/AiDisk/UserMod_0.gif,file,1503,1503,0o100744,2009-01-01 00:00:00,c730590021aff14e913e53326355ea35bae80505a5b21b4a42948bc85c6d16a1,
system/www/images/AiDisk/Thumbs.db,system/www/images/AiDisk/Thumbs.db,file,8192,5409,0o100744,2009-01-01 00:00:00,619dca503fe6024f6e166ca4a988d2eae855958d28d95f38d2130b736f18a254,
system/www/images/AiDisk/FolderDel_0.gif,system/www/images/AiDisk/FolderDel_0.gif,file,1342,1107,0o100744,2009-01-01 00:00:00,890ec031a30dca1992d06d40fc3d929b72b5e54ca1a2248ca9d3294d4ec716a2,
system/www/images/checked.gif,system/www/images/checked.gif,file,564,532,0o100744,2009-01-01 00:00:00,6e9faae9c7ec777ce2f80234ebb72df58d0b1a59850da76b623c23b280d05448,
system/www/images/bgaibutton0.gif,system/www/images/bgaibutton0.gif,file,87,87,0o100744,2009-01-01 00:00:00,4a2925726c5654c1f5eba4a4ffc0487632b7a48f0004c6504c496959b975b64a,
system/www/images/favicon.ico,system/www/images/favicon.ico,file,1150,147,0o100744,2009-01-01 00:00:00,35e942af8c5ec34cc0821bbf0d621d0b3dd670a9560c5f24a5419141279f0d13,
system/www/images/SMS.png,system/www/images/SMS.png,file,15476,1752,0o100744,2009-01-01 00:00:00,916088b6db43b56abd1f60ad16c135841fbd716e79c9d1d41f8b9d88451e65b5,
system/www/images/SMS2.png,system/www/images/SMS2.png,file,15856,1621,0o100744,2009-01-01 00:00:00,98a308a4b4d5a1f6a0d98f9bc78c4a106ed32bcd50508b0d77da8a9c8a5a40c4,
system/www/Advanced_WAN_Content.asp,system/www/Advanced_WAN_Content.asp,file,74181,8682,0o100744,2009-01-01 00:00:00,d2bc91f8a33615086228a1d70a345fd2bfd2485823b47af7aa6636909ff848da,
system/www/console_response.asp,system/www/console_response.asp,file,43,38,0o100744,2009-01-01 00:00:00,dbac5bdc33acdb6f8e96429eb2e440f48b5d51c35839a331c7b6db6b2e1a95d6,
system/www/require-jquery.js,system/www/require-jquery.js,file,332952,93191,0o100744,2009-01-01 00:00:00,ac81d2feffbebe242c0009675b439e85fba1c980b524c2b63b6272af61cf06c9,
system/www/wds_aplist.asp,system/www/wds_aplist.asp,file,33,33,0o100744,2009-01-01 00:00:00,f2df5b3a27333841f3304778f8d8d15696dad3de8348ed0d3e97f6eab6b9cfb2,
system/www/Main_TrafficMonitor_daily.asp,system/www/Main_TrafficMonitor_daily.asp,file,12557,3506,0o100744,2009-01-01 00:00:00,7fd4847a2e1ac3dd4a4577572bef4635dcebcf3342b37fefe04a1e3d10d3d571,
system/www/Logout.asp,system/www/Logout.asp,file,1082,527,0o100744,2009-01-01 00:00:00,afc246341ee858d6a28163a89c6fc56330593902b311272473e5e9aeb93cf370,
system/www/index.asp,system/www/index.asp,file,29754,5622,0o100744,2009-01-01 00:00:00,3a5d376a11f0c53f6cf6c4596b15f1a88555ec4e3017236692bc7a63237a202b,
system/www/EN.dict,system/www/EN.dict,file,110157,35474,0o100744,2009-01-01 00:00:00,910a9743de8ce27d17bb50bd6599b5832d45935b9fb654f007759cb8750ed860,
system/www/Advanced_Wireless_Content.asp,system/www/Advanced_Wireless_Content.asp,file,44127,5779,0o100744,2009-01-01 00:00:00,a9578571e264daecf9ffc0016a02fd828dae27de59eccb5ddb5e43eebf53328c,
system/www/md5.js,system/www/md5.js,file,7087,2280,0o100744,2009-01-01 00:00:00,2807f25db51e6cd940dfc8522958e75fd6f8757fd271c6ae23b6ecc97a75149e,
system/www/smsNotSendbox.asp,system/www/smsNotSendbox.asp,file,28056,6799,0o100744,2009-01-01 00:00:00,b69929b9354b51aea309c172580df3c9b536bf89d1e9c9f8d325b7172bd2c22e,
system/www/bootstrap/__emptyfile__,system/www/bootstrap/__emptyfile__,file,0,0,0o40755,2024-02-02 11:17:48,e3b0c44298fc1c149afbf4c8996fb92427ae41e4649b934ca495991b7852b855,
system/www/bootstrap/,system/www/bootstrap/,directory,0,0,0o40755,2009-01-01 00:00:00,,
system/www/bootstrap/img/__emptyfile__,system/www/bootstrap/img/__emptyfile__,file,0,0,0o40755,2024-02-02 11:17:48,e3b0c44298fc1c149afbf4c8996fb92427ae41e4649b934ca495991b7852b855,
system/www/bootstrap/img/,system/www/bootstrap/img/,directory,0,0,0o40755,2009-01-01 00:00:00,,
system/www/bootstrap/img/glyphicons-halflings-white.png,system/www/bootstrap/img/glyphicons-halflings-white.png,file,8777,8514,0o100744,2009-01-01 00:00:00,f0e0d95a9c8abcdfabf46348e2d4285829bb0491f5f6af0e05af52bffb6324c4,
system/www/bootstrap/img/arrow-right.png,system/www/bootstrap/img/arrow-right.png,file,1233,912,0o100744,2009-01-01 00:00:00,a9175a8ca7939ab3791112fc6e33a4cf2535ddf60512e62459fa51966d4287c3,
system/www/bootstrap/img/ajax-loader.gif,system/www/bootstrap/img/ajax-loader.gif,file,723,542,0o100744,2009-01-01 00:00:00,82086ad24fc67786d4bd793729d3298602527b4fb510bd93ca4c30516d4bf302,
system/www/bootstrap/img/itoggle.png,system/www/bootstrap/img/itoggle.png,file,2981,2645,0o100744,2009-01-01 00:00:00,acbbb235884f57e263ed795709dde1e730b704c2fe99a3485320882e42803257,
system/www/bootstrap/img/icons/__emptyfile__,system/www/bootstrap/img/icons/__emptyfile__,file,0,0,0o40755,2024-02-02 11:17:48,e3b0c44298fc1c149afbf4c8996fb92427ae41e4649b934ca495991b7852b855,
system/www/bootstrap/img/icons/,system/www/bootstrap/img/icons/,directory,0,0,0o40755,2009-01-01 00:00:00,,
system/www/bootstrap/img/icons/aidisk/__emptyfile__,system/www/bootstrap/img/icons/aidisk/__emptyfile__,file,0,0,0o40755,2024-02-02 11:17:48,e3b0c44298fc1c149afbf4c8996fb92427ae41e4649b934ca495991b7852b855,
system/www/bootstrap/img/icons/aidisk/,system/www/bootstrap/img/icons/aidisk/,directory,0,0,0o40755,2009-01-01 00:00:00,,
system/www/bootstrap/img/icons/aidisk/user_add.png,system/www/bootstrap/img/icons/aidisk/user_add.png,file,201,201,0o100744,2009-01-01 00:00:00,5fce8e23777e59b635ae86800555c69adcdf800fce90133d0f46e7159ea9d70a,
system/www/bootstrap/img/icons/aidisk/edit.png,system/www/bootstrap/img/icons/aidisk/edit.png,file,259,259,0o100744,2009-01-01 00:00:00,43d82f679a93bf88cc339d2ff73e34af4e1ab46734dbd4e457ed44b907e869b6,
system/www/bootstrap/img/icons/aidisk/folder_plus.png,system/www/bootstrap/img/icons/aidisk/folder_plus.png,file,211,211,0o100744,2009-01-01 00:00:00,84931e7d5f21c37857b4544648193df2539f68606ee40c2bc1b28ba1e8004db6,
system/www/bootstrap/img/icons/aidisk/user_remove.png,system/www/bootstrap/img/icons/aidisk/user_remove.png,file,194,194,0o100744,2009-01-01 00:00:00,5ff8b5a7a43ddec2e806668fe36c388cca08623e49b3b9f9c83b54f5b9536012,
system/www/bootstrap/img/icons/aidisk/folder_minus.png,system/www/bootstrap/img/icons/aidisk/folder_minus.png,file,205,205,0o100744,2009-01-01 00:00:00,ff57a20dc4ca11844fff1277bd5de22c1843352bebc901e82c1a86d0518537c4,
system/www/bootstrap/img/icons/aidisk/Thumbs.db,system/www/bootstrap/img/icons/aidisk/Thumbs.db,file,8192,5308,0o100744,2009-01-01 00:00:00,6a95265cbcf46b2c3aa5d0d98833060dd7e3c161dd73fc87565417e3724e3b83,
system/www/bootstrap/img/icons/big-icons.png,system/www/bootstrap/img/icons/big-icons.png,file,61797,45404,0o100744,2009-01-01 00:00:00,c69c839262b39e0cf08d8c709767b8757f701e40d135bb5c48aeeb7ac0bfd3bd,
system/www/bootstrap/img/icons/Thumbs.db,system/www/bootstrap/img/icons/Thumbs.db,file,5120,2579,0o100744,2009-01-01 00:00:00,22c9a1ec1d24c5a8b28624f3037646fa824eb2156131bc0d775c5c839d5fcdb3,
system/www/bootstrap/img/glyphicons-halflings.png,system/www/bootstrap/img/glyphicons-halflings.png,file,13826,13321,0o100744,2009-01-01 00:00:00,86924cd006db30b9d4f1418e06cd7bd83eef2be768a10f27d2cff26e6977cced,
system/www/bootstrap/img/loading_bg.png,system/www/bootstrap/img/loading_bg.png,file,251,251,0o100744,2009-01-01 00:00:00,26d009d09ea27a9e08717c252c6451e473faf3fdabff911e6726c7d143a7afc1,
system/www/bootstrap/img/wl_device/__emptyfile__,system/www/bootstrap/img/wl_device/__emptyfile__,file,0,0,0o40755,2024-02-02 11:17:48,e3b0c44298fc1c149afbf4c8996fb92427ae41e4649b934ca495991b7852b855,
system/www/bootstrap/img/wl_device/,system/www/bootstrap/img/wl_device/,directory,0,0,0o40755,2009-01-01 00:00:00,,
system/www/bootstrap/img/wl_device/10.gif,system/www/bootstrap/img/wl_device/10.gif,file,161,161,0o100744,2009-01-01 00:00:00,fde6685db2247a2394e7d9e9c07249da3cce6862c55a5d9cc0ac4c36088a9ac1,
system/www/bootstrap/img/wl_device/globe.png,system/www/bootstrap/img/wl_device/globe.png,file,1243,1243,0o100744,2009-01-01 00:00:00,504c503fc53b917e6ce7201c0745f118784245fce8aafba5e9c86cb2ab8aa6e2,
system/www/bootstrap/img/wl_device/4.gif,system/www/bootstrap/img/wl_device/4.gif,file,406,406,0o100744,2009-01-01 00:00:00,933eb02b4e7c21033850cc4bcda25a547f139b16da4b3142f109105067f22ee2,
system/www/bootstrap/img/wl_device/n56u.png,system/www/bootstrap/img/wl_device/n56u.png,file,886,886,0o100744,2009-01-01 00:00:00,08a4e29123f94f3f0aca4274aadd78efddacd274ff626f73131ffaf69cd1eafd,
system/www/bootstrap/img/wl_device/3.gif,system/www/bootstrap/img/wl_device/3.gif,file,2060,1195,0o100744,2009-01-01 00:00:00,1c6986e32829fce46f959800218d084c32f35bff98e136d6097802ff1aae3cf5,
system/www/bootstrap/img/wl_device/arrow-left.png,system/www/bootstrap/img/wl_device/arrow-left.png,file,1367,983,0o100744,2009-01-01 00:00:00,23665a512613ed2f6b43734a387e07260e7bc6aee3cb30af0f39f1a243355500,
system/www/bootstrap/img/wl_device/8.gif,system/www/bootstrap/img/wl_device/8.gif,file,374,374,0o100744,2009-01-01 00:00:00,456f5bd03adfd645c8cc1f7fb8b2c9c3cd4e11ebb970e7193994b66e741a87d2,
system/www/bootstrap/img/wl_device/2.gif,system/www/bootstrap/img/wl_device/2.gif,file,385,378,0o100744,2009-01-01 00:00:00,8e9820db52b189fb2d193c42eaa551e440aac206c179408d45adde57adc48184,
system/www/bootstrap/img/wl_device/0.gif,system/www/bootstrap/img/wl_device/0.gif,file,913,386,0o100744,2009-01-01 00:00:00,5a3bb1567ffd3cf6269b276f47563078b2d0a846156bca648d9624eb9ef6af1d,
system/www/bootstrap/img/wl_device/7.gif,system/www/bootstrap/img/wl_device/7.gif,file,377,298,0o100744,2009-01-01 00:00:00,09453f1839bd099083c412ab13d8212a45ce23d938dc337a4f7850f950626846,
system/www/bootstrap/img/wl_device/n56u.gif,system/www/bootstrap/img/wl_device/n56u.gif,file,3809,3502,0o100744,2009-01-01 00:00:00,2b60e326b38f968a82ed41ff2f0abbe1a7eb4fdd5d694781a30126eda304e9d9,
system/www/bootstrap/img/wl_device/1.gif,system/www/bootstrap/img/wl_device/1.gif,file,383,319,0o100744,2009-01-01 00:00:00,5b77e164a6c218db447fc172c6f4416df49e5fc1a79a2ff28c5b64ad1a8c833b,
system/www/bootstrap/img/wl_device/Thumbs.db,system/www/bootstrap/img/wl_device/Thumbs.db,file,8192,5553,0o100744,2009-01-01 00:00:00,e9d8bd128076a28b862d13a412c5da17bbf766f9c87bd10cfdcb9b678270998e,
system/www/bootstrap/img/wl_device/clients.png,system/www/bootstrap/img/wl_device/clients.png,file,524,523,0o100744,2009-01-01 00:00:00,796a41d3f4ae8f45276a90f7a32e4b7d0e7e9cc20a41a0a17b0ee707772c94e3,
system/www/bootstrap/img/wl_device/5.gif,system/www/bootstrap/img/wl_device/5.gif,file,387,376,0o100744,2009-01-01 00:00:00,8455ab87ca39dc00ea620c5cbeb22935187f98f123e52294de7e60416b7dc626,
system/www/bootstrap/img/wl_device/9.gif,system/www/bootstrap/img/wl_device/9.gif,file,221,221,0o100744,2009-01-01 00:00:00,78443f3d20bc47571df95bd3ad5c99c139aeaa6d1cf3eec76f707291fb47d20f,
system/www/bootstrap/img/wl_device/6.gif,system/www/bootstrap/img/wl_device/6.gif,file,372,325,0o100744,2009-01-01 00:00:00,5d3ace509d07091439f29346a1c7cfef75ce753321c3540fa8247f3322b9edc9,
system/www/bootstrap/img/wl_device/server.png,system/www/bootstrap/img/wl_device/server.png,file,418,411,0o100744,2009-01-01 00:00:00,0eb4f5786d39f2f9c42d82bfd5e60478733dbca3f4049b9463f98a3bb1b2d229,
system/www/bootstrap/img/battery/__emptyfile__,system/www/bootstrap/img/battery/__emptyfile__,file,0,0,0o40755,2024-02-02 11:17:48,e3b0c44298fc1c149afbf4c8996fb92427ae41e4649b934ca495991b7852b855,
system/www/bootstrap/img/battery/,system/www/bootstrap/img/battery/,directory,0,0,0o40755,2009-01-01 00:00:00,,
system/www/bootstrap/img/battery/battery_2.png,system/www/bootstrap/img/battery/battery_2.png,file,15468,2055,0o100744,2009-01-01 00:00:00,e1807abf19727a1c93894538304ee5fb1f6a7aa03e6d5c100bd7ec002997c5df,
system/www/bootstrap/img/battery/battery_1.png,system/www/bootstrap/img/battery/battery_1.png,file,15302,1875,0o100744,2009-01-01 00:00:00,001bff930ad7459498b0746da4d049bb73071ee4f9b722a76622c93a2c212718,
system/www/bootstrap/img/battery/battery_low.png,system/www/bootstrap/img/battery/battery_low.png,file,14998,1542,0o100744,2009-01-01 00:00:00,77324ae8450a33a4ffc730f878b71de0cc023743459e3953e10fa4963dd60fc8,
system/www/bootstrap/img/battery/battery_null.png,system/www/bootstrap/img/battery/battery_null.png,file,14951,1485,0o100744,2009-01-01 00:00:00,4df3e66f7f6144c0b0d96cb8aab5b1eddb94897d2da1ff1a2011a8fdf0ad2a56,
system/www/bootstrap/img/battery/battery_0.png,system/www/bootstrap/img/battery/battery_0.png,file,14949,1482,0o100744,2009-01-01 00:00:00,495032d5e8d0909e863b12b16f378aa644343431c69671545619facdefc32190,
system/www/bootstrap/img/battery/battery_4.png,system/www/bootstrap/img/battery/battery_4.png,file,15600,2183,0o100744,2009-01-01 00:00:00,47e7836daf4b3bfb30523f81159008fd774e78bad7ba6532d50de56b693a2a6d,
system/www/bootstrap/img/battery/battery_3.png,system/www/bootstrap/img/battery/battery_3.png,file,15558,2142,0o100744,2009-01-01 00:00:00,d8b2f7d427a3dc3e4c97afe96695964a2a13e886e11ec17c2eb4afc973a26c27,
system/www/bootstrap/img/battery/Thumbs.db,system/www/bootstrap/img/battery/Thumbs.db,file,7168,4452,0o100744,2009-01-01 00:00:00,608a219325ab693ee8fb368ea2692b4a58dcbc9ff0e0534ea17f66b4b1b53dbd,
system/www/bootstrap/img/asus_logo.png,system/www/bootstrap/img/asus_logo.png,file,19619,6305,0o100744,2009-01-01 00:00:00,d4254b1820d8c7040e4c410b84979c04298033e9f547aa31edc3a9748e5b1b18,
system/www/bootstrap/img/signal/__emptyfile__,system/www/bootstrap/img/signal/__emptyfile__,file,0,0,0o40755,2024-02-02 11:17:48,e3b0c44298fc1c149afbf4c8996fb92427ae41e4649b934ca495991b7852b855,
system/www/bootstrap/img/signal/,system/www/bootstrap/img/signal/,directory,0,0,0o40755,2009-01-01 00:00:00,,
system/www/bootstrap/img/signal/Signal0.gif,system/www/bootstrap/img/signal/Signal0.gif,file,768,755,0o100744,2009-01-01 00:00:00,999235260402333e904f47939e40dfdd199d8b355b69fb2432a9c6309a43e8d7,
system/www/bootstrap/img/signal/Signal5.gif,system/www/bootstrap/img/signal/Signal5.gif,file,1235,939,0o100744,2009-01-01 00:00:00,bc5f2c1bacf963fdfaa048f96cbba6bdc7c0ee0428ba1630391305e2e96298ac,
system/www/bootstrap/img/signal/Signal4.gif,system/www/bootstrap/img/signal/Signal4.gif,file,1227,930,0o100744,2009-01-01 00:00:00,1fc4682e467444c4c2a674917defaa1ec3e8a674fe636aafd829e779fbda64e8,
system/www/bootstrap/img/signal/Signal3.gif,system/www/bootstrap/img/signal/Signal3.gif,file,1221,929,0o100744,2009-01-01 00:00:00,a43fa6c5e28d54d38d96104a77e2fc8f9fd06506b0004dfec5312d06fae33c96,
system/www/bootstrap/img/signal/Signal1.gif,system/www/bootstrap/img/signal/Signal1.gif,file,779,779,0o100744,2009-01-01 00:00:00,b844676dd538a31ecd61fdb139df1dc5cb5e432963829a8f40bcbd5ba45114b1,
system/www/bootstrap/img/signal/Thumbs.db,system/www/bootstrap/img/signal/Thumbs.db,file,7168,4521,0o100744,2009-01-01 00:00:00,39eb6a79bdcf2f562e8c5454b3cead165176832104455364e7f6be514ed40123,
system/www/bootstrap/img/signal/Signal2.gif,system/www/bootstrap/img/signal/Signal2.gif,file,1204,877,0o100744,2009-01-01 00:00:00,40b50769e7554fb92e4fc0f782d83e4d41c9c44eb10f651b2844e5a3efc90e99,
system/www/bootstrap/js/__emptyfile__,system/www/bootstrap/js/__emptyfile__,file,0,0,0o40755,2024-02-02 11:17:48,e3b0c44298fc1c149afbf4c8996fb92427ae41e4649b934ca495991b7852b855,
system/www/bootstrap/js/,system/www/bootstrap/js/,directory,0,0,0o40755,2009-01-01 00:00:00,,
system/www/bootstrap/js/engage.itoggle.min.js,system/www/bootstrap/js/engage.itoggle.min.js,file,6510,2047,0o100744,2009-01-01 00:00:00,523dd03ee5b81bdef2f275412dd201cae7d2ef3b0a3ddbb04dccef36df2e262b,
system/www/bootstrap/js/jquery.maskedinput-1.3.min.js,system/www/bootstrap/js/jquery.maskedinput-1.3.min.js,file,3343,1516,0o100744,2009-01-01 00:00:00,08d555968dc50552fad649a4324fe1bb50f3682fe5df37fad1425ef37f7c0665,
system/www/bootstrap/js/highcharts_theme.js,system/www/bootstrap/js/highcharts_theme.js,file,3096,804,0o100744,2009-01-01 00:00:00,4973830f428f26c1b07d52b02ed060577ca189d136fe514cfff61ece891459f5,
system/www/bootstrap/js/jquery.xdomainajax.js,system/www/bootstrap/js/jquery.xdomainajax.js,file,2138,872,0o100744,2009-01-01 00:00:00,868b54e90ae7d56ba11406c5cf71d2d0d932d217bc0599a70dd0b4fbc6e59e52,
system/www/bootstrap/js/highcharts.js,system/www/bootstrap/js/highcharts.js,file,164346,59877,0o100744,2009-01-01 00:00:00,9b3c3bd2e3ef63b93c371383a912535e47032c256d9fc651ac440ea6b98f13fb,
system/www/bootstrap/js/bootstrap.min.js,system/www/bootstrap/js/bootstrap.min.js,file,22323,5917,0o100744,2009-01-01 00:00:00,01540655b3bec61b857cbf67445d08be0665c039525ae54bfee0f10fa7aa91e5,
system/www/bootstrap/css/__emptyfile__,system/www/bootstrap/css/__emptyfile__,file,0,0,0o40755,2024-02-02 11:17:48,e3b0c44298fc1c149afbf4c8996fb92427ae41e4649b934ca495991b7852b855,
system/www/bootstrap/css/,system/www/bootstrap/css/,directory,0,0,0o40755,2009-01-01 00:00:00,,
system/www/bootstrap/css/bootstrap.min.css,system/www/bootstrap/css/bootstrap.min.css,file,81953,13518,0o100744,2009-01-01 00:00:00,b4e6916ca1c16cca5675341878929550f1f2eb2128503c9d3307963b2bf6bbc4,
system/www/bootstrap/css/engage.itoggle.css,system/www/bootstrap/css/engage.itoggle.css,file,1323,575,0o100744,2009-01-01 00:00:00,161f7fb97a4a3230f97d11ed15d77632fa1ae38a2226d8d66fbceb923b4c24dd,
system/www/bootstrap/css/main.css,system/www/bootstrap/css/main.css,file,24070,5084,0o100744,2009-01-01 00:00:00,fd7414f16b6651edcffecb500c55ba6834cbb5e8fdbd762f4186107e49f88116,
system/www/Uploading.asp,system/www/Uploading.asp,file,373,215,0o100744,2009-01-01 00:00:00,f4de444cd322e7cd225cb6fb7ad1f1bdb1282118cfb277382381a565cad9b0a6,
system/www/status_lanlink.asp,system/www/status_lanlink.asp,file,17,17,0o100744,2009-01-01 00:00:00,0a41577833b04d0fd769e339759f94950169e9b60c9b3a19d8c94fb562ccb550,
system/www/Main_TrafficMonitor_last24.asp,system/www/Main_TrafficMonitor_last24.asp,file,12913,3307,0o100744,2009-01-01 00:00:00,34acb1e7be9b3ee42c7406c387ab122be97312fa52d3b832543ab56f3ff38674,
system/www/smsOutbox.asp,system/www/smsOutbox.asp,file,26190,6548,0o100744,2009-01-01 00:00:00,ebbd93d1a3aba90ba063fe614bbb51d3dada7f35746d2d3a069770b8bb38d71f,
system/www/Advanced_System_Content.asp,system/www/Advanced_System_Content.asp,file,13891,2919,0o100744,2009-01-01 00:00:00,cc48218cd8000f8abacafa645fcb7895ea83e4141890601fe37d2c78b2cb891a,
system/www/aplist.asp,system/www/aplist.asp,file,111,91,0o100744,2009-01-01 00:00:00,9d68039ffb4e94fa3fd306b0a4734dc9232b795fab345ca01ddfa1371a975ab1,
system/www/sms_out.asp,system/www/sms_out.asp,file,42,42,0o100744,2009-01-01 00:00:00,532bec8f65b9e2b4dabdb1feb295c6778f73bb600984876e3b1333f07a11e538,
system/www/util.js,system/www/util.js,file,4387,1305,0o100744,2009-01-01 00:00:00,6a31e33323d92cc746e040891cea3ae7f83b8222568dfdf0130909e75119b866,
system/www/status_wanlink.asp,system/www/status_wanlink.asp,file,17,17,0o100744,2009-01-01 00:00:00,6d377a88afaee9746b11da53577afb5f847d851addd027017cceac09e7f12dda,
system/www/jquery.tmpl.js,system/www/jquery.tmpl.js,file,6121,2783,0o100744,2009-01-01 00:00:00,af6592d435a34ae2cbc384c908b2000e3a33f3c3d7bace1a84ba7880a8a80d9e,
system/www/ajax_ddnscode.asp,system/www/ajax_ddnscode.asp,file,64,53,0o100744,2009-01-01 00:00:00,a74cfa63e9ecfec315cb7668fdd46ee80ed37e651afdbc111494aae4891acc4e,
system/www/Advanced_IPFiltering.asp,system/www/Advanced_IPFiltering.asp,file,13748,3425,0o100744,2009-01-01 00:00:00,355a3ebb0083987275d4a048a5c64f32033b684284481b8aa832704445366e88,
system/www/device-map/__emptyfile__,system/www/device-map/__emptyfile__,file,0,0,0o40755,2024-02-02 11:17:48,e3b0c44298fc1c149afbf4c8996fb92427ae41e4649b934ca495991b7852b855,
system/www/device-map/,system/www/device-map/,directory,0,0,0o40755,2009-01-01 00:00:00,,
system/www/device-map/clients.asp,system/www/device-map/clients.asp,file,22811,4701,0o100744,2009-01-01 00:00:00,b89298f862df31656531135352642a9d6db503c9539f5f636f3e84242163ba2d,
system/www/device-map/internet.asp,system/www/device-map/internet.asp,file,15255,3928,0o100744,2009-01-01 00:00:00,27b23d7b29775de1b9e7afa79f7ee8c51c745af6fe5f365cbd67f486d6c2f9ea,
system/www/device-map/wan_action.asp,system/www/device-map/wan_action.asp,file,736,410,0o100744,2009-01-01 00:00:00,7875aa9345dd7585be2b149be944c8f8554a1c991804db2e2753f6fdb550b740,
system/www/device-map/formcontrol.js,system/www/device-map/formcontrol.js,file,301,183,0o100744,2009-01-01 00:00:00,d990bfa12fcbeb2bdfc0cdf340af9271b1a65b1e1e0af1859324919c9a00084b,
system/www/device-map/intranet.asp,system/www/device-map/intranet.asp,file,3243,1185,0o100744,2009-01-01 00:00:00,74c4b7d30aeae3f6c473198f474fbd960e92fc356d9932535ae744eb8f66d3ff,
system/www/device-map/system.asp,system/www/device-map/system.asp,file,15935,3752,0o100744,2009-01-01 00:00:00,565dcea1cfbf82a4a0c5e8bc023f68bb11d63659b4d13adc99e5e6836329a39a,
system/www/itoggle.js,system/www/itoggle.js,file,875,327,0o100744,2009-01-01 00:00:00,fed068364c0038c1c55281a3b8cb45ba45d168e04bdaebe6c4f1b5aeac634f1e,
system/www/Advanced_FirmwareUpgrade_Content.asp,system/www/Advanced_FirmwareUpgrade_Content.asp,file,9283,2459,0o100744,2009-01-01 00:00:00,06fc035a2e7c7e654a2a9243da4b8a52d01f28a79376fcb943828271c45b05ef,
system/www/system_status_data.asp,system/www/system_status_data.asp,file,39,39,0o100744,2009-01-01 00:00:00,6d3dbd0c6da44d47e09e46a4e02f47672d16004015b1d6601c3dd1059932a593,
system/www/Advanced_Settings_Content.asp,system/www/Advanced_Settings_Content.asp,file,14484,2813,0o100744,2009-01-01 00:00:00,e544917ca8ec176c87c681d929c88f51f76d1350758417061fd6ecf12b6ee407,
system/www/serialno.asp,system/www/serialno.asp,file,21,21,0o100744,2009-01-01 00:00:00,0509657787f31bb2c5cd7f2f92ff923972a83755d49161e5076b013efd29e14a,
system/www/status_internet.asp,system/www/status_internet.asp,file,171,100,0o100744,2009-01-01 00:00:00,cf908af385f4b6b3bc462ddfcc24c0a05f5750a609f7678479b9a558399bf039,
system/www/Advanced_SettingBackup_Content.asp,system/www/Advanced_SettingBackup_Content.asp,file,22313,4204,0o100744,2009-01-01 00:00:00,503eb1939613cd4e97819e3e91e5bd9267c3669c0940b8d2ea44474ae949ac1a,
system/www/httpd_check.htm,system/www/httpd_check.htm,file,8,8,0o100744,2009-01-01 00:00:00,6c539bad277da6dd4468825a9f161acd850b202e59754baa21213c4319c03309,
system/www/Advanced_MACFilter_Content.asp,system/www/Advanced_MACFilter_Content.asp,file,22016,4755,0o100744,2009-01-01 00:00:00,4f71ca3225671d430089426fb8c6951d3371998a3d79fd5021f3007c7a289ee8,
system/www/UploadError.asp,system/www/UploadError.asp,file,378,219,0o100744,2009-01-01 00:00:00,13475567e3ea0e58408d56d01db4a6d8af7aeca78ee4c4e465db9e080c887eb3,
system/www/wds_aplist_2g.asp,system/www/wds_aplist_2g.asp,file,33,33,0o100744,2009-01-01 00:00:00,0451b442bc27f3a79d4ad9b725a72906462f2222d01c2bc3d9fe0d66aa0b7b58,
system/www/wireless2.js,system/www/wireless2.js,file,26984,3980,0o100744,2009-01-01 00:00:00,eab23de1079a96838940d2226da4ca2a23bfc343eb89b9bf77b84d33aac88e8e,
system/www/popup.js,system/www/popup.js,file,3343,974,0o100744,2009-01-01 00:00:00,35edcecde96558ca2ddb72057abd7fcaad0d00fe3e62660d08c49d8560883ed0,
system/www/login_err.asp,system/www/login_err.asp,file,1372,720,0o100744,2009-01-01 00:00:00,880c5d11c5e3726ef451c6993306a4092ec17bbdb24e23da4e3e7c5698efdb50,
system/www/Advanced_Modify3726_Imei.asp,system/www/Advanced_Modify3726_Imei.asp,file,6033,1762,0o100744,2009-01-01 00:00:00,50298a8d2c2ec7c270ec110ea1555cb42a26a8732ab066b7623b69a587a35f54,
system/www/Advanced_URLFilter_Content.asp,system/www/Advanced_URLFilter_Content.asp,file,18503,3812,0o100744,2009-01-01 00:00:00,6df8fdd8c225b0a3688936b70ee42f34f9b64f364c63036bb900c05f66d03b91,
system/www/Advanced_System_AutoSleep.asp,system/www/Advanced_System_AutoSleep.asp,file,8016,1898,0o100744,2009-01-01 00:00:00,9c4bda7af3e9938d471ff9f41c0b403cdc682fdfcaf7e35305c5a1ed68624153,
system/www/Restarting.asp,system/www/Restarting.asp,file,776,415,0o100744,2009-01-01 00:00:00,0ec74d40c33d2e33d477193b515fe86b3c8b26080fbccd33ad3c25d316b6be50,
system/www/restart_adbd.asp,system/www/restart_adbd.asp,file,21,21,0o100744,2009-01-01 00:00:00,4b7d4fa1cbe074fc1ec19672353123a875a1d018a5dda07e29700fd9253dc37d,
system/www/status_eth_mib.asp,system/www/status_eth_mib.asp,file,21,21,0o100744,2009-01-01 00:00:00,a3a3ec19b794180350df1fe71c910555c786ccdd4fd2b279db65a99bc552baeb,
system/www/help_wl.js,system/www/help_wl.js,file,3192,766,0o100744,2009-01-01 00:00:00,6fbaeacfeed326de1239dc163c040bf7a16bfad5fdf4451fbd454dbf18ab0c80,
system/www/Main_TrafficMonitor_realtime.asp,system/www/Main_TrafficMonitor_realtime.asp,file,15255,3908,0o100744,2009-01-01 00:00:00,92076e3e8483b47b3df69ec12bd67daec56cd59db51600278a841e48af78859e,
system/www/start_apply.htm,system/www/start_apply.htm,file,3472,1130,0o100744,2009-01-01 00:00:00,ec6fbb600d3ee88d12772490dc6dfb7f94142ba7242efc61dbccdecdf1e59668,
system/www/Nologin.asp,system/www/Nologin.asp,file,1340,700,0o100744,2009-01-01 00:00:00,f28780d7a37f9dbbeec2cdc44c9a699c2799b65f6bfe6ff8eaea3a2036f03fbb,
system/www/log_content.asp,system/www/log_content.asp,file,20,20,0o100744,2009-01-01 00:00:00,37ef4bb46f2b4160e4e05b0d5165678f062c5454a28704c38705b2c5059c22aa,
system/www/help.js,system/www/help.js,file,7787,1786,0o100744,2009-01-01 00:00:00,46df766f7fa431c7ccaff109b31f8d4839b35e3e06759610b2f8dd15a796a51c,
system/usr/__emptyfile__,system/usr/__emptyfile__,file,0,0,0o40755,2024-02-02 11:17:48,e3b0c44298fc1c149afbf4c8996fb92427ae41e4649b934ca495991b7852b855,
system/usr/,system/usr/,directory,0,0,0o40755,2009-01-01 00:00:00,,
system/usr/sbin/__emptyfile__,system/usr/sbin/__emptyfile__,file,0,0,0o40755,2024-02-02 11:17:48,e3b0c44298fc1c149afbf4c8996fb92427ae41e4649b934ca495991b7852b855,
system/usr/sbin/,system/usr/sbin/,directory,0,0,0o40755,2009-01-01 00:00:00,,
system/usr/sbin/iwspy,system/usr/sbin/iwspy,file,26296,13400,0o100755,2009-01-01 00:00:00,91bb9f30b4e17706567bb3d5cfb03ccd6443a4d0dbcc9fb25963aa3a8237a12c,
system/usr/sbin/ubusd,system/usr/sbin/ubusd,file,18208,11185,0o100755,2009-01-01 00:00:00,79f3d5822dd88f18bdbc15b19937cb33c2e0df8190a96c8e57a53e33694273b9,
system/usr/sbin/sefcontext_compile,system/usr/sbin/sefcontext_compile,file,42756,25789,0o100755,2009-01-01 00:00:00,50e6ebf552b54224779124de0b3db1d6a425a539ef24221aeeb9384170d70b27,
system/usr/sbin/update-ca-certificates,system/usr/sbin/update-ca-certificates,file,5990,2395,0o100755,2009-01-01 00:00:00,ae157357f3ed3999a5b8b99c1e7b88da371c59e19b964744660d63a98d080431,
system/usr/sbin/iwpriv,system/usr/sbin/iwpriv,file,26296,14014,0o100755,2009-01-01 00:00:00,c7f92d08d848b2fe76fb3669b8152d4c42a8eee4b46a5877c3c96ab4b7e4989c,
system/usr/sbin/nandwrite,system/usr/sbin/nandwrite,file,34496,20075,0o100755,2009-01-01 00:00:00,32a1e4a2935e334588beb48b73bcf8c080f70b5486ec88bccd72585849962abb,
system/usr/sbin/ubirmvol,system/usr/sbin/ubirmvol,file,22216,11330,0o100755,2009-01-01 00:00:00,d2e7b141822ed959bdbb36e4d028c7a2c9a37ed77fe018878d2f73ddba538855,
system/usr/sbin/unix_update,system/usr/sbin/unix_update,file,22148,10903,0o100755,2009-01-01 00:00:00,a5ed443cc722eed068aa4444aff2822c3d7d7bf489cf2031e5d83519c25aeaf6,
system/usr/sbin/getfilecon,system/usr/sbin/getfilecon,file,5760,2004,0o100755,2009-01-01 00:00:00,d8b98602675a6d4526307a178034c90cf83274043883ff2a28861a3e44706c84,
system/usr/sbin/cnss_diag,system/usr/sbin/cnss_diag,file,204896,69189,0o100755,2009-01-01 00:00:00,47154a2d71f2681f527cf06e7829f9756a959a4a4b01b3595573592522b7a456,
system/usr/sbin/avahi-autoipd,system/usr/sbin/avahi-autoipd,file,30412,15776,0o100755,2009-01-01 00:00:00,3c9f76747fd35b7784cf31f383a36eb7b80421150fbac3bac20656f68c785dd1,
system/usr/sbin/compute_relabel,system/usr/sbin/compute_relabel,file,5764,2031,0o100755,2009-01-01 00:00:00,752e63f0eefede3d82d0ecf189e66ce73d49a807f875c3b296f743fad40387dd,
system/usr/sbin/getconlist,system/usr/sbin/getconlist,file,5760,2446,0o100755,2009-01-01 00:00:00,dfa3f68772fde9b795425c272191df1ad9f29555dc40c37d72db356811230cde,
system/usr/sbin/compute_user,system/usr/sbin/compute_user,file,5764,2008,0o100755,2009-01-01 00:00:00,0a7978a625aa8b2731882fddc5e41e379db9313d5ca0226af49839a507799a2a,
system/usr/sbin/ubicrc32,system/usr/sbin/ubicrc32,file,9916,3861,0o100755,2009-01-01 00:00:00,97a9ec31a77bcdfefa2ef064d7f871a91a39309bb95e411aea7c215bb78eea1e,
system/usr/sbin/xtables-multi,system/usr/sbin/xtables-multi,file,72776,37987,0o100755,2009-01-01 00:00:00,a80c55ca9e8b815c79387a805712ce7f4dde44d1601ba0111f32fee4c13c81ca,
system/usr/sbin/ubiformat,system/usr/sbin/ubiformat,file,59132,34443,0o100755,2009-01-01 00:00:00,427c922b8b29e82a844ca61d6fbf8e2214bda9b4127fa7d5b185fe8c2a1971a9,
system/usr/sbin/mkfs.ubifs,system/usr/sbin/mkfs.ubifs,file,63164,38831,0o100755,2009-01-01 00:00:00,f3123ad1cdfa984a4f0a8ec4722d49b7413719278e912e5b92a08951e1fddc51,
system/usr/sbin/setfilecon,system/usr/sbin/setfilecon,file,5760,1896,0o100755,2009-01-01 00:00:00,695aec16f9d01f4b21daf23e7a756b7cbf28d68f9a17ab08dc5408918ca34353,
system/usr/sbin/setenforce,system/usr/sbin/setenforce,file,5760,2067,0o100755,2009-01-01 00:00:00,60a0168bca0e272bd2e29e0d893528f4d955a9c13bbaaea6c4238869c3911d89,
system/usr/sbin/getdefaultcon,system/usr/sbin/getdefaultcon,file,5764,2679,0o100755,2009-01-01 00:00:00,4fa1bac95000fb246c5afaeaae20430d463c823f394a5fad93052a3f56582a1c,
system/usr/sbin/selinuxexeccon,system/usr/sbin/selinuxexeccon,file,5764,2208,0o100755,2009-01-01 00:00:00,434b80331421466d2155132eb46323b1744c750811907a55a92fe55d65947171,
system/usr/sbin/matchpathcon,system/usr/sbin/matchpathcon,file,9860,3325,0o100755,2009-01-01 00:00:00,928f2167e264bdf42e75866374a12b09c9a5ca3c51eb1a2fcf105e912a1faeda,
system/usr/sbin/ubiupdatevol,system/usr/sbin/ubiupdatevol,file,22208,12611,0o100755,2009-01-01 00:00:00,3b3b97ea2d9df24f179f15837a02850db8218dbd1487490c578ff5a19a84a5e1,
system/usr/sbin/selabel_lookup,system/usr/sbin/selabel_lookup,file,9860,3112,0o100755,2009-01-01 00:00:00,ab70a332e793c75944bf9d5927d2f723e9f0d5fd278704565ed5cf5f27e7e7f3,
system/usr/sbin/ubiblock,system/usr/sbin/ubiblock,file,22204,10910,0o100755,2009-01-01 00:00:00,2b743a7199179b4c02802269b807f71d48935319467023f24e4ad5e5b57c05df,
system/usr/sbin/wpa_passphrase,system/usr/sbin/wpa_passphrase,file,50832,25966,0o100755,2009-01-01 00:00:00,67e2a23a50a312810080eb10118b4d1afb488ec56e743d9aa9ab67a852d96270,
system/usr/sbin/pimd,system/usr/sbin/pimd,file,93072,58236,0o100755,2009-01-01 00:00:00,406f216b320d77c90895c432dad11f6f19c361904b3423171e8f03547a9179cb,
system/usr/sbin/iwlist,system/usr/sbin/iwlist,file,38644,20305,0o100755,2009-01-01 00:00:00,0ff0ffa98d887c09c2f041d3f59b2769b6c1dd13cf17a3b2a3db67b9b77ab736,
system/usr/sbin/getseuser,system/usr/sbin/getseuser,file,5760,2174,0o100755,2009-01-01 00:00:00,e1d0f810f55e2a9407e1e0f4c4bb6a506d629dca9ed0fecc35183d0588bc4526,
system/usr/sbin/ubimkvol,system/usr/sbin/ubimkvol,file,26340,13933,0o100755,2009-01-01 00:00:00,ab15055320fffac25fe73f7f73f5403c7af8cef388fb46801223b57fbfb59b6f,
system/usr/sbin/ubinfo,system/usr/sbin/ubinfo,file,26316,14382,0o100755,2009-01-01 00:00:00,d3585c5f50fea5bb5f1fbcba5dc5ecd0c0349752a8960129fdca10f64b5b0233,
system/usr/sbin/conntrack,system/usr/sbin/conntrack,file,44464,17973,0o100755,2009-01-01 00:00:00,f47adb32c291781f6de332553c2b0683b7a6c6d9042cdd2e1f6285d40078ec78,
system/usr/sbin/compute_create,system/usr/sbin/compute_create,file,5764,2026,0o100755,2009-01-01 00:00:00,6999c0c726bb79c4b4ea987ca5195cddba66c63c5ca0bb0611ec40143a3d1817,
system/usr/sbin/sigma_dut,system/usr/sbin/sigma_dut,file,542204,291964,0o100755,2009-01-01 00:00:00,ea09bae76990281121a77b0a020920cbbe35eedfc5fd8c896f972ad005e6b84e,
system/usr/sbin/iwevent,system/usr/sbin/iwevent,file,26296,14932,0o100755,2009-01-01 00:00:00,249dca6fc7f1642ba6d6ee6d4d9640dbb2c813d01cb755ebc81db8bb1b4de98c,
system/usr/sbin/ctrl_app_dut,system/usr/sbin/ctrl_app_dut,file,72548,36227,0o100755,2009-01-01 00:00:00,0037f71e3ad4ea00fe5003250252333967d85c97ad84fddfda599e38c49d4e90,
system/usr/sbin/compute_member,system/usr/sbin/compute_member,file,5764,2028,0o100755,2009-01-01 00:00:00,43705b13da2e01b8b76a6b14d1b77915ed6c0592931349ef6ac6dfae001279af,
system/usr/sbin/getpidcon,system/usr/sbin/getpidcon,file,5760,2019,0o100755,2009-01-01 00:00:00,d87b53738e10e6c0b19222b0852297a19aeb5fb81aa8ec8ce124847b8a67e24c,
system/usr/sbin/ubirename,system/usr/sbin/ubirename,file,18048,10849,0o100755,2009-01-01 00:00:00,36482efebab309fce6673eb6b7c3761970517a86e57be032ebff4ff1d8d68c86,
system/usr/sbin/conntrackd,system/usr/sbin/conntrackd,file,158044,84110,0o100755,2009-01-01 00:00:00,79c603b13b8bfb529de2a51076ec59fe24828b14892e62e619421a08d5320eb7,
system/usr/sbin/getenforce,system/usr/sbin/getenforce,file,5760,1916,0o100755,2009-01-01 00:00:00,f62c00f699186a810e1060e3cb2711eadb2c659cfae23c663019c4aa030a5726,
system/usr/sbin/getsebool,system/usr/sbin/getsebool,file,5760,2805,0o100755,2009-01-01 00:00:00,50a90d5a81d2fc19b50b0dd78d2e16baf49aa53d0c079dedf2fa700f59fac774,
system/usr/sbin/selinux_check_securetty_context,system/usr/sbin/selinux_check_securetty_context,file,5780,1878,0o100755,2009-01-01 00:00:00,59113b1ee2e121f2618113b9f0aa476f09febf6664c0ffdaed768205ace773be,
system/usr/sbin/hostapd,system/usr/sbin/hostapd,file,823532,493769,0o100755,2009-01-01 00:00:00,00c29f08a632dda46885af69a81df8c950214dfcb2681d6deb1fa4882888a6bd,
system/usr/sbin/ubiattach,system/usr/sbin/ubiattach,file,26324,13442,0o100755,2009-01-01 00:00:00,b5bf04201c0cfb38441c2b3fbbe61316bab6199dca614e509bfb462837bcbf36,
system/usr/sbin/avcstat,system/usr/sbin/avcstat,file,9852,4412,0o100755,2009-01-01 00:00:00,57560c43d1e1f323798f58cb298714f90199f7f17bc3082d68d705d805cdf148,
system/usr/sbin/tinyproxy,system/usr/sbin/tinyproxy,file,55912,28167,0o100755,2009-01-01 00:00:00,7d5c9ac21c999b4c65700482ade191ccf561e685b58aed0650482700ab312fa6,
system/usr/sbin/hostapd_cli,system/usr/sbin/hostapd_cli,file,50920,29476,0o100755,2009-01-01 00:00:00,f507f5ccb5c3fe84bd1c251dc950d9924fe8767b0c56d79430819d6febfcf24d,
system/usr/sbin/selinuxenabled,system/usr/sbin/selinuxenabled,file,5764,1686,0o100755,2009-01-01 00:00:00,e159e49c53170796749cea4a254f5c670a005ab3935434a00c5e151275a9b48e,
system/usr/sbin/ubirsvol,system/usr/sbin/ubirsvol,file,22236,12997,0o100755,2009-01-01 00:00:00,b6ae8c6e0fa12458178be9430ade9561de3053265b6fa926c24924a8ee7e908f,
system/usr/sbin/selabel_partial_match,system/usr/sbin/selabel_partial_match,file,5772,2483,0o100755,2009-01-01 00:00:00,1c2a4a5729cba8eba5ce4096050d190711c573ad61a79cd99860129698f7be1e,
system/usr/sbin/ubinize,system/usr/sbin/ubinize,file,30440,16470,0o100755,2009-01-01 00:00:00,9c301f85e854f458bc084789e0a12ce3c32aed1aaa63314ef92b0e1240b65089,
system/usr/sbin/ifrename,system/usr/sbin/ifrename,file,34492,19530,0o100755,2009-01-01 00:00:00,42a8e2440753a7f28416406cd7158e9e19e96124349c4b3b4a3a29821bb81f8d,
system/usr/sbin/selabel_digest,system/usr/sbin/selabel_digest,file,9860,3628,0o100755,2009-01-01 00:00:00,ca1d210abd8dd5efbe69416ecaad37f9c26f783032341e18f69fc906782b918c,
system/usr/sbin/tcpdump,system/usr/sbin/tcpdump,file,620164,330326,0o100755,2009-01-01 00:00:00,299191146537e246c859e7de6a2f8f4bbaf764a4b1c1614acc3c9151c5ff11ee,
system/usr/sbin/avahi-daemon,system/usr/sbin/avahi-daemon,file,100228,48687,0o100755,2009-01-01 00:00:00,cc187cc74922c70d8e3e9840c67f0c86db746fdd624b4d45af165f0568c50ad2,
system/usr/sbin/unix_chkpwd,system/usr/sbin/unix_chkpwd,file,22148,10980,0o100755,2009-01-01 00:00:00,a4525a44812651ef897937a775af60a7da174db8efc7c216249c04932a51b009,
system/usr/sbin/avahi-dnsconfd,system/usr/sbin/avahi-dnsconfd,file,14016,6499,0o100755,2009-01-01 00:00:00,d9c69430461f1a8210bc2e79da36609508e3200e992b0aa1b04d1d410ed84f11,
system/usr/sbin/compute_av,system/usr/sbin/compute_av,file,5760,2176,0o100755,2009-01-01 00:00:00,e6d1d3b67547d3537e0be814292c6186179a23e5a597effab264ea111a4f3de0,
system/usr/sbin/flash_erase,system/usr/sbin/flash_erase,file,30400,18366,0o100755,2009-01-01 00:00:00,cb5aaf329bc631d2f95dd64077630beba5e1adc2595efff299da33cd563f35e4,
system/usr/sbin/policyvers,system/usr/sbin/policyvers,file,5760,1820,0o100755,2009-01-01 00:00:00,05999ebe40ef9c623a6c1b9f3580077ad4dceb40b386c6ba44b05670bb71fad3,
system/usr/sbin/wpa_supplicant,system/usr/sbin/wpa_supplicant,file,1679916,995448,0o100755,2009-01-01 00:00:00,132c028f7fe1fd44d39ae766203b62df3742a865d19270f55f5da6f3cc6f4e6f,
system/usr/sbin/selabel_lookup_best_match,system/usr/sbin/selabel_lookup_best_match,file,9872,3254,0o100755,2009-01-01 00:00:00,de5258712564068e677500da42ed1959adf200c9e64fae3ae1caa0516bf7d319,
system/usr/sbin/iwconfig,system/usr/sbin/iwconfig,file,34492,18655,0o100755,2009-01-01 00:00:00,3ddff83b00a9038c5704f85ae35f98a3f265be6cc5b7d0847d3e9a90ead5c629,
system/usr/sbin/wpa_cli,system/usr/sbin/wpa_cli,file,105240,52823,0o100755,2009-01-01 00:00:00,fc355e53d014b05614ae579942974a39523c033ee6d9f783598f6fbcbde34100,
system/usr/sbin/ubidetach,system/usr/sbin/ubidetach,file,22220,11449,0o100755,2009-01-01 00:00:00,9a27d79db652fd474d985b37863e012fce5724fc1206d86bd35716482c46b397,
system/usr/sbin/wlan_services,system/usr/sbin/wlan_services,file,18232,8263,0o100755,2009-01-01 00:00:00,66de258fc87ce11dffbbb5b722017ed50bb3a1fafcfe95d38cbd8ba8a9c12810,
system/usr/sbin/miniupnpd,system/usr/sbin/miniupnpd,file,109532,63893,0o100755,2009-01-01 00:00:00,c61b7b39a8dd36438d46659521b781ad9f7b85633cc23ee604442c5c3d4282bf,
system/usr/sbin/iw,system/usr/sbin/iw,file,139196,72087,0o100755,2009-01-01 00:00:00,f569eb45e60bf8a28441f249c55e04851e6ae09a7fa00ada7ed74b4f9349d9b6,
system/usr/sbin/togglesebool,system/usr/sbin/togglesebool,file,5764,2483,0o100755,2009-01-01 00:00:00,961d89c23ee65f1c8fd69024ac207f39958f8ef3726117344f4b46ed0f149063,
system/usr/sbin/iwgetid,system/usr/sbin/iwgetid,file,26296,13378,0o100755,2009-01-01 00:00:00,09936a1fdf8476970ac641d55b9aae78f495b570764e5b7dc7ec2431e292927e,
system/usr/sbin/selinux_check_access,system/usr/sbin/selinux_check_access,file,5772,2131,0o100755,2009-01-01 00:00:00,a2cd10ae2a202f054611e5c4820e1e751d65929376cc9ea1eb96a419d8532246,
system/usr/res1/__emptyfile__,system/usr/res1/__emptyfile__,file,0,0,0o40755,2024-02-02 11:17:48,e3b0c44298fc1c149afbf4c8996fb92427ae41e4649b934ca495991b7852b855,
system/usr/res1/,system/usr/res1/,directory,0,0,0o40755,2009-01-01 00:00:00,,
system/usr/res1/4g.png,system/usr/res1/4g.png,file,3053,3053,0o100744,2009-01-01 00:00:00,15a1667ed8f81f6356ba6e1e1120e1b690ad2c2fe3c1132eb9df07eca802b2a1,
system/usr/res1/3g.png,system/usr/res1/3g.png,file,3084,3084,0o100744,2009-01-01 00:00:00,15ce2de1a36ad2349a682bce06fa2d367715279ddfa064daa486a4cf80aa8883,
system/usr/res1/signalx.png,system/usr/res1/signalx.png,file,3078,3078,0o100744,2009-01-01 00:00:00,4bf34747a7f2d00d6a2d1acf3a7a3954563a27b1a78828582ecac9dfa40550f0,
system/usr/res1/signal4.png,system/usr/res1/signal4.png,file,2966,2966,0o100744,2009-01-01 00:00:00,ec71d1e1f901d1da8eb880b71aedbc72e0cf30c4212ddf22d36ba55665f8c4b1,
system/usr/res1/signal1.png,system/usr/res1/signal1.png,file,2968,2968,0o100744,2009-01-01 00:00:00,19d421af73636cd8f2b3804b2d42c8c3abba635d2bab922b7b7ed35be9701025,
system/usr/res1/up.png,system/usr/res1/up.png,file,14791,1303,0o100744,2009-01-01 00:00:00,d99e9c0e47749a13e340c28bd5ec531977e0680f8819480c8d01693fb6e1464b,
system/usr/res1/bg3.png,system/usr/res1/bg3.png,file,15544,1447,0o100744,2009-01-01 00:00:00,44c73069eb0545fe9b2f57a2ad585a726a81eda57d3479e2df8f4744bac9686e,
system/usr/res1/battery_2.png,system/usr/res1/battery_2.png,file,3216,3216,0o100744,2009-01-01 00:00:00,1b1a3abb427545aefc36d0c79291f02255649bd9d2e4acdd5d1a3533f017cc0c,
system/usr/res1/cucc.png,system/usr/res1/cucc.png,file,4672,4672,0o100744,2009-01-01 00:00:00,8a76aec5f07fc893b348075f376f80d4cf4c135c86e90cce7f5333360dac48f2,
system/usr/res1/signal5.png,system/usr/res1/signal5.png,file,2962,2962,0o100744,2009-01-01 00:00:00,ce35146286fa150f87242667cc2f35baf7923a83caaee7b0644273f5bece9ffd,
system/usr/res1/signal3.png,system/usr/res1/signal3.png,file,2968,2968,0o100744,2009-01-01 00:00:00,7ec2c52d4c63c05dbf49e26e634436183f4fe697ece1a9ade20731a3da8c244c,
system/usr/res1/search1.png,system/usr/res1/search1.png,file,3604,3604,0o100744,2009-01-01 00:00:00,0d1b6d5e1495cd50acbfde71cd752e0a0bf76b78433f2af92a7ae10a4ebb6517,
system/usr/res1/signal0.png,system/usr/res1/signal0.png,file,2962,2962,0o100744,2009-01-01 00:00:00,b03da363b47bbd176daea62ba454b61b244d7ff5e484ed62acdcec03e49dd3aa,
system/usr/res1/down.png,system/usr/res1/down.png,file,14779,1292,0o100744,2009-01-01 00:00:00,3fe312decee3f89ef3ab156d27f98b9879997485b3f67d2b4e7c8aa3b1d8b14a,
system/usr/res1/battery_1.png,system/usr/res1/battery_1.png,file,3173,3173,0o100744,2009-01-01 00:00:00,281ebe99fc86c05e5ebefbb31fdd34997f9b518410faa0d11b933eee03c02517,
system/usr/res1/search3.png,system/usr/res1/search3.png,file,3604,3604,0o100744,2009-01-01 00:00:00,0d1b6d5e1495cd50acbfde71cd752e0a0bf76b78433f2af92a7ae10a4ebb6517,
system/usr/res1/bg2.png,system/usr/res1/bg2.png,file,3238,2955,0o100744,2009-01-01 00:00:00,1281a5c84af9ae8562ee15bcad715e83f117b2d3d05306b72f24fd0b794b8de3,
system/usr/res1/nosim.png,system/usr/res1/nosim.png,file,3826,3826,0o100744,2009-01-01 00:00:00,5bfe59f0c07ae49420f4c8d1ffc96f6102f9579555b9f0752b42a3a9ad18ebe0,
system/usr/res1/battery_low.png,system/usr/res1/battery_low.png,file,3173,3173,0o100744,2009-01-01 00:00:00,e5439c3d15a60dffaaf856b05c00b6238a9bd0c7b3779efe769b5047fd3558ad,
system/usr/res1/data.png,system/usr/res1/data.png,file,3020,3020,0o100744,2009-01-01 00:00:00,480d81618f137b70f4c3812c9c06b3aa009a86abc1522b4a1ab0e7a7be107ccf,
system/usr/res1/cmcc.png,system/usr/res1/cmcc.png,file,4894,4894,0o100744,2009-01-01 00:00:00,4bdff7a1bf6793789919ed1f6dfce211c15ce4176b537903bcc8bb396238b242,
system/usr/res1/poweroff.png,system/usr/res1/poweroff.png,file,6637,6255,0o100744,2009-01-01 00:00:00,8b6b40031199ebd42791674bd0d55b89835b04068c1795f8448bc18ccc27488a,
system/usr/res1/wifi.png,system/usr/res1/wifi.png,file,3404,3404,0o100744,2009-01-01 00:00:00,d6eb9cd279353fe29d634a09097a534d353afddb5c102739e7de15c3d65a7553,
system/usr/res1/bg.png,system/usr/res1/bg.png,file,3375,3077,0o100744,2009-01-01 00:00:00,3d526df7598f7b88022f51e6e9c9dcfdc29062c1d9f1cc5fa92186faeb036faf,
system/usr/res1/ctcc.png,system/usr/res1/ctcc.png,file,4429,4429,0o100744,2009-01-01 00:00:00,65893168a09705a87c88a90b2a00a8f67ed93e4afc2a7982613a2d409abb0869,
system/usr/res1/battery_null.png,system/usr/res1/battery_null.png,file,3131,3131,0o100744,2009-01-01 00:00:00,e259a2ff976a57372c0aef416bbdfebe9184804cc22fcc3b76281261aee18183,
system/usr/res1/search4.png,system/usr/res1/search4.png,file,3586,3586,0o100744,2009-01-01 00:00:00,afd341705880b16a8aafda9817ca97e93ea0df309278a5c6b933503cf78e064e,
system/usr/res1/battery_0.png,system/usr/res1/battery_0.png,file,3130,3130,0o100744,2009-01-01 00:00:00,2e84d9016491a7cf390351b9d5f054e945e070e62a57befae5746af692cc0f91,
system/usr/res1/battery_4.png,system/usr/res1/battery_4.png,file,3296,3296,0o100744,2009-01-01 00:00:00,22b32d6c808d6096a1238273881e8a5d2b525263e86e6338b0ff8e20eba6b403,
system/usr/res1/cbn.png,system/usr/res1/cbn.png,file,4989,4989,0o100744,2009-01-01 00:00:00,16ee2a9c06ae598315fcf0a70ec7c77631671ce8da0146a76cc086bdcb20daaa,
system/usr/res1/5g.png,system/usr/res1/5g.png,file,3075,3075,0o100744,2009-01-01 00:00:00,a3909824882fbc4db9f5da136ca85fa2bd4941f89dfe2264c6a6e7da678d9bdd,
system/usr/res1/battery_3.png,system/usr/res1/battery_3.png,file,3267,3267,0o100744,2009-01-01 00:00:00,debc44e094e499f2adba3628f6a70481824b08c85f6f7040f2a35bab05b5c22e,
system/usr/res1/search2.png,system/usr/res1/search2.png,file,3586,3586,0o100744,2009-01-01 00:00:00,afd341705880b16a8aafda9817ca97e93ea0df309278a5c6b933503cf78e064e,
system/usr/res1/signal2.png,system/usr/res1/signal2.png,file,2969,2969,0o100744,2009-01-01 00:00:00,52c907f7312dd6737329e9a273e4f903c4a1684667891d67c49e6ac5eb4498ac,
system/usr/games/__emptyfile__,system/usr/games/__emptyfile__,file,0,0,0o40755,2024-02-02 11:17:48,e3b0c44298fc1c149afbf4c8996fb92427ae41e4649b934ca495991b7852b855,
system/usr/games/,system/usr/games/,directory,0,0,0o40755,2009-01-01 00:00:00,,
system/usr/libexec/__emptyfile__,system/usr/libexec/__emptyfile__,file,0,0,0o40755,2024-02-02 11:17:48,e3b0c44298fc1c149afbf4c8996fb92427ae41e4649b934ca495991b7852b855,
system/usr/libexec/,system/usr/libexec/,directory,0,0,0o40755,2009-01-01 00:00:00,,
system/usr/libexec/dbus-daemon-launch-helper,system/usr/libexec/dbus-daemon-launch-helper,file,38592,20298,0o100755,2009-01-01 00:00:00,e07dc8b0ceb6f2195a3cd2ccf281e334c37638f7cdf2dba8b630dbce1cf20994,
system/usr/libexec/frcode,system/usr/libexec/frcode,file,30480,16698,0o100755,2009-01-01 00:00:00,012f2e4a1c7a9a31312e253fd6f9b006d31d379eb6cc0b3e66c6b5060c5732b2,
system/usr/libexec/bigram,system/usr/libexec/bigram,file,22276,10926,0o100755,2009-01-01 00:00:00,a0c95a54d0bf1b98aae462ccfd7a667602ee3c9779b85c4997212328a24841a8,
system/usr/libexec/code,system/usr/libexec/code,file,26372,13609,0o100755,2009-01-01 00:00:00,8d7b1db0ef231e6e290a87c1a5ec8961b7e0727cad6240f191e0614af6eae809,
system/usr/libexec/gio-querymodules,system/usr/libexec/gio-querymodules,file,9864,3213,0o100755,2009-01-01 00:00:00,8969b91f32df3ded15a086a681048a6db2e9ac8788784a029fadaba7b60abb4b,
system/usr/libexec/udevadm,system/usr/libexec/udevadm,file,428288,223805,0o100755,2009-01-01 00:00:00,f3a0baf0fb36ccdc36a27a4a9b0df4c8f66b2c8c55643932dc10075fc01e96ff,
system/usr/tests/__emptyfile__,system/usr/tests/__emptyfile__,file,0,0,0o40755,2024-02-02 11:17:48,e3b0c44298fc1c149afbf4c8996fb92427ae41e4649b934ca495991b7852b855,
system/usr/tests/,system/usr/tests/,directory,0,0,0o40755,2009-01-01 00:00:00,,
system/usr/tests/mcm_data_test,system/usr/tests/mcm_data_test,file,30460,13964,0o100755,2009-01-01 00:00:00,14c90ac15aa52bcb9d48a24dd1e7144b87a82e9074976eb25c9950fe2eec74db,
system/usr/tests/dsi_netctrl_test,system/usr/tests/dsi_netctrl_test,file,26616,12791,0o100755,2009-01-01 00:00:00,dbf56fdf11c73efdd59454c33339b8f9cf77b9f22dcf6e995ef46531f72c8594,
system/usr/tests/ds_atctrl_test,system/usr/tests/ds_atctrl_test,file,9860,4900,0o100755,2009-01-01 00:00:00,3e9725fc23f9ffe6ef80cbd29c43e5ca2c810c987f0a5c619f0c114c41824da9,
system/usr/res0/__emptyfile__,system/usr/res0/__emptyfile__,file,0,0,0o40755,2024-02-02 11:17:48,e3b0c44298fc1c149afbf4c8996fb92427ae41e4649b934ca495991b7852b855,
system/usr/res0/,system/usr/res0/,directory,0,0,0o40755,2009-01-01 00:00:00,,
system/usr/res0/4g.png,system/usr/res0/4g.png,file,15030,1553,0o100755,2009-01-01 00:00:00,8398ed8def389c52fda8c896b3f6302cd59568cfe55a1615af8b7186639b5154,
system/usr/res0/3g.png,system/usr/res0/3g.png,file,15051,1574,0o100755,2009-01-01 00:00:00,6a49ba28613240c867a6068d857c7700f5feae4f4b8095158a4006e85c1cb142,
system/usr/res0/signalx.png,system/usr/res0/signalx.png,file,15123,1670,0o100755,2009-01-01 00:00:00,b90463672d2ba73647ff2d071fcb83e598b2b0b285c6b079137e0e15d91fa5a0,
system/usr/res0/signal4.png,system/usr/res0/signal4.png,file,15071,1619,0o100755,2009-01-01 00:00:00,9fc608691566e9c8c290e03dbaf3134fa2fdb76d6340bc5bd229878d52bd0056,
system/usr/res0/signal1.png,system/usr/res0/signal1.png,file,15101,1652,0o100755,2009-01-01 00:00:00,871fd074dcb796b9c353b4d9b27ce206d71f30d6026b55b0f908875bd8ade81a,
system/usr/res0/up.png,system/usr/res0/up.png,file,14791,1303,0o100755,2009-01-01 00:00:00,d99e9c0e47749a13e340c28bd5ec531977e0680f8819480c8d01693fb6e1464b,
system/usr/res0/battery_2.png,system/usr/res0/battery_2.png,file,15280,1846,0o100755,2009-01-01 00:00:00,9d1cb995b6dbd6d4961b41cadb8986150446e7860593ca5e743047f548a82472,
system/usr/res0/cucc.png,system/usr/res0/cucc.png,file,16598,3211,0o100755,2009-01-01 00:00:00,e0b01f6a0bc818fb2fbda6d4b1668e38eeba891709fd0eaf313f4e4f6c7b8c81,
system/usr/res0/signal5.png,system/usr/res0/signal5.png,file,14988,1515,0o100755,2009-01-01 00:00:00,6ee5fb5b28c3f4896b5304022e035515e9abd30f06a4bc19a953d7b66c962b62,
system/usr/res0/signal3.png,system/usr/res0/signal3.png,file,15082,1630,0o100755,2009-01-01 00:00:00,be1d378d12911f8342b37c8ceba9da3b62ef3758df82ab3f3522dc59eabc7db3,
system/usr/res0/search1.png,system/usr/res0/search1.png,file,15702,2290,0o100755,2009-01-01 00:00:00,89417b6c4bdf47f024bc6f1dd96fd02c9923408e765cf5664039bf83736eb7fc,
system/usr/res0/signal0.png,system/usr/res0/signal0.png,file,14989,1522,0o100755,2009-01-01 00:00:00,cdbe9b6a3f6778c8c14225d93b38bca0361c338f6dacf4fcf42952e35876ea63,
system/usr/res0/down.png,system/usr/res0/down.png,file,14779,1292,0o100755,2009-01-01 00:00:00,3fe312decee3f89ef3ab156d27f98b9879997485b3f67d2b4e7c8aa3b1d8b14a,
system/usr/res0/battery_1.png,system/usr/res0/battery_1.png,file,15212,1772,0o100755,2009-01-01 00:00:00,8c9f4f6d1fe5e3f4e331e75d9afd625753172af19e28f6718928184103017e1f,
system/usr/res0/search3.png,system/usr/res0/search3.png,file,15711,2294,0o100755,2009-01-01 00:00:00,4f29279d05f3422b01ba405b8caf93473c2f9fbfc39936baa3bd61be242d474c,
system/usr/res0/bg2.png,system/usr/res0/bg2.png,file,14890,1314,0o100755,2009-01-01 00:00:00,b533aca1407d47d753c9c3f67f97d86f1b05b157d81cba10d3ef58b4f6748daa,
system/usr/res0/nosim.png,system/usr/res0/nosim.png,file,15737,2317,0o100755,2009-01-01 00:00:00,270f360ffaffdd6421ca147f01ee43404456dd20454bff13c5c215085a4f0db3,
system/usr/res0/battery_low.png,system/usr/res0/battery_low.png,file,15215,1775,0o100755,2009-01-01 00:00:00,b5a0b3dbdb96194f8df07d3deb4db38a304289e4535efc7ce4ae3d585bc5446a,
system/usr/res0/data.png,system/usr/res0/data.png,file,15022,1561,0o100755,2009-01-01 00:00:00,779a3ac13bf256ad60c76b370645a57fdbd72d058f62c358cee3a3613c5e2e38,
system/usr/res0/cmcc.png,system/usr/res0/cmcc.png,file,17403,4029,0o100755,2009-01-01 00:00:00,7eb4574718ff398b4bd727940fba2636a2cc780c7f448db546857e22bce23834,
system/usr/res0/poweroff.png,system/usr/res0/poweroff.png,file,17817,4363,0o100755,2009-01-01 00:00:00,9c3c2cdb29276eafd84b712482560b49e83816ba0aafa8713345d9d0891fe2dc,
system/usr/res0/wifi.png,system/usr/res0/wifi.png,file,15357,1941,0o100755,2009-01-01 00:00:00,f870e08066105035ebbc053c72614d17cd9528b0af494c6daec6ff7dbd4a6d86,
system/usr/res0/bg.png,system/usr/res0/bg.png,file,15089,1550,0o100755,2009-01-01 00:00:00,f7b607fe296e8f38596f3c410ac1c20a88187e620abaff21b936ef62c56a22f5,
system/usr/res0/ctcc.png,system/usr/res0/ctcc.png,file,16308,2908,0o100755,2009-01-01 00:00:00,3435d69af57cd49487e83f740cf21ad8f524ef2cb6881cdf729483c607b978df,
system/usr/res0/battery_null.png,system/usr/res0/battery_null.png,file,15140,1693,0o100755,2009-01-01 00:00:00,618049007ce2c2b16f3d12b7ddd3c6bccf1bc4fa3c22eafea45ee5b5a6946a5b,
system/usr/res0/search4.png,system/usr/res0/search4.png,file,15674,2259,0o100755,2009-01-01 00:00:00,aff08ab9d694204f83c82b495aac16fe706594fe99ee110575f055f23d3d30cc,
system/usr/res0/battery_0.png,system/usr/res0/battery_0.png,file,15137,1688,0o100755,2009-01-01 00:00:00,8a217e5d200784d705fe075a8cfe8f10a11ca9d77a382c30bccb799543afcdf7,
system/usr/res0/battery_4.png,system/usr/res0/battery_4.png,file,15385,1959,0o100755,2009-01-01 00:00:00,8d7eb71dce2dd264a1b22ff799b3c7e92420735dd29733c44ad9271992f27f82,
system/usr/res0/cbn.png,system/usr/res0/cbn.png,file,16392,3001,0o100755,2009-01-01 00:00:00,bbf46afd5fdae8d36822182b1ac571bad19b492df64b764d4c73f036f767f6d2,
system/usr/res0/5g.png,system/usr/res0/5g.png,file,15049,1586,0o100755,2009-01-01 00:00:00,71476eed577a47d77acce812b0c15409f88095cb20884537e688207becd23cbb,
system/usr/res0/battery_3.png,system/usr/res0/battery_3.png,file,15340,1922,0o100755,2009-01-01 00:00:00,8c7aed4344d41f1143b2fd3abcd89b2530e7ffd1a1ba3bc2646b713807cffb30,
system/usr/res0/search2.png,system/usr/res0/search2.png,file,15637,2221,0o100755,2009-01-01 00:00:00,215382571600a4c37ddac8879246b3ac3e2a03307c673b4700a66960d6993b6d,
system/usr/res0/signal2.png,system/usr/res0/signal2.png,file,15083,1631,0o100755,2009-01-01 00:00:00,b74ffa566ab34817e43c515c34919624603abe9446e30fdf89173bf9b8796351,
system/usr/share/__emptyfile__,system/usr/share/__emptyfile__,file,0,0,0o40755,2024-02-02 11:17:48,e3b0c44298fc1c149afbf4c8996fb92427ae41e4649b934ca495991b7852b855,
system/usr/share/,system/usr/share/,directory,0,0,0o40755,2009-01-01 00:00:00,,
system/usr/share/xml/__emptyfile__,system/usr/share/xml/__emptyfile__,file,0,0,0o40755,2024-02-02 11:17:48,e3b0c44298fc1c149afbf4c8996fb92427ae41e4649b934ca495991b7852b855,
system/usr/share/xml/,system/usr/share/xml/,directory,0,0,0o40755,2009-01-01 00:00:00,,
system/usr/share/xml/dbus-1/__emptyfile__,system/usr/share/xml/dbus-1/__emptyfile__,file,0,0,0o40755,2024-02-02 11:17:48,e3b0c44298fc1c149afbf4c8996fb92427ae41e4649b934ca495991b7852b855,
system/usr/share/xml/dbus-1/,system/usr/share/xml/dbus-1/,directory,0,0,0o40755,2009-01-01 00:00:00,,
system/usr/share/xml/dbus-1/introspect.dtd,system/usr/share/xml/dbus-1/introspect.dtd,file,1226,497,0o100644,2009-01-01 00:00:00,be73d84e8f764478f78be388385eaa7a3e4c86d314f9d68934f2c7be8b0d25bf,
system/usr/share/xml/dbus-1/busconfig.dtd,system/usr/share/xml/dbus-1/busconfig.dtd,file,1907,459,0o100644,2009-01-01 00:00:00,9403dd9564b4568d62ca9004d40e2d0c1141ad2a1274d50e97bac66f98cc739d,
system/usr/share/selinux/__emptyfile__,system/usr/share/selinux/__emptyfile__,file,0,0,0o40755,2024-02-02 11:17:48,e3b0c44298fc1c149afbf4c8996fb92427ae41e4649b934ca495991b7852b855,
system/usr/share/selinux/,system/usr/share/selinux/,directory,0,0,0o40755,2009-01-01 00:00:00,,
system/usr/share/selinux/mls/__emptyfile__,system/usr/share/selinux/mls/__emptyfile__,file,0,0,0o40755,2024-02-02 11:17:48,e3b0c44298fc1c149afbf4c8996fb92427ae41e4649b934ca495991b7852b855,
system/usr/share/selinux/mls/,system/usr/share/selinux/mls/,directory,0,0,0o40755,2009-01-01 00:00:00,,
system/usr/share/selinux/mls/ppp.pp,system/usr/share/selinux/mls/ppp.pp,file,13771,12621,0o100644,2009-01-01 00:00:00,a7bf64760e456d07bf80c241f43cbb4c69370de465bfbfbf29dd884392bf5164,
system/usr/share/selinux/mls/mss.pp,system/usr/share/selinux/mls/mss.pp,file,9732,8777,0o100644,2009-01-01 00:00:00,811befe497ca35e7077ff09d9eecd3fd346088b2b748e492896a66c35541ca7d,
system/usr/share/selinux/mls/spotify.pp,system/usr/share/selinux/mls/spotify.pp,file,10395,9454,0o100644,2009-01-01 00:00:00,e7ad2ea7f90add0bcb5740ab0680e34c406e7000fb09ed88a7479a4ffa0884c1,
system/usr/share/selinux/mls/locallogin.pp,system/usr/share/selinux/mls/locallogin.pp,file,13708,12535,0o100644,2009-01-01 00:00:00,408dd0d7f8f8d6c0deb9a2b89a2bc6a13046683d10540eac48fdc16fcebeee48,
system/usr/share/selinux/mls/clock.pp,system/usr/share/selinux/mls/clock.pp,file,9593,8620,0o100644,2009-01-01 00:00:00,5ca5602178eb1f54c79e4d9131b344a7a555628fcdf1d059b3bf3682753d1a33,
system/usr/share/selinux/mls/secadm.pp,system/usr/share/selinux/mls/secadm.pp,file,20360,19227,0o100644,2009-01-01 00:00:00,2e2ecc2078d2683653ef06ce357191228114a370567b19d22ce1509bd049e1f8,
system/usr/share/selinux/mls/port_bridge.pp,system/usr/share/selinux/mls/port_bridge.pp,file,10378,9411,0o100644,2009-01-01 00:00:00,8abede3c4a849e3896f288b7c3bd66b5e814d9b5942348d513a7c2aa2767caab,
system/usr/share/selinux/mls/persist.pp,system/usr/share/selinux/mls/persist.pp,file,8603,7653,0o100644,2009-01-01 00:00:00,4ee4b04cd161234a91ceb319dd0e419496595d139b85ff2323fb977a319ded38,
system/usr/share/selinux/mls/leprop.pp,system/usr/share/selinux/mls/leprop.pp,file,10481,9519,0o100644,2009-01-01 00:00:00,3dc7a355d282f187f12d41d51665068eb447d6d2b0cdc9b4cd4685e82adfb859,
system/usr/share/selinux/mls/staff.pp,system/usr/share/selinux/mls/staff.pp,file,21429,20280,0o100644,2009-01-01 00:00:00,3604e549dacbea0f01c07957c94af58e5c45baf5a09f9db87fe545e86e88c580,
system/usr/share/selinux/mls/dataadpl.pp,system/usr/share/selinux/mls/dataadpl.pp,file,10618,9460,0o100644,2009-01-01 00:00:00,1a1a76cc7b9335c878243ee40fe86458ef647cf22e97a9cbec30112746ed612e,
system/usr/share/selinux/mls/button_manager.pp,system/usr/share/selinux/mls/button_manager.pp,file,10522,9604,0o100644,2009-01-01 00:00:00,973dd2dbe9dc27435979bdb7b810c31bcaa1beb7f203cca5b0546681a0dec8c6,
system/usr/share/selinux/mls/system_manager.pp,system/usr/share/selinux/mls/system_manager.pp,file,10471,9566,0o100644,2009-01-01 00:00:00,5aaaab386aaf5f3dea9a9b99bb07cd3379a6e113e15c913af840cca5d94d757b,
system/usr/share/selinux/mls/diag.pp,system/usr/share/selinux/mls/diag.pp,file,10185,9260,0o100644,2009-01-01 00:00:00,590190d41bfd1b9c7f03776d49733c299b114c229fb8c544c459e6ff45f00869,
system/usr/share/selinux/mls/wlan_scm.pp,system/usr/share/selinux/mls/wlan_scm.pp,file,11112,10228,0o100644,2009-01-01 00:00:00,9f2bf4205b3b94623e7874b316f841f6865d5dba6185b61a76082d4d6bb7c23d,
system/usr/share/selinux/mls/storage.pp,system/usr/share/selinux/mls/storage.pp,file,8601,7632,0o100644,2009-01-01 00:00:00,8f74c96bf96c7d8d79bd3228b782f202bfbb7896b38538662acc8dce64fce8bf,
system/usr/share/selinux/mls/dbus.pp,system/usr/share/selinux/mls/dbus.pp,file,11481,10342,0o100644,2009-01-01 00:00:00,869ea65ef9e69862196eb57e4b36ec59261f3e9c6c7aaf9ec9b7ad7d68d26362,
system/usr/share/selinux/mls/unconfined.pp,system/usr/share/selinux/mls/unconfined.pp,file,17216,16099,0o100644,2009-01-01 00:00:00,8b43f2a7fc89d01d2a2e89b4bf9fec690813c8a15e543deea46a76e53d919fe2,
system/usr/share/selinux/mls/netutils.pp,system/usr/share/selinux/mls/netutils.pp,file,11244,9989,0o100644,2009-01-01 00:00:00,0a49111bbd1c9d8ad9624c2b9c62fcfccbeb1b8fc76522a0cd0702b2f8d5c525,
system/usr/share/selinux/mls/qmi_ip_multiclient.pp,system/usr/share/selinux/mls/qmi_ip_multiclient.pp,file,10299,9345,0o100644,2009-01-01 00:00:00,c33520857e57debf8246c98ba4791cb95a12300a041095e1960f7eb1afc33346,
system/usr/share/selinux/mls/qbt.pp,system/usr/share/selinux/mls/qbt.pp,file,10179,9255,0o100644,2009-01-01 00:00:00,ddd8e07b0beebad0de46cc5140d6db12b798cc5a168684d7064758db87972d46,
system/usr/share/selinux/mls/xserver.pp,system/usr/share/selinux/mls/xserver.pp,file,21436,20283,0o100644,2009-01-01 00:00:00,f8ef3f83e01d3132a71059e2ebc101d465905a8219b79d8e58fc2b795d44617e,
system/usr/share/selinux/mls/mount.pp,system/usr/share/selinux/mls/mount.pp,file,12906,11798,0o100644,2009-01-01 00:00:00,20c46615c7319ad44355f7d0555060e621ed06c437a388373566f0697c3b91f2,
system/usr/share/selinux/mls/rebootd.pp,system/usr/share/selinux/mls/rebootd.pp,file,10676,9743,0o100644,2009-01-01 00:00:00,6165ff610447b119fa26f3e4d56092e63fd23d18fcab79a56aa4f8184f02490c,
system/usr/share/selinux/mls/qdma.pp,system/usr/share/selinux/mls/qdma.pp,file,10957,9919,0o100644,2009-01-01 00:00:00,f43c55acd2630dcba96040b6bf95486de8d731a338546d7be7ab35c28c862a80,
system/usr/share/selinux/mls/dataqti_ppp.pp,system/usr/share/selinux/mls/dataqti_ppp.pp,file,10273,9286,0o100644,2009-01-01 00:00:00,af40663a15eefe97412f98e2600878ccb4696c608235eebb5da37cfb8d109292,
system/usr/share/selinux/mls/rules_manager.pp,system/usr/share/selinux/mls/rules_manager.pp,file,10601,9670,0o100644,2009-01-01 00:00:00,deb2c806e787e26e7b3f9da87693b6d3b0205c1768457412ca90575d19a81c31,
system/usr/share/selinux/mls/mtd_tools.pp,system/usr/share/selinux/mls/mtd_tools.pp,file,9853,8899,0o100644,2009-01-01 00:00:00,e7ee7f6b163b7a3098dc2585aea4d648505c0493a60963fb59e7a531d3ad06a0,
system/usr/share/selinux/mls/time_daemon.pp,system/usr/share/selinux/mls/time_daemon.pp,file,10138,9170,0o100644,2009-01-01 00:00:00,2d4d403fa45b2d26507e1f83c7576958d5a2d59bbc789160135c713be0c05f08,
system/usr/share/selinux/mls/chg-policy.pp,system/usr/share/selinux/mls/chg-policy.pp,file,10066,9130,0o100644,2009-01-01 00:00:00,94967ec168be0f43220ba70462e9a310088b6f5f06a1ba49231ba5202e76318f,
system/usr/share/selinux/mls/diag-router.pp,system/usr/share/selinux/mls/diag-router.pp,file,9833,8901,0o100644,2009-01-01 00:00:00,0ca7ec7a0a85e30454967c653804919bf825de767da8fa8d993b2a5b4f246c01,
system/usr/share/selinux/mls/setrans.pp,system/usr/share/selinux/mls/setrans.pp,file,9793,8832,0o100644,2009-01-01 00:00:00,8a62369c0b771369e0e3b9dbcce0c7af4d4d9778ff5342907bd7c989b732f522,
system/usr/share/selinux/mls/voice-ui-app.pp,system/usr/share/selinux/mls/voice-ui-app.pp,file,11794,10724,0o100644,2009-01-01 00:00:00,f508fc30aba17f30fad6fa7992a6bb03c320e80f5003855f67136ded48ba2efd,
system/usr/share/selinux/mls/avahi.pp,system/usr/share/selinux/mls/avahi.pp,file,10852,9900,0o100644,2009-01-01 00:00:00,ded6488b5bc5c84c3f2802813192ced99ed20dc66455499630106828711bfd2d,
system/usr/share/selinux/mls/ipacm.pp,system/usr/share/selinux/mls/ipacm.pp,file,12299,11170,0o100644,2009-01-01 00:00:00,934f6afcec5c8d46afa20d8a43ff16b583ff235ef03a2e78cd53a5dcb0f363e2,
system/usr/share/selinux/mls/alm.pp,system/usr/share/selinux/mls/alm.pp,file,9987,8967,0o100644,2009-01-01 00:00:00,b443f5cb4b921aaf81b314cdfe8d12c83b1c63fc0fb3aa6c583d567fef0a6f80,
system/usr/share/selinux/mls/auditadm.pp,system/usr/share/selinux/mls/auditadm.pp,file,19269,18245,0o100644,2009-01-01 00:00:00,e5c76f325c1b02ec3618bcb56c656eaa3feb243b2fb9968f041f2494e41e27a5,
system/usr/share/selinux/mls/hotplug.pp,system/usr/share/selinux/mls/hotplug.pp,file,12329,11182,0o100644,2009-01-01 00:00:00,9e2359c8b278779b5d6fd2db6e63b68b62cf990ba2e3ba815cd55cffdee4a87c,
system/usr/share/selinux/mls/audio_hal_test.pp,system/usr/share/selinux/mls/audio_hal_test.pp,file,10742,9740,0o100644,2009-01-01 00:00:00,d7c26e275a25b7e3634a9e2dfe0460fa1a95d980d666ae87810e217c0ce44474,
system/usr/share/selinux/mls/mcm_ril_service.pp,system/usr/share/selinux/mls/mcm_ril_service.pp,file,10577,9468,0o100644,2009-01-01 00:00:00,5a7250d9553002e1696768165ba8ef4830a34dfd40f7ed75c4c0911fe684c961,
system/usr/share/selinux/mls/userdomain.pp,system/usr/share/selinux/mls/userdomain.pp,file,8911,7846,0o100644,2009-01-01 00:00:00,d8993c31bf30de462af11c7ce96ffb68bdb534c2843ae70475bda9a322e4a658,
system/usr/share/selinux/mls/pulseaudio.pp,system/usr/share/selinux/mls/pulseaudio.pp,file,13646,12463,0o100644,2009-01-01 00:00:00,bb137fd7bb497e75c6e2e783aa628dc60e2e826182cccd21dab11bf93bbd79ab,
system/usr/share/selinux/mls/application.pp,system/usr/share/selinux/mls/application.pp,file,7905,6902,0o100644,2009-01-01 00:00:00,bfe41dfbcb3688c4e77f91cd58996cbfe9968488076b4f279c2e47a7f0f8b728,
system/usr/share/selinux/mls/atfwd.pp,system/usr/share/selinux/mls/atfwd.pp,file,10177,9194,0o100644,2009-01-01 00:00:00,b176f04517fb196facfe8d9e1d5fff05f8d1cbeb2fa11f8c17cbfadbc26c00e0,
system/usr/share/selinux/mls/allplay.pp,system/usr/share/selinux/mls/allplay.pp,file,12006,10945,0o100644,2009-01-01 00:00:00,0688d860c900fbfb0cfec7ef2c3f9d9d47d2ef6ae7ebaa46418ebf985e20c892,
system/usr/share/selinux/mls/usermanage.pp,system/usr/share/selinux/mls/usermanage.pp,file,14904,13690,0o100644,2009-01-01 00:00:00,f76592b1e955942b12989d93c620107c072688df85ca89c89b6bd3c19816bb28,
system/usr/share/selinux/mls/rmt_storage.pp,system/usr/share/selinux/mls/rmt_storage.pp,file,9674,8744,0o100644,2009-01-01 00:00:00,0de50ccfa14f20db660fc23023ef4232a0f20ba991a67143375721811816d5e9,
system/usr/share/selinux/mls/systemd.pp,system/usr/share/selinux/mls/systemd.pp,file,16141,14816,0o100644,2009-01-01 00:00:00,a5288370ab7a16102809bf12705d4ad5b32c7c85f420abcdb405a9c85d48a42e,
system/usr/share/selinux/mls/data.pp,system/usr/share/selinux/mls/data.pp,file,8859,7899,0o100644,2009-01-01 00:00:00,d86d54b55757199aa0c600b5f18be2f349fafc74d88523d7e6a972469a554f3e,
system/usr/share/selinux/mls/thermal-engine.pp,system/usr/share/selinux/mls/thermal-engine.pp,file,10210,9309,0o100644,2009-01-01 00:00:00,d82053e973774dc3a44f8170de70b071dc434a91ccc7d520fa5154d92455f35e,
system/usr/share/selinux/mls/alexa.pp,system/usr/share/selinux/mls/alexa.pp,file,11227,10159,0o100644,2009-01-01 00:00:00,2aa7ee897ee8e98d76bbb73eecad2ea39c6600b696f35486a79e3c07e9cbf443,
system/usr/share/selinux/mls/dmesg.pp,system/usr/share/selinux/mls/dmesg.pp,file,9208,8217,0o100644,2009-01-01 00:00:00,2e901de3f87e6840770484be0fc69a036b41d7dcd39603df44a8a0cdc92f560d,
system/usr/share/selinux/mls/iotsys.pp,system/usr/share/selinux/mls/iotsys.pp,file,10265,9301,0o100644,2009-01-01 00:00:00,dd7282cad804b0f951b1948892cb3bac1b7b15caaff9097f2d6d794376a00dcc,
system/usr/share/selinux/mls/mbim.pp,system/usr/share/selinux/mls/mbim.pp,file,11377,10299,0o100644,2009-01-01 00:00:00,65c80064e5a22ea6a636c6a645114f3184244c26dc713abe4b75250d94da2b7e,
system/usr/share/selinux/mls/gnome.pp,system/usr/share/selinux/mls/gnome.pp,file,10486,9543,0o100644,2009-01-01 00:00:00,8fc1c67e3f05ae668ddefb102ba9de4988fe566239cabbe0d79444acc219fac1,
system/usr/share/selinux/mls/adkcfg.pp,system/usr/share/selinux/mls/adkcfg.pp,file,9654,8666,0o100644,2009-01-01 00:00:00,a491c484aa552a209587e6e02f2750ee0f9e0d6301d6d2783f8096f8e27de34b,
system/usr/share/selinux/mls/recovery.pp,system/usr/share/selinux/mls/recovery.pp,file,9748,8759,0o100644,2009-01-01 00:00:00,720cb9c8b4b559d7b12275485c0c69f5231c217a6627ffa2ae4836928ddafa54,
system/usr/share/selinux/mls/logging.pp,system/usr/share/selinux/mls/logging.pp,file,15681,14528,0o100644,2009-01-01 00:00:00,eb5a1d7fb130c8440ceac9b9abdc757d1d2871ccb92a8b08a53ec3bbde132936,
system/usr/share/selinux/mls/bootloader.pp,system/usr/share/selinux/mls/bootloader.pp,file,11810,10741,0o100644,2009-01-01 00:00:00,b5725715d48299af178298d851161ad9ada7f888d287ec254ded690038cb16a4,
system/usr/share/selinux/mls/csd_server.pp,system/usr/share/selinux/mls/csd_server.pp,file,10031,9088,0o100644,2009-01-01 00:00:00,5db18e1a0d09776b2b42722910bf71cdcb86695b56064d8656656f89bb51061b,
system/usr/share/selinux/mls/libraries.pp,system/usr/share/selinux/mls/libraries.pp,file,13306,12429,0o100644,2009-01-01 00:00:00,57a3f735f15d883dd5779cbfda100c1aada4e170d2a69972bd2844c38cf93c90,
system/usr/share/selinux/mls/miscfiles.pp,system/usr/share/selinux/mls/miscfiles.pp,file,8443,7453,0o100644,2009-01-01 00:00:00,c68ad1e8e3582f6937282a1750cbfaa4cd430e10d7ac0f5e4a477f87dcc04198,
system/usr/share/selinux/mls/qmuxbridge.pp,system/usr/share/selinux/mls/qmuxbridge.pp,file,10117,9146,0o100644,2009-01-01 00:00:00,079db906347b79e478d136a2b6d7937f85434c06b8baf74df510ba7c5917145a,
system/usr/share/selinux/mls/fstools.pp,system/usr/share/selinux/mls/fstools.pp,file,12809,11675,0o100644,2009-01-01 00:00:00,599b24d8e63111cd1410deb899542fab01fb30242db7bdb75b61ec60bc207156,
system/usr/share/selinux/mls/modutils.pp,system/usr/share/selinux/mls/modutils.pp,file,11316,10314,0o100644,2009-01-01 00:00:00,e2ee90823546ee57286b5155399b66f7ddfd480defdffc5f2c74e765fa8926ec,
system/usr/share/selinux/mls/networkmanager.pp,system/usr/share/selinux/mls/networkmanager.pp,file,15677,14567,0o100644,2009-01-01 00:00:00,a7873433acc5dacc62bf508ba191b6869f63db0fa752bcd2f0364659a595f13a,
system/usr/share/selinux/mls/devconfig.pp,system/usr/share/selinux/mls/devconfig.pp,file,9783,8856,0o100644,2009-01-01 00:00:00,c070dc95425aad59c074d770965d5f090bb0f147f0ecc507d18dcbc669396c6a,
system/usr/share/selinux/mls/irsc_util.pp,system/usr/share/selinux/mls/irsc_util.pp,file,9756,8762,0o100644,2009-01-01 00:00:00,67aad8a0ecc56a76720edde52f6c82db705f9956b19a670d19b5fe9c90e40f02,
system/usr/share/selinux/mls/ota.pp,system/usr/share/selinux/mls/ota.pp,file,9299,8310,0o100644,2009-01-01 00:00:00,619f225690ff7cfc955b4b2b8c237e6326559ce388429c371e7cd397817110f5,
system/usr/share/selinux/mls/emac.pp,system/usr/share/selinux/mls/emac.pp,file,10558,9569,0o100644,2009-01-01 00:00:00,533a79fba7013473f18aafd61b6ad032253e5d7112804d712d98e4ec5b8cb546,
system/usr/share/selinux/mls/qrtr_ns.pp,system/usr/share/selinux/mls/qrtr_ns.pp,file,9674,8746,0o100644,2009-01-01 00:00:00,0cdaa22bf093f14ae8a56a0e958ea149c89cd7804d78e0d5c9afe7073da62288,
system/usr/share/selinux/mls/qcmap_cm.pp,system/usr/share/selinux/mls/qcmap_cm.pp,file,17310,16166,0o100644,2009-01-01 00:00:00,6754c2119646fad23da3b2494bcc6134d2aa5b49f58fdda9da8ccbda386aad4e,
system/usr/share/selinux/mls/sysadm.pp,system/usr/share/selinux/mls/sysadm.pp,file,85161,79334,0o100644,2009-01-01 00:00:00,115aa308b05c253d88bfbf5b80e012f28d09f502af6495b909dc5e204bed3e36,
system/usr/share/selinux/mls/ss-ramdump.pp,system/usr/share/selinux/mls/ss-ramdump.pp,file,10213,9244,0o100644,2009-01-01 00:00:00,31da9c35307099d066d4c6be5997dedeafe4c78d71a0ce20f8ddf521b68a16a8,
system/usr/share/selinux/mls/sfs_config.pp,system/usr/share/selinux/mls/sfs_config.pp,file,9415,8449,0o100644,2009-01-01 00:00:00,e1e2b3bf4d46d98bd9671d78978dc3856841363a2de86d3743227eae1a074fc5,
system/usr/share/selinux/mls/qseecomd.pp,system/usr/share/selinux/mls/qseecomd.pp,file,10326,9375,0o100644,2009-01-01 00:00:00,e436856ee2d7c5ca7a98d0890b6b71b728bbcf5154c14fd3250c27aa3b501baa,
system/usr/share/selinux/mls/lvm.pp,system/usr/share/selinux/mls/lvm.pp,file,14600,13398,0o100644,2009-01-01 00:00:00,9eca793317cfa2883a1c0f73fc705c410443a7c7b4652df4db2a5b29f95e8f22,
system/usr/share/selinux/mls/led_manager.pp,system/usr/share/selinux/mls/led_manager.pp,file,10567,9548,0o100644,2009-01-01 00:00:00,facdc446ba5113680e360709fc4ecd3f8aeadba3151182992830f8385e250062,
system/usr/share/selinux/mls/bootlogd.pp,system/usr/share/selinux/mls/bootlogd.pp,file,10125,9162,0o100644,2009-01-01 00:00:00,5f1eb0ebf76d4ca1821378fdaff87ec62ef44fe8093e0a410a5011064c1ee8ba,
system/usr/share/selinux/mls/gpu.pp,system/usr/share/selinux/mls/gpu.pp,file,8565,7478,0o100644,2009-01-01 00:00:00,cf69fc783a2adece25006ba204158189e74b7defe658754aff2f28a601ae1a26,
system/usr/share/selinux/mls/l2tp.pp,system/usr/share/selinux/mls/l2tp.pp,file,10098,9115,0o100644,2009-01-01 00:00:00,8015112f899b695a5b899399b1c4918bc1820a1968514ad93727b8ac653be8b7,
system/usr/share/selinux/mls/chronyd.pp,system/usr/share/selinux/mls/chronyd.pp,file,10165,9239,0o100644,2009-01-01 00:00:00,348e2cf86fff38539c966b3f4a05bfcb1680bbff521c76e24b47bb4d2b0e5638,
system/usr/share/selinux/mls/cache.pp,system/usr/share/selinux/mls/cache.pp,file,8646,7692,0o100644,2009-01-01 00:00:00,84912cf961af5b9735ee03bbce3e4f14448e7030ebcb15766529891e038f5508,
system/usr/share/selinux/mls/adk_message_send.pp,system/usr/share/selinux/mls/adk_message_send.pp,file,9663,8753,0o100644,2009-01-01 00:00:00,c7b2138ae262b21885cf1a35e2529287b50dea48ee7ff4740d05cd446dbb459e,
system/usr/share/selinux/mls/ddclient.pp,system/usr/share/selinux/mls/ddclient.pp,file,10663,9779,0o100644,2009-01-01 00:00:00,c41479949782ac2d93a7e1cfb8f497ea5318f62fe7dc4707017ea81aa88388b1,
system/usr/share/selinux/mls/qti-audio-server-daemon.pp,system/usr/share/selinux/mls/qti-audio-server-daemon.pp,file,10027,9065,0o100644,2009-01-01 00:00:00,4fc83d88d34517ea2138e9f2e2e36b3bea3a55b180b825a7e5f7d3a10e0e403b,
system/usr/share/selinux/mls/st_hal_test.pp,system/usr/share/selinux/mls/st_hal_test.pp,file,10202,9262,0o100644,2009-01-01 00:00:00,4a7e5cd54b460f6ce4d3d5df3006a34ca34caa0aa12107f0af189da8e16d1362,
system/usr/share/selinux/mls/adsprpcd.pp,system/usr/share/selinux/mls/adsprpcd.pp,file,11395,10309,0o100644,2009-01-01 00:00:00,4a330a1a3d669e59f2c4d6f59ae603a997ba981f3ddaa08e42edf6bd908d5365,
system/usr/share/selinux/mls/qtether.pp,system/usr/share/selinux/mls/qtether.pp,file,10956,9847,0o100644,2009-01-01 00:00:00,143fb8cde0e2a1a39b373c75ccc1c349a855e07e0f245546f6cb02963de4d17a,
system/usr/share/selinux/mls/dnsmasq.pp,system/usr/share/selinux/mls/dnsmasq.pp,file,12107,11045,0o100644,2009-01-01 00:00:00,0e66581535494e5889aa47d5d819f2371cb178b34a16637035a440b565c540d4,
system/usr/share/selinux/mls/seunshare.pp,system/usr/share/selinux/mls/seunshare.pp,file,8735,7745,0o100644,2009-01-01 00:00:00,5ddb8be596c1fc903c1940eaea6f4ccbaefac09931e3b1153c4e471d85f534bc,
system/usr/share/selinux/mls/ssh.pp,system/usr/share/selinux/mls/ssh.pp,file,16907,15798,0o100644,2009-01-01 00:00:00,891b0d718f6bd7714dca3907def5f4e16876ce1bb2a36c9e6aaa6c9e052552ac,
system/usr/share/selinux/mls/qcameradaemon.pp,system/usr/share/selinux/mls/qcameradaemon.pp,file,9803,8849,0o100644,2009-01-01 00:00:00,f40d8a61acadfde5d9e078a46e2107a966c6e6934a4dfde3c55bc4e2fc20a0b2,
system/usr/share/selinux/mls/audio_hal.pp,system/usr/share/selinux/mls/audio_hal.pp,file,8741,7791,0o100644,2009-01-01 00:00:00,6ef12c79969ab67f5d0b7f8a36ea73482d1399bc28eae7e5a89720d32b96cb7f,
system/usr/share/selinux/mls/sysnetwork.pp,system/usr/share/selinux/mls/sysnetwork.pp,file,14601,13517,0o100644,2009-01-01 00:00:00,eec3086d7a78892b7681b523b20ec306e347ee1040c148af74dcde43067372b5,
system/usr/share/selinux/mls/sudo.pp,system/usr/share/selinux/mls/sudo.pp,file,7789,6749,0o100644,2009-01-01 00:00:00,15a04275d1feb3e2fba9df6adac6fd11e751760721566421dc0d0b897612adbb,
system/usr/share/selinux/mls/unprivuser.pp,system/usr/share/selinux/mls/unprivuser.pp,file,18522,17452,0o100644,2009-01-01 00:00:00,373c4fef85a6ca8db85e5800ed0917c246571ced4cbd6a499174640eb994e320,
system/usr/share/selinux/mls/dhcp.pp,system/usr/share/selinux/mls/dhcp.pp,file,10710,9765,0o100644,2009-01-01 00:00:00,774bccc37a02c243425b24496ed949dc74ab117e4217ebdc47ab54356a163c02,
system/usr/share/selinux/mls/apache.pp,system/usr/share/selinux/mls/apache.pp,file,25030,23890,0o100644,2009-01-01 00:00:00,b03a7ba86fb8306113083a572d47dd1b2870a82cd2cd50d0f4c1511f1164c402,
system/usr/share/selinux/mls/mta.pp,system/usr/share/selinux/mls/mta.pp,file,13166,12045,0o100644,2009-01-01 00:00:00,7ac02925c9aafc0aa4cce1f2f63c11808a432f36183d62b2ceffe5428f784aaa,
system/usr/share/selinux/mls/qnetmgrd.pp,system/usr/share/selinux/mls/qnetmgrd.pp,file,10893,9785,0o100644,2009-01-01 00:00:00,b100c288bd6b0787f6fadbf0c77a2c9251a61ca8fc34feb83fa66cfa03a3c722,
system/usr/share/selinux/mls/servicemanager.pp,system/usr/share/selinux/mls/servicemanager.pp,file,9787,8834,0o100644,2009-01-01 00:00:00,c2b5afbbf8d1c07c4e12ab20ae603c98066d558373e5428686d3b3fe4692738a,
system/usr/share/selinux/mls/su.pp,system/usr/share/selinux/mls/su.pp,file,7814,6779,0o100644,2009-01-01 00:00:00,721c489f41d8c1f63a77c58fd99848110c563546ae72ed5d7a23e97502cf2eb0,
system/usr/share/selinux/mls/pdmappersvc.pp,system/usr/share/selinux/mls/pdmappersvc.pp,file,9869,8833,0o100644,2009-01-01 00:00:00,74225a1e2702d5b9f188402f633d214403c0f6ba8b14fcd2d15e17a3761e0944,
system/usr/share/selinux/mls/diagrebootapp.pp,system/usr/share/selinux/mls/diagrebootapp.pp,file,9733,8794,0o100644,2009-01-01 00:00:00,8cfc2a47420855d5ae7fb19733b2afdefe3eb0477406682694b567930e818230,
system/usr/share/selinux/mls/iotd.pp,system/usr/share/selinux/mls/iotd.pp,file,9875,8899,0o100644,2009-01-01 00:00:00,63094932e1637b6c9e8581f1e0877961639e6e13f95e7b85bcd44df514601520,
system/usr/share/selinux/mls/system.pp,system/usr/share/selinux/mls/system.pp,file,8583,7626,0o100644,2009-01-01 00:00:00,c325ab2ee98ed9f85fde9ee016e8722664572ab08e0579e6cc8ba1637fb9ceb9,
system/usr/share/selinux/mls/ssreq-server.pp,system/usr/share/selinux/mls/ssreq-server.pp,file,10211,9243,0o100644,2009-01-01 00:00:00,c10eba1d6a5d2a096ccfc2269b2ad1d58eae950c28f6193c8ba0d0d6d43a4d52,
system/usr/share/selinux/mls/firmware.pp,system/usr/share/selinux/mls/firmware.pp,file,8670,7695,0o100644,2009-01-01 00:00:00,c47438924057497483dc9bcb0bcda30b444d4d68627e5b497a99f0a910633172,
system/usr/share/selinux/mls/alljoyn.pp,system/usr/share/selinux/mls/alljoyn.pp,file,9976,8989,0o100644,2009-01-01 00:00:00,bfd36a33d1fd2841dad0dee58415c40e3467db386cdbe677fff14332a5770058,
system/usr/share/selinux/mls/hostname.pp,system/usr/share/selinux/mls/hostname.pp,file,9972,9042,0o100644,2009-01-01 00:00:00,89c1d94dcb66e3952a436266d5cb3be3e6c162b6f7d55abbd98e310663503667,
system/usr/share/selinux/mls/wlan.pp,system/usr/share/selinux/mls/wlan.pp,file,10129,9164,0o100644,2009-01-01 00:00:00,08201bbe9191e5e8584ad107820021f68e8b7ec647d54e57ea1643356dc76f28,
system/usr/share/selinux/mls/mediaplayer_test.pp,system/usr/share/selinux/mls/mediaplayer_test.pp,file,9645,8722,0o100644,2009-01-01 00:00:00,f334e7069d42d5e40dd97a85ee9e2e26736bf0916e8de9705092cb0275d14f7a,
system/usr/share/selinux/mls/getty.pp,system/usr/share/selinux/mls/getty.pp,file,10279,9340,0o100644,2009-01-01 00:00:00,0b26342749ad7eed1344726b665652fa5a8a8a8683476c774fc309b6cbdd71a0,
system/usr/share/selinux/mls/authlogin.pp,system/usr/share/selinux/mls/authlogin.pp,file,14511,13336,0o100644,2009-01-01 00:00:00,4743b7fba0f7787e9bdeaf055df8276f89b90dbfc4f91b0a8b14a1fdad06eb8c,
system/usr/share/selinux/mls/mediaplayer_cli.pp,system/usr/share/selinux/mls/mediaplayer_cli.pp,file,9649,8736,0o100644,2009-01-01 00:00:00,272fccaebc07b1511018b69387b9c4507104452c79f274983a5b4f3b34447b24,
system/usr/share/selinux/mls/qdmastatsd.pp,system/usr/share/selinux/mls/qdmastatsd.pp,file,10404,9419,0o100644,2009-01-01 00:00:00,4c74d68ba2be0ecdfc4666c8031f3c66d1711d9237de510441f9f779be30d6d2,
system/usr/share/selinux/mls/shutdown.pp,system/usr/share/selinux/mls/shutdown.pp,file,9647,8720,0o100644,2009-01-01 00:00:00,45e4f432eb661e52361cfd99e2621eba8d2c2a54630730f508bd4dea2e1f14f4,
system/usr/share/selinux/mls/base.pp,system/usr/share/selinux/mls/base.pp,file,35502,34408,0o100644,2009-01-01 00:00:00,a10b6d616c679b580b68a9b518b6ee7f4f3931de6db275f7cf1a23bed2af181d,
system/usr/share/selinux/mls/selinuxutil.pp,system/usr/share/selinux/mls/selinuxutil.pp,file,14865,13712,0o100644,2009-01-01 00:00:00,45f0915b47e9539f1f7da762e52e6862504e02eb2586c1f0b1c6a556f9c6cd84,
system/usr/share/selinux/mls/udev.pp,system/usr/share/selinux/mls/udev.pp,file,14152,12997,0o100644,2009-01-01 00:00:00,cde0e9f6831201380a262e9b1322177dbca673fc2dcdfbb7fceb593d3eea6bad,
system/usr/share/selinux/mls/adbd.pp,system/usr/share/selinux/mls/adbd.pp,file,12478,11567,0o100644,2009-01-01 00:00:00,af5ca386d3af2695eccb3d968ea6e1223462f34a5ad356fc530e4e2da4c4fabd,
system/usr/share/selinux/mls/logadm.pp,system/usr/share/selinux/mls/logadm.pp,file,9701,8775,0o100644,2009-01-01 00:00:00,effb2974c33d8bf5977fa2360f1f299fedb5822cefa74223f84bb4bb9b9d2890,
system/usr/share/selinux/mls/nfdlna.pp,system/usr/share/selinux/mls/nfdlna.pp,file,10936,9992,0o100644,2009-01-01 00:00:00,c3322e1632255e135c71c51b4dda054c1b44534083583fabf5a275c9b220d7b2,
system/usr/share/selinux/mls/btdaemon.pp,system/usr/share/selinux/mls/btdaemon.pp,file,10210,9291,0o100644,2009-01-01 00:00:00,717c1a69d885ce8c49ea9b678d3c351deab90eaed83a196f498b56c15f1c17fc,
system/usr/share/selinux/mls/qmi-shutdown-modem.pp,system/usr/share/selinux/mls/qmi-shutdown-modem.pp,file,10235,9275,0o100644,2009-01-01 00:00:00,07ff1a250d07434ae97d9ef82e711ebf3a1eca7d237ed1b2069dc12d23d2f534,
system/usr/share/selinux/mls/minidlna.pp,system/usr/share/selinux/mls/minidlna.pp,file,10469,9541,0o100644,2009-01-01 00:00:00,fc69af861dc3abd63ccb1ec90c3f8c13ed629824ba21f4b585d8ac7ab59321a1,
system/usr/share/selinux/mls/netlabel.pp,system/usr/share/selinux/mls/netlabel.pp,file,8407,7438,0o100644,2009-01-01 00:00:00,6642f3f4286f34e2d5447134b029cc7900811213ac8a35ab1bd0232b1a849a88,
system/usr/share/selinux/mls/postgresql.pp,system/usr/share/selinux/mls/postgresql.pp,file,15549,14426,0o100644,2009-01-01 00:00:00,07b3136275dacbd22511323aa7288f90193fefdf0d47ae9ed8cffb2ee862bb3e,
system/usr/share/selinux/mls/connectivity_manager.pp,system/usr/share/selinux/mls/connectivity_manager.pp,file,11208,10123,0o100644,2009-01-01 00:00:00,f91ea12429da92ff47c64ed28e4cb1a70b2260aba610e411fbaa0eb33b9e7cdb,
system/usr/share/selinux/mls/ipsec.pp,system/usr/share/selinux/mls/ipsec.pp,file,14274,13122,0o100644,2009-01-01 00:00:00,44d2b8d012cc1e60871cee82dfe720fe35105ad6f7545e5789a45f166dc30905,
system/usr/share/selinux/mls/alogd.pp,system/usr/share/selinux/mls/alogd.pp,file,9980,9047,0o100644,2009-01-01 00:00:00,ceeebd6dbe18655aabd905a5dccd1562d3023743a1c636af547a32f377391db1,
system/usr/share/selinux/mls/vendor.pp,system/usr/share/selinux/mls/vendor.pp,file,11352,10293,0o100644,2009-01-01 00:00:00,f0787dd4d98e1655788cf851ae32704c7ad0d80fb3bd29fff40e74c1a2d17950,
system/usr/share/selinux/mls/audio_manager.pp,system/usr/share/selinux/mls/audio_manager.pp,file,11196,10092,0o100644,2009-01-01 00:00:00,cbd84287d0bc101b63b229839d727edc74b5da90bc7004d52df8cd4d7320e1c1,
system/usr/share/selinux/mls/init.pp,system/usr/share/selinux/mls/init.pp,file,20849,19748,0o100644,2009-01-01 00:00:00,20e8150f8d45b565ec0d49fb7f5a78476b4fac441263720981f7f72c0c33a224,
system/usr/share/selinux/mls/msdc.pp,system/usr/share/selinux/mls/msdc.pp,file,10713,9621,0o100644,2009-01-01 00:00:00,0e5c4f6372e811e45417d511965f5f1fc9b10de57e470525af6bcba22ae27cde,
system/usr/share/selinux/mls/location.pp,system/usr/share/selinux/mls/location.pp,file,14895,13574,0o100644,2009-01-01 00:00:00,daf8668c78f381561ed6f572c235d6631f5f93894b510f971b9294e49d7554bb,
system/usr/share/selinux/mls/consoletype.pp,system/usr/share/selinux/mls/consoletype.pp,file,10078,9149,0o100644,2009-01-01 00:00:00,2a30ad573b10a7bceb748e2ad094b9276767e0720059db2ef21c0c9eb6ada97a,
system/usr/share/selinux/mls/adk_message_monitor.pp,system/usr/share/selinux/mls/adk_message_monitor.pp,file,9667,8721,0o100644,2009-01-01 00:00:00,eee30f06564198e9b6dd0db7a25e9e777ef744a58c4af33dd0e55b3b3d5a273c,
system/usr/share/selinux/mls/iptables.pp,system/usr/share/selinux/mls/iptables.pp,file,11597,10493,0o100644,2009-01-01 00:00:00,96f571096ae3a6fcd1d6db60f1ad8a19db54e5e67b8683d84bee739f2d9b4326,
system/usr/share/selinux/mls/fs_scrub_daemon.pp,system/usr/share/selinux/mls/fs_scrub_daemon.pp,file,10309,9385,0o100644,2009-01-01 00:00:00,dcb8d2d130558c59c778c9b59a532996d7c46e15c5c36454286063c984ff18dc,
system/usr/share/libubox/__emptyfile__,system/usr/share/libubox/__emptyfile__,file,0,0,0o40755,2024-02-02 11:17:48,e3b0c44298fc1c149afbf4c8996fb92427ae41e4649b934ca495991b7852b855,
system/usr/share/libubox/,system/usr/share/libubox/,directory,0,0,0o40755,2009-01-01 00:00:00,,
system/usr/share/libubox/jshn.sh,system/usr/share/libubox/jshn.sh,file,5772,1606,0o100644,2009-01-01 00:00:00,f6c39c2468e358e13b208a095d84f5d572d2ce9fecd6c49178917bce83841a3c,
system/usr/share/man/__emptyfile__,system/usr/share/man/__emptyfile__,file,0,0,0o40755,2024-02-02 11:17:48,e3b0c44298fc1c149afbf4c8996fb92427ae41e4649b934ca495991b7852b855,
system/usr/share/man/,system/usr/share/man/,directory,0,0,0o40755,2009-01-01 00:00:00,,
system/usr/share/info/__emptyfile__,system/usr/share/info/__emptyfile__,file,0,0,0o40755,2024-02-02 11:17:48,e3b0c44298fc1c149afbf4c8996fb92427ae41e4649b934ca495991b7852b855,
system/usr/share/info/,system/usr/share/info/,directory,0,0,0o40755,2009-01-01 00:00:00,,
system/usr/share/ca-certificates/__emptyfile__,system/usr/share/ca-certificates/__emptyfile__,file,0,0,0o40755,2024-02-02 11:17:48,e3b0c44298fc1c149afbf4c8996fb92427ae41e4649b934ca495991b7852b855,
system/usr/share/ca-certificates/,system/usr/share/ca-certificates/,directory,0,0,0o40755,2009-01-01 00:00:00,,
system/usr/share/ca-certificates/mozilla/__emptyfile__,system/usr/share/ca-certificates/mozilla/__emptyfile__,file,0,0,0o40755,2024-02-02 11:17:48,e3b0c44298fc1c149afbf4c8996fb92427ae41e4649b934ca495991b7852b855,
system/usr/share/ca-certificates/mozilla/,system/usr/share/ca-certificates/mozilla/,directory,0,0,0o40755,2009-01-01 00:00:00,,
system/usr/share/ca-certificates/mozilla/Staat_der_Nederlanden_EV_Root_CA.crt,system/usr/share/ca-certificates/mozilla/Staat_der_Nederlanden_EV_Root_CA.crt,file,1948,1464,0o100644,2009-01-01 00:00:00,248d36087ca39b0b9a85b63f588d03235b169f5878946e497a6a6e5d12fb0590,
system/usr/share/ca-certificates/mozilla/E-Tugra_Certification_Authority.crt,system/usr/share/ca-certificates/mozilla/E-Tugra_Certification_Authority.crt,file,2244,1551,0o100644,2009-01-01 00:00:00,789655e3b4c0721faa6a3ffc30853450794fecc5830a12b632261545c3a241bb,
system/usr/share/ca-certificates/mozilla/D-TRUST_Root_Class_3_CA_2_EV_2009.crt,system/usr/share/ca-certificates/mozilla/D-TRUST_Root_Class_3_CA_2_EV_2009.crt,file,1537,1060,0o100644,2009-01-01 00:00:00,f81ceeaf6341513ef391ab3ea3302e8b2fb2c1527752797bba9b20ca22048b3c,
system/usr/share/ca-certificates/mozilla/ePKI_Root_Certification_Authority.crt,system/usr/share/ca-certificates/mozilla/ePKI_Root_Certification_Authority.crt,file,2033,1525,0o100644,2009-01-01 00:00:00,d22b235421616835f68d15801d82b44e7c463433f8bbdcc92f9c023fafcb2bf2,
system/usr/share/ca-certificates/mozilla/EE_Certification_Centre_Root_CA.crt,system/usr/share/ca-certificates/mozilla/EE_Certification_Centre_Root_CA.crt,file,1452,1069,0o100644,2009-01-01 00:00:00,d583c3821ee9d481e05842bd82fcb1ca7b09934fd03e863fe6fd005effe2cf70,
system/usr/share/ca-certificates/mozilla/DigiCert_Global_Root_G2.crt,system/usr/share/ca-certificates/mozilla/DigiCert_Global_Root_G2.crt,file,1294,968,0o100644,2009-01-01 00:00:00,5d550643b6400d4341550a9b14aedd0b4fac33ae5deb7d8247b6b4f799c13306,
system/usr/share/ca-certificates/mozilla/XRamp_Global_CA_Root.crt,system/usr/share/ca-certificates/mozilla/XRamp_Global_CA_Root.crt,file,1513,1030,0o100644,2009-01-01 00:00:00,fbe0f62dde93af96d1b8e27b19b2ee200a834880eca805585b66d18d2ea08192,
system/usr/share/ca-certificates/mozilla/D-TRUST_Root_Class_3_CA_2_2009.crt,system/usr/share/ca-certificates/mozilla/D-TRUST_Root_Class_3_CA_2_2009.crt,file,1517,1058,0o100644,2009-01-01 00:00:00,a00b8aa918457f5e7e58457b5e2f80d640fa77cc290572aaab1ae7b4734a9528,
system/usr/share/ca-certificates/mozilla/GeoTrust_Primary_Certification_Authority_-_G3.crt,system/usr/share/ca-certificates/mozilla/GeoTrust_Primary_Certification_Authority_-_G3.crt,file,1444,1068,0o100644,2009-01-01 00:00:00,9600db5efa50f914d21385b0d28a99f72dd8dd063f4aba3f0d81c491f787aa82,
system/usr/share/ca-certificates/mozilla/thawte_Primary_Root_CA_-_G3.crt,system/usr/share/ca-certificates/mozilla/thawte_Primary_Root_CA_-_G3.crt,file,1505,1112,0o100644,2009-01-01 00:00:00,5a98417cd28108d5b3d756ea4fd8de0175681401833c2ae27335a3f4ff4a950e,
system/usr/share/ca-certificates/mozilla/Sonera_Class_2_Root_CA.crt,system/usr/share/ca-certificates/mozilla/Sonera_Class_2_Root_CA.crt,file,1143,864,0o100644,2009-01-01 00:00:00,210a6572ee783eeeb2395381c9fc292a49da0466890465357330a21f6922fcf7,
system/usr/share/ca-certificates/mozilla/ISRG_Root_X1.crt,system/usr/share/ca-certificates/mozilla/ISRG_Root_X1.crt,file,1939,1466,0o100644,2009-01-01 00:00:00,22b557a27055b33606b6559f37703928d3e4ad79f110b407d04986e1843543d1,
system/usr/share/ca-certificates/mozilla/GlobalSign_Root_CA_-_R3.crt,system/usr/share/ca-certificates/mozilla/GlobalSign_Root_CA_-_R3.crt,file,1229,897,0o100644,2009-01-01 00:00:00,6bdc59f897631af7811e3201cbc58e5999de2600ae8667454a34514eecfd8381,
system/usr/share/ca-certificates/mozilla/TUBITAK_Kamu_SM_SSL_Kok_Sertifikasi_-_Surum_1.crt,system/usr/share/ca-certificates/mozilla/TUBITAK_Kamu_SM_SSL_Kok_Sertifikasi_-_Surum_1.crt,file,1582,1149,0o100644,2009-01-01 00:00:00,c6904218e180fbfb0ed91d81e892c2dd983c4a3404617cb36aeb3a434c3b9df0,
system/usr/share/ca-certificates/mozilla/GeoTrust_Universal_CA_2.crt,system/usr/share/ca-certificates/mozilla/GeoTrust_Universal_CA_2.crt,file,1939,1390,0o100644,2009-01-01 00:00:00,e8bd548299bf4c1101ecb33c2e92a01613b1c91b4fb8b802611d67a605b9e372,
system/usr/share/ca-certificates/mozilla/GeoTrust_Primary_Certification_Authority_-_G2.crt,system/usr/share/ca-certificates/mozilla/GeoTrust_Primary_Certification_Authority_-_G2.crt,file,989,718,0o100644,2009-01-01 00:00:00,7062da3420d108cbb483acdc4008eea66cfed19e4fc54871c32078fb28d218a5,
system/usr/share/ca-certificates/mozilla/Buypass_Class_3_Root_CA.crt,system/usr/share/ca-certificates/mozilla/Buypass_Class_3_Root_CA.crt,file,1915,1439,0o100644,2009-01-01 00:00:00,8db5b7c8f058c56a8d033c2443d34fdfd3656150eaa73fe63c65161e7063ce99,
system/usr/share/ca-certificates/mozilla/AffirmTrust_Premium_ECC.crt,system/usr/share/ca-certificates/mozilla/AffirmTrust_Premium_ECC.crt,file,753,564,0o100644,2009-01-01 00:00:00,42f0e946149ae0e0c6a1fb0e33150ce863479b2ef7b3c700161102ad1dcb34c1,
system/usr/share/ca-certificates/mozilla/OISTE_WISeKey_Global_Root_GA_CA.crt,system/usr/share/ca-certificates/mozilla/OISTE_WISeKey_Global_Root_GA_CA.crt,file,1428,1048,0o100644,2009-01-01 00:00:00,a1d9deac890170412f9c335b39e3dce218f496439857b08997bb10f60ad1e953,
system/usr/share/ca-certificates/mozilla/thawte_Primary_Root_CA.crt,system/usr/share/ca-certificates/mozilla/thawte_Primary_Root_CA.crt,file,1493,975,0o100644,2009-01-01 00:00:00,fdd466b6d0e7013a55bc8d83009137bc32be09099235aa6d6747cc7be4f6b031,
system/usr/share/ca-certificates/mozilla/Amazon_Root_CA_2.crt,system/usr/share/ca-certificates/mozilla/Amazon_Root_CA_2.crt,file,1883,1422,0o100644,2009-01-01 00:00:00,a3a7fe25439d9a9b50f60af43684444d798a4c869305bf615881e5c84a44c1a2,
system/usr/share/ca-certificates/mozilla/Secure_Global_CA.crt,system/usr/share/ca-certificates/mozilla/Secure_Global_CA.crt,file,1354,960,0o100644,2009-01-01 00:00:00,7ee52fb3a5afacd55a7a2e00f057f7f64776ea0d536036f54c57694961e25179,
system/usr/share/ca-certificates/mozilla/SecureTrust_CA.crt,system/usr/share/ca-certificates/mozilla/SecureTrust_CA.crt,file,1350,1005,0o100644,2009-01-01 00:00:00,a3e70af2c4b48562b61fe858d9d30f073f2cf2136f2af01ab5a966673e70af4b,
system/usr/share/ca-certificates/mozilla/SwissSign_Gold_CA_-_G2.crt,system/usr/share/ca-certificates/mozilla/SwissSign_Gold_CA_-_G2.crt,file,2045,1527,0o100644,2009-01-01 00:00:00,0ebb1a5d93b86ad9dcbd294413f272817fe3bb8ba46f4ec8192b3b805f2fa8ae,
system/usr/share/ca-certificates/mozilla/Hellenic_Academic_and_Research_Institutions_RootCA_2011.crt,system/usr/share/ca-certificates/mozilla/Hellenic_Academic_and_Research_Institutions_RootCA_2011.crt,file,1513,1097,0o100644,2009-01-01 00:00:00,9cdf8427a4f5489fcd1a877646f61366f81eedc82ff5065f4e4fd79b86d5e529,
system/usr/share/ca-certificates/mozilla/DigiCert_Global_Root_G3.crt,system/usr/share/ca-certificates/mozilla/DigiCert_Global_Root_G3.crt,file,839,618,0o100644,2009-01-01 00:00:00,1914cd2d4cde263315f9e32c7683fc0e1b921919ad12b256d49bf782011c03cc,
system/usr/share/ca-certificates/mozilla/AffirmTrust_Networking.crt,system/usr/share/ca-certificates/mozilla/AffirmTrust_Networking.crt,file,1204,863,0o100644,2009-01-01 00:00:00,b68109f50ba0abed3b938afebd2ab42a2f5089062c59e9fc74425e2742d894bc,
system/usr/share/ca-certificates/mozilla/Entrust_Root_Certification_Authority_-_G2.crt,system/usr/share/ca-certificates/mozilla/Entrust_Root_Certification_Authority_-_G2.crt,file,1533,978,0o100644,2009-01-01 00:00:00,646db48fa7794bcab4581f264ff3fad4cff7bbd24f5e8bb170d4f602b6caf828,
system/usr/share/ca-certificates/mozilla/COMODO_Certification_Authority.crt,system/usr/share/ca-certificates/mozilla/COMODO_Certification_Authority.crt,file,1489,1086,0o100644,2009-01-01 00:00:00,e273097c7c57cb7cbb908057991ae1774d4e1e8c6a062fb6be9e6645b32fb431,
system/usr/share/ca-certificates/mozilla/TrustCor_RootCert_CA-1.crt,system/usr/share/ca-certificates/mozilla/TrustCor_RootCert_CA-1.crt,file,1513,1094,0o100644,2009-01-01 00:00:00,e227db3bb37e1158f9c5d9838d0ec74109d9816b60d69b3ca85def4b293d02dd,
system/usr/share/ca-certificates/mozilla/Autoridad_de_Certificacion_Firmaprofesional_CIF_A62634068.crt,system/usr/share/ca-certificates/mozilla/Autoridad_de_Certificacion_Firmaprofesional_CIF_A62634068.crt,file,2167,1617,0o100644,2009-01-01 00:00:00,283fd555713ed4ecfcb4935f5ed5d4a9bb776236803e2910eb46e70903a3511f,
system/usr/share/ca-certificates/mozilla/DigiCert_Assured_ID_Root_G2.crt,system/usr/share/ca-certificates/mozilla/DigiCert_Assured_ID_Root_G2.crt,file,1306,902,0o100644,2009-01-01 00:00:00,660b5aa96668c5162f4af6b0a01241d8527aef8fa8a5307a7033b83c3de4a72d,
system/usr/share/ca-certificates/mozilla/VeriSign_Class_3_Public_Primary_Certification_Authority_-_G5.crt,system/usr/share/ca-certificates/mozilla/VeriSign_Class_3_Public_Primary_Certification_Authority_-_G5.crt,file,1732,1125,0o100644,2009-01-01 00:00:00,4aa40b3c3b032ca0e71685aa84194a9790ff89e5460fadaffe15b2287e8f19a5,
system/usr/share/ca-certificates/mozilla/GeoTrust_Global_CA.crt,system/usr/share/ca-certificates/mozilla/GeoTrust_Global_CA.crt,file,1216,887,0o100644,2009-01-01 00:00:00,cf48eaa6c6ca132d51f94363aed0fd1e96ca47f7211d5fcadd1d8e086e28f18c,
system/usr/share/ca-certificates/mozilla/QuoVadis_Root_CA_2.crt,system/usr/share/ca-certificates/mozilla/QuoVadis_Root_CA_2.crt,file,2041,1465,0o100644,2009-01-01 00:00:00,8c4220477ed85355fa380466aa8f559106d8a39fc90d3e0c121749e19444064f,
system/usr/share/ca-certificates/mozilla/Certum_Trusted_Network_CA_2.crt,system/usr/share/ca-certificates/mozilla/Certum_Trusted_Network_CA_2.crt,file,2078,1576,0o100644,2009-01-01 00:00:00,9dd4cbb6d2c29cbb3ca98da02c042a690c0ef4c0521d98aae37e0a704c4bf210,
system/usr/share/ca-certificates/mozilla/QuoVadis_Root_CA_1_G3.crt,system/usr/share/ca-certificates/mozilla/QuoVadis_Root_CA_1_G3.crt,file,1923,1439,0o100644,2009-01-01 00:00:00,4db45324410a01a7023b038e5da7d7274d3cfd392565c351cf3d297fd7664c73,
system/usr/share/ca-certificates/mozilla/Starfield_Root_Certificate_Authority_-_G2.crt,system/usr/share/ca-certificates/mozilla/Starfield_Root_Certificate_Authority_-_G2.crt,file,1399,1048,0o100644,2009-01-01 00:00:00,ca3760ba63bf0a2c5dd0dc7fe897838cc58f12a386b4ee53d2065229848e96a3,
system/usr/share/ca-certificates/mozilla/Amazon_Root_CA_3.crt,system/usr/share/ca-certificates/mozilla/Amazon_Root_CA_3.crt,file,656,482,0o100644,2009-01-01 00:00:00,3eb7c3258f4af9222033dc1bb3dd2c7cfa0982b98e39fb8e9dc095cfeb38126c,
system/usr/share/ca-certificates/mozilla/GlobalSign_Root_CA.crt,system/usr/share/ca-certificates/mozilla/GlobalSign_Root_CA.crt,file,1261,943,0o100644,2009-01-01 00:00:00,df68841998b7fd098a9517fe971e97890be0fc93bbe1b2a1ef63ebdea3111c80,
system/usr/share/ca-certificates/mozilla/Actalis_Authentication_Root_CA.crt,system/usr/share/ca-certificates/mozilla/Actalis_Authentication_Root_CA.crt,file,2049,1469,0o100644,2009-01-01 00:00:00,c6d25347727f267774611677588d76f8a54a6e14d3e99dd69ef2c20612ed87c5,
system/usr/share/ca-certificates/mozilla/Deutsche_Telekom_Root_CA_2.crt,system/usr/share/ca-certificates/mozilla/Deutsche_Telekom_Root_CA_2.crt,file,1318,882,0o100644,2009-01-01 00:00:00,ee4f76bb73607da41aac662038e25b2f514984836efa3317e2c50390408dcdce,
system/usr/share/ca-certificates/mozilla/VeriSign_Universal_Root_Certification_Authority.crt,system/usr/share/ca-certificates/mozilla/VeriSign_Universal_Root_Certification_Authority.crt,file,1700,1224,0o100644,2009-01-01 00:00:00,ffd25b0938aa87c23728bf20a2d4e996c8bfd9d0a33b7bb99c8999797ba60fd0,
system/usr/share/ca-certificates/mozilla/GlobalSign_Root_CA_-_R6.crt,system/usr/share/ca-certificates/mozilla/GlobalSign_Root_CA_-_R6.crt,file,1972,1446,0o100644,2009-01-01 00:00:00,5ff8425be71c1805446bf10601ce3cb9619889866766fc9285583ca5a4a7de94,
system/usr/share/ca-certificates/mozilla/Chambers_of_Commerce_Root_-_2008.crt,system/usr/share/ca-certificates/mozilla/Chambers_of_Commerce_Root_-_2008.crt,file,2594,1767,0o100644,2009-01-01 00:00:00,6aca1b8f5c846a4c73e559e5325668bf0b52e45d889bf97ea11af945302f945f,
system/usr/share/ca-certificates/mozilla/certSIGN_ROOT_CA.crt,system/usr/share/ca-certificates/mozilla/certSIGN_ROOT_CA.crt,file,1176,835,0o100644,2009-01-01 00:00:00,cf339eae15268aff66148f3bcdf112a7700eafded3edcb3f86c60133b10e03f8,
system/usr/share/ca-certificates/mozilla/Amazon_Root_CA_1.crt,system/usr/share/ca-certificates/mozilla/Amazon_Root_CA_1.crt,file,1188,904,0o100644,2009-01-01 00:00:00,2c43952ee9e000ff2acc4e2ed0897c0a72ad5fa72c3d934e81741cbd54f05bd1,
system/usr/share/ca-certificates/mozilla/DigiCert_High_Assurance_EV_Root_CA.crt,system/usr/share/ca-certificates/mozilla/DigiCert_High_Assurance_EV_Root_CA.crt,file,1367,991,0o100644,2009-01-01 00:00:00,d98f681c3a7dce812b90bf7c68046827f3bf5607357f1e4918c5dc813b359bf1,
system/usr/share/ca-certificates/mozilla/EC-ACC.crt,system/usr/share/ca-certificates/mozilla/EC-ACC.crt,file,1911,1306,0o100644,2009-01-01 00:00:00,5ce6942c473edecadfca9d8a6349e1d885c0bc74d321c4986b4365ea90807737,
system/usr/share/ca-certificates/mozilla/LuxTrust_Global_Root_2.crt,system/usr/share/ca-certificates/mozilla/LuxTrust_Global_Root_2.crt,file,2057,1524,0o100644,2009-01-01 00:00:00,ebbb1e4f093ff34a1162ecb674cddd7377c8bea7d68f54586b4681e8fa85d8f0,
system/usr/share/ca-certificates/mozilla/SSL.com_Root_Certification_Authority_RSA.crt,system/usr/share/ca-certificates/mozilla/SSL.com_Root_Certification_Authority_RSA.crt,file,2094,1576,0o100644,2009-01-01 00:00:00,2e368debd3626ea9c5d94c582d80050a530b505aa77ba231eb13e4d208c36d67,
system/usr/share/ca-certificates/mozilla/OISTE_WISeKey_Global_Root_GB_CA.crt,system/usr/share/ca-certificates/mozilla/OISTE_WISeKey_Global_Root_GB_CA.crt,file,1346,994,0o100644,2009-01-01 00:00:00,2dc52d373089ff5173ac392a464746dd066aaa3b7d1b3494a473c96686666fce,
system/usr/share/ca-certificates/mozilla/Starfield_Class_2_CA.crt,system/usr/share/ca-certificates/mozilla/Starfield_Class_2_CA.crt,file,1468,1000,0o100644,2009-01-01 00:00:00,1ad8373ec50073168cb6862a0e119adf2c1065c896adf7eb9695779739b4bb2e,
system/usr/share/ca-certificates/mozilla/Izenpe.com.crt,system/usr/share/ca-certificates/mozilla/Izenpe.com.crt,file,2122,1558,0o100644,2009-01-01 00:00:00,1d37341b099afc610bf4feb387096577a0dc61bb8fd09444f1a199a1b1b117e3,
system/usr/share/ca-certificates/mozilla/DigiCert_Trusted_Root_G4.crt,system/usr/share/ca-certificates/mozilla/DigiCert_Trusted_Root_G4.crt,file,1988,1431,0o100644,2009-01-01 00:00:00,ce7d6b44f5d510391be98c8d76b18709400a30cd87659bfebe1c6f97ff5181ee,
system/usr/share/ca-certificates/mozilla/VeriSign_Class_3_Public_Primary_Certification_Authority_-_G4.crt,system/usr/share/ca-certificates/mozilla/VeriSign_Class_3_Public_Primary_Certification_Authority_-_G4.crt,file,1281,792,0o100644,2009-01-01 00:00:00,73113132861b38f7e19abd705c34c5f595d76fa5db7e3b40d438ad37ae7ad19d,
system/usr/share/ca-certificates/mozilla/GDCA_TrustAUTH_R5_ROOT.crt,system/usr/share/ca-certificates/mozilla/GDCA_TrustAUTH_R5_ROOT.crt,file,1980,1438,0o100644,2009-01-01 00:00:00,b0bf3a444f89d8be7db120bfecaa2f94d9e49ede21f680d674c1e8d839d8a9a2,
system/usr/share/ca-certificates/mozilla/Entrust_Root_Certification_Authority.crt,system/usr/share/ca-certificates/mozilla/Entrust_Root_Certification_Authority.crt,file,1643,1188,0o100644,2009-01-01 00:00:00,745bd29be45667514b4000e9cdb70cdecad0f02c78232ed722f64f7f80436e35,
system/usr/share/ca-certificates/mozilla/QuoVadis_Root_CA_2_G3.crt,system/usr/share/ca-certificates/mozilla/QuoVadis_Root_CA_2_G3.crt,file,1923,1437,0o100644,2009-01-01 00:00:00,825c67f5583131425c4e33275cc8e5c9dfd02cd190c6d71e1d335621e82965a8,
system/usr/share/ca-certificates/mozilla/Go_Daddy_Root_Certificate_Authority_-_G2.crt,system/usr/share/ca-certificates/mozilla/Go_Daddy_Root_Certificate_Authority_-_G2.crt,file,1367,1033,0o100644,2009-01-01 00:00:00,500329abac100a953a7396b54b36be57d333022f17401bc948248ea179cf1784,
system/usr/share/ca-certificates/mozilla/IdenTrust_Commercial_Root_CA_1.crt,system/usr/share/ca-certificates/mozilla/IdenTrust_Commercial_Root_CA_1.crt,file,1923,1401,0o100644,2009-01-01 00:00:00,1d03b965511ce50d0a0bae1b549ed7048c783cfcba9aa40ea11d355b1889657c,
system/usr/share/ca-certificates/mozilla/Go_Daddy_Class_2_CA.crt,system/usr/share/ca-certificates/mozilla/Go_Daddy_Class_2_CA.crt,file,1448,989,0o100644,2009-01-01 00:00:00,47f15a52a984ab1f9cd92b6c1849c0465c1b3c9c6837d54e5d2c004fa01b69b7,
system/usr/share/ca-certificates/mozilla/DigiCert_Assured_ID_Root_CA.crt,system/usr/share/ca-certificates/mozilla/DigiCert_Assured_ID_Root_CA.crt,file,1350,911,0o100644,2009-01-01 00:00:00,b52fae9cd8dcf49285f0337cd815deca13fedd31f653bf07f61579451517e18c,
system/usr/share/ca-certificates/mozilla/CA_Disig_Root_R2.crt,system/usr/share/ca-certificates/mozilla/CA_Disig_Root_R2.crt,file,1935,1444,0o100644,2009-01-01 00:00:00,8adefca890c92e6d0877fdcba07655296852217da657026aea69ee547642528c,
system/usr/share/ca-certificates/mozilla/AC_RAIZ_FNMT-RCM.crt,system/usr/share/ca-certificates/mozilla/AC_RAIZ_FNMT-RCM.crt,file,1972,1461,0o100644,2009-01-01 00:00:00,aa18ea4c9a8441a461bb436a1c90beb994ac841980b8fd62c72de9a62ddf8ae3,
system/usr/share/ca-certificates/mozilla/QuoVadis_Root_CA_3_G3.crt,system/usr/share/ca-certificates/mozilla/QuoVadis_Root_CA_3_G3.crt,file,1923,1438,0o100644,2009-01-01 00:00:00,198cfe560c191a800cbe923ceca0a4e4f3d5a0d7ff9316b47998765fdc0897be,
system/usr/share/ca-certificates/mozilla/TrustCor_RootCert_CA-2.crt,system/usr/share/ca-certificates/mozilla/TrustCor_RootCert_CA-2.crt,file,2204,1615,0o100644,2009-01-01 00:00:00,b4dc2f45b7ba821ff240be0d0c816a996cafae929b8f445b0510d9073e1aad5e,
system/usr/share/ca-certificates/mozilla/Global_Chambersign_Root_-_2008.crt,system/usr/share/ca-certificates/mozilla/Global_Chambersign_Root_-_2008.crt,file,2585,1744,0o100644,2009-01-01 00:00:00,9dcde4634ac70130f2f5239b60239329b65952db304585e64df1f03f5be14636,
system/usr/share/ca-certificates/mozilla/OISTE_WISeKey_Global_Root_GC_CA.crt,system/usr/share/ca-certificates/mozilla/OISTE_WISeKey_Global_Root_GC_CA.crt,file,895,647,0o100644,2009-01-01 00:00:00,17b98c4d832e8349ecb55f1f90e41dfc7bcd9410d1e925ccd06612cd3b9b9a54,
system/usr/share/ca-certificates/mozilla/Certplus_Class_2_Primary_CA.crt,system/usr/share/ca-certificates/mozilla/Certplus_Class_2_Primary_CA.crt,file,1298,971,0o100644,2009-01-01 00:00:00,6e9a2b82d0d8afb86d1ef76e371d77e20e470417a06dc382f3ae1c6eab1e692b,
system/usr/share/ca-certificates/mozilla/SSL.com_Root_Certification_Authority_ECC.crt,system/usr/share/ca-certificates/mozilla/SSL.com_Root_Certification_Authority_ECC.crt,file,944,694,0o100644,2009-01-01 00:00:00,b68d02ce35bd02123cf5fcd329bdd33640214715dae0442a97782a4471e9b292,
system/usr/share/ca-certificates/mozilla/AffirmTrust_Premium.crt,system/usr/share/ca-certificates/mozilla/AffirmTrust_Premium.crt,file,1891,1402,0o100644,2009-01-01 00:00:00,94c88202bf2c13c68b90d124f93f62374f36776b0bfbc110c6d06f829290b580,
system/usr/share/ca-certificates/mozilla/Atos_TrustedRoot_2011.crt,system/usr/share/ca-certificates/mozilla/Atos_TrustedRoot_2011.crt,file,1261,950,0o100644,2009-01-01 00:00:00,79e9f88ab505186e36f440c88bc37e103e1a9369a0ebe382c4a04bd70b91c027,
system/usr/share/ca-certificates/mozilla/Cybertrust_Global_Root.crt,system/usr/share/ca-certificates/mozilla/Cybertrust_Global_Root.crt,file,1318,951,0o100644,2009-01-01 00:00:00,67d7418965acecb4b6ba5622ebc6106716999a78010e77a786c2c6753ac6febf,
system/usr/share/ca-certificates/mozilla/Comodo_AAA_Services_root.crt,system/usr/share/ca-certificates/mozilla/Comodo_AAA_Services_root.crt,file,1517,1111,0o100644,2009-01-01 00:00:00,a5ddabd1602ae1c66ce11ad078e734cc473dcb8e9f573037832d8536ae3de90b,
system/usr/share/ca-certificates/mozilla/Hellenic_Academic_and_Research_Institutions_ECC_RootCA_2015.crt,system/usr/share/ca-certificates/mozilla/Hellenic_Academic_and_Research_Institutions_ECC_RootCA_2015.crt,file,1017,719,0o100644,2009-01-01 00:00:00,1cdd90d42b48cced8f5ecbff087c49da56b224f0272e4b5074e63b82fff5fb16,
system/usr/share/ca-certificates/mozilla/NetLock_Arany_=Class_Gold=_F┼ætan├║s├¡tv├íny.crt,system/usr/share/ca-certificates/mozilla/NetLock_Arany_=Class_Gold=_F┼ætan├║s├¡tv├íny.crt,file,1476,1088,0o100644,2009-01-01 00:00:00,40f60f2e2f83fb6c63ddefeba7939a7852b2d468183ea939cc4dcac8fe4cc87d,
system/usr/share/ca-certificates/mozilla/SwissSign_Silver_CA_-_G2.crt,system/usr/share/ca-certificates/mozilla/SwissSign_Silver_CA_-_G2.crt,file,2049,1466,0o100644,2009-01-01 00:00:00,9b3cbeb7d75271e0b62d40d60f8b18a35384ac6b171209231732fc778cfd2b5f,
system/usr/share/ca-certificates/mozilla/Certinomis_-_Root_CA.crt,system/usr/share/ca-certificates/mozilla/Certinomis_-_Root_CA.crt,file,1992,1475,0o100644,2009-01-01 00:00:00,180fdd00918d50184c2157f2280945b3ec7fe9af641644c8c46c54ee7352839d,
system/usr/share/ca-certificates/mozilla/SSL.com_EV_Root_Certification_Authority_RSA_R2.crt,system/usr/share/ca-certificates/mozilla/SSL.com_EV_Root_Certification_Authority_RSA_R2.crt,file,2114,1499,0o100644,2009-01-01 00:00:00,a0681f1a11d5c02760bcb68b61b0d332f6c197e239c4b30dc47f91a79a73282b,
system/usr/share/ca-certificates/mozilla/Trustis_FPS_Root_CA.crt,system/usr/share/ca-certificates/mozilla/Trustis_FPS_Root_CA.crt,file,1241,938,0o100644,2009-01-01 00:00:00,cc3eeb75c29ab1a67271a76a45cb39acef1eeeaa3770fb086b7c27ff884a4d62,
system/usr/share/ca-certificates/mozilla/DigiCert_Assured_ID_Root_G3.crt,system/usr/share/ca-certificates/mozilla/DigiCert_Assured_ID_Root_G3.crt,file,851,552,0o100644,2009-01-01 00:00:00,c4fa4cc30be6aee0a4c0dff81f28768eedd83e8d4934a42f82179cbfa61f13ad,
system/usr/share/ca-certificates/mozilla/Hongkong_Post_Root_CA_1.crt,system/usr/share/ca-certificates/mozilla/Hongkong_Post_Root_CA_1.crt,file,1168,818,0o100644,2009-01-01 00:00:00,9dd93324ad79de9a6d595611342d38ae6ca937772c65e11da3ebf88c5a248115,
system/usr/share/ca-certificates/mozilla/AddTrust_External_Root.crt,system/usr/share/ca-certificates/mozilla/AddTrust_External_Root.crt,file,1521,1063,0o100644,2009-01-01 00:00:00,4a4928ce5db4c7347a6d0b7b10677c6308390b624d82eeb0fe3f68d125121a4e,
system/usr/share/ca-certificates/mozilla/DST_Root_CA_X3.crt,system/usr/share/ca-certificates/mozilla/DST_Root_CA_X3.crt,file,1200,921,0o100644,2009-01-01 00:00:00,139a5e4a4e0fa505378c72c5f700934ce8333f4e6b1b508886c4b0eb14f4be99,
system/usr/share/ca-certificates/mozilla/COMODO_RSA_Certification_Authority.crt,system/usr/share/ca-certificates/mozilla/COMODO_RSA_Certification_Authority.crt,file,2086,1476,0o100644,2009-01-01 00:00:00,24b0d4292dacb02efc38542838e378bc35f040dcd21bebfddbc82dc7feb2876d,
system/usr/share/ca-certificates/mozilla/Microsec_e-Szigno_Root_CA_2009.crt,system/usr/share/ca-certificates/mozilla/Microsec_e-Szigno_Root_CA_2009.crt,file,1460,958,0o100644,2009-01-01 00:00:00,4f670affee7b14140a6d20937db6e991102d5f8bac1d2562ebf20a1afda94d73,
system/usr/share/ca-certificates/mozilla/Buypass_Class_2_Root_CA.crt,system/usr/share/ca-certificates/mozilla/Buypass_Class_2_Root_CA.crt,file,1915,1441,0o100644,2009-01-01 00:00:00,9c2a7510e01aec2c9b8cc2c9d03b16576858a93863a6d0a31a2ac05f47f5dbe1,
system/usr/share/ca-certificates/mozilla/Security_Communication_RootCA2.crt,system/usr/share/ca-certificates/mozilla/Security_Communication_RootCA2.crt,file,1261,961,0o100644,2009-01-01 00:00:00,39ad3110b8f84821ca22cfbd995914f2149521d27ce576e743de6a00dc39d9db,
system/usr/share/ca-certificates/mozilla/TrustCor_ECA-1.crt,system/usr/share/ca-certificates/mozilla/TrustCor_ECA-1.crt,file,1493,1074,0o100644,2009-01-01 00:00:00,0080981e6ff76e4f00a6fdf9e4e6cb98a9221eb334f4d43a07e194d23f648f47,
system/usr/share/ca-certificates/mozilla/Entrust_Root_Certification_Authority_-_EC1.crt,system/usr/share/ca-certificates/mozilla/Entrust_Root_Certification_Authority_-_EC1.crt,file,1090,774,0o100644,2009-01-01 00:00:00,a0d7e56b32b767e076bd7d05ce1779dbe3656d0a02a9abe711fc79640b9f7fbe,
system/usr/share/ca-certificates/mozilla/GeoTrust_Primary_Certification_Authority.crt,system/usr/share/ca-certificates/mozilla/GeoTrust_Primary_Certification_Authority.crt,file,1269,955,0o100644,2009-01-01 00:00:00,cc416d7ae060caccf42109926e47d30a42ad956cd3ffab9446f1fa713ab4a064,
system/usr/share/ca-certificates/mozilla/SSL.com_EV_Root_Certification_Authority_ECC.crt,system/usr/share/ca-certificates/mozilla/SSL.com_EV_Root_Certification_Authority_ECC.crt,file,956,704,0o100644,2009-01-01 00:00:00,662d60a283f416d888ff18831009e2cba95c61377f648beeed91a3dea12ac286,
system/usr/share/ca-certificates/mozilla/COMODO_ECC_Certification_Authority.crt,system/usr/share/ca-certificates/mozilla/COMODO_ECC_Certification_Authority.crt,file,940,592,0o100644,2009-01-01 00:00:00,d69f7b57250536f57ffba92cffe82a8bbcb16e03a9a2607ec967f362ce83f9ce,
system/usr/share/ca-certificates/mozilla/AffirmTrust_Commercial.crt,system/usr/share/ca-certificates/mozilla/AffirmTrust_Commercial.crt,file,1204,865,0o100644,2009-01-01 00:00:00,7108110fdaf19e3e5a7ed8fa38557248e79fe78bb2e9eefe7a0bb801cbfd2db7,
system/usr/share/ca-certificates/mozilla/GlobalSign_ECC_Root_CA_-_R5.crt,system/usr/share/ca-certificates/mozilla/GlobalSign_ECC_Root_CA_-_R5.crt,file,794,526,0o100644,2009-01-01 00:00:00,80eeafa5039f282345129a81ace7e1c1e1d4fd826f1eb3391a4ea56f38a6e3d8,
system/usr/share/ca-certificates/mozilla/CFCA_EV_ROOT.crt,system/usr/share/ca-certificates/mozilla/CFCA_EV_ROOT.crt,file,1984,1442,0o100644,2009-01-01 00:00:00,94e4ab21333740d7ed0f2b5007744e5cf6792c0ddf4c6bdfb3ce8333010e7306,
system/usr/share/ca-certificates/mozilla/T-TeleSec_GlobalRoot_Class_3.crt,system/usr/share/ca-certificates/mozilla/T-TeleSec_GlobalRoot_Class_3.crt,file,1367,915,0o100644,2009-01-01 00:00:00,1cb130a113f4e8502517a679808a98bf076d59bdb223bfc61cd224b8e1abda49,
system/usr/share/ca-certificates/mozilla/QuoVadis_Root_CA_3.crt,system/usr/share/ca-certificates/mozilla/QuoVadis_Root_CA_3.crt,file,2354,1736,0o100644,2009-01-01 00:00:00,a2ae0b4ec9d2a4c4e150756a3defabd15bcaa75ee2b599e722b27c6a2998d00b,
system/usr/share/ca-certificates/mozilla/Entrust.net_Premium_2048_Secure_Server_CA.crt,system/usr/share/ca-certificates/mozilla/Entrust.net_Premium_2048_Secure_Server_CA.crt,file,1505,1087,0o100644,2009-01-01 00:00:00,24e0277c0c028497c6b0abbbf7163ec3ae7b341cadfb0b90bc00c4ad642172cc,
system/usr/share/ca-certificates/mozilla/Certum_Trusted_Network_CA.crt,system/usr/share/ca-certificates/mozilla/Certum_Trusted_Network_CA.crt,file,1354,1018,0o100644,2009-01-01 00:00:00,43f1bade6454349c258017cc99113f8b6a5712e3807e82ad9371348d52d60190,
system/usr/share/ca-certificates/mozilla/Security_Communication_Root_CA.crt,system/usr/share/ca-certificates/mozilla/Security_Communication_Root_CA.crt,file,1224,859,0o100644,2009-01-01 00:00:00,684f2f6ce0a18fcb038d08a495846fbc35b96d99875fef1b24384cf0944a68c3,
system/usr/share/ca-certificates/mozilla/Baltimore_CyberTrust_Root.crt,system/usr/share/ca-certificates/mozilla/Baltimore_CyberTrust_Root.crt,file,1261,946,0o100644,2009-01-01 00:00:00,d1c290ea1e4544dec1934931fbfa1fb2060eb3a0f2239ba191f444ecbce35cbb,
system/usr/share/ca-certificates/mozilla/T-TeleSec_GlobalRoot_Class_2.crt,system/usr/share/ca-certificates/mozilla/T-TeleSec_GlobalRoot_Class_2.crt,file,1367,911,0o100644,2009-01-01 00:00:00,b30989fd9e45c74bf417df74d1da639d1f04d4fd0900be813a2d6a031a56c845,
system/usr/share/ca-certificates/mozilla/Verisign_Class_3_Public_Primary_Certification_Authority_-_G3.crt,system/usr/share/ca-certificates/mozilla/Verisign_Class_3_Public_Primary_Certification_Authority_-_G3.crt,file,1484,957,0o100644,2009-01-01 00:00:00,287333c9014a9fa3111e439c4426b204bd8415c116b8ae47524506611bb568fb,
system/usr/share/ca-certificates/mozilla/TWCA_Global_Root_CA.crt,system/usr/share/ca-certificates/mozilla/TWCA_Global_Root_CA.crt,file,1883,1428,0o100644,2009-01-01 00:00:00,5dadc31b57074a3168d1df23bb8b6b920acae1d426bf2288fc2de53cdd571089,
system/usr/share/ca-certificates/mozilla/DigiCert_Global_Root_CA.crt,system/usr/share/ca-certificates/mozilla/DigiCert_Global_Root_CA.crt,file,1338,975,0o100644,2009-01-01 00:00:00,39fdcf28aeffe08d03251fccaf645e3c5de19fa4ebbafc89b4ede2a422148bab,
system/usr/share/ca-certificates/mozilla/Network_Solutions_Certificate_Authority.crt,system/usr/share/ca-certificates/mozilla/Network_Solutions_Certificate_Authority.crt,file,1411,978,0o100644,2009-01-01 00:00:00,9add62538679bbb4889076ac49e02bea8849991d4b4d54673b84a042cb324ded,
system/usr/share/ca-certificates/mozilla/USERTrust_ECC_Certification_Authority.crt,system/usr/share/ca-certificates/mozilla/USERTrust_ECC_Certification_Authority.crt,file,948,599,0o100644,2009-01-01 00:00:00,08fb40ba4144166f6ae80c7ab60be23e97e5083836d45fa85a33a5d0bfec10f8,
system/usr/share/ca-certificates/mozilla/IdenTrust_Public_Sector_Root_CA_1.crt,system/usr/share/ca-certificates/mozilla/IdenTrust_Public_Sector_Root_CA_1.crt,file,1931,1402,0o100644,2009-01-01 00:00:00,9b4282f5a402e19016c4874a52df3367eabccf05be851ad03039f777a602d30a,
system/usr/share/ca-certificates/mozilla/SZAFIR_ROOT_CA2.crt,system/usr/share/ca-certificates/mozilla/SZAFIR_ROOT_CA2.crt,file,1257,956,0o100644,2009-01-01 00:00:00,cbe8a1eec737c93d1c1cc54e31421f81bf358aa43fbc1ac763d80ce61a17fce0,
system/usr/share/ca-certificates/mozilla/TWCA_Root_Certification_Authority.crt,system/usr/share/ca-certificates/mozilla/TWCA_Root_Certification_Authority.crt,file,1269,884,0o100644,2009-01-01 00:00:00,b69a59344e58615a691fa9567d55ad6337f09b57647a389242cbf43716575559,
system/usr/share/ca-certificates/mozilla/GlobalSign_ECC_Root_CA_-_R4.crt,system/usr/share/ca-certificates/mozilla/GlobalSign_ECC_Root_CA_-_R4.crt,file,713,464,0o100644,2009-01-01 00:00:00,c1c28a3d24cee38689fa2c8352cb81ce123175c738dcfb3610be959a6ae7f810,
system/usr/share/ca-certificates/mozilla/TeliaSonera_Root_CA_v1.crt,system/usr/share/ca-certificates/mozilla/TeliaSonera_Root_CA_v1.crt,file,1870,1411,0o100644,2009-01-01 00:00:00,303c346ece82ca4f6713ac176164285d0469f326b6f12a787e11f5d702529277,
system/usr/share/ca-certificates/mozilla/SecureSign_RootCA11.crt,system/usr/share/ca-certificates/mozilla/SecureSign_RootCA11.crt,file,1249,944,0o100644,2009-01-01 00:00:00,20828fd7b9795221c10272f9f6ed29638f6dc2614465adab1b93f2bfc484c659,
system/usr/share/ca-certificates/mozilla/Starfield_Services_Root_Certificate_Authority_-_G2.crt,system/usr/share/ca-certificates/mozilla/Starfield_Services_Root_Certificate_Authority_-_G2.crt,file,1424,1068,0o100644,2009-01-01 00:00:00,870f56d009d8aeb95b716b0e7b0020225d542c4b283b9ed896edf97428d6712e,
system/usr/share/ca-certificates/mozilla/thawte_Primary_Root_CA_-_G2.crt,system/usr/share/ca-certificates/mozilla/thawte_Primary_Root_CA_-_G2.crt,file,940,697,0o100644,2009-01-01 00:00:00,c697b5dada6398dde75e37a1916a6763fe95ca928ee4dc44efbc920347604978,
system/usr/share/ca-certificates/mozilla/GlobalSign_Root_CA_-_R2.crt,system/usr/share/ca-certificates/mozilla/GlobalSign_Root_CA_-_R2.crt,file,1354,988,0o100644,2009-01-01 00:00:00,e80cb8eb9fc411c947de2785c4907ab80353d52cc6912b45a5ad1812c1110087,
system/usr/share/ca-certificates/mozilla/QuoVadis_Root_CA.crt,system/usr/share/ca-certificates/mozilla/QuoVadis_Root_CA.crt,file,2078,1302,0o100644,2009-01-01 00:00:00,0c9a29897388d09e6b34a0f8f0cb2fb1284c0fa15277dbe6ead5d4cd3c5ce137,
system/usr/share/ca-certificates/mozilla/Hellenic_Academic_and_Research_Institutions_RootCA_2015.crt,system/usr/share/ca-certificates/mozilla/Hellenic_Academic_and_Research_Institutions_RootCA_2015.crt,file,2155,1500,0o100644,2009-01-01 00:00:00,677160e6297b48b87ede98ab7b4f2be55894491776f6191937ea397d01a6fb4b,
system/usr/share/ca-certificates/mozilla/GeoTrust_Universal_CA.crt,system/usr/share/ca-certificates/mozilla/GeoTrust_Universal_CA.crt,file,1935,1434,0o100644,2009-01-01 00:00:00,56646cbc348ddedc3db0f197ced3f6dd922bdcb3b6482e5fd23149dc6e3a4877,
system/usr/share/ca-certificates/mozilla/ACCVRAIZ1.crt,system/usr/share/ca-certificates/mozilla/ACCVRAIZ1.crt,file,2772,1990,0o100644,2009-01-01 00:00:00,04846f73d9d0421c60076fd02bad7f0a81a3f11a028d653b0de53290e41dcead,
system/usr/share/ca-certificates/mozilla/Certigna.crt,system/usr/share/ca-certificates/mozilla/Certigna.crt,file,1330,940,0o100644,2009-01-01 00:00:00,d1e1969cdbc656bb4c568116fe2d9b4f8b02b170dc20193b86a26c046f4b35a7,
system/usr/share/ca-certificates/mozilla/Staat_der_Nederlanden_Root_CA_-_G3.crt,system/usr/share/ca-certificates/mozilla/Staat_der_Nederlanden_Root_CA_-_G3.crt,file,1952,1463,0o100644,2009-01-01 00:00:00,f0715c610871ab0a5579f58cea2b9e1cf842552ed59b25f3f8ea70c6513943fb,
system/usr/share/ca-certificates/mozilla/Amazon_Root_CA_4.crt,system/usr/share/ca-certificates/mozilla/Amazon_Root_CA_4.crt,file,737,554,0o100644,2009-01-01 00:00:00,b0b7961120481e33670315b2f843e643c42f693c7a1010eb9555e06ddc730214,
system/usr/share/ca-certificates/mozilla/Taiwan_GRCA.crt,system/usr/share/ca-certificates/mozilla/Taiwan_GRCA.crt,file,1948,1471,0o100644,2009-01-01 00:00:00,3f5c96d28df10a1ce0e80c28d4800ede7417a8817c8aa6c45162e39db35593af,
system/usr/share/ca-certificates/mozilla/Staat_der_Nederlanden_Root_CA_-_G2.crt,system/usr/share/ca-certificates/mozilla/Staat_der_Nederlanden_Root_CA_-_G2.crt,file,2069,1563,0o100644,2009-01-01 00:00:00,8c11bd4d1e152297481ba8906f9d636b678df6bbe8b7ea6a3b05b4ab8a020e45,
system/usr/share/ca-certificates/mozilla/USERTrust_RSA_Certification_Authority.crt,system/usr/share/ca-certificates/mozilla/USERTrust_RSA_Certification_Authority.crt,file,2094,1482,0o100644,2009-01-01 00:00:00,8a3dbcb92ab1c6277647fe2ab8536b5c982abbfdb1f1df5728e01b906aba953a,
system/usr/share/udhcpc/__emptyfile__,system/usr/share/udhcpc/__emptyfile__,file,0,0,0o40755,2024-02-02 11:17:48,e3b0c44298fc1c149afbf4c8996fb92427ae41e4649b934ca495991b7852b855,
system/usr/share/udhcpc/,system/usr/share/udhcpc/,directory,0,0,0o40755,2009-01-01 00:00:00,,
system/usr/share/udhcpc/default.script,system/usr/share/udhcpc/default.script,file,49,49,0o100755,2009-01-01 00:00:00,61b6cb00935bfe02e72ba42f391dba731e5ecaf69a2edbb35aa0d0ea6f735807,
system/usr/share/avahi/__emptyfile__,system/usr/share/avahi/__emptyfile__,file,0,0,0o40755,2024-02-02 11:17:48,e3b0c44298fc1c149afbf4c8996fb92427ae41e4649b934ca495991b7852b855,
system/usr/share/avahi/,system/usr/share/avahi/,directory,0,0,0o40755,2009-01-01 00:00:00,,
system/usr/share/avahi/avahi-service.dtd,system/usr/share/avahi/avahi-service.dtd,file,612,253,0o100644,2009-01-01 00:00:00,cbdcda74df125b04c254e4b1a495d18ccb139b4d6ffea48cfe455b08fd3bad6a,
system/usr/share/dbus-1/__emptyfile__,system/usr/share/dbus-1/__emptyfile__,file,0,0,0o40755,2024-02-02 11:17:48,e3b0c44298fc1c149afbf4c8996fb92427ae41e4649b934ca495991b7852b855,
system/usr/share/dbus-1/,system/usr/share/dbus-1/,directory,0,0,0o40755,2009-01-01 00:00:00,,
system/usr/share/dbus-1/system.d/__emptyfile__,system/usr/share/dbus-1/system.d/__emptyfile__,file,0,0,0o40755,2024-02-02 11:17:48,e3b0c44298fc1c149afbf4c8996fb92427ae41e4649b934ca495991b7852b855,
system/usr/share/dbus-1/system.d/,system/usr/share/dbus-1/system.d/,directory,0,0,0o40755,2009-01-01 00:00:00,,
system/usr/share/dbus-1/system.d/org.freedesktop.systemd1.conf,system/usr/share/dbus-1/system.d/org.freedesktop.systemd1.conf,file,18807,1316,0o100644,2009-01-01 00:00:00,6e1b2d3569818cf4cd164568388b5d9502f2fa5b4d2d558ce11325b0b47c42b3,
system/usr/share/dbus-1/system.d/extra-users-reboot.conf,system/usr/share/dbus-1/system.d/extra-users-reboot.conf,file,2473,1037,0o100644,2009-01-01 00:00:00,f701459b475c9656a5b5868ce9d952afe8e3bb347df9368bfe19bafe28f04799,
system/usr/share/dbus-1/system.d/org.freedesktop.hostname1.conf,system/usr/share/dbus-1/system.d/org.freedesktop.hostname1.conf,file,985,450,0o100644,2009-01-01 00:00:00,d0d00f7a7d92133c7e3a12d2397a8a460730630b015aa2b37331834e3c73ed08,
system/usr/share/dbus-1/system.d/org.freedesktop.login1.conf,system/usr/share/dbus-1/system.d/org.freedesktop.login1.conf,file,13299,956,0o100644,2009-01-01 00:00:00,f50377cead43623f8dc64f7056f2211db4db33e73657fef4300bf386633812b2,
system/usr/share/dbus-1/system.d/org.freedesktop.timedate1.conf,system/usr/share/dbus-1/system.d/org.freedesktop.timedate1.conf,file,985,449,0o100644,2009-01-01 00:00:00,68313a0b0f119cd79d59d65726bf0e317a5fee43322afe4debcddcff3a92d986,
system/usr/share/dbus-1/system.d/extra-users.conf,system/usr/share/dbus-1/system.d/extra-users.conf,file,2472,1038,0o100644,2009-01-01 00:00:00,f1eaf639f31bb8e6ae8c9969767327fe0ecd49b2291b5be4ec838fc745f62c96,
system/usr/share/dbus-1/system.conf,system/usr/share/dbus-1/system.conf,file,5696,1885,0o100644,2009-01-01 00:00:00,8b179716293ec6c3e7708dbc40f0778624a84d94e517227be947ab236d65af91,
system/usr/share/dbus-1/system-services/__emptyfile__,system/usr/share/dbus-1/system-services/__emptyfile__,file,0,0,0o40755,2024-02-02 11:17:48,e3b0c44298fc1c149afbf4c8996fb92427ae41e4649b934ca495991b7852b855,
system/usr/share/dbus-1/system-services/,system/usr/share/dbus-1/system-services/,directory,0,0,0o40755,2009-01-01 00:00:00,,
system/usr/share/dbus-1/system-services/org.freedesktop.hostname1.service,system/usr/share/dbus-1/system-services/org.freedesktop.hostname1.service,file,424,276,0o100644,2009-01-01 00:00:00,9c3d7752da25a7b03e3a7b12d268116cf78d09f9ba77072198f70fe970f1f112,
system/usr/share/dbus-1/system-services/org.freedesktop.timedate1.service,system/usr/share/dbus-1/system-services/org.freedesktop.timedate1.service,file,459,292,0o100644,2009-01-01 00:00:00,b35ec4d91382655caad10cee4309b848e1ab6062b18558e7f2e5f5b868830459,
system/usr/share/dbus-1/system-services/org.freedesktop.systemd1.service,system/usr/share/dbus-1/system-services/org.freedesktop.systemd1.service,file,404,273,0o100644,2009-01-01 00:00:00,37a68d852e39114b9691001fc91c9db098e506e077a324329c46159020ab3f39,
system/usr/share/dbus-1/system-services/org.freedesktop.Avahi.service,system/usr/share/dbus-1/system-services/org.freedesktop.Avahi.service,file,971,565,0o100644,2009-01-01 00:00:00,70e959e3286cb86170d29b6a914902c438414d9b3133e9b1b9cb7b5b80683624,
system/usr/share/dbus-1/system-services/org.freedesktop.login1.service,system/usr/share/dbus-1/system-services/org.freedesktop.login1.service,file,453,291,0o100644,2009-01-01 00:00:00,b7045bf9eb1f6887f1edefc1b27e8bfe252d0794479a9c3d333cf40356bb2eb9,
system/usr/share/dbus-1/services/__emptyfile__,system/usr/share/dbus-1/services/__emptyfile__,file,0,0,0o40755,2024-02-02 11:17:48,e3b0c44298fc1c149afbf4c8996fb92427ae41e4649b934ca495991b7852b855,
system/usr/share/dbus-1/services/,system/usr/share/dbus-1/services/,directory,0,0,0o40755,2009-01-01 00:00:00,,
system/usr/share/dbus-1/session.d/__emptyfile__,system/usr/share/dbus-1/session.d/__emptyfile__,file,0,0,0o40755,2024-02-02 11:17:48,e3b0c44298fc1c149afbf4c8996fb92427ae41e4649b934ca495991b7852b855,
system/usr/share/dbus-1/session.d/,system/usr/share/dbus-1/session.d/,directory,0,0,0o40755,2009-01-01 00:00:00,,
system/usr/share/dbus-1/session.conf,system/usr/share/dbus-1/session.conf,file,3561,1448,0o100644,2009-01-01 00:00:00,206f009ddcf909422f3651c687b4623a5780fb7486c6d650e5332f57c00d6be1,
system/usr/share/tinyproxy/__emptyfile__,system/usr/share/tinyproxy/__emptyfile__,file,0,0,0o40755,2024-02-02 11:17:48,e3b0c44298fc1c149afbf4c8996fb92427ae41e4649b934ca495991b7852b855,
system/usr/share/tinyproxy/,system/usr/share/tinyproxy/,directory,0,0,0o40755,2009-01-01 00:00:00,,
system/usr/share/tinyproxy/default.html,system/usr/share/tinyproxy/default.html,file,466,309,0o100644,2009-01-01 00:00:00,1189d36032b8e7c783b1e0efec365bcfe1eb3881b6645164e9a2eca9962dc449,
system/usr/share/tinyproxy/debug.html,system/usr/share/tinyproxy/debug.html,file,874,423,0o100644,2009-01-01 00:00:00,77607514a68ab1a2c208abf217d72f1fb7e6bba9f3ae004734a1a49eeb7af05e,
system/usr/share/tinyproxy/stats.html,system/usr/share/tinyproxy/stats.html,file,1121,539,0o100644,2009-01-01 00:00:00,3919ca6915cdd793bc6cd9f5ebbf9471e056e7b186c65a5c6c3b714552024a9f,
system/usr/share/dict/__emptyfile__,system/usr/share/dict/__emptyfile__,file,0,0,0o40755,2024-02-02 11:17:48,e3b0c44298fc1c149afbf4c8996fb92427ae41e4649b934ca495991b7852b855,
system/usr/share/dict/,system/usr/share/dict/,directory,0,0,0o40755,2009-01-01 00:00:00,,
system/usr/share/opkg/__emptyfile__,system/usr/share/opkg/__emptyfile__,file,0,0,0o40755,2024-02-02 11:17:48,e3b0c44298fc1c149afbf4c8996fb92427ae41e4649b934ca495991b7852b855,
system/usr/share/opkg/,system/usr/share/opkg/,directory,0,0,0o40755,2009-01-01 00:00:00,,
system/usr/share/opkg/intercept/__emptyfile__,system/usr/share/opkg/intercept/__emptyfile__,file,0,0,0o40755,2024-02-02 11:17:48,e3b0c44298fc1c149afbf4c8996fb92427ae41e4649b934ca495991b7852b855,
system/usr/share/opkg/intercept/,system/usr/share/opkg/intercept/,directory,0,0,0o40755,2009-01-01 00:00:00,,
system/usr/share/opkg/intercept/depmod,system/usr/share/opkg/intercept/depmod,file,309,147,0o100755,2009-01-01 00:00:00,5a241c7de1c5d4cfab432a67e84e6e78517b9183b68646a768ef674354235ba0,
system/usr/share/opkg/intercept/ldconfig,system/usr/share/opkg/intercept/ldconfig,file,151,91,0o100755,2009-01-01 00:00:00,1945aa04ba080ed8953eefcf81dd245b63af6805c48845d9ed72b950baa9b25a,
system/usr/share/opkg/intercept/update-modules,system/usr/share/opkg/intercept/update-modules,file,175,96,0o100755,2009-01-01 00:00:00,48c124874e7683a173c61c9df36d77c8014d37c36fa157d27a3ecd2858ac296d,
system/usr/share/factory/__emptyfile__,system/usr/share/factory/__emptyfile__,file,0,0,0o40755,2024-02-02 11:17:48,e3b0c44298fc1c149afbf4c8996fb92427ae41e4649b934ca495991b7852b855,
system/usr/share/factory/,system/usr/share/factory/,directory,0,0,0o40755,2009-01-01 00:00:00,,
system/usr/share/factory/etc/__emptyfile__,system/usr/share/factory/etc/__emptyfile__,file,0,0,0o40755,2024-02-02 11:17:48,e3b0c44298fc1c149afbf4c8996fb92427ae41e4649b934ca495991b7852b855,
system/usr/share/factory/etc/,system/usr/share/factory/etc/,directory,0,0,0o40755,2009-01-01 00:00:00,,
system/usr/share/factory/etc/pam.d/__emptyfile__,system/usr/share/factory/etc/pam.d/__emptyfile__,file,0,0,0o40755,2024-02-02 11:17:48,e3b0c44298fc1c149afbf4c8996fb92427ae41e4649b934ca495991b7852b855,
system/usr/share/factory/etc/pam.d/,system/usr/share/factory/etc/pam.d/,directory,0,0,0o40755,2009-01-01 00:00:00,,
system/usr/share/factory/etc/pam.d/other,system/usr/share/factory/etc/pam.d/other,file,149,81,0o100644,2009-01-01 00:00:00,73fa71815a900524c896d5594639f28d24e9f2ec987d2a7a6fde3989a6c94148,
system/usr/share/factory/etc/pam.d/system-auth,system/usr/share/factory/etc/pam.d/system-auth,file,340,164,0o100644,2009-01-01 00:00:00,dd9a25cbcb3724a7872dbffc225d1995268389088d075539d80ca6fb420f2368,
system/usr/share/factory/etc/nsswitch.conf,system/usr/share/factory/etc/nsswitch.conf,file,119,89,0o100644,2009-01-01 00:00:00,d286ca1d2cf43cc031fedef889572e49a1c53e61e7fe96d0e24b6d548b8f10ee,
system/usr/share/misc/__emptyfile__,system/usr/share/misc/__emptyfile__,file,0,0,0o40755,2024-02-02 11:17:48,e3b0c44298fc1c149afbf4c8996fb92427ae41e4649b934ca495991b7852b855,
system/usr/share/misc/,system/usr/share/misc/,directory,0,0,0o40755,2009-01-01 00:00:00,,
system/usr/share/bash-completion/__emptyfile__,system/usr/share/bash-completion/__emptyfile__,file,0,0,0o40755,2024-02-02 11:17:48,e3b0c44298fc1c149afbf4c8996fb92427ae41e4649b934ca495991b7852b855,
system/usr/share/bash-completion/,system/usr/share/bash-completion/,directory,0,0,0o40755,2009-01-01 00:00:00,,
system/usr/share/bash-completion/completions/__emptyfile__,system/usr/share/bash-completion/completions/__emptyfile__,file,0,0,0o40755,2024-02-02 11:17:48,e3b0c44298fc1c149afbf4c8996fb92427ae41e4649b934ca495991b7852b855,
system/usr/share/bash-completion/completions/,system/usr/share/bash-completion/completions/,directory,0,0,0o40755,2009-01-01 00:00:00,,
system/usr/share/bash-completion/completions/udevadm,system/usr/share/bash-completion/completions/udevadm,file,3766,1344,0o100644,2009-01-01 00:00:00,48545540326c7eba22883d8d469f336c861d8ad26b7e8a34116943162a3d7e5f,
system/usr/share/polkit-1/__emptyfile__,system/usr/share/polkit-1/__emptyfile__,file,0,0,0o40755,2024-02-02 11:17:48,e3b0c44298fc1c149afbf4c8996fb92427ae41e4649b934ca495991b7852b855,
system/usr/share/polkit-1/,system/usr/share/polkit-1/,directory,0,0,0o40755,2009-01-01 00:00:00,,
system/usr/share/polkit-1/actions/__emptyfile__,system/usr/share/polkit-1/actions/__emptyfile__,file,0,0,0o40755,2024-02-02 11:17:48,e3b0c44298fc1c149afbf4c8996fb92427ae41e4649b934ca495991b7852b855,
system/usr/share/polkit-1/actions/,system/usr/share/polkit-1/actions/,directory,0,0,0o40755,2009-01-01 00:00:00,,
system/usr/share/polkit-1/actions/org.freedesktop.timedate1.policy,system/usr/share/polkit-1/actions/org.freedesktop.timedate1.policy,file,3125,748,0o100644,2009-01-01 00:00:00,2a6bd7c61a16ef4c949ab5fdf05b1372f602003f83e50dc9bd73ef805c8888ac,
system/usr/share/polkit-1/actions/org.freedesktop.hostname1.policy,system/usr/share/polkit-1/actions/org.freedesktop.hostname1.policy,file,2541,684,0o100644,2009-01-01 00:00:00,15ff3d0f23ca80849dac6a69b41ec3917579642797c973bba282664b25003949,
system/usr/share/polkit-1/actions/org.freedesktop.systemd1.policy,system/usr/share/polkit-1/actions/org.freedesktop.systemd1.policy,file,3819,815,0o100644,2009-01-01 00:00:00,c85361f4512728a86fb5bf35e71af6bdd2e3ffb7c23ade906ae56c1b7cf662b8,
system/usr/share/polkit-1/actions/org.freedesktop.login1.policy,system/usr/share/polkit-1/actions/org.freedesktop.login1.policy,file,21681,1619,0o100644,2009-01-01 00:00:00,e6dbb8b23ae343c66b5b1d9e3a186c8af247d12e45da2959c3039337e430f247,
system/usr/bin/__emptyfile__,system/usr/bin/__emptyfile__,file,0,0,0o40755,2024-02-02 11:17:48,e3b0c44298fc1c149afbf4c8996fb92427ae41e4649b934ca495991b7852b855,
system/usr/bin/,system/usr/bin/,directory,0,0,0o40755,2009-01-01 00:00:00,,
system/usr/bin/mbimd,system/usr/bin/mbimd,file,1371612,722284,0o100755,2009-01-01 00:00:00,246969d1836e4ce8a6e5ce6b919b9e88510fd8949803639aa27ab1954d8801aa,
system/usr/bin/athdiag,system/usr/bin/athdiag,file,26600,11174,0o100755,2009-01-01 00:00:00,f09fcfde3f6f9529266d697ef9619504ff0a8e4670546740e48f2cf266a4fb35,
system/usr/bin/strace,system/usr/bin/strace,file,665376,285169,0o100755,2009-01-01 00:00:00,8727cb96825690dde68633a01be6fab7d60f92a921961f971645b7e6d34867b5,
system/usr/bin/PktRspTest,system/usr/bin/PktRspTest,file,5820,2239,0o100755,2009-01-01 00:00:00,23a68f55fd11709c4e8137f0b8ba86fd44910c76e527baa5c5b2b36292d2b5d6,
system/usr/bin/dbus-uuidgen,system/usr/bin/dbus-uuidgen,file,5764,2670,0o100755,2009-01-01 00:00:00,aad7da80bbd16c80066b603165721dec39676a24e175d77d9a10f0db142da5ca,
system/usr/bin/ftmdaemon,system/usr/bin/ftmdaemon,file,47180,24965,0o100755,2009-01-01 00:00:00,89c156fe07bea77604cf76dfbefc63c40d9142be8b76da6db3d5aa6da76e719e,
system/usr/bin/ubus,system/usr/bin/ubus,file,14016,6218,0o100755,2009-01-01 00:00:00,a6ccc488e7b04611d8901cce84223f7544f850fd74f65c1f24012642d1726eaa,
system/usr/bin/mcm_data_srv,system/usr/bin/mcm_data_srv,file,50880,24231,0o100755,2009-01-01 00:00:00,254465d5b161118350ed1c11d30bd022ac9104da6404bb175e59c35ae9baef66,
system/usr/bin/qrtr-cfg,system/usr/bin/qrtr-cfg,file,5760,2251,0o100755,2009-01-01 00:00:00,bc9c0ad3680c06e9a22d10314a7ea1450b8ae4adced2d0098bfc16f0861676e1,
system/usr/bin/busctl,system/usr/bin/busctl,file,50828,25174,0o100755,2009-01-01 00:00:00,680d9f253a695e9345a00f29361bef69c15cc52e3ce70015bc3dbb020fe95698,
system/usr/bin/diag_dci_sample,system/usr/bin/diag_dci_sample,file,18312,6775,0o100755,2009-01-01 00:00:00,bb8a148aca50641363df367a8e68483d487c293da0409b3f8973b3f8a4a1c74b,
system/usr/bin/updatedb,system/usr/bin/updatedb,file,10453,4023,0o100755,2009-01-01 00:00:00,d3d83692af6fa4d4d9a5ed7bd2b08e495fcf88482ae82133b2ccc13c065ae71c,
system/usr/bin/atfwd_daemon,system/usr/bin/atfwd_daemon,file,49076,24018,0o100755,2009-01-01 00:00:00,9c6fa01dae4307db3cec76d8cb3a6dcc07c09e1e7e803b218e0dc539ef8f2842,
system/usr/bin/QCMAP_Web_CLIENT,system/usr/bin/QCMAP_Web_CLIENT,file,84804,40244,0o100755,2009-01-01 00:00:00,dc8eeaa27a8d52b3f87ec015a8a898cefbdc64f4dd76275f70d7259adc90a91b,
system/usr/bin/getkeycodes,system/usr/bin/getkeycodes,file,9916,3268,0o100755,2009-01-01 00:00:00,bcefa93e795948d358693eaa36f87ba09b9d003a526251afba7d53d580188554,
system/usr/bin/qmi_test_service_clnt_test_4001,system/usr/bin/qmi_test_service_clnt_test_4001,file,22420,11004,0o100755,2009-01-01 00:00:00,2659dd92505a6f0d027894c8adccec012cff579266ab5f77f14a58860c1410b9,
system/usr/bin/ubusd,system/usr/bin/ubusd,file,18208,11185,0o100755,2009-01-01 00:00:00,79f3d5822dd88f18bdbc15b19937cb33c2e0df8190a96c8e57a53e33694273b9,
system/usr/bin/chvt.kbd,system/usr/bin/chvt.kbd,file,5820,2874,0o100755,2009-01-01 00:00:00,3eeb55fbb34f9ebda9fe260a6776b5cf4a5ac9cd02f222125621927116197bf5,
system/usr/bin/batter,system/usr/bin/batter,file,18276,9953,0o100755,2009-01-01 00:00:00,420a0426e7fc67ae8e2ba989d9b32ed9e814d27d498903decec6f760c85e6cc5,
system/usr/bin/usbd,system/usr/bin/usbd,file,76012,42165,0o100755,2009-01-01 00:00:00,0b6f8c421f8fa30567caac5cdc59968e2d8fb825b5fba1ddf9ce54d9505b5e28,
system/usr/bin/chg-policy,system/usr/bin/chg-policy,file,149120,81257,0o100755,2009-01-01 00:00:00,57d8327c2b82de10f64b2f5a8e8b15034b1aea2812ac1962cd36878919d50c22,
system/usr/bin/subsystem_ramdump,system/usr/bin/subsystem_ramdump,file,18064,8380,0o100755,2009-01-01 00:00:00,12649863c6b953b3d84741701c91b8ce8ad7bc5b0cdc3694d5d1576c6c323ef1,
system/usr/bin/sexp-conv,system/usr/bin/sexp-conv,file,18160,9343,0o100755,2009-01-01 00:00:00,40e8c0f1fc26bd844d2ca5e36f921fb2b5d58e2a4df86b89ead02885ae8024f9,
system/usr/bin/IoEConsoleClient,system/usr/bin/IoEConsoleClient,file,47136,24183,0o100755,2009-01-01 00:00:00,8539f8febc2b4b8b427a9aed2764fd41c5257cfbef947f6eb51695e3d7552cf0,
system/usr/bin/QCMAP_ApInterface,system/usr/bin/QCMAP_ApInterface,file,5828,2742,0o100755,2009-01-01 00:00:00,d7ca180cc9ec72672b5e4ba8c994086a330a371f63d520bc2a9b957554fd52cb,
system/usr/bin/nmea_test_app,system/usr/bin/nmea_test_app,file,14008,5291,0o100755,2009-01-01 00:00:00,8f3683fa706971a55cf62f768a178d379610e0db83c2caa75d4ff1dcb90251a6,
system/usr/bin/thermal-engine,system/usr/bin/thermal-engine,file,6484568,100372,0o100755,2009-01-01 00:00:00,4849fb65c8e0f3464a87afb982f1abe386a1ee28333e8e653cfef403c3842491,
system/usr/bin/lowi-test,system/usr/bin/lowi-test,file,120952,70248,0o100755,2009-01-01 00:00:00,3373d9cd2007fc5374638ca3ad448c5e81ef00b4f2f3b4e3b90d5eef37c2e045,
system/usr/bin/qseecom_sample_client,system/usr/bin/qseecom_sample_client,file,30640,13879,0o100755,2009-01-01 00:00:00,b151385b65fccb74a8bc499f333acd5fb59d463db988706c33b1bdabf805b514,
system/usr/bin/QCMAP_Bootup,system/usr/bin/QCMAP_Bootup,file,13956,5678,0o100755,2009-01-01 00:00:00,61b083f5ed62125989ed976f628debe27c2fa9af6bb4ba7644da378e0b163ad4,
system/usr/bin/kbdinfo,system/usr/bin/kbdinfo,file,9912,3802,0o100755,2009-01-01 00:00:00,f5fea8cb4eb8f8d00da8eced5f8a584fffd89765a5be6919252b5d6c8ee86425,
system/usr/bin/dbus-send,system/usr/bin/dbus-send,file,18048,9507,0o100755,2009-01-01 00:00:00,9f1448e9dc2ef873746dd7193b7e142a35ffb9c258b700cc787f5038baf8de4d,
system/usr/bin/xtwifi-inet-agent,system/usr/bin/xtwifi-inet-agent,file,30488,15302,0o100755,2009-01-01 00:00:00,e22d3d944de7fe04d04edec6f7d2916a5c967911ca450fc3ae6966bdeeff5c5f,
system/usr/bin/ipacm,system/usr/bin/ipacm,file,763968,455673,0o100755,2009-01-01 00:00:00,80ac8574d3a44efa86ce446ae45efedcbe94434f1ef317487b405fc1b3b2fe2c,
system/usr/bin/radish,system/usr/bin/radish,file,59128,30693,0o100755,2009-01-01 00:00:00,a5a2c92416926b6ac5c1a3f4e3d6db0ec5d817b0251016b6866ea21685ee4604,
system/usr/bin/openvt.kbd,system/usr/bin/openvt.kbd,file,14188,5743,0o100755,2009-01-01 00:00:00,3b711325abb308bd0bbf046b397304060b3a18924c46a50c55768ba4cb659b39,
system/usr/bin/LwM2M_Client,system/usr/bin/LwM2M_Client,file,659692,362251,0o100755,2009-01-01 00:00:00,adaeaa444f4a4e74fa2d97f7dd7c437b8e30a312cfde0ae52aada562741c8110,
system/usr/bin/c_rehash,system/usr/bin/c_rehash,file,6214,2305,0o100755,2009-01-01 00:00:00,f8eee6d4e7e63ca36020a75aa649f2fe95047b3518695e29f3eb76f765f9ca7e,
system/usr/bin/dbus-monitor,system/usr/bin/dbus-monitor,file,18056,8611,0o100755,2009-01-01 00:00:00,79f834a5d25c9f855a540174f14da66591dae83d1bf107a1825ef895d1bd6d42,
system/usr/bin/qmi_shutdown_modem,system/usr/bin/qmi_shutdown_modem,file,9872,4991,0o100755,2009-01-01 00:00:00,922351b96bf766a540ba724afa20ddb6d0c117d61a9f1c86df80d01b558d4f6b,
system/usr/bin/thermal-engine.sh,system/usr/bin/thermal-engine.sh,file,939,245,0o100754,2009-01-01 00:00:00,50c86b1195d7e37d754b8d7de0742e87b267b3dacb4d90759438be013fc2689f,
system/usr/bin/qrtr-ns,system/usr/bin/qrtr-ns,file,13948,7119,0o100755,2009-01-01 00:00:00,05128c202b98ad290dff8aa43d137b6f21ee099000c60818082262651e7d9822,
system/usr/bin/wcnssfilter,system/usr/bin/wcnssfilter,file,82440,41069,0o100755,2009-01-01 00:00:00,667215ff3e2e1dcfad411f2a8833552a0365df7c065f0bfbc833d07821acc9f2,
system/usr/bin/qrencode,system/usr/bin/qrencode,file,59100,35743,0o100755,2009-01-01 00:00:00,c36ea1737cf3fee57e64d34c9176c1d2c4762b8f80d170a94b32099fa97ee8fb,
system/usr/bin/setmetamode,system/usr/bin/setmetamode,file,5808,2805,0o100755,2009-01-01 00:00:00,f9b7b00ed6ff2e85c4d0e0633ec62a940db287ae0b5a09663de02d4c6aa6fed2,
system/usr/bin/diag_socket_log,system/usr/bin/diag_socket_log,file,19688,7665,0o100755,2009-01-01 00:00:00,4b5a38429d5878e497fa02d0145b5268f12626db3446fefde7bc27806036e40e,
system/usr/bin/fgconsole.kbd,system/usr/bin/fgconsole.kbd,file,9984,3267,0o100755,2009-01-01 00:00:00,48878914e5ab6f1b05eec5646a5e3e06666a588b604184c78191d383abc812e4,
system/usr/bin/led,system/usr/bin/led,file,9876,3334,0o100755,2009-01-01 00:00:00,92dcd9d486293bf78429f06c5ba9b2f31a76ae0e9b89778a8620f3909c50f998,
system/usr/bin/uim_test_client,system/usr/bin/uim_test_client,file,34500,14819,0o100755,2009-01-01 00:00:00,d9d092d1e1aea315b8540638a7bcfcb200b2f086ce734780618be03d582c9dac,
system/usr/bin/dbus-run-session,system/usr/bin/dbus-run-session,file,9864,4240,0o100755,2009-01-01 00:00:00,890abb3d725f448b2174ea67175528ad5c2297ce1c1b14f8b59587afea6044cd,
system/usr/bin/port_bridge,system/usr/bin/port_bridge,file,34456,19408,0o100755,2009-01-01 00:00:00,66de8c1626e5a28b43a6c23ddd03f29bd2693780685d16652b3846362cd03908,
system/usr/bin/systemd-cgls,system/usr/bin/systemd-cgls,file,9868,4673,0o100755,2009-01-01 00:00:00,68b6c4c5b68fe4cff13bbb9e8a0c322a3b7392cb1bc080c1a5fcce70bf292fa5,
system/usr/bin/systemd-socket-activate,system/usr/bin/systemd-socket-activate,file,13992,7581,0o100755,2009-01-01 00:00:00,f89bc7c402bc6d1247f4c25a0841605a68272f3b35d5e71c18726dca2534a93b,
system/usr/bin/systemd-mount,system/usr/bin/systemd-mount,file,34472,17664,0o100755,2009-01-01 00:00:00,da7dc24fcf8c3e1c068cc870161bc100fff1dd4f6ed040cb9b399e7ca444e299,
system/usr/bin/qti_ppp,system/usr/bin/qti_ppp,file,26296,11894,0o100755,2009-01-01 00:00:00,ece79bff251486d1d9a06eea669ff553f5fd9355d3be93a2124a64ede99dbdb3,
system/usr/bin/avahi-publish,system/usr/bin/avahi-publish,file,14024,6591,0o100755,2009-01-01 00:00:00,7f89a92f6c4d9ad80b5a1f3ab78bf3531928a93ae5154478dd658cceb665a675,
system/usr/bin/lcd,system/usr/bin/lcd,file,1180588,736546,0o100755,2009-01-01 00:00:00,a14c83b5bb1d51d2e3a3da93ac1b2fb8da9973ba08d8453e16ebcf9d79a21157,
system/usr/bin/timedatectl,system/usr/bin/timedatectl,file,26248,12040,0o100755,2009-01-01 00:00:00,f17954586af977104c4b26b420f3c7eaeefd45ceac002ef1e84eb817a9627b14,
system/usr/bin/setleds,system/usr/bin/setleds,file,9888,3785,0o100755,2009-01-01 00:00:00,bb59777229c11f768d5c2d3f97b4a4a497d21ad165fc0d73a4dbfd2c13290db2,
system/usr/bin/dumpkeys,system/usr/bin/dumpkeys,file,92060,32721,0o100755,2009-01-01 00:00:00,8f7d57895fb982108729be2fa9eafb72d0a1213cce1d7579103420f292488d42,
system/usr/bin/avahi-set-host-name,system/usr/bin/avahi-set-host-name,file,9932,4447,0o100755,2009-01-01 00:00:00,243be9383035354581a96c2ecc8160dde43b9e94cf913a3c42a757c5a9a5caf4,
system/usr/bin/qmi_test_service_start_svc,system/usr/bin/qmi_test_service_start_svc,file,18228,10875,0o100755,2009-01-01 00:00:00,76dd97854d05ea2212388030806bc048231a1ac38da29347fda58241018ad751,
system/usr/bin/ipacmdiag,system/usr/bin/ipacmdiag,file,9916,3362,0o100755,2009-01-01 00:00:00,7d039a64eab66a97b5d4c7fdde9b0dfb8e74981c45b16063a577a51708d60a8d,
system/usr/bin/kbd_mode,system/usr/bin/kbd_mode,file,9916,3274,0o100755,2009-01-01 00:00:00,46667978edafaba8fd173e96b721ebc4ef21382ec81e4148e75d09833fc0cba0,
system/usr/bin/feiliu,system/usr/bin/feiliu,file,43820,26237,0o100755,2009-01-01 00:00:00,01db5bc2b9af1dcec9224fbdf968bf27a012b36c368a27c962a2539dfacc20ca,
system/usr/bin/MCM_atcop_svc,system/usr/bin/MCM_atcop_svc,file,18280,8572,0o100755,2009-01-01 00:00:00,4023bd3e4bae7bd7282b92c42e171d847620ed4b5c7e0b89cb38f82a5e4cc320,
system/usr/bin/MCM_MOBILEAP_CLI,system/usr/bin/MCM_MOBILEAP_CLI,file,59020,24184,0o100755,2009-01-01 00:00:00,fed8cb255dac9c7f7f54e4515c6fc632f1f9519eceb21d0a41d4ca3c16c63e96,
system/usr/bin/systemd-detect-virt,system/usr/bin/systemd-detect-virt,file,9868,3345,0o100755,2009-01-01 00:00:00,45a60fb85634da043fc1db7e37e76b78e4ab6c67e427e8f9ed5b54ad062578ce,
system/usr/bin/lowi-server,system/usr/bin/lowi-server,file,273008,155094,0o100755,2009-01-01 00:00:00,324e67f05ac85cf04e8d43b9af28d31a8834af7780dfaa97bd20ca805bc8f054,
system/usr/bin/setfont,system/usr/bin/setfont,file,30416,17431,0o100755,2009-01-01 00:00:00,c1dba55866a0594cec824135f21160086f69c326b8967f581126518832feb5ce,
system/usr/bin/bsdcat,system/usr/bin/bsdcat,file,116408,65828,0o100755,2009-01-01 00:00:00,e216d2d2b263dd0056ea155de3b8e8a3be3374fac628184e438107dde54cae1a,
system/usr/bin/kbdrate,system/usr/bin/kbdrate,file,9852,3601,0o100755,2009-01-01 00:00:00,fcdf0987933b711fb8e2e35d6dc65eeba4c08183d104153bacf91bd489f16ed1,
system/usr/bin/nettle-lfib-stream,system/usr/bin/nettle-lfib-stream,file,5768,2075,0o100755,2009-01-01 00:00:00,fd5de888abe79f2a20f149bfda8f108af05619122437f0250c3b0a01e2f1b11f,
system/usr/bin/test_diag,system/usr/bin/test_diag,file,14076,6369,0o100755,2009-01-01 00:00:00,5c5986d3645e730ade9df921f61b627987661b699c7dd72277eb11958aa1d8a1,
system/usr/bin/atcmd,system/usr/bin/atcmd,file,9912,4010,0o100755,2009-01-01 00:00:00,6464e0ff7ed402c14ca3a68ed041204c432c208de4af11e67a9fcf891c0825a4,
system/usr/bin/logcat,system/usr/bin/logcat,file,22148,10770,0o100755,2009-01-01 00:00:00,54f93e5848b83b951fad7a78e82add50a1b91bd74a7cfa8c22035b573e1d520c,
system/usr/bin/pkcs1-conv,system/usr/bin/pkcs1-conv,file,14012,5066,0o100755,2009-01-01 00:00:00,081d8494d05fecefc4620a56230e0c27cf7bce5c587426a7b1345c0c713ba49e,
system/usr/bin/systemd-cat,system/usr/bin/systemd-cat,file,9868,3291,0o100755,2009-01-01 00:00:00,cbc8c07b23dab828b56be703db7fed82ef6ec6873164eed8ad614739363299e1,
system/usr/bin/chcon.coreutils,system/usr/bin/chcon.coreutils,file,51024,32031,0o100755,2009-01-01 00:00:00,fef682c7bd417b106f6667115962371e61c29711f3853203c9bc885dbd32b1c0,
system/usr/bin/btproperty,system/usr/bin/btproperty,file,9864,5184,0o100755,2009-01-01 00:00:00,c8dada83c89c7580112e2c93f15f1c74646120391e00a7388d8e7888181adf2b,
system/usr/bin/LwM2M_Client_App,system/usr/bin/LwM2M_Client_App,file,218928,108770,0o100755,2009-01-01 00:00:00,3ef42a6f589595ca7353edf225da2055814a15beadeb5cb7d5f5bf5dd7a3c17d,
system/usr/bin/diag_mdlog,system/usr/bin/diag_mdlog,file,27972,11918,0o100755,2009-01-01 00:00:00,4a631c5d64d7247f9850e09677d17579654c8aa5bfe6c665d87e58fff0e45dc9,
system/usr/bin/adpl,system/usr/bin/adpl,file,57572,26234,0o100755,2009-01-01 00:00:00,1e7d0bbeb126dc3765f42832ea379c2fbbe3bb28f16b1d428c31e9c007ca11c7,
system/usr/bin/dbus-update-activation-environment,system/usr/bin/dbus-update-activation-environment,file,9880,4222,0o100755,2009-01-01 00:00:00,be0a4ea0ff5ae3df379f833498763710dd8a4551cbd11110222c679fd95acae3,
system/usr/bin/setvtrgb,system/usr/bin/setvtrgb,file,9964,3680,0o100755,2009-01-01 00:00:00,ed732fafc6a7789bc52b3f662618de9bc3ca100c48eacbd7266b3c974e4714e8,
system/usr/bin/time_daemon,system/usr/bin/time_daemon,file,18116,8958,0o100755,2009-01-01 00:00:00,667788810ccbcb1023b56fd7f86db63827f1a3f3aa7ca7f3affc7b0844ec8cfc,
system/usr/bin/QCMAP_CLI,system/usr/bin/QCMAP_CLI,file,191068,79596,0o100755,2009-01-01 00:00:00,42851bbc39f54d18a25b420bab1d9ae1daedf440fbe30ddec78ac22c01db113e,
system/usr/bin/avahi-browse,system/usr/bin/avahi-browse,file,18124,8930,0o100755,2009-01-01 00:00:00,c38abf06364f8c7cadf24682f97e398e45b7110e57ac5a2085e1ec4e85ddad2d,
system/usr/bin/diag_klog,system/usr/bin/diag_klog,file,5824,2682,0o100755,2009-01-01 00:00:00,4eaa69f6aa3181b2e553cd4166fdda5fbc6e8067ba2afb1e9dbe5888ff77debe,
system/usr/bin/qmi_test_service_test,system/usr/bin/qmi_test_service_test,file,10124,5094,0o100755,2009-01-01 00:00:00,0dad463820077cbd1fdeb2207b75c70ccaaffc216439589d68bc35a12686df18,
system/usr/bin/eMBMs_TunnelingModule,system/usr/bin/eMBMs_TunnelingModule,file,18124,8976,0o100755,2009-01-01 00:00:00,2ad0e8497175e653576d94f9f844283bb273b4e16219bebbd9169c45976f08b5,
system/usr/bin/diag_callback_sample,system/usr/bin/diag_callback_sample,file,9900,3453,0o100755,2009-01-01 00:00:00,07309c91c4e440ed3728f541c5bf61429d0e107140b34b0a78ae9acff4e58560,
system/usr/bin/groups.shadow,system/usr/bin/groups.shadow,file,9860,3344,0o100755,2009-01-01 00:00:00,0d769d635d5427169d90023336ffdb47e8810bc7d59abd9346aa5d706cad2163,
system/usr/bin/recoveryfs-mtd.sh,system/usr/bin/recoveryfs-mtd.sh,file,680,380,0o100755,2009-01-01 00:00:00,346bf6f16bbc52e7bedc024019d1d1ca94f51f9947a74466bb481b19b97a80ba,
system/usr/bin/systemd-delta,system/usr/bin/systemd-delta,file,18060,8098,0o100755,2009-01-01 00:00:00,b34b047a28f391c1dd95be1dc35dbb832103c9d6f048f35e58d01b53094f47a7,
system/usr/bin/fs_mgr,system/usr/bin/fs_mgr,file,5760,2156,0o100755,2009-01-01 00:00:00,fd445f988959b553a6e3c768f95e814711b616ca5f7cf405df43cb749c12ea95,
system/usr/bin/avahi-resolve,system/usr/bin/avahi-resolve,file,14024,5490,0o100755,2009-01-01 00:00:00,c3e29469295fd5584a8eaa99cb1f2eded215bdd91daba211d868895d56a4ebdc,
system/usr/bin/qmuxbridge,system/usr/bin/qmuxbridge,file,34492,16830,0o100755,2009-01-01 00:00:00,a6fbd47d019b223962ff003df3cc92a036c7c3cbf065ab3486945e9d4a09d710,
system/usr/bin/newgrp.shadow,system/usr/bin/newgrp.shadow,file,26932,12770,0o100755,2009-01-01 00:00:00,5863102b4ba206ba77d9de13afaaba725a9625dd85ee83c57b905656c88793b7,
system/usr/bin/myftm,system/usr/bin/myftm,file,172464,73188,0o100755,2009-01-01 00:00:00,63cce755b7b1235618bfc23453cfc676649d40072fb2b41f50d514f0a83183a8,
system/usr/bin/qmi_test_service_clnt_test_1001,system/usr/bin/qmi_test_service_clnt_test_1001,file,22400,10870,0o100755,2009-01-01 00:00:00,7aaa9c39bdedcb4aff301b40cac347ce1303241096ed7971e56e6363879f9996,
system/usr/bin/diagrebootapp,system/usr/bin/diagrebootapp,file,9920,4679,0o100755,2009-01-01 00:00:00,5b213d2b7dccd85775e3948f91e90f285cabe20ff98041a05f942e546dc7369f,
system/usr/bin/loadkeys,system/usr/bin/loadkeys,file,120876,51737,0o100755,2009-01-01 00:00:00,0e652f844e849e45a22c9c21e1854803b4c1f2bd6880e154663affdbe94d7652,
system/usr/bin/deallocvt.kbd,system/usr/bin/deallocvt.kbd,file,9920,3100,0o100755,2009-01-01 00:00:00,ff6e439fabb73a665d39dbc14996228353da0450c9ba730fe1b40ccaf9b37fd5,
system/usr/bin/jshn,system/usr/bin/jshn,file,9856,4870,0o100755,2009-01-01 00:00:00,84321d5852ce7b1409ca624c5a607056c01b3dd6566d06dd339091cc1dda2991,
system/usr/bin/locate,system/usr/bin/locate,file,116684,82498,0o100755,2009-01-01 00:00:00,3334d9cad98c570714d80f8a25ea6641ed50dfcff81e0bbf89764f119d2e80f9,
system/usr/bin/psfxtable,system/usr/bin/psfxtable,file,13952,7847,0o100755,2009-01-01 00:00:00,66ccb911783201f719dc3e0b213dfbbbd72893477b3a5c1b085b5df7aa93133c,
system/usr/bin/dnsmasq,system/usr/bin/dnsmasq,file,234700,162483,0o100755,2009-01-01 00:00:00,b14e1292042b63e3e53006c0772ab3c1d55b50809e2c5754ea4b061502c93511,
system/usr/bin/systemd-stdio-bridge,system/usr/bin/systemd-stdio-bridge,file,9876,4302,0o100755,2009-01-01 00:00:00,392bd6ea5fa746d15996fe82ae8222fafa19664f090603175263cf7449bbf376,
system/usr/bin/xtra-daemon,system/usr/bin/xtra-daemon,file,296772,162338,0o100755,2009-01-01 00:00:00,4003efd5adc06e5bdd5fa9be4369a02510c4d8de331e838072755dbe77ab7fc8,
system/usr/bin/qmi_test_service_clnt_test_4000,system/usr/bin/qmi_test_service_clnt_test_4000,file,22420,11004,0o100755,2009-01-01 00:00:00,5f5e26b3685c9aadfc686dff6757cbf0eea509caa61a1505d2a8a51a94cfcc3a,
system/usr/bin/openssl,system/usr/bin/openssl,file,498056,266004,0o100755,2009-01-01 00:00:00,a39679c6c4b51ada82cf6e7322a479d6bbc4e7d93158edd4eeddde4fff65f53f,
system/usr/bin/network_mgr,system/usr/bin/network_mgr,file,64184,27779,0o100755,2009-01-01 00:00:00,013a8138e7af945a47f5308c845317e4049527e9d40e203c3f1218dbe327f42f,
system/usr/bin/location_client_api_testapp,system/usr/bin/location_client_api_testapp,file,63436,30932,0o100755,2009-01-01 00:00:00,c17de928182eadd1f4e4627d7c61eec242f824f4f0fa223ad2eac963bf3022b3,
system/usr/bin/nettle-hash,system/usr/bin/nettle-hash,file,9916,3764,0o100755,2009-01-01 00:00:00,dba6c34cf6b354eced008f5323a1cc6f864ad11f4a58c776a4aa248c2748273c,
system/usr/bin/QCMAP_StaInterface,system/usr/bin/QCMAP_StaInterface,file,9924,3428,0o100755,2009-01-01 00:00:00,5d551315e668910beb0fe5faf5d0de19b9ef087a33583aa678c62a4a277c7240,
system/usr/bin/irsc_util,system/usr/bin/irsc_util,file,9856,3925,0o100755,2009-01-01 00:00:00,72da5d319f13de276c69723625f412bb37f1ef1a114977c09b0dd97b0fa4a470,
system/usr/bin/strace-log-merge,system/usr/bin/strace-log-merge,file,2644,1442,0o100755,2009-01-01 00:00:00,dd1f52fcb935877fb70767060fc212d1ed7487725a4e6fcccdbdb7740b1702c5,
system/usr/bin/edgnss-daemon,system/usr/bin/edgnss-daemon,file,38804,20072,0o100755,2009-01-01 00:00:00,ce5c650f627df0594ed2e5c98d9221a8957bbc182e20cf7a6fed7d337da616f8,
system/usr/bin/unicode_stop,system/usr/bin/unicode_stop,file,363,255,0o100755,2009-01-01 00:00:00,6a2dd0d04c39f6754c74f32932f8ba4aefd93cfd3c7ae5a985dbf16a1d24f865,
system/usr/bin/qmi_test_service_clnt_test_0000,system/usr/bin/qmi_test_service_clnt_test_0000,file,22416,11056,0o100755,2009-01-01 00:00:00,b5e3ed19425b9edfbae118295bc655246c877d54a93f2ef46531838168a0259b,
system/usr/bin/loadunimap,system/usr/bin/loadunimap,file,18132,9834,0o100755,2009-01-01 00:00:00,5b3bb3295f83d9b236094eae96a847c363b9ba61061c48597615b87a1cee44c5,
system/usr/bin/qseecomd,system/usr/bin/qseecomd,file,9940,3217,0o100755,2009-01-01 00:00:00,944fa336b02c8ba550125f3258da93c39afb75cbb6d8c48cdeea08fdda7ac69e,
system/usr/bin/cpe_device_manager_demo,system/usr/bin/cpe_device_manager_demo,file,67508,31841,0o100755,2009-01-01 00:00:00,1ca5573fd0a02cb824cb8f803d0b605e0521d45d478ea23b7e111cec8ae1398f,
system/usr/bin/qmi_test_mt_client_init_instance,system/usr/bin/qmi_test_mt_client_init_instance,file,18308,10694,0o100755,2009-01-01 00:00:00,b79bf508880801701ba90848d2c229017c1ab7f29ccebb1e0aed93e8ea4b4fab,
system/usr/bin/ssl_demo,system/usr/bin/ssl_demo,file,96060,44907,0o100755,2009-01-01 00:00:00,97e2a2a48825b2113e8050a31d583ed03e1b115def051765568d114d1a79ad26,
system/usr/bin/qmi_test_service_clnt_test_2000,system/usr/bin/qmi_test_service_clnt_test_2000,file,22400,10849,0o100755,2009-01-01 00:00:00,b3179f8c4595363b499f9e278e5c79951a8040894d4f82e4d6cf3c3a767390ad,
system/usr/bin/dbus-launch,system/usr/bin/dbus-launch,file,13956,6609,0o100755,2009-01-01 00:00:00,1220c39f511c3dfe4eb7d006e8a02686b6272a418abec0904c43b3db3cf3a62b,
system/usr/bin/ssdk_sh,system/usr/bin/ssdk_sh,file,681384,216172,0o100755,2009-01-01 00:00:00,3468acfc3822f7157afb2030303b4288a11b14346be8edbb9c5528fc059a5aa0,
system/usr/bin/qmi_ip_multiclient,system/usr/bin/qmi_ip_multiclient,file,91844,44387,0o100755,2009-01-01 00:00:00,705f290bf46cbb55d75087cba44aa7c791302318a7ff6440dfa95dba6214eb01,
system/usr/bin/nettle-pbkdf2,system/usr/bin/nettle-pbkdf2,file,9920,3434,0o100755,2009-01-01 00:00:00,d9c56b7a5bcee7c2364652b2cc36afa2b6c399bca05df56b36e29ea32f8de117,
system/usr/bin/QCMAP_ConnectionManager,system/usr/bin/QCMAP_ConnectionManager,file,1240144,628816,0o100755,2009-01-01 00:00:00,a96bab7fbf62831494cb55280ea49244ac622bdf9c58596c16abedebdfaab234,
system/usr/bin/qti_socksv5,system/usr/bin/qti_socksv5,file,79552,37917,0o100755,2009-01-01 00:00:00,fed4f0c0d878f8cd605646fb2b12cad54b6732b0763d4333593661f77a90932a,
system/usr/bin/diag_uart_log,system/usr/bin/diag_uart_log,file,10536,4786,0o100755,2009-01-01 00:00:00,6842a831a49e210f6b93be9f9fe24803c67a81097c4e3ef967dd0d8a2214c8f1,
system/usr/bin/xargs.findutils,system/usr/bin/xargs.findutils,file,50976,31847,0o100755,2009-01-01 00:00:00,049a65d4861e31f0ef22678f4b4c87ad44c1db8e8369b048d2f9374bc8c4b204,
system/usr/bin/aqc_gsi_stats,system/usr/bin/aqc_gsi_stats,file,4535,1758,0o100755,2009-01-01 00:00:00,a477e753b3e517d8b99da4b0dff8f2cda6e7dbe077ec55c63bb1852b357fe5cb,
system/usr/bin/systemd-run,system/usr/bin/systemd-run,file,34464,17034,0o100755,2009-01-01 00:00:00,854e456c7de26b590027e01f121ce1f9c5a74ec4f94df98fe460d7356fb880ca,
system/usr/bin/qmi_test_service_clnt_test_1000,system/usr/bin/qmi_test_service_clnt_test_1000,file,22416,11043,0o100755,2009-01-01 00:00:00,b514dbf377cf1e4284485e56edb691e88537c0416cb59219dbc5548e1bda5303,
system/usr/bin/qapi_demo_app,system/usr/bin/qapi_demo_app,file,38460,16488,0o100755,2009-01-01 00:00:00,cf7965dbd8ae9bf3dc9a1b533fdcfe1de5d0cc5018ca8e3c7412be798f346693,
system/usr/bin/secon,system/usr/bin/secon,file,18556,6778,0o100755,2009-01-01 00:00:00,be75cee0c6b40e2fa8eb86d7f25bcea8e6dde29e9ac2b0135a0eed0d5857c539,
system/usr/bin/MCM_MOBILEAP_ConnectionManager,system/usr/bin/MCM_MOBILEAP_ConnectionManager,file,67772,30248,0o100755,2009-01-01 00:00:00,682a5fd62d48561f3a1b4b22fba0eb13b6cc25d9b6a158c8741cfe97833a7760,
system/usr/bin/opkg-check-config,system/usr/bin/opkg-check-config,file,1839,955,0o100755,2009-01-01 00:00:00,c803ae3ea4ea5e24cbcb9878ea0b58715f4848c3608f25d2f77aca946b724f93,
system/usr/bin/qti,system/usr/bin/qti,file,139496,61187,0o100755,2009-01-01 00:00:00,b7e8ff6b8df571be3ccb0fc0942d15fa262a240b4ddd3e9a6e4b70a41e8c5c58,
system/usr/bin/km_lite_sample_client,system/usr/bin/km_lite_sample_client,file,22196,11192,0o100755,2009-01-01 00:00:00,cdcb093f948fdefb7fcf7f2e83e434c063ffe082592f63b40b790235a45d674e,
system/usr/bin/qmi_test_service_clnt_test_3000,system/usr/bin/qmi_test_service_clnt_test_3000,file,22416,11063,0o100755,2009-01-01 00:00:00,1f8debaa3b986c5d701de3bf3e8857ad15f03e7b68594d24cbed003ddba04335,
system/usr/bin/mapscrn,system/usr/bin/mapscrn,file,14032,6800,0o100755,2009-01-01 00:00:00,a4c024a811ad974495c65b0f14d2468f3263d4139868c60a4d82acb1e9cbe496,
system/usr/bin/showkey.kbd,system/usr/bin/showkey.kbd,file,10012,4553,0o100755,2009-01-01 00:00:00,ff86c0d3609be8033795027f55c5ceaf2ab787b0c614d7a016698d61b9ecf420,
system/usr/bin/garden_app,system/usr/bin/garden_app,file,91100,36915,0o100755,2009-01-01 00:00:00,952fe74f268da681cebaeb88890799358b5ef2a6380ef30941847a4ad9886294,
system/usr/bin/qcbtdaemon,system/usr/bin/qcbtdaemon,file,18048,7391,0o100755,2009-01-01 00:00:00,92eda1466759fedc9dab3d8f6ebdc959cb30e3eeffcf889fc8316a21828a07ee,
system/usr/bin/xtwifi-client,system/usr/bin/xtwifi-client,file,559168,317990,0o100755,2009-01-01 00:00:00,531bcc1bd73ad7845d35162b2a9c895ecdf3f58f9dd4e1bf43dbfd3dc9462d53,
system/usr/bin/perl5.24.4,system/usr/bin/perl5.24.4,file,5760,2498,0o100755,2009-01-01 00:00:00,f38e2a5efee26913967128678195c7399bb3e4653d444b97e8e0c41da25e3b02,
system/usr/bin/systemd-path,system/usr/bin/systemd-path,file,9864,3426,0o100755,2009-01-01 00:00:00,a6a7d7316c9684db544950b0bef500f4f6c685418e5b0930a799662c3dbfa7fd,
system/usr/bin/qmi_simple_ril_test,system/usr/bin/qmi_simple_ril_test,file,121424,71849,0o100755,2009-01-01 00:00:00,1990b5a2080fca88c19ccce9ec8af0cae57a2dc74a56459af5d9013403a0c098,
system/usr/bin/hostnamectl,system/usr/bin/hostnamectl,file,13960,5472,0o100755,2009-01-01 00:00:00,040f5a7654bba25cfd053660b99dff859bf773ea5dbd5df7ded09e53f36c1c9f,
system/usr/bin/btnvtool,system/usr/bin/btnvtool,file,14064,5317,0o100755,2009-01-01 00:00:00,ef82ddebf6818cb4a741d98161e019323047ec765a2bceae955f10611241a9cf,
system/usr/bin/opkg,system/usr/bin/opkg,file,18924,6648,0o100755,2009-01-01 00:00:00,32e0ff7934b57902af7a5002479ba72099de26fa3f3a5e584c18577159e0a065,
system/usr/bin/find.findutils,system/usr/bin/find.findutils,file,211516,140071,0o100755,2009-01-01 00:00:00,03573c3d0a2cd3a6345a0fae396feb9075e929bb6239d833224f61ccb49da6d3,
system/usr/bin/httpd,system/usr/bin/httpd,file,122936,56143,0o100755,2009-01-01 00:00:00,a0e3f3c7929cddb06ef5b8a8e7f194f2a81d9d263fd26edf7a93b03594adb885,
system/usr/bin/hci_qcomm_init,system/usr/bin/hci_qcomm_init,file,178664,44681,0o100755,2009-01-01 00:00:00,ff95d74c24c9ed0f18d7e0c7326602264e83042a7ffaa724b8e3a58045d95a2e,
system/usr/bin/tcpserver,system/usr/bin/tcpserver,file,47008,24514,0o100755,2009-01-01 00:00:00,cb36787c93d83b4accf54d5477b216dae891aaa178034be598fef04f784baaf5,
system/usr/bin/mobile_svr,system/usr/bin/mobile_svr,file,10012,4124,0o100755,2009-01-01 00:00:00,18ce836184e70b077df550561665aa7c562d0d3082618eb5e40c2e6fa641892a,
system/usr/bin/showconsolefont,system/usr/bin/showconsolefont,file,14016,6646,0o100755,2009-01-01 00:00:00,4dd22ce10866dab8a2ed68e129431e6ab2bc277ecd411abf55622f9f64232792,
system/usr/bin/btapp,system/usr/bin/btapp,file,594360,294335,0o100755,2009-01-01 00:00:00,8f5537fefdacc042763478cb1e6ff52b9677dac04b1007ee8f3d4a56c060da9c,
system/usr/bin/qmi_test_service_clnt_test_3001,system/usr/bin/qmi_test_service_clnt_test_3001,file,22416,11045,0o100755,2009-01-01 00:00:00,62d735c7eacd51eefc342874909b8505a64a3308298e6300908fbda04602102d,
system/usr/bin/bdt,system/usr/bin/bdt,file,14008,6464,0o100755,2009-01-01 00:00:00,e60ae502a86dfb33a95650c4f417d673d563eb5ef3ea445349a003cf0b02256d,
system/usr/bin/data_path_opt,system/usr/bin/data_path_opt,file,14508,6826,0o100755,2009-01-01 00:00:00,64deeb13046d8d589e51a576ecd04b8b632632238efa805e972744ec2243cd36,
system/usr/bin/qmi_test_service_clnt_test_0001,system/usr/bin/qmi_test_service_clnt_test_0001,file,18304,10759,0o100755,2009-01-01 00:00:00,e4ceac875174cac3a37841933d6f32c171061058136cc17c39403c7497552424,
system/usr/bin/usb_composition_switch,system/usr/bin/usb_composition_switch,file,5772,1913,0o100755,2009-01-01 00:00:00,39c88cfc660bd853063ee00f6aa0e5db246a60ecc6c355c6c52562096d08a355,
system/usr/bin/ssreq_server,system/usr/bin/ssreq_server,file,14072,5420,0o100755,2009-01-01 00:00:00,9307f9ba5e11796d93422fb70fb953edf29b5d1cf30c1ebc84f301a6ac80c296,
system/usr/bin/logwrapper,system/usr/bin/logwrapper,file,5760,2459,0o100755,2009-01-01 00:00:00,41c45a1db03e12288d54545c1c14154a1ff6b70b66d63b49060660664f197f6a,
system/usr/bin/mcm_ril_service,system/usr/bin/mcm_ril_service,file,281664,144222,0o100755,2009-01-01 00:00:00,d94e67723a8ee50380258c49eecf589b55a935684af0f9553919e24332b16c42,
system/usr/bin/rmnetcli,system/usr/bin/rmnetcli,file,25044,8498,0o100755,2009-01-01 00:00:00,eb4fc38dc17b1a500f219dfdd2bf76d48e93e5166aaef54aa6b8e496d347f197,
system/usr/bin/qmi_svr,system/usr/bin/qmi_svr,file,83808,39575,0o100755,2009-01-01 00:00:00,7bc16cce60d9ec175365dea60e934a05ea9820565de05e40f5ac4812200d7c97,
system/usr/bin/setkeycodes,system/usr/bin/setkeycodes,file,9916,3156,0o100755,2009-01-01 00:00:00,6e4fd43991acfd78931a89724ac3452ed8e84f49d64af6db21e7f2e153be79ef,
system/usr/bin/systemd-cgtop,system/usr/bin/systemd-cgtop,file,26284,12953,0o100755,2009-01-01 00:00:00,75f3e794420a806f2911950a81298d36f26837340fa6356b136e7b58698e882a,
system/usr/bin/dbus-cleanup-sockets,system/usr/bin/dbus-cleanup-sockets,file,9868,3926,0o100755,2009-01-01 00:00:00,3332b4026d9f646dd4f3c69140f40e40db277d5ac454ac0182ae0776af075eaa,
system/usr/bin/pktlogconf,system/usr/bin/pktlogconf,file,9856,4306,0o100755,2009-01-01 00:00:00,fc8a2eb680b3e1c35079e04f1b0117e20d5e6377a3a53def64bc9fbd492a553e,
system/usr/bin/unicode_start,system/usr/bin/unicode_start,file,2425,1246,0o100755,2009-01-01 00:00:00,89f0391c553434d3aff27eb7654840e0b17b8ffe889522020ce6ec103e2a0fd1,
system/usr/bin/MCM_ATCOP_CLI,system/usr/bin/MCM_ATCOP_CLI,file,9864,4591,0o100755,2009-01-01 00:00:00,59d68ce7a7a7ddfbba0271e4437b27c6e49f940538a10e2451e9c7c6a1f3b60e,
system/usr/bin/dbus-daemon,system/usr/bin/dbus-daemon,file,145612,83437,0o100755,2009-01-01 00:00:00,a352448800e0997ba1711754184951099679adccdde44c82f87c3c2f546c6278,
system/usr/bin/qrtr-lookup,system/usr/bin/qrtr-lookup,file,9916,4202,0o100755,2009-01-01 00:00:00,a32f20a1caf5210a01d95a62c8254fa65a1c740cb40facf9e0b58595c55e7524,
system/usr/bin/netmgrd,system/usr/bin/netmgrd,file,705532,371046,0o100755,2009-01-01 00:00:00,cc16b3fe302b4858ad9355afad4f92e1cf2604a0dc1fafe1cb2c8c7bc4f34924,
system/usr/bin/nvram,system/usr/bin/nvram,file,9852,3642,0o100755,2009-01-01 00:00:00,c6cefb4bff44ef47fbfa45fc8063dcefd45daad234334a5746dc2ce1178867ea,
system/usr/bin/router_daemon,system/usr/bin/router_daemon,file,26508,12584,0o100755,2009-01-01 00:00:00,3eb035904ad0e0cf6652712cc27965fcd0b5526a1a23229f238c745cda65692b,
system/usr/lib/__emptyfile__,system/usr/lib/__emptyfile__,file,0,0,0o40755,2024-02-02 11:17:48,e3b0c44298fc1c149afbf4c8996fb92427ae41e4649b934ca495991b7852b855,
system/usr/lib/,system/usr/lib/,directory,0,0,0o40755,2009-01-01 00:00:00,,
system/usr/lib/libunistring.so.2.1.0,system/usr/lib/libunistring.so.2.1.0,file,1435276,594674,0o100755,2009-01-01 00:00:00,78a1904b1b0503ac9d56d4c7a7520e2fa871438600e9ee0fbf8e6eede1e53254,
system/usr/lib/libqmiservices.so.1.0.0,system/usr/lib/libqmiservices.so.1.0.0,file,179840,73055,0o100755,2009-01-01 00:00:00,19822eb2d6328ba227a19514f9072e755115556d208f229dba857e5342cbce20,
system/usr/lib/libmincrypt.so.0.0.0,system/usr/lib/libmincrypt.so.0.0.0,file,26152,17428,0o100755,2009-01-01 00:00:00,15a66e4ab32a62565025dbda4039f162b2e2e202fb1d60a8ee12e93bce239d42,
system/usr/lib/libmcmipc.so.0.0.0,system/usr/lib/libmcmipc.so.0.0.0,file,22780,9349,0o100755,2009-01-01 00:00:00,48080885b51d071550e7ab2e5b317a2c2c9ae706ae29da660682639c9a37b772,
system/usr/lib/libloc_core.so.1.0.0,system/usr/lib/libloc_core.so.1.0.0,file,427800,175373,0o100755,2009-01-01 00:00:00,ef6a4b79d2526c683f3418a29084be632fa628044881119aadd6cf27cabd2e5d,
system/usr/lib/sysctl.d/__emptyfile__,system/usr/lib/sysctl.d/__emptyfile__,file,0,0,0o40755,2024-02-02 11:17:48,e3b0c44298fc1c149afbf4c8996fb92427ae41e4649b934ca495991b7852b855,
system/usr/lib/sysctl.d/,system/usr/lib/sysctl.d/,directory,0,0,0o40755,2009-01-01 00:00:00,,
system/usr/lib/sysctl.d/50-default.conf,system/usr/lib/sysctl.d/50-default.conf,file,1190,652,0o100644,2009-01-01 00:00:00,9e79a3bd69e1748188ee6d6527a1a9f3f2edaee4bd605637af7b881f5410d0d5,
system/usr/lib/libqmi_sap.so.1.0.0,system/usr/lib/libqmi_sap.so.1.0.0,file,5684,2422,0o100755,2009-01-01 00:00:00,a7e55b19f78eebfc414c92deb40f66b2c5ac9d270ff8162912e50f43dbf9957a,
system/usr/lib/libbz2.so.1.0.6,system/usr/lib/libbz2.so.1.0.6,file,53800,33276,0o100755,2009-01-01 00:00:00,c26af96f617b8e74c1403bad463d229af0fd171c3814777cc0ed45dfd0bfc9e1,
system/usr/lib/ssl-1.1/__emptyfile__,system/usr/lib/ssl-1.1/__emptyfile__,file,0,0,0o40755,2024-02-02 11:17:48,e3b0c44298fc1c149afbf4c8996fb92427ae41e4649b934ca495991b7852b855,
system/usr/lib/ssl-1.1/,system/usr/lib/ssl-1.1/,directory,0,0,0o40755,2009-01-01 00:00:00,,
system/usr/lib/ssl-1.1/ct_log_list.cnf.dist,system/usr/lib/ssl-1.1/ct_log_list.cnf.dist,file,412,250,0o100644,2009-01-01 00:00:00,f1c1803d13d1d0b755b13b23c28bd4e20e07baf9f2b744c9337ba5866aa0ec3b,
system/usr/lib/ssl-1.1/ct_log_list.cnf,system/usr/lib/ssl-1.1/ct_log_list.cnf,file,412,250,0o100644,2009-01-01 00:00:00,f1c1803d13d1d0b755b13b23c28bd4e20e07baf9f2b744c9337ba5866aa0ec3b,
system/usr/lib/ssl-1.1/openssl.cnf.dist,system/usr/lib/ssl-1.1/openssl.cnf.dist,file,10909,3673,0o100644,2009-01-01 00:00:00,f10ba64917b4458fafc1e078c2eb9e6a7602e68fc98c2e9e6df5e1636ae27d6b,
system/usr/lib/libnl-route-3.so.200.26.0,system/usr/lib/libnl-route-3.so.200.26.0,file,313116,154351,0o100755,2009-01-01 00:00:00,298c23c12545492cc62a94d868a44ca36d70ed5a27d257e2900bc5e235a62074,
system/usr/lib/libdiag.so.1.0.0,system/usr/lib/libdiag.so.1.0.0,file,155664,77721,0o100755,2009-01-01 00:00:00,49a05189a6305f5dad8ffddf40dd33197c4a5599f9165cfb8f5c2c39e5b0061c,
system/usr/lib/libavahi-common.so.3.5.3,system/usr/lib/libavahi-common.so.3.5.3,file,34612,17787,0o100755,2009-01-01 00:00:00,0d31ff7a2a397e8556f13da14928a59731bab69174966138afc2de7b426f820e,
system/usr/lib/gio/__emptyfile__,system/usr/lib/gio/__emptyfile__,file,0,0,0o40755,2024-02-02 11:17:48,e3b0c44298fc1c149afbf4c8996fb92427ae41e4649b934ca495991b7852b855,
system/usr/lib/gio/,system/usr/lib/gio/,directory,0,0,0o40755,2009-01-01 00:00:00,,
system/usr/lib/gio/modules/__emptyfile__,system/usr/lib/gio/modules/__emptyfile__,file,0,0,0o40755,2024-02-02 11:17:48,e3b0c44298fc1c149afbf4c8996fb92427ae41e4649b934ca495991b7852b855,
system/usr/lib/gio/modules/,system/usr/lib/gio/modules/,directory,0,0,0o40755,2009-01-01 00:00:00,,
system/usr/lib/libssl.so.1.1,system/usr/lib/libssl.so.1.1,file,348728,193997,0o100755,2009-01-01 00:00:00,37e7703f97ea2e88e68415086d28b01103e5f9d2adb38b46d3445d607f46ad53,
system/usr/lib/libhogweed.so.4.4,system/usr/lib/libhogweed.so.4.4,file,169568,132114,0o100644,2009-01-01 00:00:00,d687df33cd53c5efcbd2eac4aded15a45c6b319fc854696841d1530f7225a271,
system/usr/lib/libbase.so.0.0.0,system/usr/lib/libbase.so.0.0.0,file,22160,10271,0o100755,2009-01-01 00:00:00,5fe675b9170534734af7717edf0f28687cd2dec4dc1165076870e3dac07f4832,
system/usr/lib/libtime_genoff.so.1.0.0,system/usr/lib/libtime_genoff.so.1.0.0,file,5672,1903,0o100755,2009-01-01 00:00:00,f6906b3e56e5e8f2bee904d7ef23fe90bbbfd3a8601254f269ba469f151b5588,
system/usr/lib/libsparse.so.0.0.0,system/usr/lib/libsparse.so.0.0.0,file,22200,12318,0o100755,2009-01-01 00:00:00,6d50601230ef64950c1a122c804b6ed36c7a609cb0c60e85d0a8ab397425126b,
system/usr/lib/libQseeComApi.so.1.0.0,system/usr/lib/libQseeComApi.so.1.0.0,file,22004,10384,0o100755,2009-01-01 00:00:00,cfed4502f9d8bef08888ddf131386185e1b1be49944482bf4fce0d430c7b311c,
system/usr/lib/libgmp.so.10.3.2,system/usr/lib/libgmp.so.10.3.2,file,321184,226527,0o100755,2009-01-01 00:00:00,767f4ba7b55a8e717dc0aa4e78e6e77a395471deccf31c180ba2c5fddf38a80f,
system/usr/lib/libnl-genl-3.so.200.26.0,system/usr/lib/libnl-genl-3.so.200.26.0,file,18372,7472,0o100755,2009-01-01 00:00:00,7af3d87e1be51b8c351b1b45e8452d0087fce074fe440de09f3272a629e2f676,
system/usr/lib/libxtwifiserver_protocol_uri_v3.so.1.0.0,system/usr/lib/libxtwifiserver_protocol_uri_v3.so.1.0.0,file,681596,249504,0o100755,2009-01-01 00:00:00,5739cefa80f1a9463e0361939c1b3568a2ddb2a5b4c31a636ddc2beaffcfdf48,
system/usr/lib/libavahi-core.so.7.0.2,system/usr/lib/libavahi-core.so.7.0.2,file,149140,84652,0o100755,2009-01-01 00:00:00,1aaf6c2b12f4f66ca29a21b77b1231c6945e6683958db952285313e89bd2e8be,
system/usr/lib/libutils.so.0.0.0,system/usr/lib/libutils.so.0.0.0,file,71376,34852,0o100755,2009-01-01 00:00:00,cabb447ca682608bef830949e1ea2e296ebba732fd559fc05e129e72f55cc4b0,
system/usr/lib/libglib-2.0.so.0.5800.0,system/usr/lib/libglib-2.0.so.0.5800.0,file,891368,428824,0o100755,2009-01-01 00:00:00,c044b22b39cf8358e4f0ce6ed8f1c87f2efc41a8d508d70bf87e0ccf9084c21b,
system/usr/lib/libqmi_encdec.so.1.0.0,system/usr/lib/libqmi_encdec.so.1.0.0,file,13764,7104,0o100755,2009-01-01 00:00:00,bc929da926746c763212d19dc920a1d90f6188b431ae690181d1c34a5c65ada9,
system/usr/lib/libloc_socket.so.1.0.0,system/usr/lib/libloc_socket.so.1.0.0,file,26172,11501,0o100755,2009-01-01 00:00:00,947f3fb9d10c75f073b20c27c4ed890f8c80e7d112e7dc396a4c11417af4925c,
system/usr/lib/liblocation_client_api.so.1.0.0,system/usr/lib/liblocation_client_api.so.1.0.0,file,222848,109603,0o100755,2009-01-01 00:00:00,ecd947ceea5a13d8685f9371c1ffbe13917737caf71cfbd9dbce4534ac471bad,
system/usr/lib/sysusers.d/__emptyfile__,system/usr/lib/sysusers.d/__emptyfile__,file,0,0,0o40755,2024-02-02 11:17:48,e3b0c44298fc1c149afbf4c8996fb92427ae41e4649b934ca495991b7852b855,
system/usr/lib/sysusers.d/,system/usr/lib/sysusers.d/,directory,0,0,0o40755,2009-01-01 00:00:00,,
system/usr/lib/sysusers.d/dbus.conf,system/usr/lib/sysusers.d/dbus.conf,file,211,149,0o100644,2009-01-01 00:00:00,8d6c76ba6b7eaba0c987ab294f3534f3603dc5717349271cef7f46e7c530727a,
system/usr/lib/sysusers.d/basic.conf,system/usr/lib/sysusers.d/basic.conf,file,1136,449,0o100644,2009-01-01 00:00:00,f3c9799f5ff79a54ce343a3b7baef94c082fe3c0c7da87bbf397c802070e3420,
system/usr/lib/sysusers.d/systemd.conf,system/usr/lib/sysusers.d/systemd.conf,file,316,207,0o100644,2009-01-01 00:00:00,06abd63249237f36911d9726c67c81bcc3335212631b3c2b6cf1f4090dd0ddc2,
system/usr/lib/libcrypt.so.1.1.0,system/usr/lib/libcrypt.so.1.1.0,file,120416,44501,0o100755,2009-01-01 00:00:00,97f0d4845f0bd9c775eba85f4667b7c3bfc2519457927f6f3b6e81941829065e,
system/usr/lib/libpugixml.so.1.0.0,system/usr/lib/libpugixml.so.1.0.0,file,140948,67998,0o100755,2009-01-01 00:00:00,aed5a579f48365acc3ed79fc2320f92d109821c6b27ca265d9dc9cffe8409294,
system/usr/lib/libnetmgr_common.so.0.0.0,system/usr/lib/libnetmgr_common.so.0.0.0,file,26164,13575,0o100755,2009-01-01 00:00:00,a1ecbb920b295e8688bab994e67ed264afd98ae03c1b57fe62225f661e2e4721,
system/usr/lib/libxtables.so.12.0.0,system/usr/lib/libxtables.so.12.0.0,file,34456,20495,0o100755,2009-01-01 00:00:00,817528456d7122fe257248b67df4dff666e6d84c9eee7ea6e5d7fda2cd53522e,
system/usr/lib/libizatprovider.so.1.0.0,system/usr/lib/libizatprovider.so.1.0.0,file,54940,25478,0o100755,2009-01-01 00:00:00,9f0098152dfc82757fbd2743ee6b72da4f9230bdb5f65e36d14da7a816c12092,
system/usr/lib/libgnutls.so.30.22.0,system/usr/lib/libgnutls.so.30.22.0,file,1178016,709815,0o100755,2009-01-01 00:00:00,80f3bd5042062d905f44ac8903b4599c14524cf9fcc4f52417d5065dcbb7ceb2,
system/usr/lib/libloc_api_v02.so.1.0.0,system/usr/lib/libloc_api_v02.so.1.0.0,file,317460,160202,0o100755,2009-01-01 00:00:00,9cd0a441f6c46636eda0b951dcdf9ebebf93e7cd091146c8b9fca061e9a0ae6e,
system/usr/lib/libqmi_client_helper.so.1.0.0,system/usr/lib/libqmi_client_helper.so.1.0.0,file,13880,4844,0o100755,2009-01-01 00:00:00,3bbc6c2999a43fcac982855bb2b7b63a69b0d9c5198f50162f6145467278d24d,
system/usr/lib/libgobject-2.0.so.0.5800.0,system/usr/lib/libgobject-2.0.so.0.5800.0,file,207264,112757,0o100755,2009-01-01 00:00:00,1fba0d02443034bf7603d7b05dc3f676cea64ef84efabe904acbec0e4a6f8283,
system/usr/lib/liblzo2.so.2.0.0,system/usr/lib/liblzo2.so.2.0.0,file,108128,57206,0o100755,2009-01-01 00:00:00,da331627f6200234c594186b1bfa87105316b429823bd3b684494b8d9b357f78,
system/usr/lib/libqdp.so.0.0.0,system/usr/lib/libqdp.so.0.0.0,file,112548,56582,0o100755,2009-01-01 00:00:00,03ba5747b89563682ba21e7115c0e723ee936576216c674be2055cdadcb69cb7,
system/usr/lib/libgnss.so,system/usr/lib/libgnss.so,file,296620,153971,0o100755,2009-01-01 00:00:00,7914f5bdfe5d4f395675ce8e067ec1abda0e7de63fce1d5e91702b3a5d9ee288,
system/usr/lib/libcurl.so.4.5.0,system/usr/lib/libcurl.so.4.5.0,file,259880,172787,0o100755,2009-01-01 00:00:00,845c882c1fb06aa5ffd18d1ae92f1c751e20834474372b65348254be729ccc8d,
system/usr/lib/libcutils.so.0.0.0,system/usr/lib/libcutils.so.0.0.0,file,42680,20198,0o100755,2009-01-01 00:00:00,ac067fd04f97719575a7a9d34697845240d8b5fed0a66064ce28b44e4140c984,
system/usr/lib/libip6tc.so.0.1.0,system/usr/lib/libip6tc.so.0.1.0,file,18280,11698,0o100755,2009-01-01 00:00:00,7e94fd4f0205aa8a50fb6c308c79178b9d8f265f6fbfd155778ed4a759063863,
system/usr/lib/libdbus-1.so.3.19.8,system/usr/lib/libdbus-1.so.3.19.8,file,210624,120846,0o100755,2009-01-01 00:00:00,47897d4acfece7c75f80b6d459188b3f900e4b5989b63f7b5759f42dd1dbe51e,
system/usr/lib/libperl.so.5.24.4,system/usr/lib/libperl.so.5.24.4,file,1278904,786101,0o100755,2009-01-01 00:00:00,5cffa2a82939e30d69152074eaab3b7f60b157aa0707d644ef2f6965c8cd3353,
system/usr/lib/liblocdiagiface.so.1.0.0,system/usr/lib/liblocdiagiface.so.1.0.0,file,38628,19656,0o100755,2009-01-01 00:00:00,0e19f3bcee2f899bc35ce9ceb685f1e7f89c1bf362af5097fed7be80540b3bde,
system/usr/lib/environment.d/__emptyfile__,system/usr/lib/environment.d/__emptyfile__,file,0,0,0o40755,2024-02-02 11:17:48,e3b0c44298fc1c149afbf4c8996fb92427ae41e4649b934ca495991b7852b855,
system/usr/lib/environment.d/,system/usr/lib/environment.d/,directory,0,0,0o40755,2009-01-01 00:00:00,,
system/usr/lib/libqcmap_client.so.1.0.0,system/usr/lib/libqcmap_client.so.1.0.0,file,198348,80369,0o100755,2009-01-01 00:00:00,650dd7a700f63cb09f0019957d471a29ad17e8e37b7fc616ee05d07599f14d2e,
system/usr/lib/libizat_client_api.so.1.0.0,system/usr/lib/libizat_client_api.so.1.0.0,file,50808,23396,0o100755,2009-01-01 00:00:00,d25f1ccb92ec7b76fed1e28aa17d1efd4c0932f49f9d6c63bf59c8a764de7851,
system/usr/lib/libqmi_csi.so.1.0.0,system/usr/lib/libqmi_csi.so.1.0.0,file,22140,13205,0o100755,2009-01-01 00:00:00,3bccc3cecc51007f76d1b9e4babab5be78c5cd10ec5fbee8b14cfc04d33184ee,
system/usr/lib/liblogwrap.so.0.0.0,system/usr/lib/liblogwrap.so.0.0.0,file,9712,4959,0o100755,2009-01-01 00:00:00,57e4826bb0eb4d5f3fe1c685ad8a06ec040dc2283af9db821bb128a16c3ce62e,
system/usr/lib/libxml.so.0.0.0,system/usr/lib/libxml.so.0.0.0,file,30324,14786,0o100755,2009-01-01 00:00:00,c55b82eabeba9497e16616c521428859b42534e2825ca8f05f91a70abf550300,
system/usr/lib/libipanat.so.1.0.0,system/usr/lib/libipanat.so.1.0.0,file,55080,29083,0o100755,2009-01-01 00:00:00,12276e26f52d2e41277cd1af83b0b3bdef58843723975ebd6fa7073b48e601ff,
system/usr/lib/libloc_mq_client.so.1.0.0,system/usr/lib/libloc_mq_client.so.1.0.0,file,50896,24230,0o100755,2009-01-01 00:00:00,17b026eb48ab5e5030bc1040ab48d2868f6896c04126ef0f397dd0756bbe19a5,
system/usr/lib/libqmi.so.1.0.0,system/usr/lib/libqmi.so.1.0.0,file,165520,87169,0o100755,2009-01-01 00:00:00,9a89a2a410d72ad57d56a3ededfb74c5c8a9aab2419b09e6a09b0f437e982f3a,
system/usr/lib/libbatching.so.1.0.0,system/usr/lib/libbatching.so.1.0.0,file,46776,22532,0o100755,2009-01-01 00:00:00,05ad12e73679c63ebb42bf3bfe62334da3fb1fc2cdd97e2067c2ab2f6f7aac20,
system/usr/lib/libloc_net_iface.so.1.0.0,system/usr/lib/libloc_net_iface.so.1.0.0,file,128644,66194,0o100755,2009-01-01 00:00:00,bd535dcbc702a149ec5320d135ffbc635278d815b9fb7891cf8f159733403a38,
system/usr/lib/libwpa_supplicant_8_lib.so.0.0.0,system/usr/lib/libwpa_supplicant_8_lib.so.0.0.0,file,34308,16612,0o100755,2009-01-01 00:00:00,4481b17d7271a46cc80ece91b1529556debc00ab81d3908555aba263f9ee6996,
system/usr/lib/libqmi_ip.so.1.0.0,system/usr/lib/libqmi_ip.so.1.0.0,file,5732,1646,0o100755,2009-01-01 00:00:00,01414c918b04835d49594ab23bc38ce0a6e96d1e8b1bef69a5582c8756db2bf6,
system/usr/lib/liblocationservice.so.1.0.0,system/usr/lib/liblocationservice.so.1.0.0,file,530796,259341,0o100755,2009-01-01 00:00:00,cacc3611f18ac82c21d2054b192ec1741f9299daff3176c05cd26352ac2d9b0d,
system/usr/lib/libadbd.so.0.0.0,system/usr/lib/libadbd.so.0.0.0,file,67992,38937,0o100755,2009-01-01 00:00:00,ac87b0000529413d2c2c2c274ef96584c9046208b241935e7c13a8250eb1cc84,
system/usr/lib/libext4_utils.so.0.0.0,system/usr/lib/libext4_utils.so.0.0.0,file,63080,36589,0o100755,2009-01-01 00:00:00,288b971edf343452977d4bb8b7061595eab3ad3b351fddbfd066ad6482b63700,
system/usr/lib/libsysutils.so.0.0.0,system/usr/lib/libsysutils.so.0.0.0,file,22160,11017,0o100755,2009-01-01 00:00:00,5dc700e5eeb67d95212760f27e80d5753ce1f85fbf7062b27b916e8dd37915f6,
system/usr/lib/libxtadapter.so.1.0.0,system/usr/lib/libxtadapter.so.1.0.0,file,9788,4419,0o100755,2009-01-01 00:00:00,a9ccea166a7042ee8548c81cf086e1022ec688b264de9992372955886d0d46fa,
system/usr/lib/libbt-vendor.so.0.0.0,system/usr/lib/libbt-vendor.so.0.0.0,file,67248,37045,0o100755,2009-01-01 00:00:00,5eea86ce32851b11760df418db9d970eb9b9e0da0a53a50466a73c4cecae50b1,
system/usr/lib/libshared.so,system/usr/lib/libshared.so,file,91588,43668,0o100755,2009-01-01 00:00:00,2dd01f8b1bd2256807bd83ac96ecd5900e92f0e7ba55fc7197be28c28683d9da,
system/usr/lib/libasn1c_rtx.so.1.0.0,system/usr/lib/libasn1c_rtx.so.1.0.0,file,177880,100014,0o100755,2009-01-01 00:00:00,38f643b69dab0e36433e58bcd70e1956bee6169e8c958c3af62b6a31927cf8c6,
system/usr/lib/libexpat.so.1.6.8,system/usr/lib/libexpat.so.1.6.8,file,161424,66530,0o100755,2009-01-01 00:00:00,325b7e823b5db2bb66ce8562aada6f6826c4466828a088a6070d069d450083be,
system/usr/lib/libion.so.0.0.0,system/usr/lib/libion.so.0.0.0,file,5612,2266,0o100755,2009-01-01 00:00:00,e52712fc0b8644801c199a58cd0bb6ea85dbf97420fd3be170a6ffa5d6c256f4,
system/usr/lib/libqcmaputils.so.1.0.0,system/usr/lib/libqcmaputils.so.1.0.0,file,13872,7144,0o100755,2009-01-01 00:00:00,d3e85edb634630307b1f9cc7913d7725cf7cfcbc3fd3a873effead1cbc0aa55c,
system/usr/lib/libxsde.so.0.0.0,system/usr/lib/libxsde.so.0.0.0,file,386884,143947,0o100755,2009-01-01 00:00:00,dd21287d6343a8707b4fe9e0c29f1c457e3622fca160e03060770cedd53aa115,
system/usr/lib/libdsutils.so.1.0.0,system/usr/lib/libdsutils.so.1.0.0,file,54840,27016,0o100755,2009-01-01 00:00:00,95672e96eb8a1deccf90b7c5f73210c1e15a8b6d5c5606438d347fc99ce0081d,
system/usr/lib/libiptc.so.0.0.0,system/usr/lib/libiptc.so.0.0.0,file,5568,1369,0o100755,2009-01-01 00:00:00,52b13208ffcfbdbce32d735932137c5db7a4db03aedaf8582ec0c5c652b657ff,
system/usr/lib/libfs_mgr.so.0.0.0,system/usr/lib/libfs_mgr.so.0.0.0,file,30616,16703,0o100755,2009-01-01 00:00:00,5392336355e16f94e7a76f8ba3c71dec5a5853416c334eb8a26fc3da78526476,
system/usr/lib/libnetmgr.so.0.0.0,system/usr/lib/libnetmgr.so.0.0.0,file,75312,41243,0o100755,2009-01-01 00:00:00,3e9b10c581053ede2043ae478e9ac87911aefc814274a52c46a2f7bdf052bbec,
system/usr/lib/libbtnv.so.0.0.0,system/usr/lib/libbtnv.so.0.0.0,file,5752,2803,0o100755,2009-01-01 00:00:00,48dd76141ea7ee6300dd133423c43ce209cb42fb313ff9afdfc0400bfc346525,
system/usr/lib/libopkg.so.1.0.0,system/usr/lib/libopkg.so.1.0.0,file,121580,67371,0o100755,2009-01-01 00:00:00,c3925f8243d59f0d1434d04331d68068ca2c313a2ceb2e0beb7cd95625d87e57,
system/usr/lib/libgdtap_adapter.so.1.0.0,system/usr/lib/libgdtap_adapter.so.1.0.0,file,63184,25259,0o100755,2009-01-01 00:00:00,ebf22d6240412b820ae9597bd8b698f14dc6aa2d148392ef9784990578958ef2,
system/usr/lib/libjson_script.so,system/usr/lib/libjson_script.so,file,9796,4913,0o100755,2009-01-01 00:00:00,bd9f70254c9ae9f9e8f608e3c262a31e014c71d34aea16ac522345a832ce4d5e,
system/usr/lib/libbluetoothdefault.so.0.0.0,system/usr/lib/libbluetoothdefault.so.0.0.0,file,2112432,1223266,0o100755,2009-01-01 00:00:00,725ae5cf5bc3ccf2bef0cdf480f36d2e2cc020e05c9d96d64b8611ae96cd2d76,
system/usr/lib/liblocation_integration_api.so.1.0.0,system/usr/lib/liblocation_integration_api.so.1.0.0,file,108156,47880,0o100755,2009-01-01 00:00:00,c169d43c88fd27e1f266cf5d6a1409488c49c7488435c8855caaee47e6275c19,
system/usr/lib/xtables/__emptyfile__,system/usr/lib/xtables/__emptyfile__,file,0,0,0o40755,2024-02-02 11:17:48,e3b0c44298fc1c149afbf4c8996fb92427ae41e4649b934ca495991b7852b855,
system/usr/lib/xtables/,system/usr/lib/xtables/,directory,0,0,0o40755,2009-01-01 00:00:00,,
system/usr/lib/xtables/libxt_connbytes.so,system/usr/lib/xtables/libxt_connbytes.so,file,9872,2856,0o100755,2009-01-01 00:00:00,7847382f15dd94163c65ae2d1e76528fd5e239e0676cc6065310a769b33a175d,
system/usr/lib/xtables/libipt_icmp.so,system/usr/lib/xtables/libipt_icmp.so,file,9868,3586,0o100755,2009-01-01 00:00:00,3f8f224525bc4ef7ea402c033ddcdeadc01e6c9fefe94514e71e61441acab824,
system/usr/lib/xtables/libxt_bpf.so,system/usr/lib/xtables/libxt_bpf.so,file,9968,3385,0o100755,2009-01-01 00:00:00,764759ac635522e5f8ebbe4e32f3fefdf93647b8589b2a13b2338a908aa5b3c7,
system/usr/lib/xtables/libipt_TTL.so,system/usr/lib/xtables/libipt_TTL.so,file,5776,1990,0o100755,2009-01-01 00:00:00,6452005624c3e9490694fc615f3403719a92de50eb3f56c495f636329449774b,
system/usr/lib/xtables/libxt_pkttype.so,system/usr/lib/xtables/libxt_pkttype.so,file,5776,2297,0o100755,2009-01-01 00:00:00,5231dcc79c5914eea6e5cbff47011d089190c3e86af87efebc1933e7244f0186,
system/usr/lib/xtables/libxt_TPROXY.so,system/usr/lib/xtables/libxt_TPROXY.so,file,5984,2234,0o100755,2009-01-01 00:00:00,28735bc892ceefabd013d424a34276175a7fefcb11632a88bf5d92f28876f64b,
system/usr/lib/xtables/libxt_cpu.so,system/usr/lib/xtables/libxt_cpu.so,file,5772,1812,0o100755,2009-01-01 00:00:00,d1614f753450e6aba5656e779f63dab7382ab9a66e8c31c76f24e7770cc0a1f1,
system/usr/lib/xtables/libxt_rpfilter.so,system/usr/lib/xtables/libxt_rpfilter.so,file,5776,2226,0o100755,2009-01-01 00:00:00,417254e81136f176c1b5e6078178c9ef60e6c6c55ae9562854db80db1a5bfcef,
system/usr/lib/xtables/libebt_ip.so,system/usr/lib/xtables/libebt_ip.so,file,9868,3425,0o100755,2009-01-01 00:00:00,fb15a655a683c75184cf89983f304b5e82117aa2ba461050f9c4f9dbcc5a7dbc,
system/usr/lib/xtables/libxt_LED.so,system/usr/lib/xtables/libxt_LED.so,file,5776,2312,0o100755,2009-01-01 00:00:00,abef048dabb6d417a6e0cf4b4f978b7713012ca4a1f3ed341d0a4b481a9486bc,
system/usr/lib/xtables/libip6t_REJECT.so,system/usr/lib/xtables/libip6t_REJECT.so,file,5780,2551,0o100755,2009-01-01 00:00:00,bb2e29b56d618f963327a0abfe98007de6fe974e51927eb368581bbc85442cc8,
system/usr/lib/xtables/libip6t_ah.so,system/usr/lib/xtables/libip6t_ah.so,file,5772,2453,0o100755,2009-01-01 00:00:00,2eaa871e56e4926a0be9768446fd86980e059aa96d94e26fb1b9394587aab0f0,
system/usr/lib/xtables/libipt_MASQUERADE.so,system/usr/lib/xtables/libipt_MASQUERADE.so,file,5784,2516,0o100755,2009-01-01 00:00:00,bb952b824eef8a70ef43d072a91ca27f6b55ea528d31e574f611f1abe05fb30e,
system/usr/lib/xtables/libxt_tcpmss.so,system/usr/lib/xtables/libxt_tcpmss.so,file,5772,1920,0o100755,2009-01-01 00:00:00,1987ffbfe5d23c7203bbc04a4494044d6af81c2f6d9e7f264eb1249697d5c8bd,
system/usr/lib/xtables/libxt_NOTRACK.so,system/usr/lib/xtables/libxt_NOTRACK.so,file,10500,4003,0o100755,2009-01-01 00:00:00,c4aa7533a831836f4c17815df4391d874952ce02ab918930ae855a11fcbbd384,
system/usr/lib/xtables/libxt_ipvs.so,system/usr/lib/xtables/libxt_ipvs.so,file,9968,3445,0o100755,2009-01-01 00:00:00,e7f83ae1cc0cf5b25187149259c4b5a3dfd9b2bf21f97aaa8c0492f6b7af4d6a,
system/usr/lib/xtables/libxt_ipcomp.so,system/usr/lib/xtables/libxt_ipcomp.so,file,5772,2144,0o100755,2009-01-01 00:00:00,0bc9bd1c62f379203bf589f30e3bbab0ddd598afc54ac6fffdf21a1032e21642,
system/usr/lib/xtables/libxt_conntrack.so,system/usr/lib/xtables/libxt_conntrack.so,file,23160,9327,0o100755,2009-01-01 00:00:00,0388a7456b71820ed1b8c3d12e33b65d4a3c324a7883603fa9146cf5ea1c4877,
system/usr/lib/xtables/libip6t_SNAT.so,system/usr/lib/xtables/libip6t_SNAT.so,file,9872,3302,0o100755,2009-01-01 00:00:00,fda5310fd1e282eef69cef7a957a99e2d6eed924b7b1829cfcd1e0e619dff818,
system/usr/lib/xtables/libxt_tos.so,system/usr/lib/xtables/libxt_tos.so,file,5872,2423,0o100755,2009-01-01 00:00:00,ee88c2c8fc8e8dcb8a2784f6cb7db7929d4bce3a9f50339b633fca38a80e15fc,
system/usr/lib/xtables/libxt_owner.so,system/usr/lib/xtables/libxt_owner.so,file,10068,3990,0o100755,2009-01-01 00:00:00,33e03325f2338b06ac098d3e8e2cf669a539684911e350802eaa8925d4d45f2d,
system/usr/lib/xtables/libxt_nfacct.so,system/usr/lib/xtables/libxt_nfacct.so,file,5772,1864,0o100755,2009-01-01 00:00:00,7ba367a3f6b084927d3baedc76427e2fc08a455d5bd142545ab3ef9ad0ef7e48,
system/usr/lib/xtables/libip6t_mh.so,system/usr/lib/xtables/libip6t_mh.so,file,9868,3086,0o100755,2009-01-01 00:00:00,d2fea634f7af6b998b9b26ce5a69d323389465bd6c3d9f053204d92e558e017f,
system/usr/lib/xtables/libxt_dccp.so,system/usr/lib/xtables/libxt_dccp.so,file,9868,3811,0o100755,2009-01-01 00:00:00,6ea4129bb70b996250f3c1177ae06c80229d3b4f8c32589f1180fcf7825b4c48,
system/usr/lib/xtables/libxt_cluster.so,system/usr/lib/xtables/libxt_cluster.so,file,5776,2524,0o100755,2009-01-01 00:00:00,ff9baecf4d147529132b11bb75b573ea389713ea45a500fa8aee34b792e6cec7,
system/usr/lib/xtables/libxt_SET.so,system/usr/lib/xtables/libxt_SET.so,file,14280,6409,0o100755,2009-01-01 00:00:00,a32e3db2db93e627019c7805fb780a6888bfb3a226047af19b76f4f8bf6d96b7,
system/usr/lib/xtables/libipt_DNAT.so,system/usr/lib/xtables/libipt_DNAT.so,file,9872,3530,0o100755,2009-01-01 00:00:00,a4c1e2ca1cf65ee19753a4f311a61cc13a1be0f25c797a7957f3e429aa0d3113,
system/usr/lib/xtables/libebt_log.so,system/usr/lib/xtables/libebt_log.so,file,5776,2751,0o100755,2009-01-01 00:00:00,bd761537febfbeaa758dd58d2809c00f95eed37b21a78a97b51a2eba8520783a,
system/usr/lib/xtables/libip6t_HL.so,system/usr/lib/xtables/libip6t_HL.so,file,5776,1993,0o100755,2009-01-01 00:00:00,84b0b0476ea3228ce1b660cf74a88937ca70b719a97d552b5124bdb9957ef44a,
system/usr/lib/xtables/libxt_NFQUEUE.so,system/usr/lib/xtables/libxt_NFQUEUE.so,file,10188,2942,0o100755,2009-01-01 00:00:00,b87c5defbd51625ea6a0a0f7a7759844016c9da0b934e2a3f09649e472bb5a36,
system/usr/lib/xtables/libxt_tcp.so,system/usr/lib/xtables/libxt_tcp.so,file,9868,4769,0o100755,2009-01-01 00:00:00,fda328762f46bd6ce0038081c27b8a26fb5b781603f670498eef1c3a04a7bdf7,
system/usr/lib/xtables/libxt_iprange.so,system/usr/lib/xtables/libxt_iprange.so,file,10072,3905,0o100755,2009-01-01 00:00:00,a487cc69aef2486ab6a98531558b2117fd5d05bc19332c6815c9514dd302bd28,
system/usr/lib/xtables/libxt_state.so,system/usr/lib/xtables/libxt_state.so,file,23156,9330,0o100755,2009-01-01 00:00:00,6d720b77e4676e989973243cd4938592fbd0bf2da3069370701758f53403c198,
system/usr/lib/xtables/libip6t_hl.so,system/usr/lib/xtables/libip6t_hl.so.__zipcase__3dd29c6c,file,5772,2103,0o100755,2009-01-01 00:00:00,af522c02a1edc0aa5cd3088087df5817434a043c4f9f6925416c91abeed547bf,
system/usr/lib/xtables/libxt_helper.so,system/usr/lib/xtables/libxt_helper.so,file,5772,1900,0o100755,2009-01-01 00:00:00,419fc10b3e0fc5c8e4a6edcca57109e51c374620f4b837398a4f828736f75a18,
system/usr/lib/xtables/libip6t_MASQUERADE.so,system/usr/lib/xtables/libip6t_MASQUERADE.so,file,5784,2537,0o100755,2009-01-01 00:00:00,aedbd6b55582686fec8bcaba0ea8f203e645bc4e9eae149e58e675531c077734,
system/usr/lib/xtables/libxt_CLASSIFY.so,system/usr/lib/xtables/libxt_CLASSIFY.so,file,5884,2177,0o100755,2009-01-01 00:00:00,43cff3a916e6c3fd373e9f7ad52325a95af98a5e794625c064264d9acb251fc4,
system/usr/lib/xtables/libxt_mangle.so,system/usr/lib/xtables/libxt_mangle.so,file,9872,3630,0o100755,2009-01-01 00:00:00,2178366230cf29a300ba2613f6dd1e116a287020e161422cb3e99c78e8d0a8ef,
system/usr/lib/xtables/libipt_NETMAP.so,system/usr/lib/xtables/libipt_NETMAP.so,file,5780,2021,0o100755,2009-01-01 00:00:00,b0c3ca72f20d8daceaf5ba296c7d9d38353aa66e0dd4cc9ec18c373d8915de01,
system/usr/lib/xtables/libip6t_srh.so,system/usr/lib/xtables/libip6t_srh.so,file,9868,2870,0o100755,2009-01-01 00:00:00,58acfc9cd7d01f5fb456401f16db7ebcdcb856f9e350e325b2c697e29d0d05b0,
system/usr/lib/xtables/libip6t_dst.so,system/usr/lib/xtables/libip6t_dst.so,file,5772,2836,0o100755,2009-01-01 00:00:00,58637aca201e945de3b50dd156cce44c6c737f6ac5a5ccb0f2379652ec81e00a,
system/usr/lib/xtables/libxt_time.so,system/usr/lib/xtables/libxt_time.so,file,9868,4994,0o100755,2009-01-01 00:00:00,b827e0cd1067b637c9bb31092b87340432b4f467f2a2ce3047e52c40148dddc6,
system/usr/lib/xtables/libxt_DSCP.so,system/usr/lib/xtables/libxt_DSCP.so,file,5880,2481,0o100755,2009-01-01 00:00:00,97255abc1f4cebe43a97df901d7d9a219926231867f03eb5fc535aff8e6b2763,
system/usr/lib/xtables/libipt_LOG.so,system/usr/lib/xtables/libipt_LOG.so,file,9872,2976,0o100755,2009-01-01 00:00:00,50598bbf294f0f1578132bb23f80ad4ae6035a0a8261586628977aa515efe55d,
system/usr/lib/xtables/libxt_RATEEST.so,system/usr/lib/xtables/libxt_RATEEST.so,file,9876,2963,0o100755,2009-01-01 00:00:00,1f1ff4fd6d5dbc3d96235b335642f804162b971a6adffd29712a2ce3cd137857,
system/usr/lib/xtables/libxt_connmark.so,system/usr/lib/xtables/libxt_connmark.so,file,5876,2150,0o100755,2009-01-01 00:00:00,f447a49937812256be7aebb4efdbdbbc2fb662567289cf785aef93dd72f4b759,
system/usr/lib/xtables/libxt_devgroup.so,system/usr/lib/xtables/libxt_devgroup.so,file,9872,3071,0o100755,2009-01-01 00:00:00,b9cf4ac3b7b779d8da687bf17183b54f4bd1c32bbf766b24d0c9bed79edbb641,
system/usr/lib/xtables/libipt_ttl.so,system/usr/lib/xtables/libipt_ttl.so.__zipcase__549b1a38,file,5772,2143,0o100755,2009-01-01 00:00:00,a1575b83cb7b424d4887985fa2753941b762a47f5063945ce5a98509ca54d3a6,
system/usr/lib/xtables/libxt_mark.so,system/usr/lib/xtables/libxt_mark.so,file,5872,2111,0o100755,2009-01-01 00:00:00,4924ed2db89ae7faf23ea62ccb80f71fed5602aaef0a83f7e30cf15884ffe5cb,
system/usr/lib/xtables/libip6t_hbh.so,system/usr/lib/xtables/libip6t_hbh.so,file,5772,2913,0o100755,2009-01-01 00:00:00,906a8b5e9498d22cd52dc04eab0c297faed670821564572771493e2b749148b7,
system/usr/lib/xtables/libxt_u32.so,system/usr/lib/xtables/libxt_u32.so,file,9868,3209,0o100755,2009-01-01 00:00:00,3ecccb251e46ea03ea45f363f020611e7f7f7c39f3112cf25f69bf428f691e44,
system/usr/lib/xtables/libip6t_SNPT.so,system/usr/lib/xtables/libip6t_SNPT.so,file,5776,1954,0o100755,2009-01-01 00:00:00,a6e0a5f87f59747e66747a7ea8ced21cccc4e0ff9835fce47f4e13fe9484bf9c,
system/usr/lib/xtables/libip6t_eui64.so,system/usr/lib/xtables/libip6t_eui64.so,file,5716,1483,0o100755,2009-01-01 00:00:00,34fb47bd7f7fd3fdf52f68ff1ea1889fd18f2f2eaa22d74ad5e7ad2cbb47fcd1,
system/usr/lib/xtables/libipt_SNAT.so,system/usr/lib/xtables/libipt_SNAT.so,file,9872,3671,0o100755,2009-01-01 00:00:00,507b7b91d8f6d882656aad5b1daa263b36701689f0cb2cb7dd20dd10c11f0388,
system/usr/lib/xtables/libxt_dscp.so,system/usr/lib/xtables/libxt_dscp.so.__zipcase__f2e57e43,file,5872,2543,0o100755,2009-01-01 00:00:00,545a8d043853e8e9120cf05d99832dc78696f77e59f5babc5d040fa41e2edc70,
system/usr/lib/xtables/libxt_string.so,system/usr/lib/xtables/libxt_string.so,file,9968,3529,0o100755,2009-01-01 00:00:00,70fc4a5bc039ab8388fa5b39859368caab27c174e586415827dd9729a43253b6,
system/usr/lib/xtables/libxt_multiport.so,system/usr/lib/xtables/libxt_multiport.so,file,10172,4445,0o100755,2009-01-01 00:00:00,c639da839a2fb59502aa8ba27be3db4df46e46e9970689d123434856bb4790af,
system/usr/lib/xtables/libxt_TCPMSS.so,system/usr/lib/xtables/libxt_TCPMSS.so.__zipcase__0e01012e,file,5880,2075,0o100755,2009-01-01 00:00:00,80a931954df7b24d586aec1d8100df67a539a0f520ca49db32d7e2c1d433c671,
system/usr/lib/xtables/libxt_policy.so,system/usr/lib/xtables/libxt_policy.so,file,9968,4326,0o100755,2009-01-01 00:00:00,f5b9e148faa7327f512a784b007d1c0c91665f195ce8f24ac75683c90e54fc98,
system/usr/lib/xtables/libxt_IDLETIMER.so,system/usr/lib/xtables/libxt_IDLETIMER.so,file,5780,1810,0o100755,2009-01-01 00:00:00,495ac0c3057d6d98868b3ad44b69cb3e1a9bb6a4cde618801ce0a32857d95399,
system/usr/lib/xtables/libxt_NFLOG.so,system/usr/lib/xtables/libxt_NFLOG.so,file,5776,2492,0o100755,2009-01-01 00:00:00,5b006388978869bded6a33f8c962141f34dae83d807ee9550cd56c517c9604f8,
system/usr/lib/xtables/libxt_hashlimit.so,system/usr/lib/xtables/libxt_hashlimit.so,file,22932,10246,0o100755,2009-01-01 00:00:00,00059c62321510515ee957654b0b67e37f4a9648c677317e5bdfd355ddf4a30b,
system/usr/lib/xtables/libipt_ah.so,system/usr/lib/xtables/libipt_ah.so,file,5772,2161,0o100755,2009-01-01 00:00:00,5894d9431402d24c4d9b8d78e9f9c82db48893a6e6c2ff2cf2fd6b11e40845d3,
system/usr/lib/xtables/libxt_AUDIT.so,system/usr/lib/xtables/libxt_AUDIT.so,file,5776,1945,0o100755,2009-01-01 00:00:00,ee1ee51f0b1e5011b4e548cc7edb8689e1934568ee8f9d2ea8525947ae523c82,
system/usr/lib/xtables/libxt_HMARK.so,system/usr/lib/xtables/libxt_HMARK.so,file,9976,3957,0o100755,2009-01-01 00:00:00,f9f852dab0c50ce3d0d28d98e5ded7fbb14c510306542c7bda01edd383c504cd,
system/usr/lib/xtables/libxt_physdev.so,system/usr/lib/xtables/libxt_physdev.so,file,5776,2402,0o100755,2009-01-01 00:00:00,0b6fb004d18cfd4136f652aad95559a2c380e90b37bff00021cd9e83082520ba,
system/usr/lib/xtables/libxt_recent.so,system/usr/lib/xtables/libxt_recent.so,file,10068,3430,0o100755,2009-01-01 00:00:00,dad6cb6f7396561bfaf9a05524cfea64278b3b69789d79615b46d7efaa24e968,
system/usr/lib/xtables/libipt_CLUSTERIP.so,system/usr/lib/xtables/libipt_CLUSTERIP.so,file,5780,2518,0o100755,2009-01-01 00:00:00,fe2c38fc32949be3094a66367fee2bb4a5b273c9b017dab5291cd40c22de4257,
system/usr/lib/xtables/libxt_CONNSECMARK.so,system/usr/lib/xtables/libxt_CONNSECMARK.so,file,5784,1952,0o100755,2009-01-01 00:00:00,33c3e646ee6d581af932d7dbe7ba99593343e5daa9d56a495b201a8ed3039d9d,
system/usr/lib/xtables/libxt_SYNPROXY.so,system/usr/lib/xtables/libxt_SYNPROXY.so,file,5780,2088,0o100755,2009-01-01 00:00:00,572c34585ff80898719bf89ad3073479385f167b03cdeb837f9a4d8ac3ce3bbd,
system/usr/lib/xtables/libxt_TEE.so,system/usr/lib/xtables/libxt_TEE.so,file,5880,2152,0o100755,2009-01-01 00:00:00,913a9653bd94278975efe3c493adaf18a8d4be847334334f12b62a8e43127f5a,
system/usr/lib/xtables/libipt_REDIRECT.so,system/usr/lib/xtables/libipt_REDIRECT.so,file,5780,2489,0o100755,2009-01-01 00:00:00,93a23a834a9a06e1a81d3a4835f8c407e533fc9d34ddcd6da804cc7db624f246,
system/usr/lib/xtables/libxt_limit.so,system/usr/lib/xtables/libxt_limit.so,file,9868,3181,0o100755,2009-01-01 00:00:00,a5b99c6105c4512c1be59e0329c7c5cab8860feed92609ea51454610cd830640,
system/usr/lib/xtables/libxt_quota.so,system/usr/lib/xtables/libxt_quota.so,file,5772,1840,0o100755,2009-01-01 00:00:00,2cd2606de6920b4629b0a021a84b26327733a56952b6cd887c675f0fa3466456,
system/usr/lib/xtables/libxt_CT.so,system/usr/lib/xtables/libxt_CT.so,file,10492,3998,0o100755,2009-01-01 00:00:00,023797e500d3dd22e3cae5450320b537455cb5497e2816965d7184de834d816e,
system/usr/lib/xtables/libxt_TOS.so,system/usr/lib/xtables/libxt_TOS.so.__zipcase__73fb6ef2,file,9976,2839,0o100755,2009-01-01 00:00:00,88495386d98ca5c19f61ef0919367928f5ad4c92242f545b616039881ed3e296,
system/usr/lib/xtables/libipt_ECN.so,system/usr/lib/xtables/libipt_ECN.so,file,5776,2102,0o100755,2009-01-01 00:00:00,60ce04ff65f52d301305dbcf53c549c9cbaa3967b739e58316a1de9ac4f34a78,
system/usr/lib/xtables/libxt_udp.so,system/usr/lib/xtables/libxt_udp.so,file,5772,2579,0o100755,2009-01-01 00:00:00,33ef313460a67409cb407ccd9c752c21f537495dd87ca5028ef8e67b249f784d,
system/usr/lib/xtables/libxt_length.so,system/usr/lib/xtables/libxt_length.so,file,5772,1950,0o100755,2009-01-01 00:00:00,b8af6f2d37799b14c257d344d2cae51b4b9bc647cf07fd8bfa04c2a0562011ea,
system/usr/lib/xtables/libxt_standard.so,system/usr/lib/xtables/libxt_standard.so,file,5720,1576,0o100755,2009-01-01 00:00:00,7ab0c88fc4d2681c1700c098e1adc474d61e438acc9e9b2abddf0dbef6acb11b,
system/usr/lib/xtables/libxt_comment.so,system/usr/lib/xtables/libxt_comment.so,file,5776,1992,0o100755,2009-01-01 00:00:00,2243ebfb370a04d7b299ca439ab9b97e8960f208967d0f2a61af1a354b891076,
system/usr/lib/xtables/libxt_SECMARK.so,system/usr/lib/xtables/libxt_SECMARK.so,file,5780,1840,0o100755,2009-01-01 00:00:00,c8ccb17de52af3baa13ff2823f3b1d51644873cfd64d11a74437c7ba0577dcf4,
system/usr/lib/xtables/libip6t_rt.so,system/usr/lib/xtables/libip6t_rt.so,file,9868,3547,0o100755,2009-01-01 00:00:00,f26a741d0d5a5acaec64b912d171ac52ef833fa9a3b4820223570d368c83f94b,
system/usr/lib/xtables/libxt_rateest.so,system/usr/lib/xtables/libxt_rateest.so.__zipcase__c4e306e8,file,9872,4717,0o100755,2009-01-01 00:00:00,c16485f495d58d8b2bc8705bbfbd815caff438e1fe44eb27d03e2fbeb8b780c8,
system/usr/lib/xtables/libxt_ecn.so,system/usr/lib/xtables/libxt_ecn.so,file,5772,2292,0o100755,2009-01-01 00:00:00,8e470ae9643a03fad08ffea17faef7231aedb625a3fb785adf69f7a2e6eb1b7a,
system/usr/lib/xtables/libxt_cgroup.so,system/usr/lib/xtables/libxt_cgroup.so,file,5872,2222,0o100755,2009-01-01 00:00:00,bd7c1ff4c3c5ce7d3b4dc49371ca560e93428eae854cb6dac96ca3105e87a4b3,
system/usr/lib/xtables/libxt_TCPOPTSTRIP.so,system/usr/lib/xtables/libxt_TCPOPTSTRIP.so,file,5784,2676,0o100755,2009-01-01 00:00:00,089ec8c22c06374efa2dd7bbd046dc961e8a02128de21b8fa46d1be11bbeefdd,
system/usr/lib/xtables/libip6t_REDIRECT.so,system/usr/lib/xtables/libip6t_REDIRECT.so,file,5780,2484,0o100755,2009-01-01 00:00:00,767d2afd1ed45fd485e0fd33e28c7d5c6ec1149a4cc22fedb1f7b3d93829dde0,
system/usr/lib/xtables/libxt_osf.so,system/usr/lib/xtables/libxt_osf.so,file,5772,2220,0o100755,2009-01-01 00:00:00,aced399adaf427a569e451d4d1bdd720b4e8981b89ab5e8e5ddc990d3b39992e,
system/usr/lib/xtables/libipt_NATTYPE.so,system/usr/lib/xtables/libipt_NATTYPE.so,file,5768,2100,0o100755,2009-01-01 00:00:00,51d72ca0362347fd3b36c49a694438ff2a29096f3effe0cae34d527629e862d3,
system/usr/lib/xtables/libxt_addrtype.so,system/usr/lib/xtables/libxt_addrtype.so,file,9972,3758,0o100755,2009-01-01 00:00:00,3e7f56e96bfa2b0cc9caff591441dc0c8a4ff47c5b2370e7e1f8f8019e7d7e9d,
system/usr/lib/xtables/libip6t_ipv6header.so,system/usr/lib/xtables/libip6t_ipv6header.so,file,9876,2858,0o100755,2009-01-01 00:00:00,795b34d2609068a2abf50c0737b5ea9c5211682a89fdbd72e65ccfb0bf20c636,
system/usr/lib/xtables/libxt_TRACE.so,system/usr/lib/xtables/libxt_TRACE.so,file,5716,1535,0o100755,2009-01-01 00:00:00,70cea7de6efd1cea4255dcdabdf2dfdb9d2cd31f0476b7b6c9fa35ecfcb74f86,
system/usr/lib/xtables/libebt_802_3.so,system/usr/lib/xtables/libebt_802_3.so,file,5772,2334,0o100755,2009-01-01 00:00:00,5de30435f450f7a20eddef44dd2d6c4a33d9cdbc78c8e7afd706c1cca0ef1998,
system/usr/lib/xtables/libxt_CHECKSUM.so,system/usr/lib/xtables/libxt_CHECKSUM.so,file,5780,1754,0o100755,2009-01-01 00:00:00,a7ad0afb6c92d988f6acf93a30cfa513a919bbc15fc42017c519418bf21262cb,
system/usr/lib/xtables/libipt_ULOG.so,system/usr/lib/xtables/libipt_ULOG.so,file,5776,2298,0o100755,2009-01-01 00:00:00,95bb01413acfbe7507664e7c01f92b165847903fb9079d853468a4599329b6b4,
system/usr/lib/xtables/libip6t_icmp6.so,system/usr/lib/xtables/libip6t_icmp6.so,file,9872,3487,0o100755,2009-01-01 00:00:00,4fdb8a5d297187db4a538bcc3e36d67c65b2d16fa814c775727fa79083f71dbe,
system/usr/lib/xtables/libxt_sctp.so,system/usr/lib/xtables/libxt_sctp.so,file,9868,5039,0o100755,2009-01-01 00:00:00,d38d1b5f7365d0bbae0ed487228884f61a5b20aac0c360f395cf28cad84b0190,
system/usr/lib/xtables/libip6t_LOG.so,system/usr/lib/xtables/libip6t_LOG.so,file,9872,2991,0o100755,2009-01-01 00:00:00,927ca36470cbfb680c237d09ca6e81bf72919327cff6e3304ab854b919340330,
system/usr/lib/xtables/libxt_esp.so,system/usr/lib/xtables/libxt_esp.so,file,5772,2092,0o100755,2009-01-01 00:00:00,ee3c9250d87997fbce1dd0ed1245563acf9726f0985cc754a7ecdb76edd8d844,
system/usr/lib/xtables/libip6t_DNAT.so,system/usr/lib/xtables/libip6t_DNAT.so,file,9872,3224,0o100755,2009-01-01 00:00:00,a0e29e6a1fc8356b8c0bef56df3dc85d1a783b6559e63a2f06a3e7be78b7125d,
system/usr/lib/xtables/libxt_MARK.so,system/usr/lib/xtables/libxt_MARK.so.__zipcase__d2d20bbf,file,10080,2715,0o100755,2009-01-01 00:00:00,c38838e58afe51c1392b96cbf79a080994d2bd3da87cf0fa4e6051755327ea45,
system/usr/lib/xtables/libipt_REJECT.so,system/usr/lib/xtables/libipt_REJECT.so,file,9876,2813,0o100755,2009-01-01 00:00:00,46a6c50aa99b7c116752abe0b6b14deb59a4b8b8db0f7d0c59e52081ef7211d9,
system/usr/lib/xtables/libxt_mac.so,system/usr/lib/xtables/libxt_mac.so,file,5772,1953,0o100755,2009-01-01 00:00:00,40f5c51f8ac40a2dfba391f425ffe9f51bdf6212e7e8d88279a7ecc209393872,
system/usr/lib/xtables/libxt_CONNMARK.so,system/usr/lib/xtables/libxt_CONNMARK.so.__zipcase__9535b85a,file,9980,3113,0o100755,2009-01-01 00:00:00,c8814088b96bcdb3aed9ceaa034ccc0a26d82048c0b8c6c24ff787d03f57755a,
system/usr/lib/xtables/libip6t_DNPT.so,system/usr/lib/xtables/libip6t_DNPT.so,file,5776,1953,0o100755,2009-01-01 00:00:00,b83e7ede848618b94412cb835b9bc606a03a0149d9672ee978a0a6aba2da6a83,
system/usr/lib/xtables/libxt_connlimit.so,system/usr/lib/xtables/libxt_connlimit.so,file,6076,2622,0o100755,2009-01-01 00:00:00,899a6047b2fd277d92d8e9aeea975a60e566974fb339e7b378e29430e0d5fd2f,
system/usr/lib/xtables/libxt_set.so,system/usr/lib/xtables/libxt_set.so.__zipcase__276242b3,file,18460,6830,0o100755,2009-01-01 00:00:00,31fa55d2c11ab7b9ee543130ab8cdf00d074f9fb397b572fdc027815533ae214,
system/usr/lib/xtables/libxt_statistic.so,system/usr/lib/xtables/libxt_statistic.so,file,5776,2585,0o100755,2009-01-01 00:00:00,b41d6ccb57e3ccdbc5d3c482dea5ff234a9ae8bb727776df2b1e6a52446059a4,
system/usr/lib/xtables/libipt_realm.so,system/usr/lib/xtables/libipt_realm.so,file,5772,2652,0o100755,2009-01-01 00:00:00,2bc0bc36add33f96c2cb06da5752f549f86e14ed9d064dd767de0ccbf7c5037e,
system/usr/lib/xtables/libxt_socket.so,system/usr/lib/xtables/libxt_socket.so,file,6072,2244,0o100755,2009-01-01 00:00:00,accd0f634f3044142f0a8f8a89ac5446439f88d01949fd8ef287b88b1ecefbaf,
system/usr/lib/xtables/libebt_mark_m.so,system/usr/lib/xtables/libebt_mark_m.so,file,5776,2188,0o100755,2009-01-01 00:00:00,8051c7cce4bc9db307990438995896eba30d0369f988466716d90737e0755908,
system/usr/lib/xtables/libip6t_NETMAP.so,system/usr/lib/xtables/libip6t_NETMAP.so,file,5780,2152,0o100755,2009-01-01 00:00:00,01372486ea1b6d26c8adba9f3921622c0240b93edf45e9a778502c7250a0066e,
system/usr/lib/xtables/libip6t_frag.so,system/usr/lib/xtables/libip6t_frag.so,file,5772,2713,0o100755,2009-01-01 00:00:00,22559a19fb30ae89092f8e883e03e4049626d999ff75d0d616fc9f06c79d95c7,
system/usr/lib/libloc_base_util.so.1.0.0,system/usr/lib/libloc_base_util.so.1.0.0,file,83728,35704,0o100755,2009-01-01 00:00:00,1c5a0b534d7df06a35b30b3d13a466b9b4e3737684b688b7e6665f0eb979bb99,
system/usr/lib/libubus.so,system/usr/lib/libubus.so,file,18028,9527,0o100755,2009-01-01 00:00:00,90fdddd3eb88e53d34ac40256c671663d3d82b1efa726a28ed46bd686c852a86,
system/usr/lib/e2initrd_helper,system/usr/lib/e2initrd_helper,file,9860,3739,0o100755,2009-01-01 00:00:00,0e11b2b707e7136c5ac1f607fae334b3cf4a205721501c894f613d882b71afa2,
system/usr/lib/os-release,system/usr/lib/os-release,file,100,56,0o100644,2009-01-01 00:00:00,9a01446c3f05165d60cc7bd6d12301421d707283bf86a7d52e6fcc5d624ad13d,
system/usr/lib/libgthread-2.0.so.0.5800.0,system/usr/lib/libgthread-2.0.so.0.5800.0,file,5624,1690,0o100755,2009-01-01 00:00:00,612028c2965be4aab67fc507a4de60979883fb759d6ac73c58cbf24e60cc0bca,
system/usr/lib/librmnetctl.so.0.0.0,system/usr/lib/librmnetctl.so.0.0.0,file,20508,9554,0o100755,2009-01-01 00:00:00,0e80e8506e03b66b9e02c430814cc089dedff6846a61c9530a519ba389d11b94,
system/usr/lib/libasn1c_cper.so.1.0.0,system/usr/lib/libasn1c_cper.so.1.0.0,file,75408,41621,0o100755,2009-01-01 00:00:00,d315a485d8282d48c16ce3d99c1c891c9550f2575e8bcbff313e657f184e9664,
system/usr/lib/libtzcom.so.1.0.0,system/usr/lib/libtzcom.so.1.0.0,file,26252,12654,0o100755,2009-01-01 00:00:00,1b90816b9624eff95f755490b2df73cc3a181459cb1e8de59335f1ecb06f8d10,
system/usr/lib/librpmb.so.1.0.0,system/usr/lib/librpmb.so.1.0.0,file,27388,12751,0o100755,2009-01-01 00:00:00,261e357450b5f707b3c2936414f9977efa5675febdebe2a6310eb046f1eabe98,
system/usr/lib/libmcm_log_util.so.0.0.0,system/usr/lib/libmcm_log_util.so.0.0.0,file,9720,3840,0o100755,2009-01-01 00:00:00,9ed984b7e0ec7f46b429a860ac967f04c6cced3ec929917658bc402e839eaf4c,
system/usr/lib/libxtwifiserver_protocol.so.1.0.0,system/usr/lib/libxtwifiserver_protocol.so.1.0.0,file,472700,183118,0o100755,2009-01-01 00:00:00,c3d64e40288f74134efc6c6e78ce60dec8cd195389cd17b4ed4f3cb925992f04,
system/usr/lib/libpcap.so.1.8.1,system/usr/lib/libpcap.so.1.8.1,file,210860,113181,0o100755,2009-01-01 00:00:00,e4523e9fdd4abce229dbe8511dc75f705f673c1cddcacfbf60097b32c03b26db,
system/usr/lib/libsqlite3.so.0.8.6,system/usr/lib/libsqlite3.so.0.8.6,file,652324,493318,0o100755,2009-01-01 00:00:00,fd00335c7471f69f9d2a7cfba3b112e2064876f3ca7511f1b88f2d42a05b5aba,
system/usr/lib/libstdc++.so.6.0.25,system/usr/lib/libstdc++.so.6.0.25,file,1042316,414060,0o100755,2009-01-01 00:00:00,c065443207ecbff43684bd77c538855c6c546a35a92b82787778932a0a832580,
system/usr/lib/libgio-2.0.so.0.5800.0,system/usr/lib/libgio-2.0.so.0.5800.0,file,1100124,577884,0o100755,2009-01-01 00:00:00,d45943c4a1369aee9521b9bb34171e06d8164e6ebbe54e78b6b4181f29448ec5,
system/usr/lib/libnl-3.so.200.26.0,system/usr/lib/libnl-3.so.200.26.0,file,87768,48061,0o100755,2009-01-01 00:00:00,81486e59bc314a6a642ba6618d91bab71fd4afd1ff3f71180c64f1936bba997d,
system/usr/lib/libblobmsg_json.so,system/usr/lib/libblobmsg_json.so,file,9712,3795,0o100755,2009-01-01 00:00:00,b9af585ed3702355100f4d346b5c26fa5d1f8b48d33e3a2dbebce8185094a5be,
system/usr/lib/modules/__emptyfile__,system/usr/lib/modules/__emptyfile__,file,0,0,0o40755,2024-02-02 11:17:48,e3b0c44298fc1c149afbf4c8996fb92427ae41e4649b934ca495991b7852b855,
system/usr/lib/modules/,system/usr/lib/modules/,directory,0,0,0o40755,2009-01-01 00:00:00,,
system/usr/lib/modules/4.14.206-perf/__emptyfile__,system/usr/lib/modules/4.14.206-perf/__emptyfile__,file,0,0,0o40755,2024-02-02 11:17:48,e3b0c44298fc1c149afbf4c8996fb92427ae41e4649b934ca495991b7852b855,
system/usr/lib/modules/4.14.206-perf/,system/usr/lib/modules/4.14.206-perf/,directory,0,0,0o40755,2009-01-01 00:00:00,,
system/usr/lib/modules/4.14.206-perf/modules.dep,system/usr/lib/modules/4.14.206-perf/modules.dep,file,2275,452,0o100644,2009-01-01 00:00:00,dd1427e16e48888c6a216f69a486e42d9e497bffcc33ca756916f5381023ef05,
system/usr/lib/modules/4.14.206-perf/modules.devname,system/usr/lib/modules/4.14.206-perf/modules.devname,file,80,75,0o100644,2009-01-01 00:00:00,983ced4ecb2d4ae4083b6caf58ed3f9b1b7a38f65bd005ae087182347c705af7,
system/usr/lib/modules/4.14.206-perf/extra/__emptyfile__,system/usr/lib/modules/4.14.206-perf/extra/__emptyfile__,file,0,0,0o40755,2024-02-02 11:17:48,e3b0c44298fc1c149afbf4c8996fb92427ae41e4649b934ca495991b7852b855,
system/usr/lib/modules/4.14.206-perf/extra/,system/usr/lib/modules/4.14.206-perf/extra/,directory,0,0,0o40755,2009-01-01 00:00:00,,
system/usr/lib/modules/4.14.206-perf/extra/wlan.ko,system/usr/lib/modules/4.14.206-perf/extra/wlan.ko,file,6855192,2446053,0o100644,2009-01-01 00:00:00,9a12fdcbb1d391434f9fe1ae53e839fc94923bcda871c27621da27269ddc3eba,
system/usr/lib/modules/4.14.206-perf/extra/gsb.ko,system/usr/lib/modules/4.14.206-perf/extra/gsb.ko,file,53472,20501,0o100644,2009-01-01 00:00:00,4874bf37d551c5c877f3507255ad7a87b58bff29523e9f1d7e21e9bffddbad6a,
system/usr/lib/modules/4.14.206-perf/extra/bluetooth-power.ko,system/usr/lib/modules/4.14.206-perf/extra/bluetooth-power.ko,file,18364,6912,0o100644,2009-01-01 00:00:00,ca8607acacdd7013a1b43693fafb80c7390db119455196c1ce678fee472fa1b2,
system/usr/lib/modules/4.14.206-perf/extra/aqc_ipa_offload.ko,system/usr/lib/modules/4.14.206-perf/extra/aqc_ipa_offload.ko,file,100980,30219,0o100644,2009-01-01 00:00:00,e3cf8a52580ad99e7d145e9e736a843383da3e14284cbb9992eab7dd0c391d4d,
system/usr/lib/modules/4.14.206-perf/extra/embms_kernel.ko,system/usr/lib/modules/4.14.206-perf/extra/embms_kernel.ko,file,11220,4833,0o100644,2009-01-01 00:00:00,bfbe2ee7354198b8d63c4b09529bab5dd0d880ba2618b5f5ed3265f6f6db24ca,
system/usr/lib/modules/4.14.206-perf/extra/r8125.ko,system/usr/lib/modules/4.14.206-perf/extra/r8125.ko,file,188072,78391,0o100644,2009-01-01 00:00:00,f4db8b567b42ea68d16e1972f0eca79bba203f2f231cee5c4d99afaaac065be6,
system/usr/lib/modules/4.14.206-perf/extra/wlan-mag.ko,system/usr/lib/modules/4.14.206-perf/extra/wlan-mag.ko,file,6720240,2410407,0o100644,2009-01-01 00:00:00,9c36dda50a6cee1dd561e41d99a2ba0875fbf8e151317801a14146517dfcea77,
system/usr/lib/modules/4.14.206-perf/modules.symbols.bin,system/usr/lib/modules/4.14.206-perf/modules.symbols.bin,file,68629,16301,0o100644,2009-01-01 00:00:00,717ba04116ba0e44583f11c68d6c8a1a3d59b539bc0f44b3f36e9fee6120ea08,
system/usr/lib/modules/4.14.206-perf/modules.alias.bin,system/usr/lib/modules/4.14.206-perf/modules.alias.bin,file,1470,497,0o100644,2009-01-01 00:00:00,6f04be25915e2d5087211d70681e1fe2f8be7d6cff358b4f795cee0c89e63abd,
system/usr/lib/modules/4.14.206-perf/modules.softdep,system/usr/lib/modules/4.14.206-perf/modules.softdep,file,55,55,0o100644,2009-01-01 00:00:00,ac2de753255c506934be29e69261f1485f51ee9cf9c2bf467bcc0c4cf95f8713,
system/usr/lib/modules/4.14.206-perf/modules.builtin.bin,system/usr/lib/modules/4.14.206-perf/modules.builtin.bin,file,24126,6606,0o100644,2009-01-01 00:00:00,71af0457eab75680d41336e063714f1fcc9500e04838340f860e5618430eb198,
system/usr/lib/modules/4.14.206-perf/modules.alias,system/usr/lib/modules/4.14.206-perf/modules.alias,file,1061,337,0o100644,2009-01-01 00:00:00,3120465659a594bb32938030343ace590677d02bbcda02f583fb686dd40703e5,
system/usr/lib/modules/4.14.206-perf/kernel/__emptyfile__,system/usr/lib/modules/4.14.206-perf/kernel/__emptyfile__,file,0,0,0o40755,2024-02-02 11:17:48,e3b0c44298fc1c149afbf4c8996fb92427ae41e4649b934ca495991b7852b855,
system/usr/lib/modules/4.14.206-perf/kernel/,system/usr/lib/modules/4.14.206-perf/kernel/,directory,0,0,0o40755,2009-01-01 00:00:00,,
system/usr/lib/modules/4.14.206-perf/kernel/drivers/__emptyfile__,system/usr/lib/modules/4.14.206-perf/kernel/drivers/__emptyfile__,file,0,0,0o40755,2024-02-02 11:17:48,e3b0c44298fc1c149afbf4c8996fb92427ae41e4649b934ca495991b7852b855,
system/usr/lib/modules/4.14.206-perf/kernel/drivers/,system/usr/lib/modules/4.14.206-perf/kernel/drivers/,directory,0,0,0o40755,2009-01-01 00:00:00,,
system/usr/lib/modules/4.14.206-perf/kernel/drivers/qca-ssdk-nohnat/__emptyfile__,system/usr/lib/modules/4.14.206-perf/kernel/drivers/qca-ssdk-nohnat/__emptyfile__,file,0,0,0o40755,2024-02-02 11:17:48,e3b0c44298fc1c149afbf4c8996fb92427ae41e4649b934ca495991b7852b855,
system/usr/lib/modules/4.14.206-perf/kernel/drivers/qca-ssdk-nohnat/,system/usr/lib/modules/4.14.206-perf/kernel/drivers/qca-ssdk-nohnat/,directory,0,0,0o40755,2009-01-01 00:00:00,,
system/usr/lib/modules/4.14.206-perf/kernel/drivers/qca-ssdk-nohnat/qca-ssdk.ko,system/usr/lib/modules/4.14.206-perf/kernel/drivers/qca-ssdk-nohnat/qca-ssdk.ko,file,1192724,388286,0o100644,2009-01-01 00:00:00,ddda8ce469b0dfa937e5a3e12c0862d3c397c36fa5c8e90c0d9a51cf37f2f0fa,
system/usr/lib/modules/4.14.206-perf/kernel/drivers/usb/__emptyfile__,system/usr/lib/modules/4.14.206-perf/kernel/drivers/usb/__emptyfile__,file,0,0,0o40755,2024-02-02 11:17:48,e3b0c44298fc1c149afbf4c8996fb92427ae41e4649b934ca495991b7852b855,
system/usr/lib/modules/4.14.206-perf/kernel/drivers/usb/,system/usr/lib/modules/4.14.206-perf/kernel/drivers/usb/,directory,0,0,0o40755,2009-01-01 00:00:00,,
system/usr/lib/modules/4.14.206-perf/kernel/drivers/usb/gadget/__emptyfile__,system/usr/lib/modules/4.14.206-perf/kernel/drivers/usb/gadget/__emptyfile__,file,0,0,0o40755,2024-02-02 11:17:48,e3b0c44298fc1c149afbf4c8996fb92427ae41e4649b934ca495991b7852b855,
system/usr/lib/modules/4.14.206-perf/kernel/drivers/usb/gadget/,system/usr/lib/modules/4.14.206-perf/kernel/drivers/usb/gadget/,directory,0,0,0o40755,2009-01-01 00:00:00,,
system/usr/lib/modules/4.14.206-perf/kernel/drivers/usb/gadget/function/__emptyfile__,system/usr/lib/modules/4.14.206-perf/kernel/drivers/usb/gadget/function/__emptyfile__,file,0,0,0o40755,2024-02-02 11:17:48,e3b0c44298fc1c149afbf4c8996fb92427ae41e4649b934ca495991b7852b855,
system/usr/lib/modules/4.14.206-perf/kernel/drivers/usb/gadget/function/,system/usr/lib/modules/4.14.206-perf/kernel/drivers/usb/gadget/function/,directory,0,0,0o40755,2009-01-01 00:00:00,,
system/usr/lib/modules/4.14.206-perf/kernel/drivers/usb/gadget/function/u_audio.ko,system/usr/lib/modules/4.14.206-perf/kernel/drivers/usb/gadget/function/u_audio.ko,file,10540,4442,0o100644,2009-01-01 00:00:00,8719a0532c49cb183fc1bed07cac56566e6c6e22aae719d07c119605997eb981,
system/usr/lib/modules/4.14.206-perf/kernel/drivers/usb/gadget/function/usb_f_uac1.ko,system/usr/lib/modules/4.14.206-perf/kernel/drivers/usb/gadget/function/usb_f_uac1.ko,file,18756,6773,0o100644,2009-01-01 00:00:00,63ba469bdf4c9db84053174938763f31fcdcf8997190c416e93d4cf7836da7bc,
system/usr/lib/modules/4.14.206-perf/kernel/drivers/mtd/__emptyfile__,system/usr/lib/modules/4.14.206-perf/kernel/drivers/mtd/__emptyfile__,file,0,0,0o40755,2024-02-02 11:17:48,e3b0c44298fc1c149afbf4c8996fb92427ae41e4649b934ca495991b7852b855,
system/usr/lib/modules/4.14.206-perf/kernel/drivers/mtd/,system/usr/lib/modules/4.14.206-perf/kernel/drivers/mtd/,directory,0,0,0o40755,2009-01-01 00:00:00,,
system/usr/lib/modules/4.14.206-perf/kernel/drivers/mtd/tests/__emptyfile__,system/usr/lib/modules/4.14.206-perf/kernel/drivers/mtd/tests/__emptyfile__,file,0,0,0o40755,2024-02-02 11:17:48,e3b0c44298fc1c149afbf4c8996fb92427ae41e4649b934ca495991b7852b855,
system/usr/lib/modules/4.14.206-perf/kernel/drivers/mtd/tests/,system/usr/lib/modules/4.14.206-perf/kernel/drivers/mtd/tests/,directory,0,0,0o40755,2009-01-01 00:00:00,,
system/usr/lib/modules/4.14.206-perf/kernel/drivers/mtd/tests/mtd_pagetest.ko,system/usr/lib/modules/4.14.206-perf/kernel/drivers/mtd/tests/mtd_pagetest.ko,file,17336,6751,0o100644,2009-01-01 00:00:00,cab64312fdf06c2ecc6282df487e6e2813e41bf9f1642c09b54efffb91299015,
system/usr/lib/modules/4.14.206-perf/kernel/drivers/mtd/tests/mtd_stresstest.ko,system/usr/lib/modules/4.14.206-perf/kernel/drivers/mtd/tests/mtd_stresstest.ko,file,10724,4309,0o100644,2009-01-01 00:00:00,cf2f9f07bd6a8ef23f1b3fb0d9e507bb84c46f1e58eecaea4186e9d1600f5edf,
system/usr/lib/modules/4.14.206-perf/kernel/drivers/mtd/tests/mtd_speedtest.ko,system/usr/lib/modules/4.14.206-perf/kernel/drivers/mtd/tests/mtd_speedtest.ko,file,15188,5687,0o100644,2009-01-01 00:00:00,ab7ab083991fff7b470217b932f67c4a7bb0f0840ec4fd7128a2d78579ab847d,
system/usr/lib/modules/4.14.206-perf/kernel/drivers/mtd/tests/mtd_nandbiterrs.ko,system/usr/lib/modules/4.14.206-perf/kernel/drivers/mtd/tests/mtd_nandbiterrs.ko,file,13848,5475,0o100644,2009-01-01 00:00:00,0a2d63354b860be6af0bd9e39991af0a7cbba1dd9e9ae40301502a213a3e3690,
system/usr/lib/modules/4.14.206-perf/kernel/drivers/mtd/tests/mtd_readtest.ko,system/usr/lib/modules/4.14.206-perf/kernel/drivers/mtd/tests/mtd_readtest.ko,file,10444,4197,0o100644,2009-01-01 00:00:00,ba7912f783edfa82c0635b25ee61bcc05677a50ee1a82d7edbfa3f755c2f9b87,
system/usr/lib/modules/4.14.206-perf/kernel/drivers/mtd/tests/mtd_subpagetest.ko,system/usr/lib/modules/4.14.206-perf/kernel/drivers/mtd/tests/mtd_subpagetest.ko,file,16696,6523,0o100644,2009-01-01 00:00:00,f972ddd5e5454e81b3705f8741ce14ddc90fa00344ab3c6c832c93971b75cbec,
system/usr/lib/modules/4.14.206-perf/kernel/drivers/mtd/tests/mtd_nandecctest.ko,system/usr/lib/modules/4.14.206-perf/kernel/drivers/mtd/tests/mtd_nandecctest.ko,file,8004,3036,0o100644,2009-01-01 00:00:00,2ae38d946f9a9b64d57e219310589281b198af1c0a7f4de15feb1b9365591fe0,
system/usr/lib/modules/4.14.206-perf/kernel/drivers/mtd/tests/mtd_torturetest.ko,system/usr/lib/modules/4.14.206-perf/kernel/drivers/mtd/tests/mtd_torturetest.ko,file,19672,7785,0o100644,2009-01-01 00:00:00,a7df82ef8c461bee32e1615f0616b6c6fec8093933574c000b0ab1bc7f2a7796,
system/usr/lib/modules/4.14.206-perf/kernel/drivers/mtd/tests/mtd_oobtest.ko,system/usr/lib/modules/4.14.206-perf/kernel/drivers/mtd/tests/mtd_oobtest.ko,file,20928,8030,0o100644,2009-01-01 00:00:00,949d60136feba591c47287018d4c5a39f115018fa4b96a3ea8718b95192794ff,
system/usr/lib/modules/4.14.206-perf/kernel/drivers/net/__emptyfile__,system/usr/lib/modules/4.14.206-perf/kernel/drivers/net/__emptyfile__,file,0,0,0o40755,2024-02-02 11:17:48,e3b0c44298fc1c149afbf4c8996fb92427ae41e4649b934ca495991b7852b855,
system/usr/lib/modules/4.14.206-perf/kernel/drivers/net/,system/usr/lib/modules/4.14.206-perf/kernel/drivers/net/,directory,0,0,0o40755,2009-01-01 00:00:00,,
system/usr/lib/modules/4.14.206-perf/kernel/drivers/net/nf_conntrack_rtsp.ko,system/usr/lib/modules/4.14.206-perf/kernel/drivers/net/nf_conntrack_rtsp.ko,file,9548,4190,0o100644,2009-01-01 00:00:00,cfd26912d56a26b04bff60bf51991db3a99b330980e0ed3e5206e9b2124de384,
system/usr/lib/modules/4.14.206-perf/kernel/drivers/net/nf_nat_rtsp.ko,system/usr/lib/modules/4.14.206-perf/kernel/drivers/net/nf_nat_rtsp.ko,file,8456,3710,0o100644,2009-01-01 00:00:00,0c2924ff58ddc9560e60884c7f51cd6143dfac1777069265ba06f2996ca72ec8,
system/usr/lib/modules/4.14.206-perf/kernel/drivers/media/__emptyfile__,system/usr/lib/modules/4.14.206-perf/kernel/drivers/media/__emptyfile__,file,0,0,0o40755,2024-02-02 11:17:48,e3b0c44298fc1c149afbf4c8996fb92427ae41e4649b934ca495991b7852b855,
system/usr/lib/modules/4.14.206-perf/kernel/drivers/media/,system/usr/lib/modules/4.14.206-perf/kernel/drivers/media/,directory,0,0,0o40755,2009-01-01 00:00:00,,
system/usr/lib/modules/4.14.206-perf/kernel/drivers/media/rc/__emptyfile__,system/usr/lib/modules/4.14.206-perf/kernel/drivers/media/rc/__emptyfile__,file,0,0,0o40755,2024-02-02 11:17:48,e3b0c44298fc1c149afbf4c8996fb92427ae41e4649b934ca495991b7852b855,
system/usr/lib/modules/4.14.206-perf/kernel/drivers/media/rc/,system/usr/lib/modules/4.14.206-perf/kernel/drivers/media/rc/,directory,0,0,0o40755,2009-01-01 00:00:00,,
system/usr/lib/modules/4.14.206-perf/kernel/drivers/media/rc/msm-geni-ir.ko,system/usr/lib/modules/4.14.206-perf/kernel/drivers/media/rc/msm-geni-ir.ko,file,17200,6491,0o100644,2009-01-01 00:00:00,61c6c2f0f95581908ba33b0dc6e0d2e4dffa28e195bc6e942f05f9a149573b0e,
system/usr/lib/modules/4.14.206-perf/kernel/drivers/input/__emptyfile__,system/usr/lib/modules/4.14.206-perf/kernel/drivers/input/__emptyfile__,file,0,0,0o40755,2024-02-02 11:17:48,e3b0c44298fc1c149afbf4c8996fb92427ae41e4649b934ca495991b7852b855,
system/usr/lib/modules/4.14.206-perf/kernel/drivers/input/,system/usr/lib/modules/4.14.206-perf/kernel/drivers/input/,directory,0,0,0o40755,2009-01-01 00:00:00,,
system/usr/lib/modules/4.14.206-perf/kernel/drivers/input/misc/__emptyfile__,system/usr/lib/modules/4.14.206-perf/kernel/drivers/input/misc/__emptyfile__,file,0,0,0o40755,2024-02-02 11:17:48,e3b0c44298fc1c149afbf4c8996fb92427ae41e4649b934ca495991b7852b855,
system/usr/lib/modules/4.14.206-perf/kernel/drivers/input/misc/,system/usr/lib/modules/4.14.206-perf/kernel/drivers/input/misc/,directory,0,0,0o40755,2009-01-01 00:00:00,,
system/usr/lib/modules/4.14.206-perf/kernel/drivers/input/misc/gpio_matrix.ko,system/usr/lib/modules/4.14.206-perf/kernel/drivers/input/misc/gpio_matrix.ko,file,9616,4357,0o100644,2009-01-01 00:00:00,199be7fda472671b5fb0c89581b4c345516ff5414c7ef2c9c1eefe4b3bd74654,
system/usr/lib/modules/4.14.206-perf/kernel/drivers/input/misc/gpio_input.ko,system/usr/lib/modules/4.14.206-perf/kernel/drivers/input/misc/gpio_input.ko,file,9052,3751,0o100644,2009-01-01 00:00:00,c9859063a5449a2a06227683aa0016cdda316f948807f8873bbc8f31ef534fcf,
system/usr/lib/modules/4.14.206-perf/kernel/drivers/input/misc/gpio_event.ko,system/usr/lib/modules/4.14.206-perf/kernel/drivers/input/misc/gpio_event.ko,file,6376,2503,0o100644,2009-01-01 00:00:00,ab7efc04631569255286c375a3902052937da2cd4e2deff644b2e7ab7b927d8b,
system/usr/lib/modules/4.14.206-perf/kernel/drivers/input/misc/gpio_axis.ko,system/usr/lib/modules/4.14.206-perf/kernel/drivers/input/misc/gpio_axis.ko,file,5336,2232,0o100644,2009-01-01 00:00:00,5c6f65957da35e7cc5953909eba16419f8e2aebc9d850ee401af2989b464a9b7,
system/usr/lib/modules/4.14.206-perf/kernel/drivers/input/misc/gpio_output.ko,system/usr/lib/modules/4.14.206-perf/kernel/drivers/input/misc/gpio_output.ko,file,3792,1495,0o100644,2009-01-01 00:00:00,b20be52cb5e99aaa05597f5db8a28310b915c052feb04121fc2b1ae5549c5801,
system/usr/lib/modules/4.14.206-perf/kernel/drivers/mmc/__emptyfile__,system/usr/lib/modules/4.14.206-perf/kernel/drivers/mmc/__emptyfile__,file,0,0,0o40755,2024-02-02 11:17:48,e3b0c44298fc1c149afbf4c8996fb92427ae41e4649b934ca495991b7852b855,
system/usr/lib/modules/4.14.206-perf/kernel/drivers/mmc/,system/usr/lib/modules/4.14.206-perf/kernel/drivers/mmc/,directory,0,0,0o40755,2009-01-01 00:00:00,,
system/usr/lib/modules/4.14.206-perf/kernel/drivers/mmc/core/__emptyfile__,system/usr/lib/modules/4.14.206-perf/kernel/drivers/mmc/core/__emptyfile__,file,0,0,0o40755,2024-02-02 11:17:48,e3b0c44298fc1c149afbf4c8996fb92427ae41e4649b934ca495991b7852b855,
system/usr/lib/modules/4.14.206-perf/kernel/drivers/mmc/core/,system/usr/lib/modules/4.14.206-perf/kernel/drivers/mmc/core/,directory,0,0,0o40755,2009-01-01 00:00:00,,
system/usr/lib/modules/4.14.206-perf/kernel/drivers/mmc/core/mmc_test.ko,system/usr/lib/modules/4.14.206-perf/kernel/drivers/mmc/core/mmc_test.ko,file,42844,17098,0o100644,2009-01-01 00:00:00,6a62e8c380b4e12c685ba9067aa1f98ff71b2ff535c28a5bf062a8f525488e0a,
system/usr/lib/modules/4.14.206-perf/kernel/drivers/spi/__emptyfile__,system/usr/lib/modules/4.14.206-perf/kernel/drivers/spi/__emptyfile__,file,0,0,0o40755,2024-02-02 11:17:48,e3b0c44298fc1c149afbf4c8996fb92427ae41e4649b934ca495991b7852b855,
system/usr/lib/modules/4.14.206-perf/kernel/drivers/spi/,system/usr/lib/modules/4.14.206-perf/kernel/drivers/spi/,directory,0,0,0o40755,2009-01-01 00:00:00,,
system/usr/lib/modules/4.14.206-perf/kernel/drivers/spi/spidev.ko,system/usr/lib/modules/4.14.206-perf/kernel/drivers/spi/spidev.ko,file,14772,5699,0o100644,2009-01-01 00:00:00,4ec816ad7970a4edbe14a8626cca30c7deb10734b2d055091337f89371af7a63,
system/usr/lib/modules/4.14.206-perf/kernel/drivers/crypto/__emptyfile__,system/usr/lib/modules/4.14.206-perf/kernel/drivers/crypto/__emptyfile__,file,0,0,0o40755,2024-02-02 11:17:48,e3b0c44298fc1c149afbf4c8996fb92427ae41e4649b934ca495991b7852b855,
system/usr/lib/modules/4.14.206-perf/kernel/drivers/crypto/,system/usr/lib/modules/4.14.206-perf/kernel/drivers/crypto/,directory,0,0,0o40755,2009-01-01 00:00:00,,
system/usr/lib/modules/4.14.206-perf/kernel/drivers/crypto/msm/__emptyfile__,system/usr/lib/modules/4.14.206-perf/kernel/drivers/crypto/msm/__emptyfile__,file,0,0,0o40755,2024-02-02 11:17:48,e3b0c44298fc1c149afbf4c8996fb92427ae41e4649b934ca495991b7852b855,
system/usr/lib/modules/4.14.206-perf/kernel/drivers/crypto/msm/,system/usr/lib/modules/4.14.206-perf/kernel/drivers/crypto/msm/,directory,0,0,0o40755,2009-01-01 00:00:00,,
system/usr/lib/modules/4.14.206-perf/kernel/drivers/crypto/msm/qce50.ko,system/usr/lib/modules/4.14.206-perf/kernel/drivers/crypto/msm/qce50.ko,file,69228,30032,0o100644,2009-01-01 00:00:00,04e465059f3568a68e82d2504888f4483a8e4cff525511ab7807bcec6dcd2ae4,
system/usr/lib/modules/4.14.206-perf/kernel/drivers/crypto/msm/qcedevice.ko,system/usr/lib/modules/4.14.206-perf/kernel/drivers/crypto/msm/qcedevice.ko,file,40864,17363,0o100644,2009-01-01 00:00:00,6fa1f4914a6f09edf1b034138adf0c5a715c162c5a2bfce9f7e6e1fab42fec9c,
system/usr/lib/modules/4.14.206-perf/kernel/drivers/crypto/msm/qcrypto.ko,system/usr/lib/modules/4.14.206-perf/kernel/drivers/crypto/msm/qcrypto.ko,file,72256,25459,0o100644,2009-01-01 00:00:00,86be1d33f12de7232c42df8fc364deb9e5ddbb84549a14652d1415b98e40aebe,
system/usr/lib/modules/4.14.206-perf/kernel/drivers/nvram/__emptyfile__,system/usr/lib/modules/4.14.206-perf/kernel/drivers/nvram/__emptyfile__,file,0,0,0o40755,2024-02-02 11:17:48,e3b0c44298fc1c149afbf4c8996fb92427ae41e4649b934ca495991b7852b855,
system/usr/lib/modules/4.14.206-perf/kernel/drivers/nvram/,system/usr/lib/modules/4.14.206-perf/kernel/drivers/nvram/,directory,0,0,0o40755,2009-01-01 00:00:00,,
system/usr/lib/modules/4.14.206-perf/kernel/drivers/nvram/nvram_linux.ko,system/usr/lib/modules/4.14.206-perf/kernel/drivers/nvram/nvram_linux.ko,file,20616,9126,0o100644,2009-01-01 00:00:00,cb8c67665300462122eb7aa415fadeffc6572d919f5df2342cc8149b454559fc,
system/usr/lib/modules/4.14.206-perf/kernel/sound/__emptyfile__,system/usr/lib/modules/4.14.206-perf/kernel/sound/__emptyfile__,file,0,0,0o40755,2024-02-02 11:17:48,e3b0c44298fc1c149afbf4c8996fb92427ae41e4649b934ca495991b7852b855,
system/usr/lib/modules/4.14.206-perf/kernel/sound/,system/usr/lib/modules/4.14.206-perf/kernel/sound/,directory,0,0,0o40755,2009-01-01 00:00:00,,
system/usr/lib/modules/4.14.206-perf/kernel/sound/soc/__emptyfile__,system/usr/lib/modules/4.14.206-perf/kernel/sound/soc/__emptyfile__,file,0,0,0o40755,2024-02-02 11:17:48,e3b0c44298fc1c149afbf4c8996fb92427ae41e4649b934ca495991b7852b855,
system/usr/lib/modules/4.14.206-perf/kernel/sound/soc/,system/usr/lib/modules/4.14.206-perf/kernel/sound/soc/,directory,0,0,0o40755,2009-01-01 00:00:00,,
system/usr/lib/modules/4.14.206-perf/kernel/sound/soc/snd-soc-core.ko,system/usr/lib/modules/4.14.206-perf/kernel/sound/soc/snd-soc-core.ko,file,201056,78009,0o100644,2009-01-01 00:00:00,cbc0be8a659dcaa1b4777dd8299ce82780de7e8e60970e0dd0086bd583bfb9ec,
system/usr/lib/modules/4.14.206-perf/kernel/sound/core/__emptyfile__,system/usr/lib/modules/4.14.206-perf/kernel/sound/core/__emptyfile__,file,0,0,0o40755,2024-02-02 11:17:48,e3b0c44298fc1c149afbf4c8996fb92427ae41e4649b934ca495991b7852b855,
system/usr/lib/modules/4.14.206-perf/kernel/sound/core/,system/usr/lib/modules/4.14.206-perf/kernel/sound/core/,directory,0,0,0o40755,2009-01-01 00:00:00,,
system/usr/lib/modules/4.14.206-perf/kernel/sound/core/snd-compress.ko,system/usr/lib/modules/4.14.206-perf/kernel/sound/core/snd-compress.ko,file,16660,6908,0o100644,2009-01-01 00:00:00,bb739a43e92e4c4a2cc4bafbafb6ea82009acf3a6040f0c008def23c808cbc2b,
system/usr/lib/modules/4.14.206-perf/kernel/sound/core/snd.ko,system/usr/lib/modules/4.14.206-perf/kernel/sound/core/snd.ko,file,69464,28890,0o100644,2009-01-01 00:00:00,56ff2dfce0fd5a547bb47acdfad9b5925320b5bf9706e34b5c51cbed3adbf8b9,
system/usr/lib/modules/4.14.206-perf/kernel/sound/core/snd-pcm.ko,system/usr/lib/modules/4.14.206-perf/kernel/sound/core/snd-pcm.ko,file,104228,42803,0o100644,2009-01-01 00:00:00,287e4c780140ac4726baf9b75728928207ad5f1c1c9af3f1eaadec5a1fc9edc1,
system/usr/lib/modules/4.14.206-perf/kernel/sound/core/snd-hwdep.ko,system/usr/lib/modules/4.14.206-perf/kernel/sound/core/snd-hwdep.ko,file,11640,4793,0o100644,2009-01-01 00:00:00,69a321327dad92efcfe3764d00af0de5d01f461872d064b1ce440a9a0b6aec9e,
system/usr/lib/modules/4.14.206-perf/kernel/sound/core/snd-timer.ko,system/usr/lib/modules/4.14.206-perf/kernel/sound/core/snd-timer.ko,file,32428,14154,0o100644,2009-01-01 00:00:00,c77ca84d820b20d908d2dc50e7d56424679e330c9f16f42e3fe8c06fcc23ef2f,
system/usr/lib/modules/4.14.206-perf/kernel/sound/soundcore.ko,system/usr/lib/modules/4.14.206-perf/kernel/sound/soundcore.ko,file,4380,1479,0o100644,2009-01-01 00:00:00,e4e7c5de6145aac7a5fa3b0dcbabcb58ebb109c12696d15c14768d8e4719f3e4,
system/usr/lib/modules/4.14.206-perf/kernel/net/__emptyfile__,system/usr/lib/modules/4.14.206-perf/kernel/net/__emptyfile__,file,0,0,0o40755,2024-02-02 11:17:48,e3b0c44298fc1c149afbf4c8996fb92427ae41e4649b934ca495991b7852b855,
system/usr/lib/modules/4.14.206-perf/kernel/net/,system/usr/lib/modules/4.14.206-perf/kernel/net/,directory,0,0,0o40755,2009-01-01 00:00:00,,
system/usr/lib/modules/4.14.206-perf/kernel/net/netfilter/__emptyfile__,system/usr/lib/modules/4.14.206-perf/kernel/net/netfilter/__emptyfile__,file,0,0,0o40755,2024-02-02 11:17:48,e3b0c44298fc1c149afbf4c8996fb92427ae41e4649b934ca495991b7852b855,
system/usr/lib/modules/4.14.206-perf/kernel/net/netfilter/,system/usr/lib/modules/4.14.206-perf/kernel/net/netfilter/,directory,0,0,0o40755,2009-01-01 00:00:00,,
system/usr/lib/modules/4.14.206-perf/kernel/net/netfilter/xt_physdev.ko,system/usr/lib/modules/4.14.206-perf/kernel/net/netfilter/xt_physdev.ko,file,5320,2049,0o100644,2009-01-01 00:00:00,9d8e2c54c61607d6f25e3b9f4a72c62cae4b4a24614e9bc2f34f1d2096f1c36e,
system/usr/lib/modules/4.14.206-perf/kernel/crypto/__emptyfile__,system/usr/lib/modules/4.14.206-perf/kernel/crypto/__emptyfile__,file,0,0,0o40755,2024-02-02 11:17:48,e3b0c44298fc1c149afbf4c8996fb92427ae41e4649b934ca495991b7852b855,
system/usr/lib/modules/4.14.206-perf/kernel/crypto/,system/usr/lib/modules/4.14.206-perf/kernel/crypto/,directory,0,0,0o40755,2009-01-01 00:00:00,,
system/usr/lib/modules/4.14.206-perf/kernel/crypto/echainiv.ko,system/usr/lib/modules/4.14.206-perf/kernel/crypto/echainiv.ko,file,5612,2253,0o100644,2009-01-01 00:00:00,256a122df909d7cf7449994984c26116202d1cdd2671b4be970071271c502c10,
system/usr/lib/modules/4.14.206-perf/modules.symbols,system/usr/lib/modules/4.14.206-perf/modules.symbols,file,57555,10880,0o100644,2009-01-01 00:00:00,8a913854f96556c037f15ab7be1ab7ce589c1341dfc2803ab866f9abdc8784c5,
system/usr/lib/modules/4.14.206-perf/modules.builtin,system/usr/lib/modules/4.14.206-perf/modules.builtin,file,23570,4259,0o100644,2009-01-01 00:00:00,cf4512903a4321ca8ae55b998b286a10e156d01ccdc571653e41e09cd754f4f1,
system/usr/lib/modules/4.14.206-perf/modules.dep.bin,system/usr/lib/modules/4.14.206-perf/modules.dep.bin,file,3845,1038,0o100644,2009-01-01 00:00:00,8c57fc9594a5768b6280db12219c515f42a5385df6049d842957990dec221abe,
system/usr/lib/modules/4.14.206-perf/modules.order,system/usr/lib/modules/4.14.206-perf/modules.order,file,1200,286,0o100644,2009-01-01 00:00:00,6fc64c497089968d0e2e222b147d0fe8dc2093cb3ee0bb8d1fbb6ec5239a46aa,
system/usr/lib/libpal_net_if.so.1.0.0,system/usr/lib/libpal_net_if.so.1.0.0,file,34312,19138,0o100755,2009-01-01 00:00:00,1cea1f33b4e1c926864e0b41f9d049c3bc1ddf6efdf9bc1cc0c15c5783fe898f,
system/usr/lib/libsolv.so.0,system/usr/lib/libsolv.so.0,file,338428,240206,0o100755,2009-01-01 00:00:00,c755e48208b72200a7b404ec6fe62cee951a5d2279859115c193101a2b98a2cd,
system/usr/lib/libqmi_cci.so.1.0.0,system/usr/lib/libqmi_cci.so.1.0.0,file,38524,23442,0o100755,2009-01-01 00:00:00,a28c36b8acd7054daf46348ad2047b82cdb63da822b7258383911d5295a9064e,
system/usr/lib/libKeyMaster.so.1.0.0,system/usr/lib/libKeyMaster.so.1.0.0,file,42556,22301,0o100755,2009-01-01 00:00:00,d946da7550b763af90b0f58e4e2cd56fc0e7ad94010ead174ea1c72eb03ea8ae,
system/usr/lib/liblocation_api_msg_proto.so.1.0.0,system/usr/lib/liblocation_api_msg_proto.so.1.0.0,file,939684,314522,0o100755,2009-01-01 00:00:00,ee522214d28a9a66607ce176c4501071ef05d0ad01e66199f9e46019e2e579aa,
system/usr/lib/perl/__emptyfile__,system/usr/lib/perl/__emptyfile__,file,0,0,0o40755,2024-02-02 11:17:48,e3b0c44298fc1c149afbf4c8996fb92427ae41e4649b934ca495991b7852b855,
system/usr/lib/perl/,system/usr/lib/perl/,directory,0,0,0o40755,2009-01-01 00:00:00,,
system/usr/lib/perl/5.24.4/__emptyfile__,system/usr/lib/perl/5.24.4/__emptyfile__,file,0,0,0o40755,2024-02-02 11:17:48,e3b0c44298fc1c149afbf4c8996fb92427ae41e4649b934ca495991b7852b855,
system/usr/lib/perl/5.24.4/,system/usr/lib/perl/5.24.4/,directory,0,0,0o40755,2009-01-01 00:00:00,,
system/usr/lib/perl/5.24.4/Config_heavy.pl,system/usr/lib/perl/5.24.4/Config_heavy.pl,file,49964,15141,0o100644,2009-01-01 00:00:00,2e39966cd7720cc718c1f29307b3a90aab8520f04687a1ac9b3f9c84368bfb8b,
system/usr/lib/perl/5.24.4/strict.pm,system/usr/lib/perl/5.24.4/strict.pm,file,4738,2123,0o100644,2009-01-01 00:00:00,89a96f0a1a1ed78e0e9c525434b5779b2e2baa8f976dfa2f78771282fa08d88d,
system/usr/lib/perl/5.24.4/warnings/__emptyfile__,system/usr/lib/perl/5.24.4/warnings/__emptyfile__,file,0,0,0o40755,2024-02-02 11:17:48,e3b0c44298fc1c149afbf4c8996fb92427ae41e4649b934ca495991b7852b855,
system/usr/lib/perl/5.24.4/warnings/,system/usr/lib/perl/5.24.4/warnings/,directory,0,0,0o40755,2009-01-01 00:00:00,,
system/usr/lib/perl/5.24.4/warnings/register.pm,system/usr/lib/perl/5.24.4/warnings/register.pm,file,759,424,0o100644,2009-01-01 00:00:00,ce25ec34358642703ff05b546b2ac42b4f2081ab7610d8373dd94c6b78040cf4,
system/usr/lib/perl/5.24.4/Config_git.pl,system/usr/lib/perl/5.24.4/Config_git.pl,file,409,192,0o100644,2009-01-01 00:00:00,09c5e2ee35ee18d9043d95273f1cd37bc82e80567fd1372a1eb134c809c39504,
system/usr/lib/perl/5.24.4/vars.pm,system/usr/lib/perl/5.24.4/vars.pm,file,2414,1206,0o100644,2009-01-01 00:00:00,bb5eddd798b89c8a1c90710961c1e65dc8a3b3e5364c51ff2b0082840a1efa7a,
system/usr/lib/perl/5.24.4/Config.pm,system/usr/lib/perl/5.24.4/Config.pm,file,4600,1786,0o100644,2009-01-01 00:00:00,fedc5a1162d353e387e6e2a67a34b6de1557c34dc5ae6748bbf41870656c5756,
system/usr/lib/perl/5.24.4/warnings.pm,system/usr/lib/perl/5.24.4/warnings.pm,file,44358,10950,0o100644,2009-01-01 00:00:00,df8cc9dca3c47f9dea042f43057bdda3333d8537549b6d0e939214505ed098e1,
system/usr/lib/perl/config.sh,system/usr/lib/perl/config.sh,file,41904,11737,0o100755,2009-01-01 00:00:00,c15df733090d65e03119dccf5c1287b27f08811f4d8406828e206914277bf8fe,
system/usr/lib/libgmodule-2.0.so.0.5800.0,system/usr/lib/libgmodule-2.0.so.0.5800.0,file,9752,4624,0o100755,2009-01-01 00:00:00,b22a52f23f16b2ed1780157523bae4c940f073358bf08a3935bcf26b3078c45f,
system/usr/lib/liblocation_api.so.1.0.0,system/usr/lib/liblocation_api.so.1.0.0,file,108244,48115,0o100755,2009-01-01 00:00:00,c63a710ec0cf077bd8d81f3183c6a6d397ac73b084640f2d139bcfe7e615e60e,
system/usr/lib/tc/__emptyfile__,system/usr/lib/tc/__emptyfile__,file,0,0,0o40755,2024-02-02 11:17:48,e3b0c44298fc1c149afbf4c8996fb92427ae41e4649b934ca495991b7852b855,
system/usr/lib/tc/,system/usr/lib/tc/,directory,0,0,0o40755,2009-01-01 00:00:00,,
system/usr/lib/libmcm_ssr_util.so.0.0.0,system/usr/lib/libmcm_ssr_util.so.0.0.0,file,13964,4989,0o100755,2009-01-01 00:00:00,3b958a07956d2b69ce139e4711559f7dbf70d4a4e1546bf24c065a9e90dad60d,
system/usr/lib/libsemanage.so.1,system/usr/lib/libsemanage.so.1,file,170488,88918,0o100755,2009-01-01 00:00:00,22aa9d26f645b12c0e6d05084b386649e3f1c0c470a69275e4074d28d5399108,
system/usr/lib/libloc_api_wds.so.1.0.0,system/usr/lib/libloc_api_wds.so.1.0.0,file,26316,12247,0o100755,2009-01-01 00:00:00,fd002fdbd26706c8333ffc5acd5cc0c11f2b06cb9e1771dd590beea80f529465,
system/usr/lib/libqmiidl.so.1.0.0,system/usr/lib/libqmiidl.so.1.0.0,file,13760,7052,0o100755,2009-01-01 00:00:00,8de816bed13c1ab1fd19fe4917b1a12a356035ecdfa2df2258663a7533b3a793,
system/usr/lib/libqcmap_cm.so.1.0.0,system/usr/lib/libqcmap_cm.so.1.0.0,file,59680,26238,0o100755,2009-01-01 00:00:00,cc5827aa1d35666f84c1125c31fab27547af407783398571542e7b062130f73d,
system/usr/lib/liblocationservice_glue.so.1.0.0,system/usr/lib/liblocationservice_glue.so.1.0.0,file,42640,20104,0o100755,2009-01-01 00:00:00,53ced96b964bfebc2da91eff2ac74f07d80ba5476f9922ce36fbad594a5a68af,
system/usr/lib/pkgconfig/__emptyfile__,system/usr/lib/pkgconfig/__emptyfile__,file,0,0,0o40755,2024-02-02 11:17:48,e3b0c44298fc1c149afbf4c8996fb92427ae41e4649b934ca495991b7852b855,
system/usr/lib/pkgconfig/,system/usr/lib/pkgconfig/,directory,0,0,0o40755,2009-01-01 00:00:00,,
system/usr/lib/pkgconfig/libcutils.pc,system/usr/lib/pkgconfig/libcutils.pc,file,177,124,0o100644,2009-01-01 00:00:00,e465780ce3cd98aed0b419ad87d7c9717aa0427a9ea83826e8b1ec1412e963ed,
system/usr/lib/pkgconfig/izat-client-api.pc,system/usr/lib/pkgconfig/izat-client-api.pc,file,223,150,0o100644,2009-01-01 00:00:00,6543cf17d1ab42e34d632beb670772f1e5de148503f70618cc2b0f653f68a8e7,
system/usr/lib/pkgconfig/garden-app.pc,system/usr/lib/pkgconfig/garden-app.pc,file,230,153,0o100644,2009-01-01 00:00:00,fd42366f8fc782e94bbe85f9cc0f5d269b107c540ec7b1f4cca4a2b5b3d153dc,
system/usr/lib/pkgconfig/loc-socket.pc,system/usr/lib/pkgconfig/loc-socket.pc,file,221,140,0o100644,2009-01-01 00:00:00,2cc65b6866de772f0116afc85455457d38b748ca0b5cdc24c3ba4ff197d27a7d,
system/usr/lib/pkgconfig/libutils.pc,system/usr/lib/pkgconfig/libutils.pc,file,174,123,0o100644,2009-01-01 00:00:00,fd92d449e43d4ac65fe8b552efe675a0f059642f3f19f672cb61952bc31e9406,
system/usr/lib/pkgconfig/xtwifi-client.pc,system/usr/lib/pkgconfig/xtwifi-client.pc,file,178,136,0o100644,2009-01-01 00:00:00,a27c5186142328dd80b9abdeba7a5782391f965870a6827afd39c99d1c7efcb8,
system/usr/lib/pkgconfig/securemsm-noship.pc,system/usr/lib/pkgconfig/securemsm-noship.pc,file,315,199,0o100644,2009-01-01 00:00:00,28ca9c55c595b3d6b1b088ae4a6cd2d39f30a034c97006be3696ff90c5a514a4,
system/usr/lib/pkgconfig/libbase.pc,system/usr/lib/pkgconfig/libbase.pc,file,177,122,0o100644,2009-01-01 00:00:00,178fcd6136d3ac81f3e6da7190f3a35d96b711f7ff4bca06b9b843b383cae179,
system/usr/lib/pkgconfig/liblog.pc,system/usr/lib/pkgconfig/liblog.pc,file,199,135,0o100644,2009-01-01 00:00:00,d8f6f1093ecfe0fafd3e692a6235ebb1c8d1f0a9d0db51267c25f191dbdd7dbd,
system/usr/lib/pkgconfig/location-geofence.pc,system/usr/lib/pkgconfig/location-geofence.pc,file,215,145,0o100644,2009-01-01 00:00:00,7f74d5dc40f4aebf09a97c98386c1f24727a83414522a2b75ce851cfca60ad16,
system/usr/lib/pkgconfig/pal-net-if.pc,system/usr/lib/pkgconfig/pal-net-if.pc,file,215,144,0o100644,2009-01-01 00:00:00,b092625a71a35093628fb9f44de4fa3b1bb64b274daf4ae50761dc854db7fefd,
system/usr/lib/pkgconfig/loc-net-iface.pc,system/usr/lib/pkgconfig/loc-net-iface.pc,file,260,155,0o100644,2009-01-01 00:00:00,07b5a0e7f85a1ea9b0db10d9ad906368790312ed09d7c3fb7c47e82360a610f1,
system/usr/lib/pkgconfig/loc-hal.pc,system/usr/lib/pkgconfig/loc-hal.pc,file,247,153,0o100644,2009-01-01 00:00:00,f9b4ac85eea17ba7bebbf3ba7a1a45938a8a1a1a67e5e02fd6958e1609c90765,
system/usr/lib/pkgconfig/sys-info-cache.pc,system/usr/lib/pkgconfig/sys-info-cache.pc,file,234,151,0o100644,2009-01-01 00:00:00,973ea3842ac1e3f0b0d8fc01c55f13dadfdc2936876b2ea0f4108c327bb02ce2,
system/usr/lib/pkgconfig/logwrapper.pc,system/usr/lib/pkgconfig/logwrapper.pc,file,180,128,0o100644,2009-01-01 00:00:00,08cb42cc9c99561273ba4f4c0f84193cfd8963ea527355dc6a20dce29ee2bfcb,
system/usr/lib/pkgconfig/data-items.pc,system/usr/lib/pkgconfig/data-items.pc,file,218,144,0o100644,2009-01-01 00:00:00,4005e933ed8576b767b48da378964a6f4c786c6fea379fd73a203a5efea24f1d,
system/usr/lib/pkgconfig/loc-glue.pc,system/usr/lib/pkgconfig/loc-glue.pc,file,238,159,0o100644,2009-01-01 00:00:00,c766d8f80d0f52bb89fa4cf3f3a3855087e7798b73600ededf924aa604dde1b0,
system/usr/lib/pkgconfig/fs_mgr.pc,system/usr/lib/pkgconfig/fs_mgr.pc,file,177,124,0o100644,2009-01-01 00:00:00,edc6b96f104a3bb8386bccd29b12f82a7898d2f08ba740b93fa3c5112cb6ec5a,
system/usr/lib/pkgconfig/location-qapi.pc,system/usr/lib/pkgconfig/location-qapi.pc,file,228,139,0o100644,2009-01-01 00:00:00,af018a7edc2ee70ac2189d3445c83b306945bed90a7366a93979838bc788a6f3,
system/usr/lib/pkgconfig/izat-core.pc,system/usr/lib/pkgconfig/izat-core.pc,file,195,139,0o100644,2009-01-01 00:00:00,57fecca6ef7e2c942f066e0ceea48e16f860133a331f2144e6b8ede3f46661f9,
system/usr/lib/pkgconfig/libqrencode.pc,system/usr/lib/pkgconfig/libqrencode.pc,file,224,158,0o100644,2009-01-01 00:00:00,c9d15336b5a97d86e4f77804d7c1002df9fb7f2882e19633a1b061bb63106476,
system/usr/lib/pkgconfig/location-batching.pc,system/usr/lib/pkgconfig/location-batching.pc,file,213,141,0o100644,2009-01-01 00:00:00,1e9c39290f451a853742a4a2141c288048fc04946cec0afb419d32372d56d5d5,
system/usr/lib/libgeofencing.so.1.0.0,system/usr/lib/libgeofencing.so.1.0.0,file,149116,43819,0o100755,2009-01-01 00:00:00,79a215ef11b7d8ccf6c64bcf2375ee3347f4e0eccc8772033f11407c0bd860f0,
system/usr/lib/busybox/__emptyfile__,system/usr/lib/busybox/__emptyfile__,file,0,0,0o40755,2024-02-02 11:17:48,e3b0c44298fc1c149afbf4c8996fb92427ae41e4649b934ca495991b7852b855,
system/usr/lib/busybox/,system/usr/lib/busybox/,directory,0,0,0o40755,2009-01-01 00:00:00,,
system/usr/lib/busybox/sbin/__emptyfile__,system/usr/lib/busybox/sbin/__emptyfile__,file,0,0,0o40755,2024-02-02 11:17:48,e3b0c44298fc1c149afbf4c8996fb92427ae41e4649b934ca495991b7852b855,
system/usr/lib/busybox/sbin/,system/usr/lib/busybox/sbin/,directory,0,0,0o40755,2009-01-01 00:00:00,,
system/usr/lib/busybox/sbin/iptunnel,system/usr/lib/busybox/sbin/iptunnel,file,21,21,0o100755,2009-01-01 00:00:00,202a9f68ac609cc9264e7bdf69c02ab859fb84483e4c7c95170724bcc77bbc0f,
system/usr/lib/busybox/sbin/bootchartd,system/usr/lib/busybox/sbin/bootchartd,file,21,21,0o100755,2009-01-01 00:00:00,202a9f68ac609cc9264e7bdf69c02ab859fb84483e4c7c95170724bcc77bbc0f,
system/usr/lib/busybox/sbin/devmem,system/usr/lib/busybox/sbin/devmem,file,21,21,0o100755,2009-01-01 00:00:00,202a9f68ac609cc9264e7bdf69c02ab859fb84483e4c7c95170724bcc77bbc0f,
system/usr/lib/busybox/sbin/adjtimex,system/usr/lib/busybox/sbin/adjtimex,file,21,21,0o100755,2009-01-01 00:00:00,202a9f68ac609cc9264e7bdf69c02ab859fb84483e4c7c95170724bcc77bbc0f,
system/usr/lib/busybox/sbin/raidautorun,system/usr/lib/busybox/sbin/raidautorun,file,21,21,0o100755,2009-01-01 00:00:00,202a9f68ac609cc9264e7bdf69c02ab859fb84483e4c7c95170724bcc77bbc0f,
system/usr/lib/busybox/sbin/depmod,system/usr/lib/busybox/sbin/depmod,file,21,21,0o100755,2009-01-01 00:00:00,202a9f68ac609cc9264e7bdf69c02ab859fb84483e4c7c95170724bcc77bbc0f,
system/usr/lib/busybox/sbin/ifenslave,system/usr/lib/busybox/sbin/ifenslave,file,21,21,0o100755,2009-01-01 00:00:00,202a9f68ac609cc9264e7bdf69c02ab859fb84483e4c7c95170724bcc77bbc0f,
system/usr/lib/busybox/sbin/iprule,system/usr/lib/busybox/sbin/iprule,file,21,21,0o100755,2009-01-01 00:00:00,202a9f68ac609cc9264e7bdf69c02ab859fb84483e4c7c95170724bcc77bbc0f,
system/usr/lib/busybox/sbin/lsmod,system/usr/lib/busybox/sbin/lsmod,file,21,21,0o100755,2009-01-01 00:00:00,202a9f68ac609cc9264e7bdf69c02ab859fb84483e4c7c95170724bcc77bbc0f,
system/usr/lib/busybox/sbin/fdisk,system/usr/lib/busybox/sbin/fdisk,file,21,21,0o100755,2009-01-01 00:00:00,202a9f68ac609cc9264e7bdf69c02ab859fb84483e4c7c95170724bcc77bbc0f,
system/usr/lib/busybox/sbin/nameif,system/usr/lib/busybox/sbin/nameif,file,21,21,0o100755,2009-01-01 00:00:00,202a9f68ac609cc9264e7bdf69c02ab859fb84483e4c7c95170724bcc77bbc0f,
system/usr/lib/busybox/sbin/insmod,system/usr/lib/busybox/sbin/insmod,file,21,21,0o100755,2009-01-01 00:00:00,202a9f68ac609cc9264e7bdf69c02ab859fb84483e4c7c95170724bcc77bbc0f,
system/usr/lib/busybox/sbin/mkfs.vfat,system/usr/lib/busybox/sbin/mkfs.vfat,file,21,21,0o100755,2009-01-01 00:00:00,202a9f68ac609cc9264e7bdf69c02ab859fb84483e4c7c95170724bcc77bbc0f,
system/usr/lib/busybox/sbin/udhcpc,system/usr/lib/busybox/sbin/udhcpc,file,21,21,0o100755,2009-01-01 00:00:00,202a9f68ac609cc9264e7bdf69c02ab859fb84483e4c7c95170724bcc77bbc0f,
system/usr/lib/busybox/sbin/watchdog,system/usr/lib/busybox/sbin/watchdog,file,21,21,0o100755,2009-01-01 00:00:00,202a9f68ac609cc9264e7bdf69c02ab859fb84483e4c7c95170724bcc77bbc0f,
system/usr/lib/busybox/sbin/ip,system/usr/lib/busybox/sbin/ip,file,21,21,0o100755,2009-01-01 00:00:00,202a9f68ac609cc9264e7bdf69c02ab859fb84483e4c7c95170724bcc77bbc0f,
system/usr/lib/busybox/sbin/arp,system/usr/lib/busybox/sbin/arp,file,21,21,0o100755,2009-01-01 00:00:00,202a9f68ac609cc9264e7bdf69c02ab859fb84483e4c7c95170724bcc77bbc0f,
system/usr/lib/busybox/sbin/swapoff,system/usr/lib/busybox/sbin/swapoff,file,21,21,0o100755,2009-01-01 00:00:00,202a9f68ac609cc9264e7bdf69c02ab859fb84483e4c7c95170724bcc77bbc0f,
system/usr/lib/busybox/sbin/modprobe,system/usr/lib/busybox/sbin/modprobe,file,21,21,0o100755,2009-01-01 00:00:00,202a9f68ac609cc9264e7bdf69c02ab859fb84483e4c7c95170724bcc77bbc0f,
system/usr/lib/busybox/sbin/setconsole,system/usr/lib/busybox/sbin/setconsole,file,21,21,0o100755,2009-01-01 00:00:00,202a9f68ac609cc9264e7bdf69c02ab859fb84483e4c7c95170724bcc77bbc0f,
system/usr/lib/busybox/sbin/iproute,system/usr/lib/busybox/sbin/iproute,file,21,21,0o100755,2009-01-01 00:00:00,202a9f68ac609cc9264e7bdf69c02ab859fb84483e4c7c95170724bcc77bbc0f,
system/usr/lib/busybox/sbin/acpid,system/usr/lib/busybox/sbin/acpid,file,21,21,0o100755,2009-01-01 00:00:00,202a9f68ac609cc9264e7bdf69c02ab859fb84483e4c7c95170724bcc77bbc0f,
system/usr/lib/busybox/sbin/ipaddr,system/usr/lib/busybox/sbin/ipaddr,file,21,21,0o100755,2009-01-01 00:00:00,202a9f68ac609cc9264e7bdf69c02ab859fb84483e4c7c95170724bcc77bbc0f,
system/usr/lib/busybox/sbin/hwclock,system/usr/lib/busybox/sbin/hwclock,file,21,21,0o100755,2009-01-01 00:00:00,202a9f68ac609cc9264e7bdf69c02ab859fb84483e4c7c95170724bcc77bbc0f,
system/usr/lib/busybox/sbin/getty,system/usr/lib/busybox/sbin/getty,file,21,21,0o100755,2009-01-01 00:00:00,202a9f68ac609cc9264e7bdf69c02ab859fb84483e4c7c95170724bcc77bbc0f,
system/usr/lib/busybox/sbin/pivot_root,system/usr/lib/busybox/sbin/pivot_root,file,21,21,0o100755,2009-01-01 00:00:00,202a9f68ac609cc9264e7bdf69c02ab859fb84483e4c7c95170724bcc77bbc0f,
system/usr/lib/busybox/sbin/sulogin,system/usr/lib/busybox/sbin/sulogin,file,21,21,0o100755,2009-01-01 00:00:00,202a9f68ac609cc9264e7bdf69c02ab859fb84483e4c7c95170724bcc77bbc0f,
system/usr/lib/busybox/sbin/swapon,system/usr/lib/busybox/sbin/swapon,file,21,21,0o100755,2009-01-01 00:00:00,202a9f68ac609cc9264e7bdf69c02ab859fb84483e4c7c95170724bcc77bbc0f,
system/usr/lib/busybox/sbin/slattach,system/usr/lib/busybox/sbin/slattach,file,21,21,0o100755,2009-01-01 00:00:00,202a9f68ac609cc9264e7bdf69c02ab859fb84483e4c7c95170724bcc77bbc0f,
system/usr/lib/busybox/sbin/blockdev,system/usr/lib/busybox/sbin/blockdev,file,21,21,0o100755,2009-01-01 00:00:00,202a9f68ac609cc9264e7bdf69c02ab859fb84483e4c7c95170724bcc77bbc0f,
system/usr/lib/busybox/sbin/blkid,system/usr/lib/busybox/sbin/blkid,file,21,21,0o100755,2009-01-01 00:00:00,202a9f68ac609cc9264e7bdf69c02ab859fb84483e4c7c95170724bcc77bbc0f,
system/usr/lib/busybox/sbin/klogd,system/usr/lib/busybox/sbin/klogd,file,21,21,0o100755,2009-01-01 00:00:00,202a9f68ac609cc9264e7bdf69c02ab859fb84483e4c7c95170724bcc77bbc0f,
system/usr/lib/busybox/sbin/fstrim,system/usr/lib/busybox/sbin/fstrim,file,21,21,0o100755,2009-01-01 00:00:00,202a9f68ac609cc9264e7bdf69c02ab859fb84483e4c7c95170724bcc77bbc0f,
system/usr/lib/busybox/sbin/mkswap,system/usr/lib/busybox/sbin/mkswap,file,21,21,0o100755,2009-01-01 00:00:00,202a9f68ac609cc9264e7bdf69c02ab859fb84483e4c7c95170724bcc77bbc0f,
system/usr/lib/busybox/sbin/makedevs,system/usr/lib/busybox/sbin/makedevs,file,21,21,0o100755,2009-01-01 00:00:00,202a9f68ac609cc9264e7bdf69c02ab859fb84483e4c7c95170724bcc77bbc0f,
system/usr/lib/busybox/sbin/loadkmap,system/usr/lib/busybox/sbin/loadkmap,file,21,21,0o100755,2009-01-01 00:00:00,202a9f68ac609cc9264e7bdf69c02ab859fb84483e4c7c95170724bcc77bbc0f,
system/usr/lib/busybox/sbin/fsck,system/usr/lib/busybox/sbin/fsck,file,21,21,0o100755,2009-01-01 00:00:00,202a9f68ac609cc9264e7bdf69c02ab859fb84483e4c7c95170724bcc77bbc0f,
system/usr/lib/busybox/sbin/route,system/usr/lib/busybox/sbin/route,file,21,21,0o100755,2009-01-01 00:00:00,202a9f68ac609cc9264e7bdf69c02ab859fb84483e4c7c95170724bcc77bbc0f,
system/usr/lib/busybox/sbin/logread,system/usr/lib/busybox/sbin/logread,file,21,21,0o100755,2009-01-01 00:00:00,202a9f68ac609cc9264e7bdf69c02ab859fb84483e4c7c95170724bcc77bbc0f,
system/usr/lib/busybox/sbin/syslogd,system/usr/lib/busybox/sbin/syslogd,file,21,21,0o100755,2009-01-01 00:00:00,202a9f68ac609cc9264e7bdf69c02ab859fb84483e4c7c95170724bcc77bbc0f,
system/usr/lib/busybox/sbin/switch_root,system/usr/lib/busybox/sbin/switch_root,file,21,21,0o100755,2009-01-01 00:00:00,202a9f68ac609cc9264e7bdf69c02ab859fb84483e4c7c95170724bcc77bbc0f,
system/usr/lib/busybox/sbin/mdev,system/usr/lib/busybox/sbin/mdev,file,21,21,0o100755,2009-01-01 00:00:00,202a9f68ac609cc9264e7bdf69c02ab859fb84483e4c7c95170724bcc77bbc0f,
system/usr/lib/busybox/sbin/reboot,system/usr/lib/busybox/sbin/reboot,file,21,21,0o100755,2009-01-01 00:00:00,202a9f68ac609cc9264e7bdf69c02ab859fb84483e4c7c95170724bcc77bbc0f,
system/usr/lib/busybox/sbin/ifdown,system/usr/lib/busybox/sbin/ifdown,file,21,21,0o100755,2009-01-01 00:00:00,202a9f68ac609cc9264e7bdf69c02ab859fb84483e4c7c95170724bcc77bbc0f,
system/usr/lib/busybox/sbin/rmmod,system/usr/lib/busybox/sbin/rmmod,file,21,21,0o100755,2009-01-01 00:00:00,202a9f68ac609cc9264e7bdf69c02ab859fb84483e4c7c95170724bcc77bbc0f,
system/usr/lib/busybox/sbin/ifconfig,system/usr/lib/busybox/sbin/ifconfig,file,21,21,0o100755,2009-01-01 00:00:00,202a9f68ac609cc9264e7bdf69c02ab859fb84483e4c7c95170724bcc77bbc0f,
system/usr/lib/busybox/sbin/freeramdisk,system/usr/lib/busybox/sbin/freeramdisk,file,21,21,0o100755,2009-01-01 00:00:00,202a9f68ac609cc9264e7bdf69c02ab859fb84483e4c7c95170724bcc77bbc0f,
system/usr/lib/busybox/sbin/sysctl,system/usr/lib/busybox/sbin/sysctl,file,21,21,0o100755,2009-01-01 00:00:00,202a9f68ac609cc9264e7bdf69c02ab859fb84483e4c7c95170724bcc77bbc0f,
system/usr/lib/busybox/sbin/start-stop-daemon,system/usr/lib/busybox/sbin/start-stop-daemon,file,21,21,0o100755,2009-01-01 00:00:00,202a9f68ac609cc9264e7bdf69c02ab859fb84483e4c7c95170724bcc77bbc0f,
system/usr/lib/busybox/sbin/fbsplash,system/usr/lib/busybox/sbin/fbsplash,file,21,21,0o100755,2009-01-01 00:00:00,202a9f68ac609cc9264e7bdf69c02ab859fb84483e4c7c95170724bcc77bbc0f,
system/usr/lib/busybox/sbin/tunctl,system/usr/lib/busybox/sbin/tunctl,file,21,21,0o100755,2009-01-01 00:00:00,202a9f68ac609cc9264e7bdf69c02ab859fb84483e4c7c95170724bcc77bbc0f,
system/usr/lib/busybox/sbin/iplink,system/usr/lib/busybox/sbin/iplink,file,21,21,0o100755,2009-01-01 00:00:00,202a9f68ac609cc9264e7bdf69c02ab859fb84483e4c7c95170724bcc77bbc0f,
system/usr/lib/busybox/sbin/losetup,system/usr/lib/busybox/sbin/losetup,file,21,21,0o100755,2009-01-01 00:00:00,202a9f68ac609cc9264e7bdf69c02ab859fb84483e4c7c95170724bcc77bbc0f,
system/usr/lib/busybox/sbin/ifup,system/usr/lib/busybox/sbin/ifup,file,21,21,0o100755,2009-01-01 00:00:00,202a9f68ac609cc9264e7bdf69c02ab859fb84483e4c7c95170724bcc77bbc0f,
system/usr/lib/busybox/sbin/findfs,system/usr/lib/busybox/sbin/findfs,file,19,19,0o100755,2009-01-01 00:00:00,67e322759c777cc69636f5aa8651362572a78a3878b4df1c9f110c80dd244f19,
system/usr/lib/busybox/sbin/hdparm,system/usr/lib/busybox/sbin/hdparm,file,21,21,0o100755,2009-01-01 00:00:00,202a9f68ac609cc9264e7bdf69c02ab859fb84483e4c7c95170724bcc77bbc0f,
system/usr/lib/busybox/sbin/zcip,system/usr/lib/busybox/sbin/zcip,file,21,21,0o100755,2009-01-01 00:00:00,202a9f68ac609cc9264e7bdf69c02ab859fb84483e4c7c95170724bcc77bbc0f,
system/usr/lib/busybox/sbin/vconfig,system/usr/lib/busybox/sbin/vconfig,file,21,21,0o100755,2009-01-01 00:00:00,202a9f68ac609cc9264e7bdf69c02ab859fb84483e4c7c95170724bcc77bbc0f,
system/usr/lib/busybox/sbin/modinfo,system/usr/lib/busybox/sbin/modinfo,file,21,21,0o100755,2009-01-01 00:00:00,202a9f68ac609cc9264e7bdf69c02ab859fb84483e4c7c95170724bcc77bbc0f,
system/usr/lib/busybox/bin/__emptyfile__,system/usr/lib/busybox/bin/__emptyfile__,file,0,0,0o40755,2024-02-02 11:17:48,e3b0c44298fc1c149afbf4c8996fb92427ae41e4649b934ca495991b7852b855,
system/usr/lib/busybox/bin/,system/usr/lib/busybox/bin/,directory,0,0,0o40755,2009-01-01 00:00:00,,
system/usr/lib/busybox/bin/gzip,system/usr/lib/busybox/bin/gzip,file,21,21,0o100755,2009-01-01 00:00:00,202a9f68ac609cc9264e7bdf69c02ab859fb84483e4c7c95170724bcc77bbc0f,
system/usr/lib/busybox/bin/sync,system/usr/lib/busybox/bin/sync,file,21,21,0o100755,2009-01-01 00:00:00,202a9f68ac609cc9264e7bdf69c02ab859fb84483e4c7c95170724bcc77bbc0f,
system/usr/lib/busybox/bin/rev,system/usr/lib/busybox/bin/rev,file,21,21,0o100755,2009-01-01 00:00:00,202a9f68ac609cc9264e7bdf69c02ab859fb84483e4c7c95170724bcc77bbc0f,
system/usr/lib/busybox/bin/ping,system/usr/lib/busybox/bin/ping,file,19,19,0o100755,2009-01-01 00:00:00,67e322759c777cc69636f5aa8651362572a78a3878b4df1c9f110c80dd244f19,
system/usr/lib/busybox/bin/sleep,system/usr/lib/busybox/bin/sleep,file,21,21,0o100755,2009-01-01 00:00:00,202a9f68ac609cc9264e7bdf69c02ab859fb84483e4c7c95170724bcc77bbc0f,
system/usr/lib/busybox/bin/cat,system/usr/lib/busybox/bin/cat,file,21,21,0o100755,2009-01-01 00:00:00,202a9f68ac609cc9264e7bdf69c02ab859fb84483e4c7c95170724bcc77bbc0f,
system/usr/lib/busybox/bin/reformime,system/usr/lib/busybox/bin/reformime,file,21,21,0o100755,2009-01-01 00:00:00,202a9f68ac609cc9264e7bdf69c02ab859fb84483e4c7c95170724bcc77bbc0f,
system/usr/lib/busybox/bin/mktemp,system/usr/lib/busybox/bin/mktemp,file,21,21,0o100755,2009-01-01 00:00:00,202a9f68ac609cc9264e7bdf69c02ab859fb84483e4c7c95170724bcc77bbc0f,
system/usr/lib/busybox/bin/sed,system/usr/lib/busybox/bin/sed,file,21,21,0o100755,2009-01-01 00:00:00,202a9f68ac609cc9264e7bdf69c02ab859fb84483e4c7c95170724bcc77bbc0f,
system/usr/lib/busybox/bin/nice,system/usr/lib/busybox/bin/nice,file,21,21,0o100755,2009-01-01 00:00:00,202a9f68ac609cc9264e7bdf69c02ab859fb84483e4c7c95170724bcc77bbc0f,
system/usr/lib/busybox/bin/chgrp,system/usr/lib/busybox/bin/chgrp,file,21,21,0o100755,2009-01-01 00:00:00,202a9f68ac609cc9264e7bdf69c02ab859fb84483e4c7c95170724bcc77bbc0f,
system/usr/lib/busybox/bin/true,system/usr/lib/busybox/bin/true,file,21,21,0o100755,2009-01-01 00:00:00,202a9f68ac609cc9264e7bdf69c02ab859fb84483e4c7c95170724bcc77bbc0f,
system/usr/lib/busybox/bin/base64,system/usr/lib/busybox/bin/base64,file,21,21,0o100755,2009-01-01 00:00:00,202a9f68ac609cc9264e7bdf69c02ab859fb84483e4c7c95170724bcc77bbc0f,
system/usr/lib/busybox/bin/makemime,system/usr/lib/busybox/bin/makemime,file,21,21,0o100755,2009-01-01 00:00:00,202a9f68ac609cc9264e7bdf69c02ab859fb84483e4c7c95170724bcc77bbc0f,
system/usr/lib/busybox/bin/ipcalc,system/usr/lib/busybox/bin/ipcalc,file,21,21,0o100755,2009-01-01 00:00:00,202a9f68ac609cc9264e7bdf69c02ab859fb84483e4c7c95170724bcc77bbc0f,
system/usr/lib/busybox/bin/pipe_progress,system/usr/lib/busybox/bin/pipe_progress,file,21,21,0o100755,2009-01-01 00:00:00,202a9f68ac609cc9264e7bdf69c02ab859fb84483e4c7c95170724bcc77bbc0f,
system/usr/lib/busybox/bin/rm,system/usr/lib/busybox/bin/rm,file,21,21,0o100755,2009-01-01 00:00:00,202a9f68ac609cc9264e7bdf69c02ab859fb84483e4c7c95170724bcc77bbc0f,
system/usr/lib/busybox/bin/usleep,system/usr/lib/busybox/bin/usleep,file,21,21,0o100755,2009-01-01 00:00:00,202a9f68ac609cc9264e7bdf69c02ab859fb84483e4c7c95170724bcc77bbc0f,
system/usr/lib/busybox/bin/vi,system/usr/lib/busybox/bin/vi,file,21,21,0o100755,2009-01-01 00:00:00,202a9f68ac609cc9264e7bdf69c02ab859fb84483e4c7c95170724bcc77bbc0f,
system/usr/lib/busybox/bin/ps,system/usr/lib/busybox/bin/ps,file,21,21,0o100755,2009-01-01 00:00:00,202a9f68ac609cc9264e7bdf69c02ab859fb84483e4c7c95170724bcc77bbc0f,
system/usr/lib/busybox/bin/getopt,system/usr/lib/busybox/bin/getopt,file,21,21,0o100755,2009-01-01 00:00:00,202a9f68ac609cc9264e7bdf69c02ab859fb84483e4c7c95170724bcc77bbc0f,
system/usr/lib/busybox/bin/dumpkmap,system/usr/lib/busybox/bin/dumpkmap,file,21,21,0o100755,2009-01-01 00:00:00,202a9f68ac609cc9264e7bdf69c02ab859fb84483e4c7c95170724bcc77bbc0f,
system/usr/lib/busybox/bin/more,system/usr/lib/busybox/bin/more,file,21,21,0o100755,2009-01-01 00:00:00,202a9f68ac609cc9264e7bdf69c02ab859fb84483e4c7c95170724bcc77bbc0f,
system/usr/lib/busybox/bin/printenv,system/usr/lib/busybox/bin/printenv,file,21,21,0o100755,2009-01-01 00:00:00,202a9f68ac609cc9264e7bdf69c02ab859fb84483e4c7c95170724bcc77bbc0f,
system/usr/lib/busybox/bin/fsync,system/usr/lib/busybox/bin/fsync,file,21,21,0o100755,2009-01-01 00:00:00,202a9f68ac609cc9264e7bdf69c02ab859fb84483e4c7c95170724bcc77bbc0f,
system/usr/lib/busybox/bin/kbd_mode,system/usr/lib/busybox/bin/kbd_mode,file,21,21,0o100755,2009-01-01 00:00:00,202a9f68ac609cc9264e7bdf69c02ab859fb84483e4c7c95170724bcc77bbc0f,
system/usr/lib/busybox/bin/fgrep,system/usr/lib/busybox/bin/fgrep,file,21,21,0o100755,2009-01-01 00:00:00,202a9f68ac609cc9264e7bdf69c02ab859fb84483e4c7c95170724bcc77bbc0f,
system/usr/lib/busybox/bin/zcat,system/usr/lib/busybox/bin/zcat,file,21,21,0o100755,2009-01-01 00:00:00,202a9f68ac609cc9264e7bdf69c02ab859fb84483e4c7c95170724bcc77bbc0f,
system/usr/lib/busybox/bin/mpstat,system/usr/lib/busybox/bin/mpstat,file,21,21,0o100755,2009-01-01 00:00:00,202a9f68ac609cc9264e7bdf69c02ab859fb84483e4c7c95170724bcc77bbc0f,
system/usr/lib/busybox/bin/run-parts,system/usr/lib/busybox/bin/run-parts,file,21,21,0o100755,2009-01-01 00:00:00,202a9f68ac609cc9264e7bdf69c02ab859fb84483e4c7c95170724bcc77bbc0f,
system/usr/lib/busybox/bin/ed,system/usr/lib/busybox/bin/ed,file,21,21,0o100755,2009-01-01 00:00:00,202a9f68ac609cc9264e7bdf69c02ab859fb84483e4c7c95170724bcc77bbc0f,
system/usr/lib/busybox/bin/pidof,system/usr/lib/busybox/bin/pidof,file,21,21,0o100755,2009-01-01 00:00:00,202a9f68ac609cc9264e7bdf69c02ab859fb84483e4c7c95170724bcc77bbc0f,
system/usr/lib/busybox/bin/mkdir,system/usr/lib/busybox/bin/mkdir,file,21,21,0o100755,2009-01-01 00:00:00,202a9f68ac609cc9264e7bdf69c02ab859fb84483e4c7c95170724bcc77bbc0f,
system/usr/lib/busybox/bin/mount,system/usr/lib/busybox/bin/mount,file,19,19,0o100755,2009-01-01 00:00:00,67e322759c777cc69636f5aa8651362572a78a3878b4df1c9f110c80dd244f19,
system/usr/lib/busybox/bin/rpm,system/usr/lib/busybox/bin/rpm,file,21,21,0o100755,2009-01-01 00:00:00,202a9f68ac609cc9264e7bdf69c02ab859fb84483e4c7c95170724bcc77bbc0f,
system/usr/lib/busybox/bin/ls,system/usr/lib/busybox/bin/ls,file,21,21,0o100755,2009-01-01 00:00:00,202a9f68ac609cc9264e7bdf69c02ab859fb84483e4c7c95170724bcc77bbc0f,
system/usr/lib/busybox/bin/sh,system/usr/lib/busybox/bin/sh,file,21,21,0o100755,2009-01-01 00:00:00,202a9f68ac609cc9264e7bdf69c02ab859fb84483e4c7c95170724bcc77bbc0f,
system/usr/lib/busybox/bin/netstat,system/usr/lib/busybox/bin/netstat,file,21,21,0o100755,2009-01-01 00:00:00,202a9f68ac609cc9264e7bdf69c02ab859fb84483e4c7c95170724bcc77bbc0f,
system/usr/lib/busybox/bin/umount,system/usr/lib/busybox/bin/umount,file,21,21,0o100755,2009-01-01 00:00:00,202a9f68ac609cc9264e7bdf69c02ab859fb84483e4c7c95170724bcc77bbc0f,
system/usr/lib/busybox/bin/scriptreplay,system/usr/lib/busybox/bin/scriptreplay,file,21,21,0o100755,2009-01-01 00:00:00,202a9f68ac609cc9264e7bdf69c02ab859fb84483e4c7c95170724bcc77bbc0f,
system/usr/lib/busybox/bin/date,system/usr/lib/busybox/bin/date,file,21,21,0o100755,2009-01-01 00:00:00,202a9f68ac609cc9264e7bdf69c02ab859fb84483e4c7c95170724bcc77bbc0f,
system/usr/lib/busybox/bin/lsattr,system/usr/lib/busybox/bin/lsattr,file,21,21,0o100755,2009-01-01 00:00:00,202a9f68ac609cc9264e7bdf69c02ab859fb84483e4c7c95170724bcc77bbc0f,
system/usr/lib/busybox/bin/watch,system/usr/lib/busybox/bin/watch,file,21,21,0o100755,2009-01-01 00:00:00,202a9f68ac609cc9264e7bdf69c02ab859fb84483e4c7c95170724bcc77bbc0f,
system/usr/lib/busybox/bin/lzop,system/usr/lib/busybox/bin/lzop,file,21,21,0o100755,2009-01-01 00:00:00,202a9f68ac609cc9264e7bdf69c02ab859fb84483e4c7c95170724bcc77bbc0f,
system/usr/lib/busybox/bin/df,system/usr/lib/busybox/bin/df,file,21,21,0o100755,2009-01-01 00:00:00,202a9f68ac609cc9264e7bdf69c02ab859fb84483e4c7c95170724bcc77bbc0f,
system/usr/lib/busybox/bin/pwd,system/usr/lib/busybox/bin/pwd,file,21,21,0o100755,2009-01-01 00:00:00,202a9f68ac609cc9264e7bdf69c02ab859fb84483e4c7c95170724bcc77bbc0f,
system/usr/lib/busybox/bin/login,system/usr/lib/busybox/bin/login,file,19,19,0o100755,2009-01-01 00:00:00,67e322759c777cc69636f5aa8651362572a78a3878b4df1c9f110c80dd244f19,
system/usr/lib/busybox/bin/su,system/usr/lib/busybox/bin/su,file,19,19,0o100755,2009-01-01 00:00:00,67e322759c777cc69636f5aa8651362572a78a3878b4df1c9f110c80dd244f19,
system/usr/lib/busybox/bin/cpio,system/usr/lib/busybox/bin/cpio,file,21,21,0o100755,2009-01-01 00:00:00,202a9f68ac609cc9264e7bdf69c02ab859fb84483e4c7c95170724bcc77bbc0f,
system/usr/lib/busybox/bin/kill,system/usr/lib/busybox/bin/kill,file,21,21,0o100755,2009-01-01 00:00:00,202a9f68ac609cc9264e7bdf69c02ab859fb84483e4c7c95170724bcc77bbc0f,
system/usr/lib/busybox/bin/tar,system/usr/lib/busybox/bin/tar,file,21,21,0o100755,2009-01-01 00:00:00,202a9f68ac609cc9264e7bdf69c02ab859fb84483e4c7c95170724bcc77bbc0f,
system/usr/lib/busybox/bin/iostat,system/usr/lib/busybox/bin/iostat,file,21,21,0o100755,2009-01-01 00:00:00,202a9f68ac609cc9264e7bdf69c02ab859fb84483e4c7c95170724bcc77bbc0f,
system/usr/lib/busybox/bin/grep,system/usr/lib/busybox/bin/grep,file,21,21,0o100755,2009-01-01 00:00:00,202a9f68ac609cc9264e7bdf69c02ab859fb84483e4c7c95170724bcc77bbc0f,
system/usr/lib/busybox/bin/ping6,system/usr/lib/busybox/bin/ping6,file,19,19,0o100755,2009-01-01 00:00:00,67e322759c777cc69636f5aa8651362572a78a3878b4df1c9f110c80dd244f19,
system/usr/lib/busybox/bin/mknod,system/usr/lib/busybox/bin/mknod,file,21,21,0o100755,2009-01-01 00:00:00,202a9f68ac609cc9264e7bdf69c02ab859fb84483e4c7c95170724bcc77bbc0f,
system/usr/lib/busybox/bin/stty,system/usr/lib/busybox/bin/stty,file,21,21,0o100755,2009-01-01 00:00:00,202a9f68ac609cc9264e7bdf69c02ab859fb84483e4c7c95170724bcc77bbc0f,
system/usr/lib/busybox/bin/chown,system/usr/lib/busybox/bin/chown,file,21,21,0o100755,2009-01-01 00:00:00,202a9f68ac609cc9264e7bdf69c02ab859fb84483e4c7c95170724bcc77bbc0f,
system/usr/lib/busybox/bin/ash,system/usr/lib/busybox/bin/ash,file,21,21,0o100755,2009-01-01 00:00:00,202a9f68ac609cc9264e7bdf69c02ab859fb84483e4c7c95170724bcc77bbc0f,
system/usr/lib/busybox/bin/ln,system/usr/lib/busybox/bin/ln,file,21,21,0o100755,2009-01-01 00:00:00,202a9f68ac609cc9264e7bdf69c02ab859fb84483e4c7c95170724bcc77bbc0f,
system/usr/lib/busybox/bin/chmod,system/usr/lib/busybox/bin/chmod,file,21,21,0o100755,2009-01-01 00:00:00,202a9f68ac609cc9264e7bdf69c02ab859fb84483e4c7c95170724bcc77bbc0f,
system/usr/lib/busybox/bin/egrep,system/usr/lib/busybox/bin/egrep,file,21,21,0o100755,2009-01-01 00:00:00,202a9f68ac609cc9264e7bdf69c02ab859fb84483e4c7c95170724bcc77bbc0f,
system/usr/lib/busybox/bin/stat,system/usr/lib/busybox/bin/stat,file,21,21,0o100755,2009-01-01 00:00:00,202a9f68ac609cc9264e7bdf69c02ab859fb84483e4c7c95170724bcc77bbc0f,
system/usr/lib/busybox/bin/hush,system/usr/lib/busybox/bin/hush,file,21,21,0o100755,2009-01-01 00:00:00,202a9f68ac609cc9264e7bdf69c02ab859fb84483e4c7c95170724bcc77bbc0f,
system/usr/lib/busybox/bin/mv,system/usr/lib/busybox/bin/mv,file,21,21,0o100755,2009-01-01 00:00:00,202a9f68ac609cc9264e7bdf69c02ab859fb84483e4c7c95170724bcc77bbc0f,
system/usr/lib/busybox/bin/chattr,system/usr/lib/busybox/bin/chattr,file,21,21,0o100755,2009-01-01 00:00:00,202a9f68ac609cc9264e7bdf69c02ab859fb84483e4c7c95170724bcc77bbc0f,
system/usr/lib/busybox/bin/dd,system/usr/lib/busybox/bin/dd,file,21,21,0o100755,2009-01-01 00:00:00,202a9f68ac609cc9264e7bdf69c02ab859fb84483e4c7c95170724bcc77bbc0f,
system/usr/lib/busybox/bin/uname,system/usr/lib/busybox/bin/uname,file,21,21,0o100755,2009-01-01 00:00:00,202a9f68ac609cc9264e7bdf69c02ab859fb84483e4c7c95170724bcc77bbc0f,
system/usr/lib/busybox/bin/false,system/usr/lib/busybox/bin/false,file,21,21,0o100755,2009-01-01 00:00:00,202a9f68ac609cc9264e7bdf69c02ab859fb84483e4c7c95170724bcc77bbc0f,
system/usr/lib/busybox/bin/touch,system/usr/lib/busybox/bin/touch,file,21,21,0o100755,2009-01-01 00:00:00,202a9f68ac609cc9264e7bdf69c02ab859fb84483e4c7c95170724bcc77bbc0f,
system/usr/lib/busybox/bin/rmdir,system/usr/lib/busybox/bin/rmdir,file,21,21,0o100755,2009-01-01 00:00:00,202a9f68ac609cc9264e7bdf69c02ab859fb84483e4c7c95170724bcc77bbc0f,
system/usr/lib/busybox/bin/echo,system/usr/lib/busybox/bin/echo,file,21,21,0o100755,2009-01-01 00:00:00,202a9f68ac609cc9264e7bdf69c02ab859fb84483e4c7c95170724bcc77bbc0f,
system/usr/lib/busybox/bin/cp,system/usr/lib/busybox/bin/cp,file,21,21,0o100755,2009-01-01 00:00:00,202a9f68ac609cc9264e7bdf69c02ab859fb84483e4c7c95170724bcc77bbc0f,
system/usr/lib/busybox/bin/gunzip,system/usr/lib/busybox/bin/gunzip,file,21,21,0o100755,2009-01-01 00:00:00,202a9f68ac609cc9264e7bdf69c02ab859fb84483e4c7c95170724bcc77bbc0f,
system/usr/lib/busybox/bin/dnsdomainname,system/usr/lib/busybox/bin/dnsdomainname,file,21,21,0o100755,2009-01-01 00:00:00,202a9f68ac609cc9264e7bdf69c02ab859fb84483e4c7c95170724bcc77bbc0f,
system/usr/lib/busybox/bin/cttyhack,system/usr/lib/busybox/bin/cttyhack,file,21,21,0o100755,2009-01-01 00:00:00,202a9f68ac609cc9264e7bdf69c02ab859fb84483e4c7c95170724bcc77bbc0f,
system/usr/lib/busybox/bin/ionice,system/usr/lib/busybox/bin/ionice,file,21,21,0o100755,2009-01-01 00:00:00,202a9f68ac609cc9264e7bdf69c02ab859fb84483e4c7c95170724bcc77bbc0f,
system/usr/lib/busybox/bin/dmesg,system/usr/lib/busybox/bin/dmesg,file,21,21,0o100755,2009-01-01 00:00:00,202a9f68ac609cc9264e7bdf69c02ab859fb84483e4c7c95170724bcc77bbc0f,
system/usr/lib/busybox/bin/mt,system/usr/lib/busybox/bin/mt,file,21,21,0o100755,2009-01-01 00:00:00,202a9f68ac609cc9264e7bdf69c02ab859fb84483e4c7c95170724bcc77bbc0f,
system/usr/lib/busybox/bin/hostname,system/usr/lib/busybox/bin/hostname,file,21,21,0o100755,2009-01-01 00:00:00,202a9f68ac609cc9264e7bdf69c02ab859fb84483e4c7c95170724bcc77bbc0f,
system/usr/lib/busybox/bin/fdflush,system/usr/lib/busybox/bin/fdflush,file,21,21,0o100755,2009-01-01 00:00:00,202a9f68ac609cc9264e7bdf69c02ab859fb84483e4c7c95170724bcc77bbc0f,
system/usr/lib/busybox/bin/setarch,system/usr/lib/busybox/bin/setarch,file,21,21,0o100755,2009-01-01 00:00:00,202a9f68ac609cc9264e7bdf69c02ab859fb84483e4c7c95170724bcc77bbc0f,
system/usr/lib/busybox/usr/__emptyfile__,system/usr/lib/busybox/usr/__emptyfile__,file,0,0,0o40755,2024-02-02 11:17:48,e3b0c44298fc1c149afbf4c8996fb92427ae41e4649b934ca495991b7852b855,
system/usr/lib/busybox/usr/,system/usr/lib/busybox/usr/,directory,0,0,0o40755,2009-01-01 00:00:00,,
system/usr/lib/busybox/usr/sbin/__emptyfile__,system/usr/lib/busybox/usr/sbin/__emptyfile__,file,0,0,0o40755,2024-02-02 11:17:48,e3b0c44298fc1c149afbf4c8996fb92427ae41e4649b934ca495991b7852b855,
system/usr/lib/busybox/usr/sbin/,system/usr/lib/busybox/usr/sbin/,directory,0,0,0o40755,2009-01-01 00:00:00,,
system/usr/lib/busybox/usr/sbin/adduser,system/usr/lib/busybox/usr/sbin/adduser,file,21,21,0o100755,2009-01-01 00:00:00,202a9f68ac609cc9264e7bdf69c02ab859fb84483e4c7c95170724bcc77bbc0f,
system/usr/lib/busybox/usr/sbin/udhcpd,system/usr/lib/busybox/usr/sbin/udhcpd,file,21,21,0o100755,2009-01-01 00:00:00,202a9f68ac609cc9264e7bdf69c02ab859fb84483e4c7c95170724bcc77bbc0f,
system/usr/lib/busybox/usr/sbin/remove-shell,system/usr/lib/busybox/usr/sbin/remove-shell,file,21,21,0o100755,2009-01-01 00:00:00,202a9f68ac609cc9264e7bdf69c02ab859fb84483e4c7c95170724bcc77bbc0f,
system/usr/lib/busybox/usr/sbin/nbd-client,system/usr/lib/busybox/usr/sbin/nbd-client,file,21,21,0o100755,2009-01-01 00:00:00,202a9f68ac609cc9264e7bdf69c02ab859fb84483e4c7c95170724bcc77bbc0f,
system/usr/lib/busybox/usr/sbin/popmaildir,system/usr/lib/busybox/usr/sbin/popmaildir,file,21,21,0o100755,2009-01-01 00:00:00,202a9f68ac609cc9264e7bdf69c02ab859fb84483e4c7c95170724bcc77bbc0f,
system/usr/lib/busybox/usr/sbin/telnetd,system/usr/lib/busybox/usr/sbin/telnetd,file,21,21,0o100755,2009-01-01 00:00:00,202a9f68ac609cc9264e7bdf69c02ab859fb84483e4c7c95170724bcc77bbc0f,
system/usr/lib/busybox/usr/sbin/setfont,system/usr/lib/busybox/usr/sbin/setfont,file,21,21,0o100755,2009-01-01 00:00:00,202a9f68ac609cc9264e7bdf69c02ab859fb84483e4c7c95170724bcc77bbc0f,
system/usr/lib/busybox/usr/sbin/brctl,system/usr/lib/busybox/usr/sbin/brctl,file,21,21,0o100755,2009-01-01 00:00:00,202a9f68ac609cc9264e7bdf69c02ab859fb84483e4c7c95170724bcc77bbc0f,
system/usr/lib/busybox/usr/sbin/addgroup,system/usr/lib/busybox/usr/sbin/addgroup,file,21,21,0o100755,2009-01-01 00:00:00,202a9f68ac609cc9264e7bdf69c02ab859fb84483e4c7c95170724bcc77bbc0f,
system/usr/lib/busybox/usr/sbin/arping,system/usr/lib/busybox/usr/sbin/arping,file,21,21,0o100755,2009-01-01 00:00:00,202a9f68ac609cc9264e7bdf69c02ab859fb84483e4c7c95170724bcc77bbc0f,
system/usr/lib/busybox/usr/sbin/readahead,system/usr/lib/busybox/usr/sbin/readahead,file,21,21,0o100755,2009-01-01 00:00:00,202a9f68ac609cc9264e7bdf69c02ab859fb84483e4c7c95170724bcc77bbc0f,
system/usr/lib/busybox/usr/sbin/ftpd,system/usr/lib/busybox/usr/sbin/ftpd,file,21,21,0o100755,2009-01-01 00:00:00,202a9f68ac609cc9264e7bdf69c02ab859fb84483e4c7c95170724bcc77bbc0f,
system/usr/lib/busybox/usr/sbin/readprofile,system/usr/lib/busybox/usr/sbin/readprofile,file,21,21,0o100755,2009-01-01 00:00:00,202a9f68ac609cc9264e7bdf69c02ab859fb84483e4c7c95170724bcc77bbc0f,
system/usr/lib/busybox/usr/sbin/sendmail,system/usr/lib/busybox/usr/sbin/sendmail,file,21,21,0o100755,2009-01-01 00:00:00,202a9f68ac609cc9264e7bdf69c02ab859fb84483e4c7c95170724bcc77bbc0f,
system/usr/lib/busybox/usr/sbin/svlogd,system/usr/lib/busybox/usr/sbin/svlogd,file,21,21,0o100755,2009-01-01 00:00:00,202a9f68ac609cc9264e7bdf69c02ab859fb84483e4c7c95170724bcc77bbc0f,
system/usr/lib/busybox/usr/sbin/rtcwake,system/usr/lib/busybox/usr/sbin/rtcwake,file,21,21,0o100755,2009-01-01 00:00:00,202a9f68ac609cc9264e7bdf69c02ab859fb84483e4c7c95170724bcc77bbc0f,
system/usr/lib/busybox/usr/sbin/powertop,system/usr/lib/busybox/usr/sbin/powertop,file,21,21,0o100755,2009-01-01 00:00:00,202a9f68ac609cc9264e7bdf69c02ab859fb84483e4c7c95170724bcc77bbc0f,
system/usr/lib/busybox/usr/sbin/ntpd,system/usr/lib/busybox/usr/sbin/ntpd,file,21,21,0o100755,2009-01-01 00:00:00,202a9f68ac609cc9264e7bdf69c02ab859fb84483e4c7c95170724bcc77bbc0f,
system/usr/lib/busybox/usr/sbin/rdev,system/usr/lib/busybox/usr/sbin/rdev,file,21,21,0o100755,2009-01-01 00:00:00,202a9f68ac609cc9264e7bdf69c02ab859fb84483e4c7c95170724bcc77bbc0f,
system/usr/lib/busybox/usr/sbin/chroot,system/usr/lib/busybox/usr/sbin/chroot,file,21,21,0o100755,2009-01-01 00:00:00,202a9f68ac609cc9264e7bdf69c02ab859fb84483e4c7c95170724bcc77bbc0f,
system/usr/lib/busybox/usr/sbin/fbset,system/usr/lib/busybox/usr/sbin/fbset,file,21,21,0o100755,2009-01-01 00:00:00,202a9f68ac609cc9264e7bdf69c02ab859fb84483e4c7c95170724bcc77bbc0f,
system/usr/lib/busybox/usr/sbin/dnsd,system/usr/lib/busybox/usr/sbin/dnsd,file,21,21,0o100755,2009-01-01 00:00:00,202a9f68ac609cc9264e7bdf69c02ab859fb84483e4c7c95170724bcc77bbc0f,
system/usr/lib/busybox/usr/sbin/fakeidentd,system/usr/lib/busybox/usr/sbin/fakeidentd,file,21,21,0o100755,2009-01-01 00:00:00,202a9f68ac609cc9264e7bdf69c02ab859fb84483e4c7c95170724bcc77bbc0f,
system/usr/lib/busybox/usr/sbin/ifplugd,system/usr/lib/busybox/usr/sbin/ifplugd,file,21,21,0o100755,2009-01-01 00:00:00,202a9f68ac609cc9264e7bdf69c02ab859fb84483e4c7c95170724bcc77bbc0f,
system/usr/lib/busybox/usr/sbin/delgroup,system/usr/lib/busybox/usr/sbin/delgroup,file,21,21,0o100755,2009-01-01 00:00:00,202a9f68ac609cc9264e7bdf69c02ab859fb84483e4c7c95170724bcc77bbc0f,
system/usr/lib/busybox/usr/sbin/dhcprelay,system/usr/lib/busybox/usr/sbin/dhcprelay,file,21,21,0o100755,2009-01-01 00:00:00,202a9f68ac609cc9264e7bdf69c02ab859fb84483e4c7c95170724bcc77bbc0f,
system/usr/lib/busybox/usr/sbin/fdformat,system/usr/lib/busybox/usr/sbin/fdformat,file,21,21,0o100755,2009-01-01 00:00:00,202a9f68ac609cc9264e7bdf69c02ab859fb84483e4c7c95170724bcc77bbc0f,
system/usr/lib/busybox/usr/sbin/rdate,system/usr/lib/busybox/usr/sbin/rdate,file,21,21,0o100755,2009-01-01 00:00:00,202a9f68ac609cc9264e7bdf69c02ab859fb84483e4c7c95170724bcc77bbc0f,
system/usr/lib/busybox/usr/sbin/httpd,system/usr/lib/busybox/usr/sbin/httpd,file,21,21,0o100755,2009-01-01 00:00:00,202a9f68ac609cc9264e7bdf69c02ab859fb84483e4c7c95170724bcc77bbc0f,
system/usr/lib/busybox/usr/sbin/deluser,system/usr/lib/busybox/usr/sbin/deluser,file,21,21,0o100755,2009-01-01 00:00:00,202a9f68ac609cc9264e7bdf69c02ab859fb84483e4c7c95170724bcc77bbc0f,
system/usr/lib/busybox/usr/sbin/ether-wake,system/usr/lib/busybox/usr/sbin/ether-wake,file,21,21,0o100755,2009-01-01 00:00:00,202a9f68ac609cc9264e7bdf69c02ab859fb84483e4c7c95170724bcc77bbc0f,
system/usr/lib/busybox/usr/sbin/lpd,system/usr/lib/busybox/usr/sbin/lpd,file,21,21,0o100755,2009-01-01 00:00:00,202a9f68ac609cc9264e7bdf69c02ab859fb84483e4c7c95170724bcc77bbc0f,
system/usr/lib/busybox/usr/sbin/loadfont,system/usr/lib/busybox/usr/sbin/loadfont,file,21,21,0o100755,2009-01-01 00:00:00,202a9f68ac609cc9264e7bdf69c02ab859fb84483e4c7c95170724bcc77bbc0f,
system/usr/lib/busybox/usr/sbin/tftpd,system/usr/lib/busybox/usr/sbin/tftpd,file,21,21,0o100755,2009-01-01 00:00:00,202a9f68ac609cc9264e7bdf69c02ab859fb84483e4c7c95170724bcc77bbc0f,
system/usr/lib/busybox/usr/sbin/setlogcons,system/usr/lib/busybox/usr/sbin/setlogcons,file,21,21,0o100755,2009-01-01 00:00:00,202a9f68ac609cc9264e7bdf69c02ab859fb84483e4c7c95170724bcc77bbc0f,
system/usr/lib/busybox/usr/sbin/add-shell,system/usr/lib/busybox/usr/sbin/add-shell,file,21,21,0o100755,2009-01-01 00:00:00,202a9f68ac609cc9264e7bdf69c02ab859fb84483e4c7c95170724bcc77bbc0f,
system/usr/lib/busybox/usr/sbin/crond,system/usr/lib/busybox/usr/sbin/crond,file,21,21,0o100755,2009-01-01 00:00:00,202a9f68ac609cc9264e7bdf69c02ab859fb84483e4c7c95170724bcc77bbc0f,
system/usr/lib/busybox/usr/bin/__emptyfile__,system/usr/lib/busybox/usr/bin/__emptyfile__,file,0,0,0o40755,2024-02-02 11:17:48,e3b0c44298fc1c149afbf4c8996fb92427ae41e4649b934ca495991b7852b855,
system/usr/lib/busybox/usr/bin/,system/usr/lib/busybox/usr/bin/,directory,0,0,0o40755,2009-01-01 00:00:00,,
system/usr/lib/busybox/usr/bin/uuencode,system/usr/lib/busybox/usr/bin/uuencode,file,21,21,0o100755,2009-01-01 00:00:00,202a9f68ac609cc9264e7bdf69c02ab859fb84483e4c7c95170724bcc77bbc0f,
system/usr/lib/busybox/usr/bin/tftp,system/usr/lib/busybox/usr/bin/tftp,file,21,21,0o100755,2009-01-01 00:00:00,202a9f68ac609cc9264e7bdf69c02ab859fb84483e4c7c95170724bcc77bbc0f,
system/usr/lib/busybox/usr/bin/unlink,system/usr/lib/busybox/usr/bin/unlink,file,21,21,0o100755,2009-01-01 00:00:00,202a9f68ac609cc9264e7bdf69c02ab859fb84483e4c7c95170724bcc77bbc0f,
system/usr/lib/busybox/usr/bin/sort,system/usr/lib/busybox/usr/bin/sort,file,21,21,0o100755,2009-01-01 00:00:00,202a9f68ac609cc9264e7bdf69c02ab859fb84483e4c7c95170724bcc77bbc0f,
system/usr/lib/busybox/usr/bin/logname,system/usr/lib/busybox/usr/bin/logname,file,21,21,0o100755,2009-01-01 00:00:00,202a9f68ac609cc9264e7bdf69c02ab859fb84483e4c7c95170724bcc77bbc0f,
system/usr/lib/busybox/usr/bin/xzcat,system/usr/lib/busybox/usr/bin/xzcat,file,21,21,0o100755,2009-01-01 00:00:00,202a9f68ac609cc9264e7bdf69c02ab859fb84483e4c7c95170724bcc77bbc0f,
system/usr/lib/busybox/usr/bin/free,system/usr/lib/busybox/usr/bin/free,file,21,21,0o100755,2009-01-01 00:00:00,202a9f68ac609cc9264e7bdf69c02ab859fb84483e4c7c95170724bcc77bbc0f,
system/usr/lib/busybox/usr/bin/hexdump,system/usr/lib/busybox/usr/bin/hexdump,file,21,21,0o100755,2009-01-01 00:00:00,202a9f68ac609cc9264e7bdf69c02ab859fb84483e4c7c95170724bcc77bbc0f,
system/usr/lib/busybox/usr/bin/nc,system/usr/lib/busybox/usr/bin/nc,file,21,21,0o100755,2009-01-01 00:00:00,202a9f68ac609cc9264e7bdf69c02ab859fb84483e4c7c95170724bcc77bbc0f,
system/usr/lib/busybox/usr/bin/script,system/usr/lib/busybox/usr/bin/script,file,21,21,0o100755,2009-01-01 00:00:00,202a9f68ac609cc9264e7bdf69c02ab859fb84483e4c7c95170724bcc77bbc0f,
system/usr/lib/busybox/usr/bin/setsid,system/usr/lib/busybox/usr/bin/setsid,file,21,21,0o100755,2009-01-01 00:00:00,202a9f68ac609cc9264e7bdf69c02ab859fb84483e4c7c95170724bcc77bbc0f,
system/usr/lib/busybox/usr/bin/envuidgid,system/usr/lib/busybox/usr/bin/envuidgid,file,21,21,0o100755,2009-01-01 00:00:00,202a9f68ac609cc9264e7bdf69c02ab859fb84483e4c7c95170724bcc77bbc0f,
system/usr/lib/busybox/usr/bin/microcom,system/usr/lib/busybox/usr/bin/microcom,file,21,21,0o100755,2009-01-01 00:00:00,202a9f68ac609cc9264e7bdf69c02ab859fb84483e4c7c95170724bcc77bbc0f,
system/usr/lib/busybox/usr/bin/chrt,system/usr/lib/busybox/usr/bin/chrt,file,21,21,0o100755,2009-01-01 00:00:00,202a9f68ac609cc9264e7bdf69c02ab859fb84483e4c7c95170724bcc77bbc0f,
system/usr/lib/busybox/usr/bin/man,system/usr/lib/busybox/usr/bin/man,file,21,21,0o100755,2009-01-01 00:00:00,202a9f68ac609cc9264e7bdf69c02ab859fb84483e4c7c95170724bcc77bbc0f,
system/usr/lib/busybox/usr/bin/xargs,system/usr/lib/busybox/usr/bin/xargs,file,21,21,0o100755,2009-01-01 00:00:00,202a9f68ac609cc9264e7bdf69c02ab859fb84483e4c7c95170724bcc77bbc0f,
system/usr/lib/busybox/usr/bin/lpq,system/usr/lib/busybox/usr/bin/lpq,file,21,21,0o100755,2009-01-01 00:00:00,202a9f68ac609cc9264e7bdf69c02ab859fb84483e4c7c95170724bcc77bbc0f,
system/usr/lib/busybox/usr/bin/realpath,system/usr/lib/busybox/usr/bin/realpath,file,21,21,0o100755,2009-01-01 00:00:00,202a9f68ac609cc9264e7bdf69c02ab859fb84483e4c7c95170724bcc77bbc0f,
system/usr/lib/busybox/usr/bin/traceroute,system/usr/lib/busybox/usr/bin/traceroute,file,19,19,0o100755,2009-01-01 00:00:00,67e322759c777cc69636f5aa8651362572a78a3878b4df1c9f110c80dd244f19,
system/usr/lib/busybox/usr/bin/dirname,system/usr/lib/busybox/usr/bin/dirname,file,21,21,0o100755,2009-01-01 00:00:00,202a9f68ac609cc9264e7bdf69c02ab859fb84483e4c7c95170724bcc77bbc0f,
system/usr/lib/busybox/usr/bin/du,system/usr/lib/busybox/usr/bin/du,file,21,21,0o100755,2009-01-01 00:00:00,202a9f68ac609cc9264e7bdf69c02ab859fb84483e4c7c95170724bcc77bbc0f,
system/usr/lib/busybox/usr/bin/users,system/usr/lib/busybox/usr/bin/users,file,21,21,0o100755,2009-01-01 00:00:00,202a9f68ac609cc9264e7bdf69c02ab859fb84483e4c7c95170724bcc77bbc0f,
system/usr/lib/busybox/usr/bin/sum,system/usr/lib/busybox/usr/bin/sum,file,21,21,0o100755,2009-01-01 00:00:00,202a9f68ac609cc9264e7bdf69c02ab859fb84483e4c7c95170724bcc77bbc0f,
system/usr/lib/busybox/usr/bin/pkill,system/usr/lib/busybox/usr/bin/pkill,file,21,21,0o100755,2009-01-01 00:00:00,202a9f68ac609cc9264e7bdf69c02ab859fb84483e4c7c95170724bcc77bbc0f,
system/usr/lib/busybox/usr/bin/tcpsvd,system/usr/lib/busybox/usr/bin/tcpsvd,file,21,21,0o100755,2009-01-01 00:00:00,202a9f68ac609cc9264e7bdf69c02ab859fb84483e4c7c95170724bcc77bbc0f,
system/usr/lib/busybox/usr/bin/shuf,system/usr/lib/busybox/usr/bin/shuf,file,21,21,0o100755,2009-01-01 00:00:00,202a9f68ac609cc9264e7bdf69c02ab859fb84483e4c7c95170724bcc77bbc0f,
system/usr/lib/busybox/usr/bin/cut,system/usr/lib/busybox/usr/bin/cut,file,21,21,0o100755,2009-01-01 00:00:00,202a9f68ac609cc9264e7bdf69c02ab859fb84483e4c7c95170724bcc77bbc0f,
system/usr/lib/busybox/usr/bin/ipcs,system/usr/lib/busybox/usr/bin/ipcs,file,21,21,0o100755,2009-01-01 00:00:00,202a9f68ac609cc9264e7bdf69c02ab859fb84483e4c7c95170724bcc77bbc0f,
system/usr/lib/busybox/usr/bin/lzcat,system/usr/lib/busybox/usr/bin/lzcat,file,21,21,0o100755,2009-01-01 00:00:00,202a9f68ac609cc9264e7bdf69c02ab859fb84483e4c7c95170724bcc77bbc0f,
system/usr/lib/busybox/usr/bin/whoami,system/usr/lib/busybox/usr/bin/whoami,file,21,21,0o100755,2009-01-01 00:00:00,202a9f68ac609cc9264e7bdf69c02ab859fb84483e4c7c95170724bcc77bbc0f,
system/usr/lib/busybox/usr/bin/renice,system/usr/lib/busybox/usr/bin/renice,file,21,21,0o100755,2009-01-01 00:00:00,202a9f68ac609cc9264e7bdf69c02ab859fb84483e4c7c95170724bcc77bbc0f,
system/usr/lib/busybox/usr/bin/rpm2cpio,system/usr/lib/busybox/usr/bin/rpm2cpio,file,21,21,0o100755,2009-01-01 00:00:00,202a9f68ac609cc9264e7bdf69c02ab859fb84483e4c7c95170724bcc77bbc0f,
system/usr/lib/busybox/usr/bin/nohup,system/usr/lib/busybox/usr/bin/nohup,file,21,21,0o100755,2009-01-01 00:00:00,202a9f68ac609cc9264e7bdf69c02ab859fb84483e4c7c95170724bcc77bbc0f,
system/usr/lib/busybox/usr/bin/lzma,system/usr/lib/busybox/usr/bin/lzma,file,21,21,0o100755,2009-01-01 00:00:00,202a9f68ac609cc9264e7bdf69c02ab859fb84483e4c7c95170724bcc77bbc0f,
system/usr/lib/busybox/usr/bin/test,system/usr/lib/busybox/usr/bin/test,file,21,21,0o100755,2009-01-01 00:00:00,202a9f68ac609cc9264e7bdf69c02ab859fb84483e4c7c95170724bcc77bbc0f,
system/usr/lib/busybox/usr/bin/comm,system/usr/lib/busybox/usr/bin/comm,file,21,21,0o100755,2009-01-01 00:00:00,202a9f68ac609cc9264e7bdf69c02ab859fb84483e4c7c95170724bcc77bbc0f,
system/usr/lib/busybox/usr/bin/sha512sum,system/usr/lib/busybox/usr/bin/sha512sum,file,21,21,0o100755,2009-01-01 00:00:00,202a9f68ac609cc9264e7bdf69c02ab859fb84483e4c7c95170724bcc77bbc0f,
system/usr/lib/busybox/usr/bin/clear,system/usr/lib/busybox/usr/bin/clear,file,21,21,0o100755,2009-01-01 00:00:00,202a9f68ac609cc9264e7bdf69c02ab859fb84483e4c7c95170724bcc77bbc0f,
system/usr/lib/busybox/usr/bin/expr,system/usr/lib/busybox/usr/bin/expr,file,21,21,0o100755,2009-01-01 00:00:00,202a9f68ac609cc9264e7bdf69c02ab859fb84483e4c7c95170724bcc77bbc0f,
system/usr/lib/busybox/usr/bin/tee,system/usr/lib/busybox/usr/bin/tee,file,21,21,0o100755,2009-01-01 00:00:00,202a9f68ac609cc9264e7bdf69c02ab859fb84483e4c7c95170724bcc77bbc0f,
system/usr/lib/busybox/usr/bin/unlzma,system/usr/lib/busybox/usr/bin/unlzma,file,21,21,0o100755,2009-01-01 00:00:00,202a9f68ac609cc9264e7bdf69c02ab859fb84483e4c7c95170724bcc77bbc0f,
system/usr/lib/busybox/usr/bin/eject,system/usr/lib/busybox/usr/bin/eject,file,21,21,0o100755,2009-01-01 00:00:00,202a9f68ac609cc9264e7bdf69c02ab859fb84483e4c7c95170724bcc77bbc0f,
system/usr/lib/busybox/usr/bin/chpst,system/usr/lib/busybox/usr/bin/chpst,file,21,21,0o100755,2009-01-01 00:00:00,202a9f68ac609cc9264e7bdf69c02ab859fb84483e4c7c95170724bcc77bbc0f,
system/usr/lib/busybox/usr/bin/wget,system/usr/lib/busybox/usr/bin/wget,file,21,21,0o100755,2009-01-01 00:00:00,202a9f68ac609cc9264e7bdf69c02ab859fb84483e4c7c95170724bcc77bbc0f,
system/usr/lib/busybox/usr/bin/timeout,system/usr/lib/busybox/usr/bin/timeout,file,21,21,0o100755,2009-01-01 00:00:00,202a9f68ac609cc9264e7bdf69c02ab859fb84483e4c7c95170724bcc77bbc0f,
system/usr/lib/busybox/usr/bin/reset,system/usr/lib/busybox/usr/bin/reset,file,21,21,0o100755,2009-01-01 00:00:00,202a9f68ac609cc9264e7bdf69c02ab859fb84483e4c7c95170724bcc77bbc0f,
system/usr/lib/busybox/usr/bin/showkey,system/usr/lib/busybox/usr/bin/showkey,file,21,21,0o100755,2009-01-01 00:00:00,202a9f68ac609cc9264e7bdf69c02ab859fb84483e4c7c95170724bcc77bbc0f,
system/usr/lib/busybox/usr/bin/fuser,system/usr/lib/busybox/usr/bin/fuser,file,21,21,0o100755,2009-01-01 00:00:00,202a9f68ac609cc9264e7bdf69c02ab859fb84483e4c7c95170724bcc77bbc0f,
system/usr/lib/busybox/usr/bin/yes,system/usr/lib/busybox/usr/bin/yes,file,21,21,0o100755,2009-01-01 00:00:00,202a9f68ac609cc9264e7bdf69c02ab859fb84483e4c7c95170724bcc77bbc0f,
system/usr/lib/busybox/usr/bin/crontab,system/usr/lib/busybox/usr/bin/crontab,file,19,19,0o100755,2009-01-01 00:00:00,67e322759c777cc69636f5aa8651362572a78a3878b4df1c9f110c80dd244f19,
system/usr/lib/busybox/usr/bin/md5sum,system/usr/lib/busybox/usr/bin/md5sum,file,21,21,0o100755,2009-01-01 00:00:00,202a9f68ac609cc9264e7bdf69c02ab859fb84483e4c7c95170724bcc77bbc0f,
system/usr/lib/busybox/usr/bin/sha1sum,system/usr/lib/busybox/usr/bin/sha1sum,file,21,21,0o100755,2009-01-01 00:00:00,202a9f68ac609cc9264e7bdf69c02ab859fb84483e4c7c95170724bcc77bbc0f,
system/usr/lib/busybox/usr/bin/[,system/usr/lib/busybox/usr/bin/[,file,21,21,0o100755,2009-01-01 00:00:00,202a9f68ac609cc9264e7bdf69c02ab859fb84483e4c7c95170724bcc77bbc0f,
system/usr/lib/busybox/usr/bin/cksum,system/usr/lib/busybox/usr/bin/cksum,file,21,21,0o100755,2009-01-01 00:00:00,202a9f68ac609cc9264e7bdf69c02ab859fb84483e4c7c95170724bcc77bbc0f,
system/usr/lib/busybox/usr/bin/passwd,system/usr/lib/busybox/usr/bin/passwd,file,19,19,0o100755,2009-01-01 00:00:00,67e322759c777cc69636f5aa8651362572a78a3878b4df1c9f110c80dd244f19,
system/usr/lib/busybox/usr/bin/less,system/usr/lib/busybox/usr/bin/less,file,21,21,0o100755,2009-01-01 00:00:00,202a9f68ac609cc9264e7bdf69c02ab859fb84483e4c7c95170724bcc77bbc0f,
system/usr/lib/busybox/usr/bin/dumpleases,system/usr/lib/busybox/usr/bin/dumpleases,file,21,21,0o100755,2009-01-01 00:00:00,202a9f68ac609cc9264e7bdf69c02ab859fb84483e4c7c95170724bcc77bbc0f,
system/usr/lib/busybox/usr/bin/install,system/usr/lib/busybox/usr/bin/install,file,21,21,0o100755,2009-01-01 00:00:00,202a9f68ac609cc9264e7bdf69c02ab859fb84483e4c7c95170724bcc77bbc0f,
system/usr/lib/busybox/usr/bin/vlock,system/usr/lib/busybox/usr/bin/vlock,file,19,19,0o100755,2009-01-01 00:00:00,67e322759c777cc69636f5aa8651362572a78a3878b4df1c9f110c80dd244f19,
system/usr/lib/busybox/usr/bin/unexpand,system/usr/lib/busybox/usr/bin/unexpand,file,21,21,0o100755,2009-01-01 00:00:00,202a9f68ac609cc9264e7bdf69c02ab859fb84483e4c7c95170724bcc77bbc0f,
system/usr/lib/busybox/usr/bin/lspci,system/usr/lib/busybox/usr/bin/lspci,file,21,21,0o100755,2009-01-01 00:00:00,202a9f68ac609cc9264e7bdf69c02ab859fb84483e4c7c95170724bcc77bbc0f,
system/usr/lib/busybox/usr/bin/unxz,system/usr/lib/busybox/usr/bin/unxz,file,21,21,0o100755,2009-01-01 00:00:00,202a9f68ac609cc9264e7bdf69c02ab859fb84483e4c7c95170724bcc77bbc0f,
system/usr/lib/busybox/usr/bin/sha256sum,system/usr/lib/busybox/usr/bin/sha256sum,file,21,21,0o100755,2009-01-01 00:00:00,202a9f68ac609cc9264e7bdf69c02ab859fb84483e4c7c95170724bcc77bbc0f,
system/usr/lib/busybox/usr/bin/tty,system/usr/lib/busybox/usr/bin/tty,file,21,21,0o100755,2009-01-01 00:00:00,202a9f68ac609cc9264e7bdf69c02ab859fb84483e4c7c95170724bcc77bbc0f,
system/usr/lib/busybox/usr/bin/tr,system/usr/lib/busybox/usr/bin/tr,file,21,21,0o100755,2009-01-01 00:00:00,202a9f68ac609cc9264e7bdf69c02ab859fb84483e4c7c95170724bcc77bbc0f,
system/usr/lib/busybox/usr/bin/split,system/usr/lib/busybox/usr/bin/split,file,21,21,0o100755,2009-01-01 00:00:00,202a9f68ac609cc9264e7bdf69c02ab859fb84483e4c7c95170724bcc77bbc0f,
system/usr/lib/busybox/usr/bin/time,system/usr/lib/busybox/usr/bin/time,file,21,21,0o100755,2009-01-01 00:00:00,202a9f68ac609cc9264e7bdf69c02ab859fb84483e4c7c95170724bcc77bbc0f,
system/usr/lib/busybox/usr/bin/pgrep,system/usr/lib/busybox/usr/bin/pgrep,file,21,21,0o100755,2009-01-01 00:00:00,202a9f68ac609cc9264e7bdf69c02ab859fb84483e4c7c95170724bcc77bbc0f,
system/usr/lib/busybox/usr/bin/wc,system/usr/lib/busybox/usr/bin/wc,file,21,21,0o100755,2009-01-01 00:00:00,202a9f68ac609cc9264e7bdf69c02ab859fb84483e4c7c95170724bcc77bbc0f,
system/usr/lib/busybox/usr/bin/softlimit,system/usr/lib/busybox/usr/bin/softlimit,file,21,21,0o100755,2009-01-01 00:00:00,202a9f68ac609cc9264e7bdf69c02ab859fb84483e4c7c95170724bcc77bbc0f,
system/usr/lib/busybox/usr/bin/[[,system/usr/lib/busybox/usr/bin/[[,file,21,21,0o100755,2009-01-01 00:00:00,202a9f68ac609cc9264e7bdf69c02ab859fb84483e4c7c95170724bcc77bbc0f,
system/usr/lib/busybox/usr/bin/unix2dos,system/usr/lib/busybox/usr/bin/unix2dos,file,21,21,0o100755,2009-01-01 00:00:00,202a9f68ac609cc9264e7bdf69c02ab859fb84483e4c7c95170724bcc77bbc0f,
system/usr/lib/busybox/usr/bin/tail,system/usr/lib/busybox/usr/bin/tail,file,21,21,0o100755,2009-01-01 00:00:00,202a9f68ac609cc9264e7bdf69c02ab859fb84483e4c7c95170724bcc77bbc0f,
system/usr/lib/busybox/usr/bin/patch,system/usr/lib/busybox/usr/bin/patch,file,21,21,0o100755,2009-01-01 00:00:00,202a9f68ac609cc9264e7bdf69c02ab859fb84483e4c7c95170724bcc77bbc0f,
system/usr/lib/busybox/usr/bin/which,system/usr/lib/busybox/usr/bin/which,file,21,21,0o100755,2009-01-01 00:00:00,202a9f68ac609cc9264e7bdf69c02ab859fb84483e4c7c95170724bcc77bbc0f,
system/usr/lib/busybox/usr/bin/strings,system/usr/lib/busybox/usr/bin/strings,file,21,21,0o100755,2009-01-01 00:00:00,202a9f68ac609cc9264e7bdf69c02ab859fb84483e4c7c95170724bcc77bbc0f,
system/usr/lib/busybox/usr/bin/cal,system/usr/lib/busybox/usr/bin/cal,file,21,21,0o100755,2009-01-01 00:00:00,202a9f68ac609cc9264e7bdf69c02ab859fb84483e4c7c95170724bcc77bbc0f,
system/usr/lib/busybox/usr/bin/od,system/usr/lib/busybox/usr/bin/od,file,21,21,0o100755,2009-01-01 00:00:00,202a9f68ac609cc9264e7bdf69c02ab859fb84483e4c7c95170724bcc77bbc0f,
system/usr/lib/busybox/usr/bin/telnet,system/usr/lib/busybox/usr/bin/telnet,file,21,21,0o100755,2009-01-01 00:00:00,202a9f68ac609cc9264e7bdf69c02ab859fb84483e4c7c95170724bcc77bbc0f,
system/usr/lib/busybox/usr/bin/flock,system/usr/lib/busybox/usr/bin/flock,file,21,21,0o100755,2009-01-01 00:00:00,202a9f68ac609cc9264e7bdf69c02ab859fb84483e4c7c95170724bcc77bbc0f,
system/usr/lib/busybox/usr/bin/id,system/usr/lib/busybox/usr/bin/id,file,21,21,0o100755,2009-01-01 00:00:00,202a9f68ac609cc9264e7bdf69c02ab859fb84483e4c7c95170724bcc77bbc0f,
system/usr/lib/busybox/usr/bin/who,system/usr/lib/busybox/usr/bin/who,file,21,21,0o100755,2009-01-01 00:00:00,202a9f68ac609cc9264e7bdf69c02ab859fb84483e4c7c95170724bcc77bbc0f,
system/usr/lib/busybox/usr/bin/dos2unix,system/usr/lib/busybox/usr/bin/dos2unix,file,21,21,0o100755,2009-01-01 00:00:00,202a9f68ac609cc9264e7bdf69c02ab859fb84483e4c7c95170724bcc77bbc0f,
system/usr/lib/busybox/usr/bin/find,system/usr/lib/busybox/usr/bin/find,file,21,21,0o100755,2009-01-01 00:00:00,202a9f68ac609cc9264e7bdf69c02ab859fb84483e4c7c95170724bcc77bbc0f,
system/usr/lib/busybox/usr/bin/dc,system/usr/lib/busybox/usr/bin/dc,file,21,21,0o100755,2009-01-01 00:00:00,202a9f68ac609cc9264e7bdf69c02ab859fb84483e4c7c95170724bcc77bbc0f,
system/usr/lib/busybox/usr/bin/expand,system/usr/lib/busybox/usr/bin/expand,file,21,21,0o100755,2009-01-01 00:00:00,202a9f68ac609cc9264e7bdf69c02ab859fb84483e4c7c95170724bcc77bbc0f,
system/usr/lib/busybox/usr/bin/smemcap,system/usr/lib/busybox/usr/bin/smemcap,file,21,21,0o100755,2009-01-01 00:00:00,202a9f68ac609cc9264e7bdf69c02ab859fb84483e4c7c95170724bcc77bbc0f,
system/usr/lib/busybox/usr/bin/hd,system/usr/lib/busybox/usr/bin/hd,file,21,21,0o100755,2009-01-01 00:00:00,202a9f68ac609cc9264e7bdf69c02ab859fb84483e4c7c95170724bcc77bbc0f,
system/usr/lib/busybox/usr/bin/uudecode,system/usr/lib/busybox/usr/bin/uudecode,file,21,21,0o100755,2009-01-01 00:00:00,202a9f68ac609cc9264e7bdf69c02ab859fb84483e4c7c95170724bcc77bbc0f,
system/usr/lib/busybox/usr/bin/cryptpw,system/usr/lib/busybox/usr/bin/cryptpw,file,21,21,0o100755,2009-01-01 00:00:00,202a9f68ac609cc9264e7bdf69c02ab859fb84483e4c7c95170724bcc77bbc0f,
system/usr/lib/busybox/usr/bin/nproc,system/usr/lib/busybox/usr/bin/nproc,file,21,21,0o100755,2009-01-01 00:00:00,202a9f68ac609cc9264e7bdf69c02ab859fb84483e4c7c95170724bcc77bbc0f,
system/usr/lib/busybox/usr/bin/mkfifo,system/usr/lib/busybox/usr/bin/mkfifo,file,21,21,0o100755,2009-01-01 00:00:00,202a9f68ac609cc9264e7bdf69c02ab859fb84483e4c7c95170724bcc77bbc0f,
system/usr/lib/busybox/usr/bin/nslookup,system/usr/lib/busybox/usr/bin/nslookup,file,21,21,0o100755,2009-01-01 00:00:00,202a9f68ac609cc9264e7bdf69c02ab859fb84483e4c7c95170724bcc77bbc0f,
system/usr/lib/busybox/usr/bin/nmeter,system/usr/lib/busybox/usr/bin/nmeter,file,21,21,0o100755,2009-01-01 00:00:00,202a9f68ac609cc9264e7bdf69c02ab859fb84483e4c7c95170724bcc77bbc0f,
system/usr/lib/busybox/usr/bin/basename,system/usr/lib/busybox/usr/bin/basename,file,21,21,0o100755,2009-01-01 00:00:00,202a9f68ac609cc9264e7bdf69c02ab859fb84483e4c7c95170724bcc77bbc0f,
system/usr/lib/busybox/usr/bin/lpr,system/usr/lib/busybox/usr/bin/lpr,file,21,21,0o100755,2009-01-01 00:00:00,202a9f68ac609cc9264e7bdf69c02ab859fb84483e4c7c95170724bcc77bbc0f,
system/usr/lib/busybox/usr/bin/uniq,system/usr/lib/busybox/usr/bin/uniq,file,21,21,0o100755,2009-01-01 00:00:00,202a9f68ac609cc9264e7bdf69c02ab859fb84483e4c7c95170724bcc77bbc0f,
system/usr/lib/busybox/usr/bin/sv,system/usr/lib/busybox/usr/bin/sv,file,21,21,0o100755,2009-01-01 00:00:00,202a9f68ac609cc9264e7bdf69c02ab859fb84483e4c7c95170724bcc77bbc0f,
system/usr/lib/busybox/usr/bin/envdir,system/usr/lib/busybox/usr/bin/envdir,file,21,21,0o100755,2009-01-01 00:00:00,202a9f68ac609cc9264e7bdf69c02ab859fb84483e4c7c95170724bcc77bbc0f,
system/usr/lib/busybox/usr/bin/groups,system/usr/lib/busybox/usr/bin/groups,file,21,21,0o100755,2009-01-01 00:00:00,202a9f68ac609cc9264e7bdf69c02ab859fb84483e4c7c95170724bcc77bbc0f,
system/usr/lib/busybox/usr/bin/lsusb,system/usr/lib/busybox/usr/bin/lsusb,file,21,21,0o100755,2009-01-01 00:00:00,202a9f68ac609cc9264e7bdf69c02ab859fb84483e4c7c95170724bcc77bbc0f,
system/usr/lib/busybox/usr/bin/beep,system/usr/lib/busybox/usr/bin/beep,file,21,21,0o100755,2009-01-01 00:00:00,202a9f68ac609cc9264e7bdf69c02ab859fb84483e4c7c95170724bcc77bbc0f,
system/usr/lib/busybox/usr/bin/runsvdir,system/usr/lib/busybox/usr/bin/runsvdir,file,21,21,0o100755,2009-01-01 00:00:00,202a9f68ac609cc9264e7bdf69c02ab859fb84483e4c7c95170724bcc77bbc0f,
system/usr/lib/busybox/usr/bin/setuidgid,system/usr/lib/busybox/usr/bin/setuidgid,file,21,21,0o100755,2009-01-01 00:00:00,202a9f68ac609cc9264e7bdf69c02ab859fb84483e4c7c95170724bcc77bbc0f,
system/usr/lib/busybox/usr/bin/xz,system/usr/lib/busybox/usr/bin/xz,file,21,21,0o100755,2009-01-01 00:00:00,202a9f68ac609cc9264e7bdf69c02ab859fb84483e4c7c95170724bcc77bbc0f,
system/usr/lib/busybox/usr/bin/logger,system/usr/lib/busybox/usr/bin/logger,file,21,21,0o100755,2009-01-01 00:00:00,202a9f68ac609cc9264e7bdf69c02ab859fb84483e4c7c95170724bcc77bbc0f,
system/usr/lib/busybox/usr/bin/fold,system/usr/lib/busybox/usr/bin/fold,file,21,21,0o100755,2009-01-01 00:00:00,202a9f68ac609cc9264e7bdf69c02ab859fb84483e4c7c95170724bcc77bbc0f,
system/usr/lib/busybox/usr/bin/readlink,system/usr/lib/busybox/usr/bin/readlink,file,21,21,0o100755,2009-01-01 00:00:00,202a9f68ac609cc9264e7bdf69c02ab859fb84483e4c7c95170724bcc77bbc0f,
system/usr/lib/busybox/usr/bin/diff,system/usr/lib/busybox/usr/bin/diff,file,21,21,0o100755,2009-01-01 00:00:00,202a9f68ac609cc9264e7bdf69c02ab859fb84483e4c7c95170724bcc77bbc0f,
system/usr/lib/busybox/usr/bin/ipcrm,system/usr/lib/busybox/usr/bin/ipcrm,file,21,21,0o100755,2009-01-01 00:00:00,202a9f68ac609cc9264e7bdf69c02ab859fb84483e4c7c95170724bcc77bbc0f,
system/usr/lib/busybox/usr/bin/traceroute6,system/usr/lib/busybox/usr/bin/traceroute6,file,19,19,0o100755,2009-01-01 00:00:00,67e322759c777cc69636f5aa8651362572a78a3878b4df1c9f110c80dd244f19,
system/usr/lib/busybox/usr/bin/ftpget,system/usr/lib/busybox/usr/bin/ftpget,file,21,21,0o100755,2009-01-01 00:00:00,202a9f68ac609cc9264e7bdf69c02ab859fb84483e4c7c95170724bcc77bbc0f,
system/usr/lib/busybox/usr/bin/seq,system/usr/lib/busybox/usr/bin/seq,file,21,21,0o100755,2009-01-01 00:00:00,202a9f68ac609cc9264e7bdf69c02ab859fb84483e4c7c95170724bcc77bbc0f,
system/usr/lib/busybox/usr/bin/uptime,system/usr/lib/busybox/usr/bin/uptime,file,21,21,0o100755,2009-01-01 00:00:00,202a9f68ac609cc9264e7bdf69c02ab859fb84483e4c7c95170724bcc77bbc0f,
system/usr/lib/busybox/usr/bin/runsv,system/usr/lib/busybox/usr/bin/runsv,file,21,21,0o100755,2009-01-01 00:00:00,202a9f68ac609cc9264e7bdf69c02ab859fb84483e4c7c95170724bcc77bbc0f,
system/usr/lib/busybox/usr/bin/env,system/usr/lib/busybox/usr/bin/env,file,21,21,0o100755,2009-01-01 00:00:00,202a9f68ac609cc9264e7bdf69c02ab859fb84483e4c7c95170724bcc77bbc0f,
system/usr/lib/busybox/usr/bin/hostid,system/usr/lib/busybox/usr/bin/hostid,file,21,21,0o100755,2009-01-01 00:00:00,202a9f68ac609cc9264e7bdf69c02ab859fb84483e4c7c95170724bcc77bbc0f,
system/usr/lib/busybox/usr/bin/top,system/usr/lib/busybox/usr/bin/top,file,21,21,0o100755,2009-01-01 00:00:00,202a9f68ac609cc9264e7bdf69c02ab859fb84483e4c7c95170724bcc77bbc0f,
system/usr/lib/busybox/usr/bin/volname,system/usr/lib/busybox/usr/bin/volname,file,21,21,0o100755,2009-01-01 00:00:00,202a9f68ac609cc9264e7bdf69c02ab859fb84483e4c7c95170724bcc77bbc0f,
system/usr/lib/busybox/usr/bin/head,system/usr/lib/busybox/usr/bin/head,file,21,21,0o100755,2009-01-01 00:00:00,202a9f68ac609cc9264e7bdf69c02ab859fb84483e4c7c95170724bcc77bbc0f,
system/usr/lib/busybox/usr/bin/ttysize,system/usr/lib/busybox/usr/bin/ttysize,file,21,21,0o100755,2009-01-01 00:00:00,202a9f68ac609cc9264e7bdf69c02ab859fb84483e4c7c95170724bcc77bbc0f,
system/usr/lib/busybox/usr/bin/awk,system/usr/lib/busybox/usr/bin/awk,file,21,21,0o100755,2009-01-01 00:00:00,202a9f68ac609cc9264e7bdf69c02ab859fb84483e4c7c95170724bcc77bbc0f,
system/usr/lib/busybox/usr/bin/killall,system/usr/lib/busybox/usr/bin/killall,file,21,21,0o100755,2009-01-01 00:00:00,202a9f68ac609cc9264e7bdf69c02ab859fb84483e4c7c95170724bcc77bbc0f,
system/usr/lib/busybox/usr/bin/pmap,system/usr/lib/busybox/usr/bin/pmap,file,21,21,0o100755,2009-01-01 00:00:00,202a9f68ac609cc9264e7bdf69c02ab859fb84483e4c7c95170724bcc77bbc0f,
system/usr/lib/busybox/usr/bin/cmp,system/usr/lib/busybox/usr/bin/cmp,file,21,21,0o100755,2009-01-01 00:00:00,202a9f68ac609cc9264e7bdf69c02ab859fb84483e4c7c95170724bcc77bbc0f,
system/usr/lib/busybox/usr/bin/bunzip2,system/usr/lib/busybox/usr/bin/bunzip2,file,21,21,0o100755,2009-01-01 00:00:00,202a9f68ac609cc9264e7bdf69c02ab859fb84483e4c7c95170724bcc77bbc0f,
system/usr/lib/busybox/usr/bin/udpsvd,system/usr/lib/busybox/usr/bin/udpsvd,file,21,21,0o100755,2009-01-01 00:00:00,202a9f68ac609cc9264e7bdf69c02ab859fb84483e4c7c95170724bcc77bbc0f,
system/usr/lib/busybox/usr/bin/resize,system/usr/lib/busybox/usr/bin/resize,file,21,21,0o100755,2009-01-01 00:00:00,202a9f68ac609cc9264e7bdf69c02ab859fb84483e4c7c95170724bcc77bbc0f,
system/usr/lib/busybox/usr/bin/mesg,system/usr/lib/busybox/usr/bin/mesg,file,21,21,0o100755,2009-01-01 00:00:00,202a9f68ac609cc9264e7bdf69c02ab859fb84483e4c7c95170724bcc77bbc0f,
system/usr/lib/busybox/usr/bin/rx,system/usr/lib/busybox/usr/bin/rx,file,21,21,0o100755,2009-01-01 00:00:00,202a9f68ac609cc9264e7bdf69c02ab859fb84483e4c7c95170724bcc77bbc0f,
system/usr/lib/busybox/usr/bin/bzip2,system/usr/lib/busybox/usr/bin/bzip2,file,21,21,0o100755,2009-01-01 00:00:00,202a9f68ac609cc9264e7bdf69c02ab859fb84483e4c7c95170724bcc77bbc0f,
system/usr/lib/busybox/usr/bin/pscan,system/usr/lib/busybox/usr/bin/pscan,file,21,21,0o100755,2009-01-01 00:00:00,202a9f68ac609cc9264e7bdf69c02ab859fb84483e4c7c95170724bcc77bbc0f,
system/usr/lib/busybox/usr/bin/bzcat,system/usr/lib/busybox/usr/bin/bzcat,file,21,21,0o100755,2009-01-01 00:00:00,202a9f68ac609cc9264e7bdf69c02ab859fb84483e4c7c95170724bcc77bbc0f,
system/usr/lib/busybox/usr/bin/tac,system/usr/lib/busybox/usr/bin/tac,file,21,21,0o100755,2009-01-01 00:00:00,202a9f68ac609cc9264e7bdf69c02ab859fb84483e4c7c95170724bcc77bbc0f,
system/usr/lib/busybox/usr/bin/fgconsole,system/usr/lib/busybox/usr/bin/fgconsole,file,21,21,0o100755,2009-01-01 00:00:00,202a9f68ac609cc9264e7bdf69c02ab859fb84483e4c7c95170724bcc77bbc0f,
system/usr/lib/busybox/usr/bin/unzip,system/usr/lib/busybox/usr/bin/unzip,file,21,21,0o100755,2009-01-01 00:00:00,202a9f68ac609cc9264e7bdf69c02ab859fb84483e4c7c95170724bcc77bbc0f,
system/usr/lib/busybox/usr/bin/printf,system/usr/lib/busybox/usr/bin/printf,file,21,21,0o100755,2009-01-01 00:00:00,202a9f68ac609cc9264e7bdf69c02ab859fb84483e4c7c95170724bcc77bbc0f,
system/usr/lib/busybox/usr/bin/ftpput,system/usr/lib/busybox/usr/bin/ftpput,file,21,21,0o100755,2009-01-01 00:00:00,202a9f68ac609cc9264e7bdf69c02ab859fb84483e4c7c95170724bcc77bbc0f,
system/usr/lib/libdrmtime.so.1.0.0,system/usr/lib/libdrmtime.so.1.0.0,file,9712,3849,0o100755,2009-01-01 00:00:00,336500c56aae45e899b9d007d41004085e679217729c6f7e1d7dbd30abcb7cdf,
system/usr/lib/libdrmfs.so.1.0.0,system/usr/lib/libdrmfs.so.1.0.0,file,34288,17126,0o100755,2009-01-01 00:00:00,dff0a8d12dbc86183d73b88e159d208c257842f740b711d24103421448afc14c,
system/usr/lib/tmpfiles.d/__emptyfile__,system/usr/lib/tmpfiles.d/__emptyfile__,file,0,0,0o40755,2024-02-02 11:17:48,e3b0c44298fc1c149afbf4c8996fb92427ae41e4649b934ca495991b7852b855,
system/usr/lib/tmpfiles.d/,system/usr/lib/tmpfiles.d/,directory,0,0,0o40755,2009-01-01 00:00:00,,
system/usr/lib/tmpfiles.d/etc.conf,system/usr/lib/tmpfiles.d/etc.conf,file,558,319,0o100644,2009-01-01 00:00:00,d4211041b35bab96f2105cfe27eec0404b55dbfbc670212f4d64f58ced719dbe,
system/usr/lib/tmpfiles.d/var.conf,system/usr/lib/tmpfiles.d/var.conf,file,467,269,0o100644,2009-01-01 00:00:00,440dacbad07729f8863f5cc1a7811cda5bdd667f581957cc771d6a7739c4e4b7,
system/usr/lib/tmpfiles.d/x11.conf,system/usr/lib/tmpfiles.d/x11.conf,file,655,351,0o100644,2009-01-01 00:00:00,fbd4bbec65eafdd27eea4725c1254cd2955285f2d441238f18451e9c285b72ab,
system/usr/lib/tmpfiles.d/dbus.conf,system/usr/lib/tmpfiles.d/dbus.conf,file,365,210,0o100644,2009-01-01 00:00:00,d1b15f34a0590f6535dbff91727dd6bbf10752e8abb2cab73fa66a6184f9df1a,
system/usr/lib/tmpfiles.d/legacy.conf,system/usr/lib/tmpfiles.d/legacy.conf,file,841,453,0o100644,2009-01-01 00:00:00,65e88a322e23dea7937e9d436a6988b0244764b63648c152c62e2308e5e1c0ac,
system/usr/lib/tmpfiles.d/systemd.conf,system/usr/lib/tmpfiles.d/systemd.conf,file,1814,520,0o100644,2009-01-01 00:00:00,a075507f7b568ee98725dfcb70b6d474c7e9f216ae48ae1a6f08d48ee3305d27,
system/usr/lib/tmpfiles.d/tmp.conf,system/usr/lib/tmpfiles.d/tmp.conf,file,758,400,0o100644,2009-01-01 00:00:00,5ef3248f22e9f5f065d2fd379f75ffd7f044cf2b25dd5b0c0fe1842cc76f0e94,
system/usr/lib/tmpfiles.d/home.conf,system/usr/lib/tmpfiles.d/home.conf,file,362,237,0o100644,2009-01-01 00:00:00,135d4d63b7a841a921f5c2ddc0c2c38b72286070097883196bd58375bd1674e2,
system/usr/lib/tmpfiles.d/journal-nocow.conf,system/usr/lib/tmpfiles.d/journal-nocow.conf,file,1096,547,0o100644,2009-01-01 00:00:00,c53a809900502c8cce9a2dd1a37318aad2a3988592c4493f2c0c2bfd49c2b656,
system/usr/lib/libip4tc.so.0.1.0,system/usr/lib/libip4tc.so.0.1.0,file,18280,11388,0o100755,2009-01-01 00:00:00,ed8b99f0515e8a409951f48df46dd47f38a0100df82c02ed14f41711d89b1cc4,
system/usr/lib/libnettle.so.6.4,system/usr/lib/libnettle.so.6.4,file,194244,128397,0o100644,2009-01-01 00:00:00,e6d687bd471fb81aeb56f3cb3ebc18ecc8b99689c51b383825db727f9d88cbd3,
system/usr/lib/liblbs_core.so.1.0.0,system/usr/lib/liblbs_core.so.1.0.0,file,116452,49394,0o100755,2009-01-01 00:00:00,a5d71c4b038e3f1433e92ee2903dfae7b37a491a07156dd8264432e871ba8811,
system/usr/lib/libgarden.so,system/usr/lib/libgarden.so,file,260252,115400,0o100755,2009-01-01 00:00:00,e8263c9ff155a460022112d8c66e4d2778270b477de678f74caa06ff9858918d,
system/usr/lib/libnfnetlink.so.0.2.0,system/usr/lib/libnfnetlink.so.0.2.0,file,17548,10375,0o100755,2009-01-01 00:00:00,41a65dd30cd357511055381256f7ad2dcba2667f8f0091e08b9477be667af630,
system/usr/lib/libqrtr.so.1.0.0,system/usr/lib/libqrtr.so.1.0.0,file,9796,5609,0o100755,2009-01-01 00:00:00,7f05084622738cdc8a57b0946860c1f2eff070425533e591f006c65f5880ea6f,
system/usr/lib/liblowi_client.so.1.0.0,system/usr/lib/liblowi_client.so.1.0.0,file,141000,64433,0o100755,2009-01-01 00:00:00,988a781215c1b2b29ff81126f1c0462e5d7c2b09f556d79c784db4f728798908,
system/usr/lib/libnetmgr_nr_fusion.so.0.0.0,system/usr/lib/libnetmgr_nr_fusion.so.0.0.0,file,9844,4117,0o100755,2009-01-01 00:00:00,7386f906b0830e9a8f5f7bf24fcb57e282d392f11451fe0ac6dd3f8fe0270131,
system/usr/lib/libmcm.so.0.0.0,system/usr/lib/libmcm.so.0.0.0,file,43160,19202,0o100755,2009-01-01 00:00:00,4623b2b2e4aa3ecf5424297adb31ac7b1d5a0114371b0c6d4ef9f812535066d1,
system/usr/lib/libdaemon.so.0.5.0,system/usr/lib/libdaemon.so.0.5.0,file,17932,8882,0o100755,2009-01-01 00:00:00,0f79ebea48dd51b419c0cff8e7772f9f292ae7e81055c0cce4acfc2a78df4656,
system/usr/lib/libds_atctrl.so.0.0.0,system/usr/lib/libds_atctrl.so.0.0.0,file,42544,19649,0o100755,2009-01-01 00:00:00,f428764a3b2c35350588e6de9f53cbbead6282a103efc998fceb6dc247c4d95c,
system/usr/lib/libizat_core.so.1.0.0,system/usr/lib/libizat_core.so.1.0.0,file,1152596,850113,0o100755,2009-01-01 00:00:00,97260980aa98fe3c0f4557bafc2bfc484e5f763d103c4388532a7b45a0969b16,
system/usr/lib/libqmi_common_so.so.1.0.0,system/usr/lib/libqmi_common_so.so.1.0.0,file,5688,1547,0o100755,2009-01-01 00:00:00,ebd4fea3dd2f1f48324f0926d0c698e445bb8412f484dc5a95341ed5c1f5a99e,
system/usr/lib/libxml2.so.2.9.8,system/usr/lib/libxml2.so.2.9.8,file,990380,616433,0o100755,2009-01-01 00:00:00,751d293d210b42c723ab17671be6153fb71b395c1aba448925adbc16a3426337,
system/usr/lib/libconfigdb.so.0.0.0,system/usr/lib/libconfigdb.so.0.0.0,file,13872,7054,0o100755,2009-01-01 00:00:00,1a237c3553becd24f99e0cdd24242f69747777b8a1eb4c6be0398060635e7e21,
system/usr/lib/libarchive.so.13.3.3,system/usr/lib/libarchive.so.13.3.3,file,485116,304208,0o100755,2009-01-01 00:00:00,722fdf000b828e502c29aac281d6b97aff05a68cd999583b0c5d357893ca8c53,
system/usr/lib/libasn1c_crt.so.1.0.0,system/usr/lib/libasn1c_crt.so.1.0.0,file,124616,57107,0o100755,2009-01-01 00:00:00,7b66f740ee88279adb3bf3fc03ec0a3f07b36ca53eee8af6eb72d618bb86a1d8,
system/usr/lib/liblzma.so.5.2.4,system/usr/lib/liblzma.so.5.2.4,file,116260,78026,0o100755,2009-01-01 00:00:00,987d49cc57dcc8a5fd63bfc08337ba02c07695f3215fbf0f630e073af7ed1147,
system/usr/lib/libpng.so.3.59.0,system/usr/lib/libpng.so.3.59.0,file,120472,73830,0o100755,2009-01-01 00:00:00,7d549875ec7ee4a02963bc89b3a3a09f9ca1305d434c2fc2d4ff9479f7661137,
system/usr/lib/libnl-nf-3.so.200.26.0,system/usr/lib/libnl-nf-3.so.200.26.0,file,64996,28110,0o100755,2009-01-01 00:00:00,b9ab88ee141e273f44d415ce3e6da7e819655819aa9f78933835f5b04dce24ee,
system/usr/lib/libqsocket.so.1.0.0,system/usr/lib/libqsocket.so.1.0.0,file,5568,1689,0o100755,2009-01-01 00:00:00,ff536cb99d71ae6a280471834983af71624ec18cd57c2588111d306d5a7085db,
system/usr/lib/libubox.so,system/usr/lib/libubox.so,file,30288,18932,0o100755,2009-01-01 00:00:00,aea2be2014c76b52befd775375bb22d5bf5c1543d24f90c389cc3e6cf4a97682,
system/usr/lib/libdataitems.so.1.0.0,system/usr/lib/libdataitems.so.1.0.0,file,116288,44252,0o100755,2009-01-01 00:00:00,d5499e8714466012b6d044c797a191c556b67657f836933dfff9887c0a134a16,
system/usr/lib/libpng12.so.0.59.0,system/usr/lib/libpng12.so.0.59.0,file,108184,70164,0o100755,2009-01-01 00:00:00,24dc5ff743004a38d57d1302f8194bb67c791d1c6ad750ce9969cf77fb265746,
system/usr/lib/libqcbor.so.0.0.0,system/usr/lib/libqcbor.so.0.0.0,file,13760,6855,0o100755,2009-01-01 00:00:00,904b4b0074d6d46484515a7e08a3e143cc6eb02ebd86ecb620ff8a013305b008,
system/usr/lib/libnetfilter_conntrack.so.3.1.3,system/usr/lib/libnetfilter_conntrack.so.3.1.3,file,50484,27767,0o100755,2009-01-01 00:00:00,4f277f3367f722312e654729c229b57b929fe088ccb636cb43b483548fcd5e97,
system/usr/lib/libsys_info_cache.so.1.0.0,system/usr/lib/libsys_info_cache.so.1.0.0,file,42560,20922,0o100755,2009-01-01 00:00:00,ef96a5ad6a5b745d206fd1c5aab377a16cc90e06771331dccc492a485d9ef70f,
system/usr/lib/libgarden_haltests_e2e.so,system/usr/lib/libgarden_haltests_e2e.so,file,362672,166855,0o100755,2009-01-01 00:00:00,d75e5aa724d08595fc57cc6725f50a41aa75092b67069f17e4f7a928184b87a2,
system/usr/lib/libidn2.so.0.3.4,system/usr/lib/libidn2.so.0.3.4,file,112124,62191,0o100755,2009-01-01 00:00:00,424631a7d67c74398338db7e6fd9088cd547365b129aab914aadaa545893c87a,
system/usr/lib/libbtvendorhal.so.0.0.0,system/usr/lib/libbtvendorhal.so.0.0.0,file,5680,2504,0o100755,2009-01-01 00:00:00,f9f87798ea8b71f76242b8c187c33ee0d171fafdfc43e22635f58c47d6e915ad,
system/usr/lib/liblog.so.0.0.0,system/usr/lib/liblog.so.0.0.0,file,26320,16054,0o100755,2009-01-01 00:00:00,d1be2cbbe10cc64b1c509111f76df2be3b814ab26f34935ae52b5f1389bdd395,
system/usr/lib/libdsi_netctrl.so.0.0.0,system/usr/lib/libdsi_netctrl.so.0.0.0,file,438412,200883,0o100755,2009-01-01 00:00:00,efc5bb6669bd0da91f50f2d0ceba54658eda569c8bb2ac8bd409bb76e4bf9f75,
system/usr/lib/libjson-c.so.4.0.0,system/usr/lib/libjson-c.so.4.0.0,file,42732,24179,0o100755,2009-01-01 00:00:00,ba72cce033d4519dba2a57502fc249bfda878e54f07df5958515e1a024f1c9b3,
system/usr/lib/libffi.so.6.0.4,system/usr/lib/libffi.so.6.0.4,file,26260,15392,0o100755,2009-01-01 00:00:00,2ee34238a545d06122eb751586ad573a0d3a1265528e2502ee2de72eb428a434,
system/usr/lib/libxtwifi_tile.so.1.0.0,system/usr/lib/libxtwifi_tile.so.1.0.0,file,54840,26580,0o100755,2009-01-01 00:00:00,9aa3fb5ca80a3736a58fd9aa086054cc4dd6e06fe778b7a3f6afbcbbbe8423b5,
system/usr/lib/libqdi.so.0.0.0,system/usr/lib/libqdi.so.0.0.0,file,95784,46219,0o100755,2009-01-01 00:00:00,bf05fc28e09bac749d096392c0d3fc5386c5153fa28657dcc2d0397b2432eaef,
system/usr/lib/libprotobuf-lite.so.13.0.0,system/usr/lib/libprotobuf-lite.so.13.0.0,file,231172,106032,0o100755,2009-01-01 00:00:00,e8186370341967ec8c4cb1b5d5f42a3dcf045a4f2fdb26ac5e270bb995b72525,
system/usr/lib/libavahi-glib.so.1.0.2,system/usr/lib/libavahi-glib.so.1.0.2,file,9840,4631,0o100755,2009-01-01 00:00:00,02cec78a8aa9aea1127a53c1a03396b25782bb6581752266469f3b01997b951c,
system/usr/lib/libcrypto.so.1.1,system/usr/lib/libcrypto.so.1.1,file,1745600,1086618,0o100755,2009-01-01 00:00:00,471133bcdbe24d75a96f3936ccf53262edb3db7feca5f2055b053ca24e0b8d70,
system/usr/lib/libgps_utils.so.1.0.0,system/usr/lib/libgps_utils.so.1.0.0,file,300808,108892,0o100755,2009-01-01 00:00:00,ea70c20dc7663daf4ba4ec25a3f2a45dac295fd607c73b8a098ec49a15fc226a,
system/usr/lib/libgardencasesample.so,system/usr/lib/libgardencasesample.so,file,13884,6285,0o100755,2009-01-01 00:00:00,06038d253639f78f24c7d0318e610239105339a93bac5d27c7a9f60438d85ab4,
system/usr/lib/libqcmapipc.so.1.0.0,system/usr/lib/libqcmapipc.so.1.0.0,file,5572,1358,0o100755,2009-01-01 00:00:00,37531af27532a49b25a4b9a375d1a2b29413cba3a1d57abeeec21c9cf425ccd7,
system/usr/lib/libqmi_client_qmux.so.1.0.0,system/usr/lib/libqmi_client_qmux.so.1.0.0,file,30264,15057,0o100755,2009-01-01 00:00:00,d6ff2cb65a2186f516c526c53704bd86f9a3448321bf5978fe92750f4311f2fd,
system/usr/lib/libnlp_client_api.so.1.0.0,system/usr/lib/libnlp_client_api.so.1.0.0,file,54932,24860,0o100755,2009-01-01 00:00:00,4062c6fd96d3c965558299e4c2dec4aa139ceb522b72bcd47890d365c6364500,
system/usr/lib/libnetmgr_rmnet_ext.so.0.0.0,system/usr/lib/libnetmgr_rmnet_ext.so.0.0.0,file,12384,5592,0o100755,2009-01-01 00:00:00,a6f3448c3f4cf242dd4b1182a24292c952395e397deb70bad828547c9888a32f,
system/usr/lib/libavahi-client.so.3.2.9,system/usr/lib/libavahi-client.so.3.2.9,file,46764,23132,0o100755,2009-01-01 00:00:00,3fc0cba59126400db2247593479ed1ff9a1a5cace0442655c3ab6c98e1c1578c,
system/usr/lib/liblocation_qapi.so.1.0.0,system/usr/lib/liblocation_qapi.so.1.0.0,file,34424,16905,0o100755,2009-01-01 00:00:00,e94e7874ffdaed1dd25eab05bcfde70f9a108937b534ceb4d0b1ca1e7c71ff43,
system/usr/lib/libprotobuf.so.13.0.0,system/usr/lib/libprotobuf.so.13.0.0,file,1668960,756769,0o100755,2009-01-01 00:00:00,dad278dd0d5debad377bd26a728178c09351d76a168b1fdc9bed4bd603a8124c,
system/usr/lib/libwpa_client.so,system/usr/lib/libwpa_client.so,file,26108,14091,0o100644,2009-01-01 00:00:00,961ae91ed21f0e27d33477ba2643ac181620d6bc5c83009fc3c52be61271f31a,
system/usr/lib/systemd/__emptyfile__,system/usr/lib/systemd/__emptyfile__,file,0,0,0o40755,2024-02-02 11:17:48,e3b0c44298fc1c149afbf4c8996fb92427ae41e4649b934ca495991b7852b855,
system/usr/lib/systemd/,system/usr/lib/systemd/,directory,0,0,0o40755,2009-01-01 00:00:00,,
system/usr/lib/systemd/catalog/__emptyfile__,system/usr/lib/systemd/catalog/__emptyfile__,file,0,0,0o40755,2024-02-02 11:17:48,e3b0c44298fc1c149afbf4c8996fb92427ae41e4649b934ca495991b7852b855,
system/usr/lib/systemd/catalog/,system/usr/lib/systemd/catalog/,directory,0,0,0o40755,2009-01-01 00:00:00,,
system/usr/lib/systemd/catalog/systemd.zh_TW.catalog,system/usr/lib/systemd/catalog/systemd.zh_TW.catalog,file,8048,2790,0o100644,2009-01-01 00:00:00,bf89b031ba77c148d37a5d4688c0496f5eaa62c4fa38efc9f385b1691faf1559,
system/usr/lib/systemd/catalog/systemd.bg.catalog,system/usr/lib/systemd/catalog/systemd.bg.catalog,file,15132,4197,0o100644,2009-01-01 00:00:00,226de5386c530dab9cefc19a61f89d96a5667f2c39a023f6969b30dfcb87b059,
system/usr/lib/systemd/catalog/systemd.be.catalog,system/usr/lib/systemd/catalog/systemd.be.catalog,file,13946,4062,0o100644,2009-01-01 00:00:00,4e4e5e3957bafab222c2161d352d66c808165e8961b3717ee8367cb875ddc5f9,
system/usr/lib/systemd/catalog/systemd.zh_CN.catalog,system/usr/lib/systemd/catalog/systemd.zh_CN.catalog,file,8089,2820,0o100644,2009-01-01 00:00:00,3795c81f26dc0bac0035719bb6b6b5efa2356d285a9ddf8b673d076fac8f0016,
system/usr/lib/systemd/catalog/systemd.de.catalog,system/usr/lib/systemd/catalog/systemd.de.catalog,file,502,335,0o100644,2009-01-01 00:00:00,11086692d2b762a9ee8d6a5b65d15b2af689fd23d2f94ae72d9f9870bd6e5b55,
system/usr/lib/systemd/catalog/systemd.be@latin.catalog,system/usr/lib/systemd/catalog/systemd.be@latin.catalog,file,10955,3598,0o100644,2009-01-01 00:00:00,beac39ef2d53f48a292b2f1b66ee92c2ecec544af94fec7c1a392ca142e482d5,
system/usr/lib/systemd/catalog/systemd.pt_BR.catalog,system/usr/lib/systemd/catalog/systemd.pt_BR.catalog,file,9105,2790,0o100644,2009-01-01 00:00:00,8c0bf8a31fbe23ef6a0fde8ca832bf6e64a26cf168500dee64b08414eeba8a8e,
system/usr/lib/systemd/catalog/systemd.it.catalog,system/usr/lib/systemd/catalog/systemd.it.catalog,file,12242,3770,0o100644,2009-01-01 00:00:00,f340e05f1184b9fda357982e88fd749073ab59b3fec79a544ce1c14499d73be9,
system/usr/lib/systemd/catalog/systemd.catalog,system/usr/lib/systemd/catalog/systemd.catalog,file,13453,4151,0o100644,2009-01-01 00:00:00,7961794095137b3daa9116cf943f275861a1f0dbb46a6127add366959cd83917,
system/usr/lib/systemd/catalog/systemd.ru.catalog,system/usr/lib/systemd/catalog/systemd.ru.catalog,file,21443,6316,0o100644,2009-01-01 00:00:00,4ebb5d2f4d72237f8bf6c47e69b4a8ce3dfe607b8e532e5da40f1cd406b73361,
system/usr/lib/systemd/catalog/systemd.fr.catalog,system/usr/lib/systemd/catalog/systemd.fr.catalog,file,14303,4321,0o100644,2009-01-01 00:00:00,811b7c45be50e1f1b99ba1e40d17827552ef2f90372a92960d88c6a448844f9b,
system/usr/lib/systemd/catalog/systemd.pl.catalog,system/usr/lib/systemd/catalog/systemd.pl.catalog,file,14021,4523,0o100644,2009-01-01 00:00:00,6fa385314b5408830e8f35a3fb7382555765f8b44f397abddc51cb80c95bedfd,
system/usr/lib/systemd/user-environment-generators/__emptyfile__,system/usr/lib/systemd/user-environment-generators/__emptyfile__,file,0,0,0o40755,2024-02-02 11:17:48,e3b0c44298fc1c149afbf4c8996fb92427ae41e4649b934ca495991b7852b855,
system/usr/lib/systemd/user-environment-generators/,system/usr/lib/systemd/user-environment-generators/,directory,0,0,0o40755,2009-01-01 00:00:00,,
system/usr/lib/systemd/user-environment-generators/30-systemd-environment-d-generator,system/usr/lib/systemd/user-environment-generators/30-systemd-environment-d-generator,file,5728,2644,0o100755,2009-01-01 00:00:00,7cdd98eaeca02ed18717d0da783d9fed5a838a238ff695e50cd97379953e50d6,
system/usr/lib/systemd/user-generators/__emptyfile__,system/usr/lib/systemd/user-generators/__emptyfile__,file,0,0,0o40755,2024-02-02 11:17:48,e3b0c44298fc1c149afbf4c8996fb92427ae41e4649b934ca495991b7852b855,
system/usr/lib/systemd/user-generators/,system/usr/lib/systemd/user-generators/,directory,0,0,0o40755,2009-01-01 00:00:00,,
system/usr/lib/systemd/user/__emptyfile__,system/usr/lib/systemd/user/__emptyfile__,file,0,0,0o40755,2024-02-02 11:17:48,e3b0c44298fc1c149afbf4c8996fb92427ae41e4649b934ca495991b7852b855,
system/usr/lib/systemd/user/,system/usr/lib/systemd/user/,directory,0,0,0o40755,2009-01-01 00:00:00,,
system/usr/lib/systemd/user/exit.target,system/usr/lib/systemd/user/exit.target,file,502,318,0o100644,2009-01-01 00:00:00,ca26638ba3227bff746e9d58c68d77eb4efd904ddc76ecc98dd0de397c860825,
system/usr/lib/systemd/user/paths.target,system/usr/lib/systemd/user/paths.target,file,394,262,0o100644,2009-01-01 00:00:00,4f699d02449375f392c61a85ba6f3a016a5784e8571e4897c07cf3011a3a87f1,
system/usr/lib/systemd/user/systemd-tmpfiles-clean.service,system/usr/lib/systemd/user/systemd-tmpfiles-clean.service,file,657,418,0o100644,2009-01-01 00:00:00,543d949b80b37ce94bb8c22417165e711428aa798ac69220e122a8b36596e4ee,
system/usr/lib/systemd/user/shutdown.target,system/usr/lib/systemd/user/shutdown.target,file,442,294,0o100644,2009-01-01 00:00:00,75979a331adbecdddca10151c270a197187de1e396b9608558e4186dd4eadbdd,
system/usr/lib/systemd/user/sockets.target,system/usr/lib/systemd/user/sockets.target,file,396,263,0o100644,2009-01-01 00:00:00,f4362dd5140e8e476e88c4c556a595f780eb7b6d51240c2e4e0b838ae33d3b7b,
system/usr/lib/systemd/user/graphical-session-pre.target,system/usr/lib/systemd/user/graphical-session-pre.target,file,568,361,0o100644,2009-01-01 00:00:00,b4b3a15f32d9de7391f001bf5813c0f0dbd9bdee9bd3c2273e572972c2fbe5fa,
system/usr/lib/systemd/user/systemd-tmpfiles-setup.service,system/usr/lib/systemd/user/systemd-tmpfiles-setup.service,file,720,450,0o100644,2009-01-01 00:00:00,1a9fd3e2546ebef89045f34b1fd490c843d4efabecf115e2b3cfd143e74e674e,
system/usr/lib/systemd/user/basic.target,system/usr/lib/systemd/user/basic.target,file,497,298,0o100644,2009-01-01 00:00:00,c8b9a76e1f28581d40d2a443fce804b493e3d60f619dc16e8edf6dd71d684c1e,
system/usr/lib/systemd/user/systemd-exit.service,system/usr/lib/systemd/user/systemd-exit.service,file,544,352,0o100644,2009-01-01 00:00:00,e69dfde35a962e7f10bf5e433b3cdb5cc80b4a39513ec9f5b460e496b050947c,
system/usr/lib/systemd/user/dbus.socket,system/usr/lib/systemd/user/dbus.socket,file,174,144,0o100644,2009-01-01 00:00:00,eb9bcc798c347ea00544ca79f3ca07f3f6bd675235c9d73a42b6dcc9fd16a927,
system/usr/lib/systemd/user/smartcard.target,system/usr/lib/systemd/user/smartcard.target,file,420,281,0o100644,2009-01-01 00:00:00,2ad5f8dae77603bbed92ea025553d38111c4af29f3a8b8b45a9303b0e4c54d44,
system/usr/lib/systemd/user/bluetooth.target,system/usr/lib/systemd/user/bluetooth.target,file,419,280,0o100644,2009-01-01 00:00:00,146797e480e9493163bff8f4df445279b49c30530054948d0da88eb1dafbaaf7,
system/usr/lib/systemd/user/printer.target,system/usr/lib/systemd/user/printer.target,file,417,278,0o100644,2009-01-01 00:00:00,d1f01bb0c93148bd0a397d2d075b5a514e9d9ca33040d2e442cda724f9124c7b,
system/usr/lib/systemd/user/sockets.target.wants/__emptyfile__,system/usr/lib/systemd/user/sockets.target.wants/__emptyfile__,file,0,0,0o40755,2024-02-02 11:17:48,e3b0c44298fc1c149afbf4c8996fb92427ae41e4649b934ca495991b7852b855,
system/usr/lib/systemd/user/sockets.target.wants/,system/usr/lib/systemd/user/sockets.target.wants/,directory,0,0,0o40755,2009-01-01 00:00:00,,
system/usr/lib/systemd/user/timers.target,system/usr/lib/systemd/user/timers.target,file,445,296,0o100644,2009-01-01 00:00:00,62be3bb5b62f2f89c5c34000381bcaf6d0852c2707a1e9749439a7ab7bd2f27b,
system/usr/lib/systemd/user/default.target,system/usr/lib/systemd/user/default.target,file,454,297,0o100644,2009-01-01 00:00:00,22ce53f9bb4390e4e5e5b0c3d4e82c13eed8168da2d4d2bb62c65b1b5493493e,
system/usr/lib/systemd/user/sound.target,system/usr/lib/systemd/user/sound.target,file,420,279,0o100644,2009-01-01 00:00:00,bade0a1f0adec3fdba5c76b2b50b3b251c79a731851ebec592b6850a9710a3a8,
system/usr/lib/systemd/user/systemd-tmpfiles-clean.timer,system/usr/lib/systemd/user/systemd-tmpfiles-clean.timer,file,533,352,0o100644,2009-01-01 00:00:00,261ee4679bc17b5ada1fdabafb47bdac85fa5def307e1ca38b50b25f65b38c87,
system/usr/lib/systemd/user/dbus.service,system/usr/lib/systemd/user/dbus.service,file,360,229,0o100644,2009-01-01 00:00:00,19d7b51e1e6da255346ac6acbf95627baf14c324e84ee841d90fab98bcc0e994,
system/usr/lib/systemd/user/graphical-session.target,system/usr/lib/systemd/user/graphical-session.target,file,484,319,0o100644,2009-01-01 00:00:00,1fef42486250c523257387fafbdc0f30126c75a7f9d9dbd7a89a79e328239a18,
system/usr/lib/systemd/user-preset/__emptyfile__,system/usr/lib/systemd/user-preset/__emptyfile__,file,0,0,0o40755,2024-02-02 11:17:48,e3b0c44298fc1c149afbf4c8996fb92427ae41e4649b934ca495991b7852b855,
system/usr/lib/systemd/user-preset/,system/usr/lib/systemd/user-preset/,directory,0,0,0o40755,2009-01-01 00:00:00,,
system/usr/lib/systemd/user-preset/90-systemd.preset,system/usr/lib/systemd/user-preset/90-systemd.preset,file,513,307,0o100644,2009-01-01 00:00:00,c279d3a049b6d26aab8838dc0b9da2c72f39470044e65592dba0615c7b26ddd5,
system/usr/lib/libssd.so.1.0.0,system/usr/lib/libssd.so.1.0.0,file,9708,3389,0o100755,2009-01-01 00:00:00,6ce72c7ca9b8b1e784680b231bf8d1f5415b5a5c2cc1c792eaa6ef4fb1a41ad3,
system/lib/__emptyfile__,system/lib/__emptyfile__,file,0,0,0o40755,2024-02-02 11:17:48,e3b0c44298fc1c149afbf4c8996fb92427ae41e4649b934ca495991b7852b855,
system/lib/,system/lib/,directory,0,0,0o40755,2009-01-01 00:00:00,,
system/lib/libnss_mdns4_minimal.so.2,system/lib/libnss_mdns4_minimal.so.2,file,9720,3484,0o100755,2009-01-01 00:00:00,aacf7f47f0d52772d2f8843f22a6764cbbb0d604f8acfdc724dd522851555c0d,
system/lib/libBrokenLocale-2.28.so,system/lib/libBrokenLocale-2.28.so,file,5552,1456,0o100755,2009-01-01 00:00:00,619672e1d564fe1e5a022e3e053fcdaa96f47f069a3fc8cf070b208a94b6d220,
system/lib/libnss_mdns_minimal.so.2,system/lib/libnss_mdns_minimal.so.2,file,9720,3784,0o100755,2009-01-01 00:00:00,32b71489209af13377046fe46fb344c29abc7801b9e95e75e5be78422a1df3fb,
system/lib/depmod.d/__emptyfile__,system/lib/depmod.d/__emptyfile__,file,0,0,0o40755,2024-02-02 11:17:48,e3b0c44298fc1c149afbf4c8996fb92427ae41e4649b934ca495991b7852b855,
system/lib/depmod.d/,system/lib/depmod.d/,directory,0,0,0o40755,2009-01-01 00:00:00,,
system/lib/depmod.d/search.conf,system/lib/depmod.d/search.conf,file,71,64,0o100644,2009-01-01 00:00:00,cd7d184ab2ce77d74df3c4d9165f428e5dcae1a26ae506601975db9751f5b163,
system/lib/libe2p.so.2.3,system/lib/libe2p.so.2.3,file,27088,12678,0o100755,2009-01-01 00:00:00,33a19004ed7a3665230846f9a8d794a02dca81fa3f2d653583712b2d06544e15,
system/lib/libsystemdq.so.0.23.0,system/lib/libsystemdq.so.0.23.0,file,355348,210239,0o100755,2009-01-01 00:00:00,637191cecb5bf32589c52c2d00abe80e7e9900c8e19a1f1099ca6e97b4045810,
system/lib/libdl-2.28.so,system/lib/libdl-2.28.so,file,9736,4220,0o100755,2009-01-01 00:00:00,70ce2dc8682df2ca59a93c51c347db80c6f0a6bb67abf43289ac737926490526,
system/lib/libnsl-2.28.so,system/lib/libnsl-2.28.so,file,55140,31810,0o100755,2009-01-01 00:00:00,656ec2153f191e85bed92341c93e24ab824822d1386095fe99d3354c507644af,
system/lib/libm-2.28.so,system/lib/libm-2.28.so,file,431588,322101,0o100755,2009-01-01 00:00:00,d2736efd0c58868ccfd759ec32124f0b749915f34dc7300a60028593fd1991ba,
system/lib/libattr.so.1.1.0,system/lib/libattr.so.1.1.0,file,13808,6467,0o100644,2009-01-01 00:00:00,88e4952c20d02eadf469c33690c88f0f8e83374952a0f83e5dd582102af19f6a,
system/lib/libpamc.so.0.82.1,system/lib/libpamc.so.0.82.1,file,9712,4829,0o100755,2009-01-01 00:00:00,41cfd16dadba5dacc1fff2bb04f9f889bac5768d751509cbd304465e190eb7b0,
system/lib/libcap.so.2.25,system/lib/libcap.so.2.25,file,14016,7479,0o100644,2009-01-01 00:00:00,721852774403decc7b597f1d3a0bfe653943b0381fc47bf393f2277f0dd283ec,
system/lib/librt-2.28.so,system/lib/librt-2.28.so,file,22472,11482,0o100755,2009-01-01 00:00:00,2e13e9a95af8d48e3ba93956b25338f25bad3f721c31b95d47388994b8b6b6de,
system/lib/libnss_compat-2.28.so,system/lib/libnss_compat-2.28.so,file,22292,12925,0o100755,2009-01-01 00:00:00,ba887a5051e228612fe6844a7cd81b7665983728c17448ad5908b6df3a53bc95,
system/lib/modprobe.d/__emptyfile__,system/lib/modprobe.d/__emptyfile__,file,0,0,0o40755,2024-02-02 11:17:48,e3b0c44298fc1c149afbf4c8996fb92427ae41e4649b934ca495991b7852b855,
system/lib/modprobe.d/,system/lib/modprobe.d/,directory,0,0,0o40755,2009-01-01 00:00:00,,
system/lib/modprobe.d/systemd.conf,system/lib/modprobe.d/systemd.conf,file,765,433,0o100644,2009-01-01 00:00:00,9b559ca107858d342b24d08802e5f8013edb36c8f297e4e59a8f1ecc26246c9a,
system/lib/libanl-2.28.so,system/lib/libanl-2.28.so,file,14136,8485,0o100755,2009-01-01 00:00:00,85615a83a899877f0ac7c34a24ce1d3e80f9165cba7701f2df3183806a717e5c,
system/lib/libblkid.so.1.1.0,system/lib/libblkid.so.1.1.0,file,215248,136840,0o100755,2009-01-01 00:00:00,e9493b4bf189f553529211732f6dae266948f252d6df6c65002877b6597a5418,
system/lib/libsepol.so.1,system/lib/libsepol.so.1,file,462116,285580,0o100755,2009-01-01 00:00:00,2d76216350abd4893081b575ff4f34a1847bae2a4f6636ba4a2cfecbf01d914d,
system/lib/security/__emptyfile__,system/lib/security/__emptyfile__,file,0,0,0o40755,2024-02-02 11:17:48,e3b0c44298fc1c149afbf4c8996fb92427ae41e4649b934ca495991b7852b855,
system/lib/security/,system/lib/security/,directory,0,0,0o40755,2009-01-01 00:00:00,,
system/lib/security/pam_motd.so,system/lib/security/pam_motd.so,file,5620,2054,0o100755,2009-01-01 00:00:00,f67ef95cf35bbc2897fd50dfdec524fb59a2b48e3c3b595c6881609881f7b0f2,
system/lib/security/pam_warn.so,system/lib/security/pam_warn.so,file,5608,1997,0o100755,2009-01-01 00:00:00,63fb4cc42d58a702cc8c7543a15420ef4af13c502eb329c1cc489ba6ed9a86d2,
system/lib/security/pam_mail.so,system/lib/security/pam_mail.so,file,9704,4052,0o100755,2009-01-01 00:00:00,50d503217e808f8d4a310b92ede73499ca49cca6b2ad7d0525724d1b36599e58,
system/lib/security/pam_deny.so,system/lib/security/pam_deny.so,file,5560,1460,0o100755,2009-01-01 00:00:00,5ae2cdf1e159692949068d6fd7eec4a8459a46128c79f58279f71ecf7f7883ad,
system/lib/security/pam_unix.so,system/lib/security/pam_unix.so,file,34344,18630,0o100755,2009-01-01 00:00:00,8a28d5fe4318259a44cb8beec6a7b8b9060bb180f0d46a42f0953c3a6fd1f746,
system/lib/security/pam_securetty.so,system/lib/security/pam_securetty.so,file,9712,3132,0o100755,2009-01-01 00:00:00,10597ede72f22fb2ac1f735d53348cf3aeed02ae2537190f471538c9f6eda62d,
system/lib/security/pam_cap.so,system/lib/security/pam_cap.so,file,5608,2873,0o100755,2009-01-01 00:00:00,f51e6f3813ce3e6abfba79e5bd85005f5db129e5e0b5d69287faef2e27345dd1,
system/lib/security/pam_faildelay.so,system/lib/security/pam_faildelay.so,file,5616,2393,0o100755,2009-01-01 00:00:00,99e9d5fe87bd50a4f14c0c35391ac6caefe821f62224facb439bb778f28373fd,
system/lib/security/pam_rootok.so,system/lib/security/pam_rootok.so,file,5612,2158,0o100755,2009-01-01 00:00:00,e2970ff6a110a29839274d75d56056dcca30522aa56255032df06562c69cfdb5,
system/lib/security/pam_limits.so,system/lib/security/pam_limits.so,file,13864,7577,0o100755,2009-01-01 00:00:00,b87725ec2241c2dc377417c8816779f2e16c162852a3c22270147ddb99b938b0,
system/lib/security/pam_permit.so,system/lib/security/pam_permit.so,file,5612,1703,0o100755,2009-01-01 00:00:00,57657e9f1f222af518d52bc34c36e0eac83e9db1e5ef9b5df224e0ecdcf5ef2b,
system/lib/security/pam_shells.so,system/lib/security/pam_shells.so,file,5612,2087,0o100755,2009-01-01 00:00:00,7065308d5aa6e0a58014c3f07a35b2effc05497ccc7cb5c110848e9cdecf19d6,
system/lib/security/pam_lastlog.so,system/lib/security/pam_lastlog.so,file,9708,5271,0o100755,2009-01-01 00:00:00,ac206b0a63c0a49d636b7a933629fbe284d580336431d51c272c1d8dfbcbfe34,
system/lib/security/pam_selinux.so,system/lib/security/pam_selinux.so,file,13804,6632,0o100755,2009-01-01 00:00:00,0d95b27c243e198f5ab8824b43a079d2c170bc21a7ac30e329cda22470dd9fc7,
system/lib/security/pam_env.so,system/lib/security/pam_env.so,file,9708,5388,0o100755,2009-01-01 00:00:00,87b66d87509ae9a9276a325e131ea9cfbe1753eeb6b4dd34f3cfde16384e18bc,
system/lib/security/pam_group.so,system/lib/security/pam_group.so,file,9768,5147,0o100755,2009-01-01 00:00:00,a66568f9f96bbfa99c12890a05bef59009ffe1e06c108440577e15e1990c5592,
system/lib/security/pam_nologin.so,system/lib/security/pam_nologin.so,file,5612,2353,0o100755,2009-01-01 00:00:00,33b37c46ff69f39bd98e16b85c5ce173b848f72950e439a81b3d41d62433068b,
system/lib/libgcc_s.so.1,system/lib/libgcc_s.so.1,file,104016,42530,0o100644,2009-01-01 00:00:00,66d72adfe08bb31af2b0696675b3d8d8e2744e07e4972dbcafd8c8ee8317d1a0,
system/lib/libauparse.so.0.0.0,system/lib/libauparse.so.0.0.0,file,95728,52688,0o100755,2009-01-01 00:00:00,88da30df05e2f55b19e5ee339352fe14734a9ac580f1cf96a9cce0e77562a491,
system/lib/libnss_mdns6.so.2,system/lib/libnss_mdns6.so.2,file,9712,3737,0o100755,2009-01-01 00:00:00,df06153996c5f5990cd91f4dd5f07820f14cf80d43450454a156b5f5a990a9cc,
system/lib/libacl.so.1.1.0,system/lib/libacl.so.1.1.0,file,22048,12575,0o100644,2009-01-01 00:00:00,09d2f2d23834db964a0b73f25b3995240c21f39836db437373efefdef41aacf7,
system/lib/libpam_misc.so.0.82.1,system/lib/libpam_misc.so.0.82.1,file,9728,3949,0o100755,2009-01-01 00:00:00,2fde86d0a8802fa2e90011f911da561b70f321d28f270757d345bbe3ea63c03a,
system/lib/firmware/__emptyfile__,system/lib/firmware/__emptyfile__,file,0,0,0o40755,2024-02-02 11:17:48,e3b0c44298fc1c149afbf4c8996fb92427ae41e4649b934ca495991b7852b855,
system/lib/firmware/,system/lib/firmware/,directory,0,0,0o40755,2009-01-01 00:00:00,,
system/lib/firmware/ipa_fws.b00,system/lib/firmware/ipa_fws.b00,file,244,116,0o100755,2009-01-01 00:00:00,d24d06b9231724093f4fb8e4811c3fd89156f8917c3372206b557b34535486fe,
system/lib/firmware/ipa_fws.b02,system/lib/firmware/ipa_fws.b02,file,48,44,0o100755,2009-01-01 00:00:00,ff7d03fc46636a173a0eb69c1af4011d629819d77763a2ae8ee7e88cdd44ed3f,
system/lib/firmware/wlan/__emptyfile__,system/lib/firmware/wlan/__emptyfile__,file,0,0,0o40755,2024-02-02 11:17:48,e3b0c44298fc1c149afbf4c8996fb92427ae41e4649b934ca495991b7852b855,
system/lib/firmware/wlan/,system/lib/firmware/wlan/,directory,0,0,0o40755,2009-01-01 00:00:00,,
system/lib/firmware/wlan/qca_cld/__emptyfile__,system/lib/firmware/wlan/qca_cld/__emptyfile__,file,0,0,0o40755,2024-02-02 11:17:48,e3b0c44298fc1c149afbf4c8996fb92427ae41e4649b934ca495991b7852b855,
system/lib/firmware/wlan/qca_cld/,system/lib/firmware/wlan/qca_cld/,directory,0,0,0o40755,2009-01-01 00:00:00,,
system/lib/firmware/ipa_fws.b04,system/lib/firmware/ipa_fws.b04,file,128,26,0o100755,2009-01-01 00:00:00,14024088f436ebd24b097cb113b2177e12c939efdac0211d560c7cc498611507,
system/lib/firmware/ipa_fws.b05,system/lib/firmware/ipa_fws.b05,file,560,106,0o100755,2009-01-01 00:00:00,08a996d4efe3ac0d4e4d8948d2a6bcc24fda5138c2e196f9568245fbafee62a3,
system/lib/firmware/ipa_fws.b03,system/lib/firmware/ipa_fws.b03,file,31640,11434,0o100755,2009-01-01 00:00:00,45b56fdb2b037a10cb7aface27da97a132050ea80f53025a368b7aaffe2e5287,
system/lib/firmware/ipa_fws.b01,system/lib/firmware/ipa_fws.b01,file,6704,1554,0o100755,2009-01-01 00:00:00,441a8500219e5e7821ead89c8ba7dc53f1c85975b59bea62702da9f4a8e922f0,
system/lib/firmware/ipa/__emptyfile__,system/lib/firmware/ipa/__emptyfile__,file,0,0,0o40755,2024-02-02 11:17:48,e3b0c44298fc1c149afbf4c8996fb92427ae41e4649b934ca495991b7852b855,
system/lib/firmware/ipa/,system/lib/firmware/ipa/,directory,0,0,0o40755,2009-01-01 00:00:00,,
system/lib/firmware/ipa/ipa_fws.elf,system/lib/firmware/ipa/ipa_fws.elf,file,53808,13473,0o100755,2009-01-01 00:00:00,c51132b2ec562c1b760d832cd6c7c040d70482db7ceff7dcf824391a83518f7e,
system/lib/firmware/rtl_nic/__emptyfile__,system/lib/firmware/rtl_nic/__emptyfile__,file,0,0,0o40755,2024-02-02 11:17:48,e3b0c44298fc1c149afbf4c8996fb92427ae41e4649b934ca495991b7852b855,
system/lib/firmware/rtl_nic/,system/lib/firmware/rtl_nic/,directory,0,0,0o40755,2009-01-01 00:00:00,,
system/lib/firmware/rtl_nic/rtl8168e-2.fw,system/lib/firmware/rtl_nic/rtl8168e-2.fw,file,4016,2216,0o100755,2009-01-01 00:00:00,00636b88dd76cc59b8b84b4fe3b7812623823b827d853f56a7a423642a09a2f5,
system/lib/firmware/rtl_nic/rtl8168g-1.fw,system/lib/firmware/rtl_nic/rtl8168g-1.fw,file,4304,2203,0o100755,2009-01-01 00:00:00,6726ef001bc62ef2383a1b45e54c733bb5aa73d443e47b211613d1cb4e2d1dab,
system/lib/firmware/rtl_nic/rtl8168h-2.fw,system/lib/firmware/rtl_nic/rtl8168h-2.fw,file,2128,1198,0o100755,2009-01-01 00:00:00,70be9fcad635afa9d86757d8ce7fcd0571379db077a85c0e0b9cf6f41e919657,
system/lib/firmware/rtl_nic/rtl8168ep-1.fw,system/lib/firmware/rtl_nic/rtl8168ep-1.fw,file,4144,2141,0o100755,2009-01-01 00:00:00,c8a546cc618786afd4ee9d27a839c726c264a9097fe0d2ab932ace191d15b378,
system/lib/firmware/rtl_nic/rtl8168f-2.fw,system/lib/firmware/rtl_nic/rtl8168f-2.fw,file,1232,743,0o100755,2009-01-01 00:00:00,5e27be55b9a501d677deea7b0b94a6dad888c44468a562775f41b9eae463966e,
system/lib/firmware/rtl_nic/rtl8106e-2.fw,system/lib/firmware/rtl_nic/rtl8106e-2.fw,file,832,426,0o100755,2009-01-01 00:00:00,96688565ee4e3e325861991099ecbde924ed4d5c0a8bbacbf44718e4128e9ad5,
system/lib/firmware/rtl_nic/rtl8411-1.fw,system/lib/firmware/rtl_nic/rtl8411-1.fw,file,2112,1210,0o100755,2009-01-01 00:00:00,f601acae95c0bcc2abd702315e6c467cc558513e7efd4aeca58d4276382b2516,
system/lib/firmware/rtl_nic/rtl8107e-2.fw,system/lib/firmware/rtl_nic/rtl8107e-2.fw,file,2128,1198,0o100755,2009-01-01 00:00:00,ffdc990e2b21574408ff453bce288c4df9ce943d8d1e2c1795ea40565a0f88f8,
system/lib/firmware/rtl_nic/rtl8168g-3.fw,system/lib/firmware/rtl_nic/rtl8168g-3.fw,file,832,426,0o100755,2009-01-01 00:00:00,44ca0985fa6bcdac05df46ba20217d31daa6dccd1dd84bdc7505e9ba5cd14240,
system/lib/firmware/rtl_nic/rtl8411-2.fw,system/lib/firmware/rtl_nic/rtl8411-2.fw,file,1040,563,0o100755,2009-01-01 00:00:00,57f5cab130cb30e6d7cd33df1058dd219b5b93bd7946b4f3c154dfbc05f1a690,
system/lib/firmware/rtl_nic/rtl8107e-1.fw,system/lib/firmware/rtl_nic/rtl8107e-1.fw,file,1024,793,0o100755,2009-01-01 00:00:00,6a6e3bae326ec4d8956ee1d964b2e7635dc9918f94fcf424812f571f1fca8c5d,
system/lib/firmware/rtl_nic/rtl8168ep-3.fw,system/lib/firmware/rtl_nic/rtl8168ep-3.fw,file,864,667,0o100755,2009-01-01 00:00:00,fe3aefe621c79c9dc95e2504b58f48cf3512de11ba0bc667c73e03d0bcacabe1,
system/lib/firmware/rtl_nic/rtl8105e-1.fw,system/lib/firmware/rtl_nic/rtl8105e-1.fw,file,2176,1024,0o100755,2009-01-01 00:00:00,c2f3cd68cc204369ec3e0134b32de389db9bb9943ce1060dc25cae227e20842b,
system/lib/firmware/rtl_nic/rtl8168fp-3.fw,system/lib/firmware/rtl_nic/rtl8168fp-3.fw,file,656,555,0o100755,2009-01-01 00:00:00,232b1c08d50ea0066148f361f5802c71902385234a458f5d275c30f816e25dcb,
system/lib/firmware/rtl_nic/rtl8168e-3.fw,system/lib/firmware/rtl_nic/rtl8168e-3.fw,file,3872,2076,0o100755,2009-01-01 00:00:00,2271d217c40700e3b64642505189544b4e08a1f57317215fa5f980b9923c56f7,
system/lib/firmware/rtl_nic/rtl8106e-1.fw,system/lib/firmware/rtl_nic/rtl8106e-1.fw,file,1856,913,0o100755,2009-01-01 00:00:00,89da3a56ca5adf62d5132d3834e0e2e8cadcba119726cacd37d89ddaf5ee7b5a,
system/lib/firmware/rtl_nic/rtl8168ep-2.fw,system/lib/firmware/rtl_nic/rtl8168ep-2.fw,file,1136,979,0o100755,2009-01-01 00:00:00,b692d7bc38fb9f260ed6bc2c05b1b3e526085aa29d92366f2c1c114a99395378,
system/lib/firmware/rtl_nic/rtl8402-1.fw,system/lib/firmware/rtl_nic/rtl8402-1.fw,file,1824,882,0o100755,2009-01-01 00:00:00,2da5f7e6a5014e73dfa16646546b51a9d616bf64dcc28ac963124af5a053df70,
system/lib/firmware/rtl_nic/rtl8168fp-4.fw,system/lib/firmware/rtl_nic/rtl8168fp-4.fw,file,624,529,0o100755,2009-01-01 00:00:00,6d520d8877e6e7e798c742ad6daaa6d94160e35d545e58f73951d01bd4156bc8,
system/lib/firmware/rtl_nic/rtl8168d-2.fw,system/lib/firmware/rtl_nic/rtl8168d-2.fw,file,1424,830,0o100755,2009-01-01 00:00:00,e8829096319eb8316f4f22f0b8beb0b3693fdd3a2589754a8035ce36e144b56c,
system/lib/firmware/rtl_nic/rtl8168f-1.fw,system/lib/firmware/rtl_nic/rtl8168f-1.fw,file,3424,1816,0o100755,2009-01-01 00:00:00,bc8a1fc0afb17b158e7edd8bffccf29be4b3745a8ec4831d2ea8fbdfbcf11a0f,
system/lib/firmware/rtl_nic/rtl8125b-2.fw,system/lib/firmware/rtl_nic/rtl8125b-2.fw,file,4688,2286,0o100755,2009-01-01 00:00:00,65590d453adcc50fc93dc7d0694ed72fb7ec779a649df463c924f32583ed83fd,
system/lib/firmware/rtl_nic/rtl8125b-1.fw,system/lib/firmware/rtl_nic/rtl8125b-1.fw,file,10048,3817,0o100755,2009-01-01 00:00:00,8e3b3235cdf2941c9501db23b38f9011955873cc8b267ee6e46a1aedf44714bf,
system/lib/firmware/rtl_nic/rtl8168e-1.fw,system/lib/firmware/rtl_nic/rtl8168e-1.fw,file,5584,2949,0o100755,2009-01-01 00:00:00,2e171ac17fe00018518bfd5aa818de3b94061818e28c71e6bd3cfe1ed3cc988d,
system/lib/firmware/rtl_nic/rtl8168h-1.fw,system/lib/firmware/rtl_nic/rtl8168h-1.fw,file,1024,808,0o100755,2009-01-01 00:00:00,ec3e461daf50dd4267e52b5320389cab32c1dd10432afbdcfea39d6f052158ab,
system/lib/firmware/rtl_nic/rtl8125a-3.fw,system/lib/firmware/rtl_nic/rtl8125a-3.fw,file,3472,1933,0o100755,2009-01-01 00:00:00,4b1fd28eeaf1de5480023e5bae1506a2de5e3dd48d4625ade09d6ae5cdcca5b0,
system/lib/firmware/rtl_nic/rtl8168g-2.fw,system/lib/firmware/rtl_nic/rtl8168g-2.fw,file,4896,2694,0o100755,2009-01-01 00:00:00,5a49e6adc84ba12567bd99659e73cc0457aec5d7c8101b3f2e879fd54a4d3dd1,
system/lib/firmware/rtl_nic/rtl8168d-1.fw,system/lib/firmware/rtl_nic/rtl8168d-1.fw,file,1600,914,0o100755,2009-01-01 00:00:00,3a285fc7c413bf6e824950833497213736ec2cc0acb64b16e12515887863240a,
system/lib/firmware/ipa_fws.mdt,system/lib/firmware/ipa_fws.mdt,file,6948,1664,0o100755,2009-01-01 00:00:00,b2fdc992ca5f43ff6a163f10acafcdb41bdd3ea7cefa7edefead4c5ae61c3fca,
system/lib/libnss_mdns6_minimal.so.2,system/lib/libnss_mdns6_minimal.so.2,file,9720,3503,0o100755,2009-01-01 00:00:00,fe7fa7f89b36cac947f1f9d86ca4e414fc82913cbcd3ea8f5f24e9c82c3de069,
system/lib/libnss_mdns.so.2,system/lib/libnss_mdns.so.2,file,9712,3965,0o100755,2009-01-01 00:00:00,350739d9168516558bad8765086f0e2b452d8543e34e169a7c8a2c87c2dc55e3,
system/lib/libc-2.28.so,system/lib/libc-2.28.so,file,1005188,636137,0o100755,2009-01-01 00:00:00,d0a37e9e2762a970a6fa6cefae75f82420dbca8a9e965bc9d936019bcf068129,
system/lib/libext2fs.so.2.4,system/lib/libext2fs.so.2.4,file,240356,154275,0o100755,2009-01-01 00:00:00,1214b1f17b9053f1f019938d5089ed2e19b5abc3814c0e56c36614dee8d20a27,
system/lib/ld-2.28.so,system/lib/ld-2.28.so,file,105704,73311,0o100755,2009-01-01 00:00:00,3f2542d831d92c73858be2a34ad11665fbb3181f07ec24dc237b649f04ca8816,
system/lib/libuuid.so.1.3.0,system/lib/libuuid.so.1.3.0,file,22196,12957,0o100755,2009-01-01 00:00:00,1bc988f4883d3cc971963ddfe5b0c459be16d4ff746dafe3784188fd6a18518a,
system/lib/libnss_files-2.28.so,system/lib/libnss_files-2.28.so,file,30320,14698,0o100755,2009-01-01 00:00:00,7b30cc1d1a47efca2f3184d851218112478e7519eab1f98a2bd3f414c6075e85,
system/lib/libcom_err.so.2.1,system/lib/libcom_err.so.2.1,file,9760,4633,0o100755,2009-01-01 00:00:00,b9a47805c3c48643b49de9d6835e10b357bb60f0a191c716b530b00c01dab242,
system/lib/libnss_dns-2.28.so,system/lib/libnss_dns-2.28.so,file,13856,8326,0o100755,2009-01-01 00:00:00,404755200ee92a8ef0c1277a5713cddace146d554cc0f1df43644f40f3f102c6,
system/lib/libresolv-2.28.so,system/lib/libresolv-2.28.so,file,59156,37523,0o100755,2009-01-01 00:00:00,95d0034e081121393fbcab5dd887823aa83fb4ef17290dc59be241c6b9de2dca,
system/lib/libpcre.so.1.2.10,system/lib/libpcre.so.1.2.10,file,214588,100659,0o100755,2009-01-01 00:00:00,65a7158c39a31f8d327f2c04576d9609c0723d1d1a74d369d7ea47625f8881e0,
system/lib/libaudit.so.1.0.0,system/lib/libaudit.so.1.0.0,file,99892,41319,0o100755,2009-01-01 00:00:00,1b78fc19265f29f319a4debc55dabdbf41e1ec68f74f7bfcbccd556ca687cf3c,
system/lib/libpam.so.0.84.2,system/lib/libpam.so.0.84.2,file,38444,19788,0o100755,2009-01-01 00:00:00,7cb4ff61e2d2873fb55bc6528e255f4b13d546debdf46a5b93cd6b9a9f868ee4,
system/lib/udev/__emptyfile__,system/lib/udev/__emptyfile__,file,0,0,0o40755,2024-02-02 11:17:48,e3b0c44298fc1c149afbf4c8996fb92427ae41e4649b934ca495991b7852b855,
system/lib/udev/,system/lib/udev/,directory,0,0,0o40755,2009-01-01 00:00:00,,
system/lib/udev/cdrom_id,system/lib/udev/cdrom_id,file,59140,33524,0o100755,2009-01-01 00:00:00,5801944056a93c375fb08de26a0911a40db91f06a397bbde8d8c1a7acf5b4317,
system/lib/udev/ata_id,system/lib/udev/ata_id,file,50944,27257,0o100755,2009-01-01 00:00:00,4d81eb43d74f4e847e877f2734e4bdb319b80253bf44e814bfd1058db449614c,
system/lib/udev/rules.d/__emptyfile__,system/lib/udev/rules.d/__emptyfile__,file,0,0,0o40755,2024-02-02 11:17:48,e3b0c44298fc1c149afbf4c8996fb92427ae41e4649b934ca495991b7852b855,
system/lib/udev/rules.d/,system/lib/udev/rules.d/,directory,0,0,0o40755,2009-01-01 00:00:00,,
system/lib/udev/rules.d/71-seat.rules,system/lib/udev/rules.d/71-seat.rules,file,2750,1146,0o100644,2009-01-01 00:00:00,5af0cbf87da7c934315f8e93354324655f7b1f13b8bdf91b0efe8b7c9ca9d3b4,
system/lib/udev/rules.d/60-persistent-storage-tape.rules,system/lib/udev/rules.d/60-persistent-storage-tape.rules,file,1509,566,0o100644,2009-01-01 00:00:00,94085d6906b307d54f519a684c26a087937a4bf4d661f37b4b51c3d63dd20783,
system/lib/udev/rules.d/99-systemd.rules,system/lib/udev/rules.d/99-systemd.rules,file,4226,1596,0o100644,2009-01-01 00:00:00,cfc7ab53d9ff17ff2874c69a99b5ad36c9dc874254d9f22daa033488f23ae834,
system/lib/udev/rules.d/75-net-description.rules,system/lib/udev/rules.d/75-net-description.rules,file,452,228,0o100644,2009-01-01 00:00:00,5b8da22a593f2aaffd4697e4cbfb14cb7eb1d52b96f03d9a60c82eeec920e925,
system/lib/udev/rules.d/64-btrfs.rules,system/lib/udev/rules.d/64-btrfs.rules,file,612,343,0o100644,2009-01-01 00:00:00,d039055ad6614820d4190ccad91b7c45736e6d541d2506e858e8edb7a8627386,
system/lib/udev/rules.d/70-joystick.rules,system/lib/udev/rules.d/70-joystick.rules,file,432,261,0o100644,2009-01-01 00:00:00,199e72c162185b62c0888791c9b3cde2c8b180fae4e4ae3a29564f933d0adffd,
system/lib/udev/rules.d/60-evdev.rules,system/lib/udev/rules.d/60-evdev.rules,file,974,373,0o100644,2009-01-01 00:00:00,137101a59e56390f956d81f0cc35c73316cc899b05dda63b51fab4197f77dc8b,
system/lib/udev/rules.d/80-drivers.rules,system/lib/udev/rules.d/80-drivers.rules,file,615,285,0o100644,2009-01-01 00:00:00,2938670ed8d66eed02c9447f018f07482ff23c36793587c80059561b4c58fa83,
system/lib/udev/rules.d/60-serial.rules,system/lib/udev/rules.d/60-serial.rules,file,1190,434,0o100644,2009-01-01 00:00:00,54367e1335266de43edb6451534c9e69c317075212b216cedf1d3b6896f14ee0,
system/lib/udev/rules.d/73-seat-late.rules,system/lib/udev/rules.d/73-seat-late.rules,file,636,367,0o100644,2009-01-01 00:00:00,dcabfab6c5ca6e76d994fa183cb26b72a4f43912a071a61e1657716a15cfa7e0,
system/lib/udev/rules.d/60-cdrom_id.rules,system/lib/udev/rules.d/60-cdrom_id.rules,file,1071,570,0o100644,2009-01-01 00:00:00,16f44dc355a6b5ada3a0706b2f84c95b25ed6c2a09e4e201da94885c93d1a4d2,
system/lib/udev/rules.d/60-persistent-alsa.rules,system/lib/udev/rules.d/60-persistent-alsa.rules,file,616,283,0o100644,2009-01-01 00:00:00,36767245b64ae515fc073c21bc78769f41188140e1d7b9576ec8dee34d585172,
system/lib/udev/rules.d/75-probe_mtd.rules,system/lib/udev/rules.d/75-probe_mtd.rules,file,174,138,0o100644,2009-01-01 00:00:00,54256aa2ca91172cbce3ea805ccf2cd52de8acbbc2db88d209de84655fa997c5,
system/lib/udev/rules.d/60-sensor.rules,system/lib/udev/rules.d/60-sensor.rules,file,727,310,0o100644,2009-01-01 00:00:00,8683a63aa8962c4028700ce61752a788d9393297222440a8a186b051befab2ee,
system/lib/udev/rules.d/80-net-setup-link.rules,system/lib/udev/rules.d/80-net-setup-link.rules,file,292,175,0o100644,2009-01-01 00:00:00,e2cb34f4b9e1be5c5016f928c06eb7d9370650361d791ef682a00a3108d2d832,
system/lib/udev/rules.d/70-power-switch.rules,system/lib/udev/rules.d/70-power-switch.rules,file,568,339,0o100644,2009-01-01 00:00:00,ce83c43f9e2f20810b2a0fa4db7b769ed6b9a19095e354878b731c5c15254526,
system/lib/udev/rules.d/60-persistent-input.rules,system/lib/udev/rules.d/60-persistent-input.rules,file,2710,737,0o100644,2009-01-01 00:00:00,84e1eb2d66e10a06fc2b8f4c00a3295283806b1a335eab27f3cd7f45acf26834,
system/lib/udev/rules.d/70-uaccess.rules,system/lib/udev/rules.d/70-uaccess.rules,file,2671,1142,0o100644,2009-01-01 00:00:00,baf20471b356a030c52114a90776ca9fb94536ff333a174ed38eb38945a18cec,
system/lib/udev/rules.d/78-sound-card.rules,system/lib/udev/rules.d/78-sound-card.rules,file,4816,1752,0o100644,2009-01-01 00:00:00,ec291608292fe2de555e8a1e5ce574acf315fe65268c469872614073d5e36cae,
system/lib/udev/rules.d/60-drm.rules,system/lib/udev/rules.d/60-drm.rules,file,413,215,0o100644,2009-01-01 00:00:00,9045c45062fdb03abd55cdec32fb13fe6f196290b52b5c4c9fc350406bf094ce,
system/lib/udev/rules.d/70-touchpad.rules,system/lib/udev/rules.d/70-touchpad.rules,file,473,265,0o100644,2009-01-01 00:00:00,8d81de6a6d5b5703098518f977c3b984bdf179238402a8ca0205f85cde798a27,
system/lib/udev/rules.d/60-input-id.rules,system/lib/udev/rules.d/60-input-id.rules,file,282,197,0o100644,2009-01-01 00:00:00,2983389654fbf42eca6b703543f76867dbf53eeec9288c2c88d0fcb338a2c265,
system/lib/udev/rules.d/70-mouse.rules,system/lib/udev/rules.d/70-mouse.rules,file,734,313,0o100644,2009-01-01 00:00:00,d495d2b8523e7f8175a9b06704f168e14ab97a8a333d4a52ec9501bc0c509ecb,
system/lib/udev/rules.d/60-block.rules,system/lib/udev/rules.d/60-block.rules,file,624,369,0o100644,2009-01-01 00:00:00,ad712c87e0f3e0c54a087cc90329f3feea5b651dbfb11980eacd6182a1f17d3f,
system/lib/udev/rules.d/50-udev-default.rules,system/lib/udev/rules.d/50-udev-default.rules,file,3679,1089,0o100644,2009-01-01 00:00:00,76f92132993612a5333bdfbd0d0107fec44601f58d7e376efbaaf7c13e16effe,
system/lib/udev/rules.d/60-persistent-storage.rules,system/lib/udev/rules.d/60-persistent-storage.rules,file,6532,1615,0o100644,2009-01-01 00:00:00,a203d5edaf5b98bb74b4cf9baae1f854cb51c13af6494ea1b03f2a055f7e878d,
system/lib/udev/v4l_id,system/lib/udev/v4l_id,file,26300,12089,0o100755,2009-01-01 00:00:00,65fff4644858e9d5e6388a8844ececb42fd3b268cb28638a8404bda6eacfe214,
system/lib/udev/scsi_id,system/lib/udev/scsi_id,file,55560,32500,0o100755,2009-01-01 00:00:00,7078e982c1be914131c7b98f97a70a312fb36ffc854f865cc1d0a95ed7a7abe9,
system/lib/udev/collect,system/lib/udev/collect,file,46852,26822,0o100755,2009-01-01 00:00:00,5807a864e5100d806f1f8e04a4d607e36ca75e0634345bd08e9dd42b1766e82c,
system/lib/udev/mtd_probe,system/lib/udev/mtd_probe,file,26304,12492,0o100755,2009-01-01 00:00:00,325f821271f1fc4c7ab14364160d9c27b412e31d5e5a526d05572fb87f3a1147,
system/lib/libmount.so.1.1.0,system/lib/libmount.so.1.1.0,file,243620,149097,0o100755,2009-01-01 00:00:00,511b7ec02eed6c2f6c057bfb9e60c57505829b12beeda822d1480501e531d8d6,
system/lib/libnss_mdns4.so.2,system/lib/libnss_mdns4.so.2,file,9712,3726,0o100755,2009-01-01 00:00:00,48c7bcebd0a398dc348d6686862849ca660d9b2b92a9e4fee9b046bbde635d86,
system/lib/libsystemd.so.0.23.0,system/lib/libsystemd.so.0.23.0,file,425020,253470,0o100755,2009-01-01 00:00:00,bb39916c100b3fc90d50f3327ce2b64e8f4b9b928bd33fda0581fbeea16e02e2,
system/lib/libutil-2.28.so,system/lib/libutil-2.28.so,file,9764,3110,0o100755,2009-01-01 00:00:00,a926947640a2455046cde3d8ff60d4212b1ee4b349becc63af174c186361d94e,
system/lib/libz.so.1.2.11,system/lib/libz.so.1.2.11,file,75404,50148,0o100755,2009-01-01 00:00:00,10a377d686ed196a8295d4a6e38a45328f7251eead46454c854cdbae7cbc4f31,
system/lib/systemd/__emptyfile__,system/lib/systemd/__emptyfile__,file,0,0,0o40755,2024-02-02 11:17:48,e3b0c44298fc1c149afbf4c8996fb92427ae41e4649b934ca495991b7852b855,
system/lib/systemd/,system/lib/systemd/,directory,0,0,0o40755,2009-01-01 00:00:00,,
system/lib/systemd/systemd-socket-proxyd,system/lib/systemd/systemd-socket-proxyd,file,18068,8062,0o100755,2009-01-01 00:00:00,ec6ec9b22101deb36e5887c8475f3d87d0d45ed76f5107c292174723b53a037e,
system/lib/systemd/systemd-logind,system/lib/systemd/systemd-logind,file,149276,76746,0o100755,2009-01-01 00:00:00,c5accc60d32f15c9ac5c1a41d8438c944c7e3f1b801cc90965b9a5e7a18234ae,
system/lib/systemd/libsystemd-shared-239.so,system/lib/systemd/libsystemd-shared-239.so,file,1516360,728166,0o100755,2009-01-01 00:00:00,5fb36c4274af2c7a7c0ababfb2cd43592876844d641e3e6e5b8902eca1f635e8,
system/lib/systemd/systemd-ac-power,system/lib/systemd/systemd-ac-power,file,5772,2571,0o100755,2009-01-01 00:00:00,72059e61c4651715db54143e1aa54f31a9e445f2a562433c8e10ccb20151ea39,
system/lib/systemd/system-sleep/__emptyfile__,system/lib/systemd/system-sleep/__emptyfile__,file,0,0,0o40755,2024-02-02 11:17:48,e3b0c44298fc1c149afbf4c8996fb92427ae41e4649b934ca495991b7852b855,
system/lib/systemd/system-sleep/,system/lib/systemd/system-sleep/,directory,0,0,0o40755,2009-01-01 00:00:00,,
system/lib/systemd/systemd-hibernate-resume,system/lib/systemd/systemd-hibernate-resume,file,5720,2580,0o100755,2009-01-01 00:00:00,20fbd7370c8321d793ee4debed00ce4c0c22d64f9f0d791a4476180b82b02479,
system/lib/systemd/systemd-sysv-install,system/lib/systemd/systemd-sysv-install,file,1258,563,0o100755,2009-01-01 00:00:00,1d971c7e72a892c412b23b841033fe3660b052d4d3437ee9dd46eb7833a9c447,
system/lib/systemd/systemd-sysctl,system/lib/systemd/systemd-sysctl,file,9888,4817,0o100755,2009-01-01 00:00:00,446e4329bb1546252a214abe6e64cdcfccd171fa6335f81ea71b40186171b77e,
system/lib/systemd/systemd-timedated,system/lib/systemd/systemd-timedated,file,22220,10545,0o100755,2009-01-01 00:00:00,fc9ac8264330ca996d1e8a258e436c928e0030db53b28b0b021aac5a6833edf0,
system/lib/systemd/systemd-update-utmp,system/lib/systemd/systemd-update-utmp,file,9880,3947,0o100755,2009-01-01 00:00:00,8ff37ca5a0af01ff1fc13a3dc632f1aae617a8563ea2f077bd2d0d0c30772300,
system/lib/systemd/systemd-reply-password,system/lib/systemd/systemd-reply-password,file,5716,2770,0o100755,2009-01-01 00:00:00,48c48a44d58cbb669c373653fa85b196223d785521796c462ae2117b5a08b7f1,
system/lib/systemd/systemd-random-seed,system/lib/systemd/systemd-random-seed,file,9808,3517,0o100755,2009-01-01 00:00:00,3877c15383333dcefde6c2bf90efbb4051297c66e0fcb05ac2a974abb547ea4a,
system/lib/systemd/systemd-sulogin-shell,system/lib/systemd/systemd-sulogin-shell,file,9872,3150,0o100755,2009-01-01 00:00:00,5b14de921fae7b5426accf62603ea61150021c90d6f8dc0859e77a6b8b3a2d83,
system/lib/systemd/systemd-makefs,system/lib/systemd/systemd-makefs,file,5708,2837,0o100755,2009-01-01 00:00:00,d79654b2dcbcca3cd052096a97e4966144eac6dfab35c4a910afa9246f3c8e3a,
system/lib/systemd/systemd-cgroups-agent,system/lib/systemd/systemd-cgroups-agent,file,5716,2242,0o100755,2009-01-01 00:00:00,35e3ac9614edacf9250dcab0869dcdb21e8481bb7cafdcab8eedc47434239268,
system/lib/systemd/system/__emptyfile__,system/lib/systemd/system/__emptyfile__,file,0,0,0o40755,2024-02-02 11:17:48,e3b0c44298fc1c149afbf4c8996fb92427ae41e4649b934ca495991b7852b855,
system/lib/systemd/system/,system/lib/systemd/system/,directory,0,0,0o40755,2009-01-01 00:00:00,,
system/lib/systemd/system/poweroff.target,system/lib/systemd/system/poweroff.target,file,592,372,0o100644,2009-01-01 00:00:00,4eb6628a68ad5e7f393dcfffe3703dc5489b67138f83d4889e7efd89913e5325,
system/lib/systemd/system/qcmap_wpa_cli_setband@.service,system/lib/systemd/system/qcmap_wpa_cli_setband@.service,file,323,219,0o100644,2009-01-01 00:00:00,7dbb0389d2efc5512749d9b800a469f52272e423d4acb40f511969661d3ec877,
system/lib/systemd/system/system-update-cleanup.service,system/lib/systemd/system/system-update-cleanup.service,file,1415,709,0o100644,2009-01-01 00:00:00,b33e93d9bbd59738d2d539f1fb6d973026974fedb2c263329d75d2923ed06788,
system/lib/systemd/system/initrd-switch-root.service,system/lib/systemd/system/initrd-switch-root.service,file,589,386,0o100644,2009-01-01 00:00:00,2b2afc8439bf5da3d4aefbc2ecfdc58a1524d3f5b426a8ad00c66d8af732d9a6,
system/lib/systemd/system/r8125.service,system/lib/systemd/system/r8125.service,file,164,133,0o100644,2009-01-01 00:00:00,30a44326b8c26f4e1c5655e46ca6f71921658f6d67629432b7b058d931981030,
system/lib/systemd/system/avahi-daemon.service,system/lib/systemd/system/avahi-daemon.service,file,1044,602,0o100644,2009-01-01 00:00:00,2e8784f74603b0e7b03147eada1f1f8ec190fdef0c3fa1041201ac71ac2c0a7d,
system/lib/systemd/system/systemrw-allplay.service,system/lib/systemd/system/systemrw-allplay.service,file,492,267,0o100644,2009-01-01 00:00:00,6f76c4343764f29640d96165094576c39cfc69eea8763740148836ddc7921741,
system/lib/systemd/system/mcm-core.service,system/lib/systemd/system/mcm-core.service,file,440,253,0o100644,2009-01-01 00:00:00,2b7022ccfd88bce4e183ebbdd2b66375c1d43af72a7a90fc410f989db9d214a2,
system/lib/systemd/system/systemd-kexec.service,system/lib/systemd/system/systemd-kexec.service,file,597,363,0o100644,2009-01-01 00:00:00,7ac57ce2478a35aa7b494954c612790dcb0544e933d0b7afb16d0eb01c5183b4,
system/lib/systemd/system/usb.service.d/__emptyfile__,system/lib/systemd/system/usb.service.d/__emptyfile__,file,0,0,0o40755,2024-02-02 11:17:48,e3b0c44298fc1c149afbf4c8996fb92427ae41e4649b934ca495991b7852b855,
system/lib/systemd/system/usb.service.d/,system/lib/systemd/system/usb.service.d/,directory,0,0,0o40755,2009-01-01 00:00:00,,
system/lib/systemd/system/usb.service.d/usb_data_service.conf,system/lib/systemd/system/usb.service.d/usb_data_service.conf,file,77,70,0o100644,2009-01-01 00:00:00,dac0eb94e912a821fc773b75fc715a62a7fca439eef769201ac6e76dd66191de,
system/lib/systemd/system/systemrw-rt_tables.service,system/lib/systemd/system/systemrw-rt_tables.service,file,575,282,0o100644,2009-01-01 00:00:00,671200c3030b56abe5cd12381d9cadbf09fb31996f7005cdd9d862d27776bc57,
system/lib/systemd/system/time-sync.target,system/lib/systemd/system/time-sync.target,file,435,290,0o100644,2009-01-01 00:00:00,f863f602a84d5a90e137a3baf78701c8708cb7ea4722c046cebe366739c83e9e,
system/lib/systemd/system/final.target,system/lib/systemd/system/final.target,file,480,316,0o100644,2009-01-01 00:00:00,e79c7f1a7f75116f99eacee0053a68bad270747fc267c2066c5b7f5ff8469e96,
system/lib/systemd/system/systemd-journal-catalog-update.service,system/lib/systemd/system/systemd-journal-catalog-update.service,file,707,436,0o100644,2009-01-01 00:00:00,a5b60e6115d5ca5cd76ce54d5ebe98263df8bc4af066ac4245b531409388b324,
system/lib/systemd/system/cache.mount,system/lib/systemd/system/cache.mount,file,1678,904,0o100644,2009-01-01 00:00:00,821f82e391a9e9b0c07570f134d80786fe582a8b50d31448d1ed4376687185f3,
system/lib/systemd/system/debug-shell.service,system/lib/systemd/system/debug-shell.service,file,1084,669,0o100644,2009-01-01 00:00:00,e57bf4c34e2fe38eb29d7300abd84dbf7c8260fabd3ea54b0d1e4b583e7086c6,
system/lib/systemd/system/qcmap_hostapd_cli@.service,system/lib/systemd/system/qcmap_hostapd_cli@.service,file,333,229,0o100644,2009-01-01 00:00:00,232eb6d1abe50d25de60df4ec17eddca4b51e71648e9a34ab529ed84975fee51,
system/lib/systemd/system/label-cache.service,system/lib/systemd/system/label-cache.service,file,1798,977,0o100644,2009-01-01 00:00:00,5ee76bd51cdde3fa56dd208676739a784c4b0884c54bebfa79f357d3e4fd0b91,
system/lib/systemd/system/exit.target,system/lib/systemd/system/exit.target,file,541,345,0o100644,2009-01-01 00:00:00,0bfc7f59c7f88c4e8513a112447a4e3c01aeed858bc19109a169535ecc9c1231,
system/lib/systemd/system/systemd-ask-password-console.service,system/lib/systemd/system/systemd-ask-password-console.service,file,724,438,0o100644,2009-01-01 00:00:00,854497fa82e5a0fbf08674eaf884ac80e2344118a5581f09191267520afe81f2,
system/lib/systemd/system/systemd-hibernate.service,system/lib/systemd/system/systemd-hibernate.service,file,541,342,0o100644,2009-01-01 00:00:00,2d42814fb91354c97c64126e9cc11cfb25b1541e661bc8e09e91983348d31c7a,
system/lib/systemd/system/sysinit.target.wants/__emptyfile__,system/lib/systemd/system/sysinit.target.wants/__emptyfile__,file,0,0,0o40755,2024-02-02 11:17:48,e3b0c44298fc1c149afbf4c8996fb92427ae41e4649b934ca495991b7852b855,
system/lib/systemd/system/sysinit.target.wants/,system/lib/systemd/system/sysinit.target.wants/,directory,0,0,0o40755,2009-01-01 00:00:00,,
system/lib/systemd/system/initrd-parse-etc.service,system/lib/systemd/system/initrd-parse-etc.service,file,830,459,0o100644,2009-01-01 00:00:00,6a65bac3ac3048aee12fab461de8ac382e82eacaaeb1b0f4838f6ab709eac4bc,
system/lib/systemd/system/paths.target,system/lib/systemd/system/paths.target,file,394,262,0o100644,2009-01-01 00:00:00,4f699d02449375f392c61a85ba6f3a016a5784e8571e4897c07cf3011a3a87f1,
system/lib/systemd/system/systemd-tmpfiles-clean.service,system/lib/systemd/system/systemd-tmpfiles-clean.service,file,659,418,0o100644,2009-01-01 00:00:00,3cb2a22d8f425c904b82364038ace18801719383111c372449494efba10b30f0,
system/lib/systemd/system/shutdown.target,system/lib/systemd/system/shutdown.target,file,442,294,0o100644,2009-01-01 00:00:00,75979a331adbecdddca10151c270a197187de1e396b9608558e4186dd4eadbdd,
system/lib/systemd/system/emergency.target,system/lib/systemd/system/emergency.target,file,471,303,0o100644,2009-01-01 00:00:00,92f51ecd53d6bc7380ed19349519872bc83ed102fe45ae3c0b80189762b06159,
system/lib/systemd/system/suspend-then-hibernate.target,system/lib/systemd/system/suspend-then-hibernate.target,file,577,351,0o100644,2009-01-01 00:00:00,21aefd75fe9dacae47e9b75ae813b33d9890b64879a1b2c5fa1175d259da1bc8,
system/lib/systemd/system/qseecomd.service,system/lib/systemd/system/qseecomd.service,file,343,225,0o100644,2009-01-01 00:00:00,dd27119ffb952e875a64716dac2c67718317ca662ae23393bb3d8965aea56791,
system/lib/systemd/system/initrd-root-device.target,system/lib/systemd/system/initrd-root-device.target,file,561,363,0o100644,2009-01-01 00:00:00,7b9983aee2506711736cc3352398e67aa117fe684a743664dab1b3c1cd6bb881,
system/lib/systemd/system/ipacmdiag.service,system/lib/systemd/system/ipacmdiag.service,file,341,196,0o100644,2009-01-01 00:00:00,89629281e1e44435b3fdd0bfcfeab97ea6bf8dab2f8abfe6b91faaf81fb2f39c,
system/lib/systemd/system/var-volatile.mount,system/lib/systemd/system/var-volatile.mount,file,1680,908,0o100644,2009-01-01 00:00:00,e668d16e98ca92ef6dc033c9f43e4152d8c8f9ae8a499bf1dfa8ec56d96c38ad,
system/lib/systemd/system/serial-getty@.service,system/lib/systemd/system/serial-getty@.service,file,1059,640,0o100644,2009-01-01 00:00:00,bab0d7ed8d33db15ebe77ec30544ae5510b9da13889f080f3da4c08961376cf5,
system/lib/systemd/system/swap.target,system/lib/systemd/system/swap.target,file,393,262,0o100644,2009-01-01 00:00:00,22f54205370b0595530d31f9b8fe8ccdf2b9aaf2dff9cf5853127ffa0e2c617b,
system/lib/systemd/system/embmsd.service,system/lib/systemd/system/embmsd.service,file,461,262,0o100644,2009-01-01 00:00:00,20670d3c31636eace07aed235dec3dfc890dbfbad1f354478134fb1cba0c099e,
system/lib/systemd/system/sleep.target,system/lib/systemd/system/sleep.target,file,460,305,0o100644,2009-01-01 00:00:00,17af014aaa018d21da85d642f9f15979fa699ed315b3268c3c0b460c7a81a046,
system/lib/systemd/system/systemd-suspend-then-hibernate.service,system/lib/systemd/system/systemd-suspend-then-hibernate.service,file,596,374,0o100644,2009-01-01 00:00:00,886cd6bd0592af2f2ffd22f242d357d710adecd0dc0514c96fdb14808d525df5,
system/lib/systemd/system/user@.service,system/lib/systemd/system/user@.service,file,667,407,0o100644,2009-01-01 00:00:00,dd680b02cc176a6e7b6b50471addccdea471f4a900a2c555242c26d211055c3e,
system/lib/systemd/system/sockets.target,system/lib/systemd/system/sockets.target,file,396,263,0o100644,2009-01-01 00:00:00,f4362dd5140e8e476e88c4c556a595f780eb7b6d51240c2e4e0b838ae33d3b7b,
system/lib/systemd/system/persist.mount,system/lib/systemd/system/persist.mount,file,1685,904,0o100644,2009-01-01 00:00:00,42d5adfa190dc9c56744b898d154125309e52cc034ee149243e1c362107c50c2,
system/lib/systemd/system/user.slice,system/lib/systemd/system/user.slice,file,432,285,0o100644,2009-01-01 00:00:00,b68a1743e480b7d5d2eedba7231b5f675bca587558760f04e23b4e3003eef26b,
system/lib/systemd/system/systemd-hibernate-resume@.service,system/lib/systemd/system/systemd-hibernate-resume@.service,file,671,408,0o100644,2009-01-01 00:00:00,9037cc16ab06a0074ee1afa3938947ae5d1cc8735e2a884fb74558de045e31c6,
system/lib/systemd/system/reboot.target.wants/__emptyfile__,system/lib/systemd/system/reboot.target.wants/__emptyfile__,file,0,0,0o40755,2024-02-02 11:17:48,e3b0c44298fc1c149afbf4c8996fb92427ae41e4649b934ca495991b7852b855,
system/lib/systemd/system/reboot.target.wants/,system/lib/systemd/system/reboot.target.wants/,directory,0,0,0o40755,2009-01-01 00:00:00,,
system/lib/systemd/system/runlevel5.target.wants/__emptyfile__,system/lib/systemd/system/runlevel5.target.wants/__emptyfile__,file,0,0,0o40755,2024-02-02 11:17:48,e3b0c44298fc1c149afbf4c8996fb92427ae41e4649b934ca495991b7852b855,
system/lib/systemd/system/runlevel5.target.wants/,system/lib/systemd/system/runlevel5.target.wants/,directory,0,0,0o40755,2009-01-01 00:00:00,,
system/lib/systemd/system/aqc-ipa-offload.service,system/lib/systemd/system/aqc-ipa-offload.service,file,194,148,0o100644,2009-01-01 00:00:00,157ee37b6baf2e909a0ab951ae81427ace848fa70213e5dc57352626026a108a,
system/lib/systemd/system/port_bridge.service,system/lib/systemd/system/port_bridge.service,file,302,173,0o100644,2009-01-01 00:00:00,0410a1e7108860ba5a3bf999ae8a976354469969b8df7c3b7892760c7457c1fd,
system/lib/systemd/system/systemd-ask-password-wall.service,system/lib/systemd/system/systemd-ask-password-wall.service,file,752,403,0o100644,2009-01-01 00:00:00,68d086dc1fc74eaaeac870923e7985afe29092241460cb12dfaf718d1a2010d1,
system/lib/systemd/system/qti_pppd.service,system/lib/systemd/system/qti_pppd.service,file,609,358,0o100644,2009-01-01 00:00:00,82190839e4c5df6170ca952325577b3cc7ce3febee1aadbd8345762f1c9d81ca,
system/lib/systemd/system/local-fs.target.requires/__emptyfile__,system/lib/systemd/system/local-fs.target.requires/__emptyfile__,file,0,0,0o40755,2024-02-02 11:17:48,e3b0c44298fc1c149afbf4c8996fb92427ae41e4649b934ca495991b7852b855,
system/lib/systemd/system/local-fs.target.requires/,system/lib/systemd/system/local-fs.target.requires/,directory,0,0,0o40755,2009-01-01 00:00:00,,
system/lib/systemd/system/qcmap_wlan.service,system/lib/systemd/system/qcmap_wlan.service,file,329,190,0o100644,2009-01-01 00:00:00,12c3e35999ba9144de7df798948eb3e54fde06215900eb6645e21eaaf68d9602,
system/lib/systemd/system/systemd-fsck-root.service,system/lib/systemd/system/systemd-fsck-root.service,file,614,400,0o100644,2009-01-01 00:00:00,e9619d34eea508fad70b4df5883298fda46f9c1ba735f8a52c75f070caa58d27,
system/lib/systemd/system/system-update-pre.target,system/lib/systemd/system/system-update-pre.target,file,543,331,0o100644,2009-01-01 00:00:00,f66e26f876a730996762c0ef3f95c04a0e43c31e2766a8b8dbfb7cedfcac6d4c,
system/lib/systemd/system/sys-kernel-debug.mount,system/lib/systemd/system/sys-kernel-debug.mount,file,710,424,0o100644,2009-01-01 00:00:00,275b1616aaa81331c1de603ec3139999419b63651a97397d61b85804694eb2db,
system/lib/systemd/system/label-data.service,system/lib/systemd/system/label-data.service,file,1791,975,0o100644,2009-01-01 00:00:00,79f52deaeb7e1606de0f063ba2415814554f767f97fca47ec5f0b9d16887da45,
system/lib/systemd/system/systemd-tmpfiles-setup-dev.service,system/lib/systemd/system/systemd-tmpfiles-setup-dev.service,file,767,473,0o100644,2009-01-01 00:00:00,19d811b3982659c6e19269ce56d5968233309465086df00bd744787f5ffbbf14,
system/lib/systemd/system/pcie.service,system/lib/systemd/system/pcie.service,file,1905,1006,0o100644,2009-01-01 00:00:00,31cd928548c25e55dfec59af0d4046990bda555dbee406f7ec46a989cbd7beb2,
system/lib/systemd/system/systemd-tmpfiles-setup.service,system/lib/systemd/system/systemd-tmpfiles-setup.service,file,747,463,0o100644,2009-01-01 00:00:00,75f02d35ddeb846bd8ae70b6528ea30c253fac2ee8408c0a32869b1aa8a1a0e0,
system/lib/systemd/system/chg-policy.service,system/lib/systemd/system/chg-policy.service,file,490,312,0o100644,2009-01-01 00:00:00,c161d075c0e6ce1ce99058bc712234376cbdd9d600122f9e766a23060c1c394f,
system/lib/systemd/system/systemrw-build.prop.service,system/lib/systemd/system/systemrw-build.prop.service,file,497,268,0o100644,2009-01-01 00:00:00,00e0da362faa312088178bdbbe5ef0211d20a8eeeb9285ad71303dcf59e6c1e5,
system/lib/systemd/system/umount.target,system/lib/systemd/system/umount.target,file,457,304,0o100644,2009-01-01 00:00:00,58a67857d05529e62965bdca1f52b425d28c0ef97b94922acef0cce5d9c25af6,
system/lib/systemd/system/sys-kernel-config.mount,system/lib/systemd/system/sys-kernel-config.mount,file,767,449,0o100644,2009-01-01 00:00:00,a103db1d19d884d4e1b26da15400da9bcd079739a5e1caaa0a5d9eb127345f20,
system/lib/systemd/system/systemd-timedated.service,system/lib/systemd/system/systemd-timedated.service,file,1035,590,0o100644,2009-01-01 00:00:00,b0dbc9b6e977e2ecb36d053dcc878b76f7e577c6d6fb851d62488b3309f36fd7,
system/lib/systemd/system/irsc_util.service,system/lib/systemd/system/irsc_util.service,file,349,236,0o100644,2009-01-01 00:00:00,d4f6a440cb2ef4039cf2ed74470185c2abe9cc789dade8cc8a4b81195af40ed3,
system/lib/systemd/system/basic.target,system/lib/systemd/system/basic.target,file,919,512,0o100644,2009-01-01 00:00:00,94cecdee0ab3c55e9886a7bbd787d105ae0531d9503df72ccb5e8d3117ebfa58,
system/lib/systemd/system/systemrw-adb_devid.service,system/lib/systemd/system/systemrw-adb_devid.service,file,491,269,0o100644,2009-01-01 00:00:00,afb987b8d04d31dad6b5d028ea167791a37b2f172eb9406b56d480b1feb30e83,
system/lib/systemd/system/systemd-poweroff.service,system/lib/systemd/system/systemd-poweroff.service,file,593,362,0o100644,2009-01-01 00:00:00,28b64ea5b454393483b79e5fed4f4c7d3b4e3cef4a71330ced2c9d8226fcffb4,
system/lib/systemd/system/systemd-machine-id-commit.service,system/lib/systemd/system/systemd-machine-id-commit.service,file,733,439,0o100644,2009-01-01 00:00:00,6a3c66350eab6b308ab88e139e6b6ec82d8bb99c936ecfe95052db5b7a763b5a,
system/lib/systemd/system/firmware-mount.service,system/lib/systemd/system/firmware-mount.service,file,1917,1021,0o100644,2009-01-01 00:00:00,e5397942d0bcc1692720173c5a9aff80a4ad64a3f351abcd41739c4a771957ae,
system/lib/systemd/system/modem_shutdown.service,system/lib/systemd/system/modem_shutdown.service,file,422,261,0o100644,2009-01-01 00:00:00,4e85ea9e4bb00cb41b5b0fb9aedf2cf7067dbc46db5db2487fb5dfa46099ec99,
system/lib/systemd/system/qcmap_wpa_cli_status@.service,system/lib/systemd/system/qcmap_wpa_cli_status@.service,file,308,208,0o100644,2009-01-01 00:00:00,f9cd9844f8bd9dbb7ca17af2d046379a9950b649f4adbc4724a618338bd4651d,
system/lib/systemd/system/getty@.service,system/lib/systemd/system/getty@.service,file,1975,1089,0o100644,2009-01-01 00:00:00,6482c9736abc490f697890a48dd4d9b7dee6ac4dc24f2f8199b7f9566f23dbe4,
system/lib/systemd/system/graphical.target,system/lib/systemd/system/graphical.target,file,598,352,0o100644,2009-01-01 00:00:00,1365f20442f938a22d38de83d7de37947de190bb1190c87a4808880f76e59820,
system/lib/systemd/system/systemd-exit.service,system/lib/systemd/system/systemd-exit.service,file,537,348,0o100644,2009-01-01 00:00:00,ea080c061d91b189abdb42f81590bdd871f6ffdece38d67a6dc7f51554aee549,
system/lib/systemd/system/dbus.socket,system/lib/systemd/system/dbus.socket,file,106,91,0o100644,2009-01-01 00:00:00,c10cfa08cbf604914fd828dc104af8f3a2cf44c5189f3fbbfa087068657d945d,
system/lib/systemd/system/mka-supplicant@.service,system/lib/systemd/system/mka-supplicant@.service,file,2006,1091,0o100644,2009-01-01 00:00:00,7f034609d68dbafba85c88e9ab4456e234c91f3fbf24fdc73923e604b6d9b5c3,
system/lib/systemd/system/smartcard.target,system/lib/systemd/system/smartcard.target,file,420,281,0o100644,2009-01-01 00:00:00,2ad5f8dae77603bbed92ea025553d38111c4af29f3a8b8b45a9303b0e4c54d44,
system/lib/systemd/system/busybox-syslog.service,system/lib/systemd/system/busybox-syslog.service,file,202,144,0o100644,2009-01-01 00:00:00,980c14aa74d8c6fd167916e36bdcf4d78f87322f349c6af992567d2ff59ef198,
system/lib/systemd/system/kexec.target,system/lib/systemd/system/kexec.target,file,541,346,0o100644,2009-01-01 00:00:00,b1d579ffe8471ee795e46708fb32f489153c07bb4917f41f73f9db790c212fdc,
system/lib/systemd/system/cache-ubi.mount,system/lib/systemd/system/cache-ubi.mount,file,1637,875,0o100644,2009-01-01 00:00:00,34473f44272cdabcf70e2db578dbcab56406067cd47771e77f548dcc15a8058a,
system/lib/systemd/system/syslog.socket,system/lib/systemd/system/syslog.socket,file,1407,690,0o100644,2009-01-01 00:00:00,ef7dfc4efe363eafa096dc7a327476f1f122b99c789147e908d9a75e8b0fdc8b,
system/lib/systemd/system/diag-reboot-app.service,system/lib/systemd/system/diag-reboot-app.service,file,507,274,0o100644,2009-01-01 00:00:00,d0b1e81332b752df44b951d1224cabd6694385384804166a2c8e5e0cb26997a0,
system/lib/systemd/system/ssreq-server.service,system/lib/systemd/system/ssreq-server.service,file,271,194,0o100644,2009-01-01 00:00:00,69c79a332bd993a570c55682fcef5cd2a29c9976b14ef11a89110461344af882,
system/lib/systemd/system/graphical.target.wants/__emptyfile__,system/lib/systemd/system/graphical.target.wants/__emptyfile__,file,0,0,0o40755,2024-02-02 11:17:48,e3b0c44298fc1c149afbf4c8996fb92427ae41e4649b934ca495991b7852b855,
system/lib/systemd/system/graphical.target.wants/,system/lib/systemd/system/graphical.target.wants/,directory,0,0,0o40755,2009-01-01 00:00:00,,
system/lib/systemd/system/qmuxbridged.service,system/lib/systemd/system/qmuxbridged.service,file,353,217,0o100644,2009-01-01 00:00:00,34053e3eea96418c5e75103dc72c45cdec24857967dc799873b5b693fc581433,
system/lib/systemd/system/systemrw.mount,system/lib/systemd/system/systemrw.mount,file,1695,913,0o100644,2009-01-01 00:00:00,55e6bf0d38df021d9d7d9c11c00be9fd60b5c09cfc644a2fee64b4d655bc8040,
system/lib/systemd/system/pimd.service,system/lib/systemd/system/pimd.service,file,162,126,0o100644,2009-01-01 00:00:00,23b609896e311452668b88990991b3880fa30c9b2328771349b9262199231d0f,
system/lib/systemd/system/systemd-fsck@.service,system/lib/systemd/system/systemd-fsck@.service,file,668,414,0o100644,2009-01-01 00:00:00,0fbcde6b943af6d2f43e29868beeec9593545cc7603ecc9bfb00720bb6ab8cd7,
system/lib/systemd/system/systemd-journal-flush.service,system/lib/systemd/system/systemd-journal-flush.service,file,771,443,0o100644,2009-01-01 00:00:00,747e5739c1fc49a2d24588da937db8d1d10f25add3123c5cbe886c96928388bc,
system/lib/systemd/system/initrd.target,system/lib/systemd/system/initrd.target,file,763,417,0o100644,2009-01-01 00:00:00,cc9955c31dbf1368401fb766fdd510fab64ea66769e1bf9686d0ca71c29f06e3,
system/lib/systemd/system/systemd-initctl.socket,system/lib/systemd/system/systemd-initctl.socket,file,546,356,0o100644,2009-01-01 00:00:00,f9c2768d30d48c1fccfd7b3d63e6bdd48c70cc0f6506a2962f38843a7b766fa3,
system/lib/systemd/system/qcmap_wpa_supplicant@.service,system/lib/systemd/system/qcmap_wpa_supplicant@.service,file,354,226,0o100644,2009-01-01 00:00:00,54032f6b2a9ae51f3df2cdc069b45af87dc17942aaf21ccbfc928cd459147ec9,
system/lib/systemd/system/initrd-cleanup.service,system/lib/systemd/system/initrd-cleanup.service,file,670,414,0o100644,2009-01-01 00:00:00,25fae4465d241da976bb36273016a481db2336e88d3866baa25cc41acc61ec33,
system/lib/systemd/system/system-update.target,system/lib/systemd/system/system-update.target,file,617,361,0o100644,2009-01-01 00:00:00,a97ff01de17667f41c487336fc1dd78fcd6d33e667424e4bbcd5d4fab410f262,
system/lib/systemd/system/multi-user.target,system/lib/systemd/system/multi-user.target,file,532,326,0o100644,2009-01-01 00:00:00,e57f384474fa52248f912b11cce30dea793db7fa26a6cafea7213716eea18068,
system/lib/systemd/system/initrd-root-fs.target,system/lib/systemd/system/initrd-root-fs.target,file,566,365,0o100644,2009-01-01 00:00:00,8c22f7df97c927b64f6ef52fd7671cacbf15ff1fc5eaa1e7e7dfe09986f7de70,
system/lib/systemd/system/mka-authenticator@.service,system/lib/systemd/system/mka-authenticator@.service,file,1976,1076,0o100644,2009-01-01 00:00:00,b4060720cde628b993fb2231222f10f7c69fc855232e53a35ab92c3c4b98966b,
system/lib/systemd/system/local-fs.target,system/lib/systemd/system/local-fs.target,file,547,351,0o100644,2009-01-01 00:00:00,4c1126c9a006f29320337913cf0d1e6d108108bbdb1ecbcff984697a09255038,
system/lib/systemd/system/systemd-ask-password-console.path,system/lib/systemd/system/systemd-ask-password-console.path,file,704,426,0o100644,2009-01-01 00:00:00,5b7fcb0f383aeda6068b3f3a4edca1633983c02b9a25794903986eb5db94ceb2,
system/lib/systemd/system/dev-mqueue.mount,system/lib/systemd/system/dev-mqueue.mount,file,665,427,0o100644,2009-01-01 00:00:00,f601c752b2df6fdda76b3355e6f6c441d8b3643514206220c5a14baf50aba329,
system/lib/systemd/system/systemrw-boot_hsusb_comp.service,system/lib/systemd/system/systemrw-boot_hsusb_comp.service,file,551,275,0o100644,2009-01-01 00:00:00,6e55876175cb56db6af5da23bdbc3f188b6a5dcbf50a8eca8bd35156227381e9,
system/lib/systemd/system/reboot-daemon.service,system/lib/systemd/system/reboot-daemon.service,file,167,126,0o100644,2009-01-01 00:00:00,2e3c27df30cf099fb1ba905be902045569ea846d62933d14821cd5f7d64a3e90,
system/lib/systemd/system/systemd-udevd-kernel.socket,system/lib/systemd/system/systemd-udevd-kernel.socket,file,610,395,0o100644,2009-01-01 00:00:00,2b62ddf05c5441eb41ac7cbb187064065da3aab366e2bced9d9b9d8c0cd7b982,
system/lib/systemd/system/bluetooth.target,system/lib/systemd/system/bluetooth.target,file,419,280,0o100644,2009-01-01 00:00:00,146797e480e9493163bff8f4df445279b49c30530054948d0da88eb1dafbaaf7,
system/lib/systemd/system/mbim_fw_update@.service,system/lib/systemd/system/mbim_fw_update@.service,file,180,145,0o100644,2009-01-01 00:00:00,2107515b66e73087961096aa00f0353c6edaed5c5606c1bdc40ffd07c18010cb,
system/lib/systemd/system/systemrw-boot_hsic_comp.service,system/lib/systemd/system/systemrw-boot_hsic_comp.service,file,545,275,0o100644,2009-01-01 00:00:00,188b99484431dc8e6b40721a8df27513907610c4a86031bba6a4eb010f9a69fc,
system/lib/systemd/system/hibernate.target,system/lib/systemd/system/hibernate.target,file,509,319,0o100644,2009-01-01 00:00:00,acdb33dfe236b0bce0e3a7883d4faa3d51a75b047031b0aca82c86df602b43d3,
system/lib/systemd/system/getty.target,system/lib/systemd/system/getty.target,file,500,323,0o100644,2009-01-01 00:00:00,5064c0664818eaa20ffb783628ef614d8864984e499f25282ab7c1021781b1e8,
system/lib/systemd/system/ffbm.target.wants/__emptyfile__,system/lib/systemd/system/ffbm.target.wants/__emptyfile__,file,0,0,0o40755,2024-02-02 11:17:48,e3b0c44298fc1c149afbf4c8996fb92427ae41e4649b934ca495991b7852b855,
system/lib/systemd/system/ffbm.target.wants/,system/lib/systemd/system/ffbm.target.wants/,directory,0,0,0o40755,2009-01-01 00:00:00,,
system/lib/systemd/system/reset_reboot_cookie.service,system/lib/systemd/system/reset_reboot_cookie.service,file,1736,916,0o100644,2009-01-01 00:00:00,45e08c472a1997d3e1606a4e26c0102622f1c43ae289db45b6b5f315aadfc737,
system/lib/systemd/system/rescue.service,system/lib/systemd/system/rescue.service,file,788,488,0o100644,2009-01-01 00:00:00,1b2964c1674b18885ad8a3e827c3f1eda8929b4d2335c59c6a073d40527b152c,
system/lib/systemd/system/systemd-journald.service,system/lib/systemd/system/systemd-journald.service,file,1560,837,0o100644,2009-01-01 00:00:00,bf5128869b1b81c106fffa1d9fa98c80e7b403b369c8ccc504353e6c8cdb5846,
system/lib/systemd/system/qrtr_ns.service,system/lib/systemd/system/qrtr_ns.service,file,356,241,0o100644,2009-01-01 00:00:00,9dcb284a005c48ec3d9d0f458715d01c779ac69b8b8a5f589ff2764aa80e7b6c,
system/lib/systemd/system/systemd-sysctl.service,system/lib/systemd/system/systemd-sysctl.service,file,693,433,0o100644,2009-01-01 00:00:00,c92159a7566385a428e75fd0c2f139b9000bd52d1a142141afc7b2ad4cf27e82,
system/lib/systemd/system/initrd-switch-root.target,system/lib/systemd/system/initrd-switch-root.target,file,754,394,0o100644,2009-01-01 00:00:00,7c93c1380ff261ca759d5dd9a14539bcc6b52f7943aac3a8dfc24df4dce17945,
system/lib/systemd/system/runlevel2.target.wants/__emptyfile__,system/lib/systemd/system/runlevel2.target.wants/__emptyfile__,file,0,0,0o40755,2024-02-02 11:17:48,e3b0c44298fc1c149afbf4c8996fb92427ae41e4649b934ca495991b7852b855,
system/lib/systemd/system/runlevel2.target.wants/,system/lib/systemd/system/runlevel2.target.wants/,directory,0,0,0o40755,2009-01-01 00:00:00,,
system/lib/systemd/system/pcie-diag.service,system/lib/systemd/system/pcie-diag.service,file,297,185,0o100644,2009-01-01 00:00:00,8a99dba8fe99689acc840c5ee71ddf4bbfc7afa87f44894112be771db1a09b6f,
system/lib/systemd/system/printer.target,system/lib/systemd/system/printer.target,file,417,278,0o100644,2009-01-01 00:00:00,d1f01bb0c93148bd0a397d2d075b5a514e9d9ca33040d2e442cda724f9124c7b,
system/lib/systemd/system/subsystem-ramdump.service,system/lib/systemd/system/subsystem-ramdump.service,file,374,247,0o100644,2009-01-01 00:00:00,cdef778537df60f952c45169d1da7b6f82c01a5ac3f21d3b9ada54f63abf90cb,
system/lib/systemd/system/systemd-initctl.service,system/lib/systemd/system/systemd-initctl.service,file,546,347,0o100644,2009-01-01 00:00:00,f6ae471caaf7178d21257e236c8e5d96cb1664e1e78f0be56e25cfcb0f2e480f,
system/lib/systemd/system/timers.target.wants/__emptyfile__,system/lib/systemd/system/timers.target.wants/__emptyfile__,file,0,0,0o40755,2024-02-02 11:17:48,e3b0c44298fc1c149afbf4c8996fb92427ae41e4649b934ca495991b7852b855,
system/lib/systemd/system/timers.target.wants/,system/lib/systemd/system/timers.target.wants/,directory,0,0,0o40755,2009-01-01 00:00:00,,
system/lib/systemd/system/label-persist.service,system/lib/systemd/system/label-persist.service,file,1804,978,0o100644,2009-01-01 00:00:00,72db904a531c50e9c98b1ef58060158a07da52748754396925488b9da49bf82b,
system/lib/systemd/system/mbimd.service,system/lib/systemd/system/mbimd.service,file,577,297,0o100644,2009-01-01 00:00:00,e48af88f7ff9b3f3ed31696c912dde92d74cef8b63534eca9b2674c1822659e0,
system/lib/systemd/system/systemd-volatile-root.service,system/lib/systemd/system/systemd-volatile-root.service,file,690,419,0o100644,2009-01-01 00:00:00,29a15f19b9a0c4eb1540ac71fb25f814bf227c9157d810dbed08f2eee8d3342b,
system/lib/systemd/system/initrd-fs.target,system/lib/systemd/system/initrd-fs.target,file,593,382,0o100644,2009-01-01 00:00:00,72415aee9209c7e0048124c6f788c255f445bfb175746e466d44c2a86099cbf8,
system/lib/systemd/system/data-ubi.mount,system/lib/systemd/system/data-ubi.mount,file,1681,910,0o100644,2009-01-01 00:00:00,8b2149522077c62e2b6bedfeaa6ff89af76eb555234186889d793ad3ab4ddae0,
system/lib/systemd/system/sysinit.target,system/lib/systemd/system/sysinit.target,file,558,323,0o100644,2009-01-01 00:00:00,f7526dec8fc845658e8d743c9659f8e37f439913acefa0b6671bb97ad4f41691,
system/lib/systemd/system/sockets.target.wants/__emptyfile__,system/lib/systemd/system/sockets.target.wants/__emptyfile__,file,0,0,0o40755,2024-02-02 11:17:48,e3b0c44298fc1c149afbf4c8996fb92427ae41e4649b934ca495991b7852b855,
system/lib/systemd/system/sockets.target.wants/,system/lib/systemd/system/sockets.target.wants/,directory,0,0,0o40755,2009-01-01 00:00:00,,
system/lib/systemd/system/systemd-suspend.service,system/lib/systemd/system/systemd-suspend.service,file,537,339,0o100644,2009-01-01 00:00:00,8faae906d438e610b8d44d3c0593eec1f4f3889b68d747af0daf2accc31f5ce0,
system/lib/systemd/system/emergency.service,system/lib/systemd/system/emergency.service,file,797,482,0o100644,2009-01-01 00:00:00,5d45a2e982b2410f696c1c426cb840a514ae1130321d6f67673b37f61fdde969,
system/lib/systemd/system/systemrw-data-ipa.service,system/lib/systemd/system/systemrw-data-ipa.service,file,504,268,0o100644,2009-01-01 00:00:00,514a22cf570bc1318e5729f8c94cf0390408a695e8d7bb909a4983f6a63c9582,
system/lib/systemd/system/systemd-ask-password-wall.path,system/lib/systemd/system/systemd-ask-password-wall.path,file,632,393,0o100644,2009-01-01 00:00:00,3ac6c24c6c0a06e68876f95576d5cd0d66e386de60ae6ad97a4c53324352b286,
system/lib/systemd/system/systemd-udevd-control.socket,system/lib/systemd/system/systemd-udevd-control.socket,file,635,400,0o100644,2009-01-01 00:00:00,6446db490b349b87d129f5172aa834784bb2116949bf9c52b316daa65c1ac675,
system/lib/systemd/system/timers.target,system/lib/systemd/system/timers.target,file,445,296,0o100644,2009-01-01 00:00:00,62be3bb5b62f2f89c5c34000381bcaf6d0852c2707a1e9749439a7ab7bd2f27b,
system/lib/systemd/system/tinyproxyd.service,system/lib/systemd/system/tinyproxyd.service,file,223,151,0o100644,2009-01-01 00:00:00,736fb2e8b537e5eabe1334541a195a1de487b245fba67443df39fa914048f226,
system/lib/systemd/system/network-online.target,system/lib/systemd/system/network-online.target,file,505,319,0o100644,2009-01-01 00:00:00,00d64f04ab86d078c0858f6c2d39df25941d0bff06a781adb1b9a519c44f1341,
system/lib/systemd/system/atfwd.service,system/lib/systemd/system/atfwd.service,file,593,334,0o100644,2009-01-01 00:00:00,9646077b41bdf6598a984c518438692bcdf64a44cd2bd916d94786f8bdbc4b3a,
system/lib/systemd/system/dev-hugepages.mount,system/lib/systemd/system/dev-hugepages.mount,file,750,452,0o100644,2009-01-01 00:00:00,50abe4124ccc8e42471728a1ea1bc7e46da1b9db74d7be0ee76d52d117341eda,
system/lib/systemd/system/ipacm.service,system/lib/systemd/system/ipacm.service,file,769,369,0o100644,2009-01-01 00:00:00,9b82ea77f4b3bac6bc84befd17889475991edf408b63d91171607f35dc31c035,
system/lib/systemd/system/reboot.target,system/lib/systemd/system/reboot.target,file,583,367,0o100644,2009-01-01 00:00:00,48e25ebb9ef0c1a1a4a369948691d57ee6363bbfe124daadbf41a74e840ce9e5,
system/lib/systemd/system/systemrw-data-miniupnpd.service,system/lib/systemd/system/systemrw-data-miniupnpd.service,file,546,272,0o100644,2009-01-01 00:00:00,cbbb2f52edd3c96dad1d8874d948fcafb1644b555f5cb4363195701d72bf053f,
system/lib/systemd/system/systemd-reboot.service,system/lib/systemd/system/systemd-reboot.service,file,588,358,0o100644,2009-01-01 00:00:00,4a4c05ca6764f888502bf44a5d8b15fea1057adae5e27641769c6b4ad8a4f2f8,
system/lib/systemd/system/nss-user-lookup.target,system/lib/systemd/system/nss-user-lookup.target,file,513,333,0o100644,2009-01-01 00:00:00,d1456fe3ecfa3ae9c3e3bcaaf5a46a35f27fd3cda9e529a55000e4cf06425146,
system/lib/systemd/system/systemrw-misc-wifi.service,system/lib/systemd/system/systemrw-misc-wifi.service,file,511,270,0o100644,2009-01-01 00:00:00,9f02ba5c56de3a500ff2986dce424bda18a904b2135b61d8c50b26425757acdb,
system/lib/systemd/system/initrd-udevadm-cleanup-db.service,system/lib/systemd/system/initrd-udevadm-cleanup-db.service,file,704,394,0o100644,2009-01-01 00:00:00,00332bfb1615696cf8e8c2512d507715277f09b1a152e37beda7b3f46227cd62,
system/lib/systemd/system/fw-ubi-mount.service,system/lib/systemd/system/fw-ubi-mount.service,file,1917,1021,0o100644,2009-01-01 00:00:00,e5397942d0bcc1692720173c5a9aff80a4ad64a3f351abcd41739c4a771957ae,
system/lib/systemd/system/tftp_server.service,system/lib/systemd/system/tftp_server.service,file,416,267,0o100644,2009-01-01 00:00:00,6effdc8a07be51f274681c7e2b2c7b524be5b954cfcdbf34c7ccecb1361f616c,
system/lib/systemd/system/systemrw-data-adpl.service,system/lib/systemd/system/systemrw-data-adpl.service,file,511,269,0o100644,2009-01-01 00:00:00,db9ba0518f186bdac5f674b5c286261a1003e0a2260b9de803f42c8333b5df5f,
system/lib/systemd/system/systemd-udev-settle.service,system/lib/systemd/system/systemd-udev-settle.service,file,863,526,0o100644,2009-01-01 00:00:00,a18b03df01e5a839724d86e8fd47ae4c724c135e438bf0db182710622f2585e9,
system/lib/systemd/system/avahi-daemon.socket,system/lib/systemd/system/avahi-daemon.socket,file,870,521,0o100644,2009-01-01 00:00:00,53aa111dadc10bba319e0346e399c607a80ae6ffcded55f3cd3102c6d71995b0,
system/lib/systemd/system/miniupnpd.service,system/lib/systemd/system/miniupnpd.service,file,272,187,0o100644,2009-01-01 00:00:00,37e7729374ae2e6c1f2d57491df15f0602fa2554aa3f5a7ee6cd954134d153b7,
system/lib/systemd/system/persist-ubi.mount,system/lib/systemd/system/persist-ubi.mount,file,1685,904,0o100644,2009-01-01 00:00:00,42d5adfa190dc9c56744b898d154125309e52cc034ee149243e1c362107c50c2,
system/lib/systemd/system/qmi_ip_multiclientd.service,system/lib/systemd/system/qmi_ip_multiclientd.service,file,298,194,0o100644,2009-01-01 00:00:00,23947c834e4e70845b0f83a5bad8a79e8a7c86a92925871a68c66332c2b454ed,
system/lib/systemd/system/sigpwr.target,system/lib/systemd/system/sigpwr.target,file,402,268,0o100644,2009-01-01 00:00:00,9e596bde57979d2b8ad1693ef89ebbd69061b522e335526196cd01a555da0bd6,
system/lib/systemd/system/systemd-journald-audit.socket,system/lib/systemd/system/systemd-journald-audit.socket,file,647,410,0o100644,2009-01-01 00:00:00,eeb49674fe3702c2db92e0800be30815e2a24666d375c70ee7804fd87c13a866,
system/lib/systemd/system/getty-pre.target,system/lib/systemd/system/getty-pre.target,file,506,325,0o100644,2009-01-01 00:00:00,626128caae4a6c36b289d15a706524825e4817540de01dc748db158771aced59,
system/lib/systemd/system/avahi_daemon.service,system/lib/systemd/system/avahi_daemon.service,file,196,112,0o100644,2009-01-01 00:00:00,8ab470ff0c5e18e8a3519c6bed7e55412e939a4448d49a697794ba25c543eacd,
system/lib/systemd/system/data-init.service,system/lib/systemd/system/data-init.service,file,367,224,0o100644,2009-01-01 00:00:00,294b2cbe5d330d6bb540fb1a80cf18eae3f1248293eddfa2f4f462b7fab9b27d,
system/lib/systemd/system/systemd-logind.service,system/lib/systemd/system/systemd-logind.service,file,1376,774,0o100644,2009-01-01 00:00:00,08a1d6fc089df7dbde88c67431078e9b289896d43cd031f76a6dc56b4e2c7706,
system/lib/systemd/system/rc-local.service,system/lib/systemd/system/rc-local.service,file,716,429,0o100644,2009-01-01 00:00:00,36eee2cedb9c2c156a0872ac00b56ca71af45cd401a2f29a9d03342b6b8778e8,
system/lib/systemd/system/systemrw-bluetooth.service,system/lib/systemd/system/systemrw-bluetooth.service,file,506,268,0o100644,2009-01-01 00:00:00,84efc47dc2525da0160f8b848cdd54ab05d38eca90473ee763542ce63e37fdcc,
system/lib/systemd/system/halt-local.service,system/lib/systemd/system/halt-local.service,file,605,381,0o100644,2009-01-01 00:00:00,edfc8e2c6d468e464356e4ce41b3c34695ffbfac9eb66836c60322030857fe3f,
system/lib/systemd/system/remote-fs.target,system/lib/systemd/system/remote-fs.target,file,522,340,0o100644,2009-01-01 00:00:00,973827e5659568134a123af241085373b974f211a466939b4af081ee1317cfa2,
system/lib/systemd/system/systemd-hostnamed.service,system/lib/systemd/system/systemd-hostnamed.service,file,1095,607,0o100644,2009-01-01 00:00:00,879c59c1ceebeed24203b00034b1f7c841783ebdcb84bbbb4a8b2abe9743d08a,
system/lib/systemd/system/qcmap_wpa_cli@.service,system/lib/systemd/system/qcmap_wpa_cli@.service,file,320,220,0o100644,2009-01-01 00:00:00,9e8dc8a6993436487f6c217c6853d4a88df5e36683b59a9f98f8bfc4975439ed,
system/lib/systemd/system/init_sys_mss.service,system/lib/systemd/system/init_sys_mss.service,file,1913,1025,0o100644,2009-01-01 00:00:00,7376e89806357f1e8fea8b21bafdc2340d2a896e7409957b772a740e539c4b8d,
system/lib/systemd/system/poweroff.target.wants/__emptyfile__,system/lib/systemd/system/poweroff.target.wants/__emptyfile__,file,0,0,0o40755,2024-02-02 11:17:48,e3b0c44298fc1c149afbf4c8996fb92427ae41e4649b934ca495991b7852b855,
system/lib/systemd/system/poweroff.target.wants/,system/lib/systemd/system/poweroff.target.wants/,directory,0,0,0o40755,2009-01-01 00:00:00,,
system/lib/systemd/system/sound.target,system/lib/systemd/system/sound.target,file,420,279,0o100644,2009-01-01 00:00:00,bade0a1f0adec3fdba5c76b2b50b3b251c79a731851ebec592b6850a9710a3a8,
system/lib/systemd/system/container-getty@.service,system/lib/systemd/system/container-getty@.service,file,1263,733,0o100644,2009-01-01 00:00:00,28634acce233c35308cf6a19a18dc932ede7bae03f94db0017ac2f997a20fbab,
system/lib/systemd/system/suspend.target,system/lib/systemd/system/suspend.target,file,503,316,0o100644,2009-01-01 00:00:00,acec592c25438d9199a7b1180b960d98b08b711e0b95f040444cd1e892106c3e,
system/lib/systemd/system/usb.service,system/lib/systemd/system/usb.service,file,2019,1048,0o100644,2009-01-01 00:00:00,6dc68f0ec7d281c5e86bf013b79944e3063222e218c6d5e0704a10bcefa2efbe,
system/lib/systemd/system/firmware.mount,system/lib/systemd/system/firmware.mount,file,1738,933,0o100644,2009-01-01 00:00:00,84bcd3d445eae70a8d47ebbe2695ede984192f3e135ed47f83bdc5cab53ff414,
system/lib/systemd/system/fs-scrub-daemon.service,system/lib/systemd/system/fs-scrub-daemon.service,file,506,317,0o100644,2009-01-01 00:00:00,bc4b3efd070a1b1d150053251622a0abd9998b1899ced5dfd1f9d839ae31b444,
system/lib/systemd/system/hybrid-sleep.target,system/lib/systemd/system/hybrid-sleep.target,file,530,332,0o100644,2009-01-01 00:00:00,2bace034b2984afde547bdfcbef419b707e577095faceb87e3928185341d06c8,
system/lib/systemd/system/user-.slice.d/__emptyfile__,system/lib/systemd/system/user-.slice.d/__emptyfile__,file,0,0,0o40755,2024-02-02 11:17:48,e3b0c44298fc1c149afbf4c8996fb92427ae41e4649b934ca495991b7852b855,
system/lib/systemd/system/user-.slice.d/,system/lib/systemd/system/user-.slice.d/,directory,0,0,0o40755,2009-01-01 00:00:00,,
system/lib/systemd/system/user-.slice.d/10-defaults.conf,system/lib/systemd/system/user-.slice.d/10-defaults.conf,file,430,286,0o100644,2009-01-01 00:00:00,f7d379ed632b44b603fe9f893c2fa9f601f4494e413232635e51c24dcd5155ab,
system/lib/systemd/system/QCMAP_Bootup.service,system/lib/systemd/system/QCMAP_Bootup.service,file,231,169,0o100644,2009-01-01 00:00:00,52a91ff5d25829a1154fa5c2c25b5b2af30a628693134c7c0da766d4719d4714,
system/lib/systemd/system/remote-fs-pre.target,system/lib/systemd/system/remote-fs-pre.target,file,436,290,0o100644,2009-01-01 00:00:00,34088b1dc45071c7ca18f32a2c3954213496a99380571f9e8143d9a1fd9aed16,
system/lib/systemd/system/nss-lookup.target,system/lib/systemd/system/nss-lookup.target,file,554,363,0o100644,2009-01-01 00:00:00,dfb73f79a2d30d6575dbcd091f66a6191918b5f19cdc894957763a098485f8b5,
system/lib/systemd/system/systemd-journald.socket,system/lib/systemd/system/systemd-journald.socket,file,882,503,0o100644,2009-01-01 00:00:00,e25372a9939122f28ee10d3384fe23fd948d6344c157e447dfe97c3e0bcd041b,
system/lib/systemd/system/bluetooth_power.service,system/lib/systemd/system/bluetooth_power.service,file,1856,961,0o100644,2009-01-01 00:00:00,105b85882dc0ed90b92614c26b8d2674c80ed6d3825ffd73828c9e98786edebb,
system/lib/systemd/system/eMBMs_TunnelingModuled.service,system/lib/systemd/system/eMBMs_TunnelingModuled.service,file,252,169,0o100644,2009-01-01 00:00:00,49d260cea55b98cb21be5cc71f912684dee59436e22bc5d609f06b3757b16782,
system/lib/systemd/system/rescue.target.wants/__emptyfile__,system/lib/systemd/system/rescue.target.wants/__emptyfile__,file,0,0,0o40755,2024-02-02 11:17:48,e3b0c44298fc1c149afbf4c8996fb92427ae41e4649b934ca495991b7852b855,
system/lib/systemd/system/rescue.target.wants/,system/lib/systemd/system/rescue.target.wants/,directory,0,0,0o40755,2009-01-01 00:00:00,,
system/lib/systemd/system/systemrw.mount.d/__emptyfile__,system/lib/systemd/system/systemrw.mount.d/__emptyfile__,file,0,0,0o40755,2024-02-02 11:17:48,e3b0c44298fc1c149afbf4c8996fb92427ae41e4649b934ca495991b7852b855,
system/lib/systemd/system/systemrw.mount.d/,system/lib/systemd/system/systemrw.mount.d/,directory,0,0,0o40755,2009-01-01 00:00:00,,
system/lib/systemd/system/systemrw.mount.d/systemrw.conf,system/lib/systemd/system/systemrw.mount.d/systemrw.conf,file,242,159,0o100644,2009-01-01 00:00:00,2278a3a78cd5f26b8138718fa7ed7076d7ad6d88e7aaa8e23d19ab0649b5bd93,
system/lib/systemd/system/rpcbind.target,system/lib/systemd/system/rpcbind.target,file,540,356,0o100644,2009-01-01 00:00:00,388f84fc7df2658eb221c1d076a62beb6c2061b80b061e1e36eb98c717ee3ff7,
system/lib/systemd/system/halt.target,system/lib/systemd/system/halt.target,file,527,335,0o100644,2009-01-01 00:00:00,3ba387ceeedfc6e9c1bb6e9ffbc0b2205313255aed815a658b31db2bf3ea2535,
system/lib/systemd/system/ipacm_perf.service,system/lib/systemd/system/ipacm_perf.service,file,213,158,0o100644,2009-01-01 00:00:00,7c08c2d6d3a76c48a606f13bf693d071ff9d5ba13dd0b612d0b7a732f82a4907,
system/lib/systemd/system/netmgrd.service,system/lib/systemd/system/netmgrd.service,file,246,173,0o100644,2009-01-01 00:00:00,e2615679e03be07de8993998a0644752b9d55bd8f564e2f6d1f3bbd6635809a0,
system/lib/systemd/system/console-getty.service,system/lib/systemd/system/console-getty.service,file,1082,655,0o100644,2009-01-01 00:00:00,f6d4e052555d0f7261538b2ecef31857a3644bfbb55768257da58dd319d45f37,
system/lib/systemd/system/systemd-tmpfiles-clean.timer,system/lib/systemd/system/systemd-tmpfiles-clean.timer,file,490,321,0o100644,2009-01-01 00:00:00,7acece4969ecf8e1d7c9ff022fc1b2f9340b9e88f387dab9d8f007b38224b280,
system/lib/systemd/system/systemd-update-done.service,system/lib/systemd/system/systemd-update-done.service,file,670,404,0o100644,2009-01-01 00:00:00,23b1276e5d0d2cd07ab5951a3b2ed52632b095b099d25e5189fdb655e6ad66a7,
system/lib/systemd/system/avahi-dnsconfd.service,system/lib/systemd/system/avahi-dnsconfd.service,file,976,565,0o100644,2009-01-01 00:00:00,b0476c9892bf9b184af9184c20d9a390cf43e0d8fd539253a1faaf0a977aef9d,
system/lib/systemd/system/qtid.service,system/lib/systemd/system/qtid.service,file,585,336,0o100644,2009-01-01 00:00:00,23dcedd34a8fca5ee7ad0ad6ea598224b9b1f56d847015086915898fcb8fbc94,
system/lib/systemd/system/dnsmasq_service@.service,system/lib/systemd/system/dnsmasq_service@.service,file,300,197,0o100644,2009-01-01 00:00:00,1bb93c5b56c2079f8b9d04e31013ad1ee53342db0acc19f9504bee2defc29811,
system/lib/systemd/system/qcmap_load_module@.service,system/lib/systemd/system/qcmap_load_module@.service,file,243,182,0o100644,2009-01-01 00:00:00,7ff16ce1b4fa654558f11edf3af5055a4cfa6c5eb7e858d6b75030707f19e1ee,
system/lib/systemd/system/qmi_shutdown_modemd.service,system/lib/systemd/system/qmi_shutdown_modemd.service,file,363,222,0o100644,2009-01-01 00:00:00,67bdabac4116cccd22c88ac461343290fc137f8df725d0e3e2db365e157b8b5f,
system/lib/systemd/system/systemd-hybrid-sleep.service,system/lib/systemd/system/systemd-hybrid-sleep.service,file,559,356,0o100644,2009-01-01 00:00:00,582f79535bd4ddb16218f1c6301b5bb464e383ed24b2c59c34cc761279670647,
system/lib/systemd/system/local-fs.target.wants/__emptyfile__,system/lib/systemd/system/local-fs.target.wants/__emptyfile__,file,0,0,0o40755,2024-02-02 11:17:48,e3b0c44298fc1c149afbf4c8996fb92427ae41e4649b934ca495991b7852b855,
system/lib/systemd/system/local-fs.target.wants/,system/lib/systemd/system/local-fs.target.wants/,directory,0,0,0o40755,2009-01-01 00:00:00,,
system/lib/systemd/system/dbus.service.d/__emptyfile__,system/lib/systemd/system/dbus.service.d/__emptyfile__,file,0,0,0o40755,2024-02-02 11:17:48,e3b0c44298fc1c149afbf4c8996fb92427ae41e4649b934ca495991b7852b855,
system/lib/systemd/system/dbus.service.d/,system/lib/systemd/system/dbus.service.d/,directory,0,0,0o40755,2009-01-01 00:00:00,,
system/lib/systemd/system/dbus.service.d/dbus.conf,system/lib/systemd/system/dbus.service.d/dbus.conf,file,103,95,0o100644,2009-01-01 00:00:00,987ee2e961b185fadb34acf3ab61b81645205b6eaea8e06d949ecfec8c408f3c,
system/lib/systemd/system/data.mount,system/lib/systemd/system/data.mount,file,1681,910,0o100644,2009-01-01 00:00:00,8b2149522077c62e2b6bedfeaa6ff89af76eb555234186889d793ad3ab4ddae0,
system/lib/systemd/system/runlevel4.target.wants/__emptyfile__,system/lib/systemd/system/runlevel4.target.wants/__emptyfile__,file,0,0,0o40755,2024-02-02 11:17:48,e3b0c44298fc1c149afbf4c8996fb92427ae41e4649b934ca495991b7852b855,
system/lib/systemd/system/runlevel4.target.wants/,system/lib/systemd/system/runlevel4.target.wants/,directory,0,0,0o40755,2009-01-01 00:00:00,,
system/lib/systemd/system/qcmap_hostapd@.service,system/lib/systemd/system/qcmap_hostapd@.service,file,460,259,0o100644,2009-01-01 00:00:00,41c75872e60f8c4b5c6ebea531213f5abf2d98f5c1d78dbb083c7379741503ce,
system/lib/systemd/system/systemd-halt.service,system/lib/systemd/system/systemd-halt.service,file,584,353,0o100644,2009-01-01 00:00:00,e47831728dd2940358223accfa2ec77cb2b0d469059cd8c27f55f2ca1f5271c4,
system/lib/systemd/system/sys-fs-fuse-connections.mount,system/lib/systemd/system/sys-fs-fuse-connections.mount,file,795,472,0o100644,2009-01-01 00:00:00,8c9d956d93025097f5a592dd902b69cddd75e502c09cb3d87338bc7c058874b9,
system/lib/systemd/system/systemrw-data-usb.service,system/lib/systemd/system/systemrw-data-usb.service,file,504,269,0o100644,2009-01-01 00:00:00,1918247ec89278f4d39ce3625dbb2dd62608db80c2bac0c85551acb0e6f4685c,
system/lib/systemd/system/systemd-journald-dev-log.socket,system/lib/systemd/system/systemd-journald-dev-log.socket,file,1130,640,0o100644,2009-01-01 00:00:00,19e96a3bb9c841df0ba3343877f9b54e847a9b2597cf651e3342d0167a6e5b5f,
system/lib/systemd/system/runlevel1.target.wants/__emptyfile__,system/lib/systemd/system/runlevel1.target.wants/__emptyfile__,file,0,0,0o40755,2024-02-02 11:17:48,e3b0c44298fc1c149afbf4c8996fb92427ae41e4649b934ca495991b7852b855,
system/lib/systemd/system/runlevel1.target.wants/,system/lib/systemd/system/runlevel1.target.wants/,directory,0,0,0o40755,2009-01-01 00:00:00,,
system/lib/systemd/system/user-runtime-dir@.service,system/lib/systemd/system/user-runtime-dir@.service,file,543,330,0o100644,2009-01-01 00:00:00,cb8e0fe0ba3adfc5d7894333d6c3bb46a05c5715cab8bb2d3daa30283f016860,
system/lib/systemd/system/multi-user.target.wants/__emptyfile__,system/lib/systemd/system/multi-user.target.wants/__emptyfile__,file,0,0,0o40755,2024-02-02 11:17:48,e3b0c44298fc1c149afbf4c8996fb92427ae41e4649b934ca495991b7852b855,
system/lib/systemd/system/multi-user.target.wants/,system/lib/systemd/system/multi-user.target.wants/,directory,0,0,0o40755,2009-01-01 00:00:00,,
system/lib/systemd/system/tmp.mount,system/lib/systemd/system/tmp.mount,file,704,443,0o100644,2009-01-01 00:00:00,499076e21f04dc789e37c4ed4bc8b29df65e0e7db39040c9cc55cb6e882e2d60,
system/lib/systemd/system/systemd-udevd.service,system/lib/systemd/system/systemd-udevd.service,file,1063,634,0o100644,2009-01-01 00:00:00,34c497c96bde35846199a8a90ad37b3b320987956278039f4666cfa3ae6c2526,
system/lib/systemd/system/systemrw-data.service,system/lib/systemd/system/systemrw-data.service,file,471,264,0o100644,2009-01-01 00:00:00,26166a8d92305ca0362cdd7120d5a0e60faaaf5eb0516d4f9413bc4b80e1fe8c,
system/lib/systemd/system/adbd.service,system/lib/systemd/system/adbd.service,file,1774,950,0o100644,2009-01-01 00:00:00,688897ea61e1fde6d7f406ec7134293c846126800bf01fc1449fbee852cf76e4,
system/lib/systemd/system/QCMAP_ConnectionManagerd.service,system/lib/systemd/system/QCMAP_ConnectionManagerd.service,file,1114,591,0o100644,2009-01-01 00:00:00,69db4d2d93f14fe20ab3c40cf7d262f8a49b64ab52cc5b6c84e2c9137cb81341,
system/lib/systemd/system/dbus.target.wants/__emptyfile__,system/lib/systemd/system/dbus.target.wants/__emptyfile__,file,0,0,0o40755,2024-02-02 11:17:48,e3b0c44298fc1c149afbf4c8996fb92427ae41e4649b934ca495991b7852b855,
system/lib/systemd/system/dbus.target.wants/,system/lib/systemd/system/dbus.target.wants/,directory,0,0,0o40755,2009-01-01 00:00:00,,
system/lib/systemd/system/systemrw-ubi.mount,system/lib/systemd/system/systemrw-ubi.mount,file,1695,913,0o100644,2009-01-01 00:00:00,55e6bf0d38df021d9d7d9c11c00be9fd60b5c09cfc644a2fee64b4d655bc8040,
system/lib/systemd/system/dbus.service,system/lib/systemd/system/dbus.service,file,380,243,0o100644,2009-01-01 00:00:00,7d9d706cc9966c2b6dfebcd64ef460010522194f5b3cb92bc119566b5c8c7864,
system/lib/systemd/system/runlevel3.target.wants/__emptyfile__,system/lib/systemd/system/runlevel3.target.wants/__emptyfile__,file,0,0,0o40755,2024-02-02 11:17:48,e3b0c44298fc1c149afbf4c8996fb92427ae41e4649b934ca495991b7852b855,
system/lib/systemd/system/runlevel3.target.wants/,system/lib/systemd/system/runlevel3.target.wants/,directory,0,0,0o40755,2009-01-01 00:00:00,,
system/lib/systemd/system/QCMAP_copybind.service,system/lib/systemd/system/QCMAP_copybind.service,file,620,239,0o100644,2009-01-01 00:00:00,eeab7b7d2c48eb8dbb17e34b074f1536bcdbe73019ba60ab2388e80e80529aaf,
system/lib/systemd/system/systemd-udev-trigger.service,system/lib/systemd/system/systemd-udev-trigger.service,file,783,448,0o100644,2009-01-01 00:00:00,e0fabdc762a192045bf02a2a3b27a05b8fd832189847ffdde1f954b342384edd,
system/lib/systemd/system/rescue.target,system/lib/systemd/system/rescue.target,file,492,310,0o100644,2009-01-01 00:00:00,832fe8316cb92018636d70f6afc3ae63107064936dc71109b8bbd1ca0a5d2838,
system/lib/systemd/system/network-pre.target,system/lib/systemd/system/network-pre.target,file,502,321,0o100644,2009-01-01 00:00:00,b67c872776d34433a7fee8ee89c53615617b707424801110c4d5b22ece1884af,
system/lib/systemd/system/network.target,system/lib/systemd/system/network.target,file,521,331,0o100644,2009-01-01 00:00:00,51a62bea8547cd74802c5f394be11196edad8a0f51b1aa0861ba356c781bcdac,
system/lib/systemd/system/adpld.service,system/lib/systemd/system/adpld.service,file,490,285,0o100644,2009-01-01 00:00:00,32e66bd6f5636e039adb7d5ce28a904b75eba28785ccfe1da4f66298c8c0d506,
system/lib/systemd/system/local-fs-pre.target,system/lib/systemd/system/local-fs-pre.target,file,435,289,0o100644,2009-01-01 00:00:00,b36765b2105e045e90e400c0b5567a0d868d0060a1391a8e07c6f42d0e50d0db,
system/lib/systemd/system/power_config.service,system/lib/systemd/system/power_config.service,file,1805,947,0o100644,2009-01-01 00:00:00,ba72dc4df82eea7739eec4bf0f06d7d80948d112e00ea847c4c7b0388801caa1,
system/lib/systemd/system/slices.target,system/lib/systemd/system/slices.target,file,449,283,0o100644,2009-01-01 00:00:00,db8b99e38e60072fb7495482e4e18afb8804fa0c9bb8572355bc68311c653ece,
system/lib/systemd/system/systemd-remount-fs.service,system/lib/systemd/system/systemd-remount-fs.service,file,798,461,0o100644,2009-01-01 00:00:00,f0932c1f8a546ae3e6ce6282e0a08028b054d3c6e010306e392c9f4a89cb6a55,
system/lib/systemd/system/systemd-random-seed.service,system/lib/systemd/system/systemd-random-seed.service,file,792,460,0o100644,2009-01-01 00:00:00,171a7810bc73a2a6de4a1f0b3cda13428b639f0af0652662211197dc802f361f,
system/lib/systemd/system/systemd-sysusers.service,system/lib/systemd/system/systemd-sysusers.service,file,700,426,0o100644,2009-01-01 00:00:00,fdaa4cdf9f5c0b720dc837d69958cefae3b93eecb1a97e23d5fc150d10ac9be0,
system/lib/systemd/systemd-fsck,system/lib/systemd/systemd-fsck,file,13904,6618,0o100755,2009-01-01 00:00:00,fbe8ae991d2772e4998812e619b8584419fcc0ff182f5a7f5c974cd121c4945d,
system/lib/systemd/systemd-hostnamed,system/lib/systemd/systemd-hostnamed,file,18060,7338,0o100755,2009-01-01 00:00:00,2efe8e248f0613aac8215344122e2c495554283965f1fad87c1d9adcf4fb2611,
system/lib/systemd/system-shutdown/__emptyfile__,system/lib/systemd/system-shutdown/__emptyfile__,file,0,0,0o40755,2024-02-02 11:17:48,e3b0c44298fc1c149afbf4c8996fb92427ae41e4649b934ca495991b7852b855,
system/lib/systemd/system-shutdown/,system/lib/systemd/system-shutdown/,directory,0,0,0o40755,2009-01-01 00:00:00,,
system/lib/systemd/network/__emptyfile__,system/lib/systemd/network/__emptyfile__,file,0,0,0o40755,2024-02-02 11:17:48,e3b0c44298fc1c149afbf4c8996fb92427ae41e4649b934ca495991b7852b855,
system/lib/systemd/network/,system/lib/systemd/network/,directory,0,0,0o40755,2009-01-01 00:00:00,,
system/lib/systemd/network/99-default.link,system/lib/systemd/network/99-default.link,file,412,274,0o100644,2009-01-01 00:00:00,b2a9507eb20fc264a7746ad625756e787d5b7f48a689598ed3e6b04be0aaf8c1,
system/lib/systemd/systemd-update-done,system/lib/systemd/systemd-update-done,file,5712,2660,0o100755,2009-01-01 00:00:00,779cee60c9e25073be5a9c450a80a6b18e0d19f6784d3979963498fc7feaaa2b,
system/lib/systemd/system-preset/__emptyfile__,system/lib/systemd/system-preset/__emptyfile__,file,0,0,0o40755,2024-02-02 11:17:48,e3b0c44298fc1c149afbf4c8996fb92427ae41e4649b934ca495991b7852b855,
system/lib/systemd/system-preset/,system/lib/systemd/system-preset/,directory,0,0,0o40755,2009-01-01 00:00:00,,
system/lib/systemd/system-preset/90-systemd.preset,system/lib/systemd/system-preset/90-systemd.preset,file,951,445,0o100644,2009-01-01 00:00:00,31da5a1f9b11b2cb9f6b5cf7aa2f87f7e5ed47219c3be2f067d6cc5edd6ef380,
system/lib/systemd/systemd-journald,system/lib/systemd/systemd-journald,file,91964,50353,0o100755,2009-01-01 00:00:00,6b9079316f2cfa5bd19e9345a85449c7f520e34e8695da626a20c64ad8524c7e,
system/lib/systemd/system-generators/__emptyfile__,system/lib/systemd/system-generators/__emptyfile__,file,0,0,0o40755,2024-02-02 11:17:48,e3b0c44298fc1c149afbf4c8996fb92427ae41e4649b934ca495991b7852b855,
system/lib/systemd/system-generators/,system/lib/systemd/system-generators/,directory,0,0,0o40755,2009-01-01 00:00:00,,
system/lib/systemd/systemd-sleep,system/lib/systemd/systemd-sleep,file,13960,6122,0o100755,2009-01-01 00:00:00,31c081a64640fc8c6d8a4badb104c6e50d4d495fac30dd65fd2b33ff09d103ce,
system/lib/systemd/systemd-dissect,system/lib/systemd/systemd-dissect,file,9868,4964,0o100755,2009-01-01 00:00:00,52ebb206bffe112842b2c29557bb349f8b61fadcb700a7e9c45ec7fe57b8febd,
system/lib/systemd/systemd-initctl,system/lib/systemd/systemd-initctl,file,13960,5448,0o100755,2009-01-01 00:00:00,9e3ff5cc8fee3f6ecdbb93349fdbc1d27317ad959f9aee5b0395970875b83f58,
system/lib/systemd/systemd-remount-fs,system/lib/systemd/systemd-remount-fs,file,9864,4198,0o100755,2009-01-01 00:00:00,1bd79cafdcd029672ebfda89212806ba3531a27bc9f6ad38257b83a3ab15c31c,
system/lib/systemd/systemd-shutdown,system/lib/systemd/systemd-shutdown,file,34516,16531,0o100755,2009-01-01 00:00:00,54d2484f4e99ab59191667cdaf202f831906081d3b2a512ebc580c7c6aea9de5,
system/lib/systemd/systemd-volatile-root,system/lib/systemd/systemd-volatile-root,file,9812,3439,0o100755,2009-01-01 00:00:00,a97cc2a0e0f198e68029a8dca9b8b58a267af642d088d3f8fd5ec4d152836740,
system/lib/systemd/systemd-growfs,system/lib/systemd/systemd-growfs,file,9864,5575,0o100755,2009-01-01 00:00:00,1e0f6028347a27d05c8d8259257b9ca48ff82c90d6d2aff3ae477bc7efa9e236,
system/lib/systemd/systemd-user-runtime-dir,system/lib/systemd/systemd-user-runtime-dir,file,26324,9765,0o100755,2009-01-01 00:00:00,a039c0fee980514c02ccc919c50826075b6f139e635f272dff2d93f33c34f11c,
system/lib/systemd/systemd-udevd,system/lib/systemd/systemd-udevd,file,428304,228636,0o100755,2009-01-01 00:00:00,df338b12a60a11214e0013969521c67e45c5607713c839ac22e3025a5521e371,
system/lib/systemd/systemd,system/lib/systemd/systemd,file,923956,438159,0o100755,2009-01-01 00:00:00,be546b30b6980721b8308af4f02892b210c3ea37fed090e2c79447efd3ea1200,
system/lib/libselinux.so.1,system/lib/libselinux.so.1,file,104124,65134,0o100755,2009-01-01 00:00:00,53588017c470bea177839d3cf2c6f83ed00053d2782df4bf0ab02143fd0012eb,
system/lib/libpthread-2.28.so,system/lib/libpthread-2.28.so,file,76112,41710,0o100755,2009-01-01 00:00:00,e23499f9eee0edaf9f756c7ac30230538b2aa79904c537a068a1eb9793b845dc,
system/sys/__emptyfile__,system/sys/__emptyfile__,file,0,0,0o40755,2024-02-02 11:17:48,e3b0c44298fc1c149afbf4c8996fb92427ae41e4649b934ca495991b7852b855,
system/sys/,system/sys/,directory,0,0,0o40755,2009-01-01 00:00:00,,
system/proc/__emptyfile__,system/proc/__emptyfile__,file,0,0,0o40755,2024-02-02 11:17:48,e3b0c44298fc1c149afbf4c8996fb92427ae41e4649b934ca495991b7852b855,
system/proc/,system/proc/,directory,0,0,0o40755,2009-01-01 00:00:00,,
recovery/recovery-from-boot.p,recovery/recovery-from-boot.p,file,185,134,0o100644,2009-01-01 00:00:00,9415fe9ec1aa163069ac3ffaa27cac6fa5c22c8fedb26aae9ff5cca8f1e4842e,
recovery/etc/install-recovery.sh,recovery/etc/install-recovery.sh,file,493,214,0o100644,2009-01-01 00:00:00,63fec859a7746123ea3763734db8d14ff480b4b855b16962d9a364ec05d0dbbe,
boot.img,boot.img,file,10852352,7690775,0o100644,2009-01-01 00:00:00,a7c0475b5dc4b67c0405d0571fd17efef37ab51276969d578dd21ecb4e51668c,
firmware-update/uefi.elf,firmware-update/uefi.elf,file,1191936,1031281,0o100644,2009-01-01 00:00:00,e2f59182717cf9676cc34d38950cd6e7e1a33c4bd2a1ce65a9e8960c9737bb8e,
META-INF/com/google/android/updater-script,META-INF/com/google/android/updater-script,file,248732,25727,0o100644,2009-01-01 00:00:00,9509e81c3a4c704b236abc61d3fb92a683aadab134843adfe015fb47dc76eb9c,
META-INF/com/google/android/update-binary,META-INF/com/google/android/update-binary,file,145312,89788,0o100755,2009-01-01 00:00:00,852c8ba869bc4bcbb1afb690e44f7e7af780015207380f8bb0504e084e731dd1,
META-INF/com/android/metadata,META-INF/com/android/metadata,file,87,74,0o100644,2009-01-01 00:00:00,c6a8093353b2afb0efffd1c4e5f84741d9d5eb2e5928c96a209811b297c6f553,
