archive,relative_path,sha256,keyword,encoding,offset
web后台备份工具.zip,web后台备份工具/adb.exe,bce1f6f6f6532266837b66d719bfbd177d406d6d7d8d5adfd5e7c59fcde651a5,8081,utf-8,0x4ca8d8
web后台备份工具.zip,web后台备份工具/adb.exe,bce1f6f6f6532266837b66d719bfbd177d406d6d7d8d5adfd5e7c59fcde651a5,battery,utf-8,0x4de08d
web后台备份工具.zip,web后台备份工具/adb.exe,bce1f6f6f6532266837b66d719bfbd177d406d6d7d8d5adfd5e7c59fcde651a5,temperature,utf-8,0x4e5652
web后台备份工具.zip,web后台备份工具/adb.exe,bce1f6f6f6532266837b66d719bfbd177d406d6d7d8d5adfd5e7c59fcde651a5,temperature,utf-8,0x4e8c3c
web后台备份工具.zip,web后台备份工具/adb.exe,bce1f6f6f6532266837b66d719bfbd177d406d6d7d8d5adfd5e7c59fcde651a5,5555,utf-8,0x45ebdc
web后台备份工具.zip,web后台备份工具/adb.exe,bce1f6f6f6532266837b66d719bfbd177d406d6d7d8d5adfd5e7c59fcde651a5,5555,utf-8,0x45ec33
web后台备份工具.zip,web后台备份工具/adb.exe,bce1f6f6f6532266837b66d719bfbd177d406d6d7d8d5adfd5e7c59fcde651a5,5555,utf-8,0x482465
阿乐卡MF650高级后台.zip,阿乐卡MF650高级后台/ALKMF650.zip,7c38e958b0c55d5fbb7527ac457eb1509c8d855768b8dd2c711edfe4b05ee579,system_status,utf-8,0x62dee
阿乐卡MF650高级后台.zip,阿乐卡MF650高级后台/ALKMF650.zip,7c38e958b0c55d5fbb7527ac457eb1509c8d855768b8dd2c711edfe4b05ee579,system_status,utf-8,0x11934f
阿乐卡MF650高级后台.zip,阿乐卡MF650高级后台/ALKMF650.zip,7c38e958b0c55d5fbb7527ac457eb1509c8d855768b8dd2c711edfe4b05ee579,battery,utf-8,0x2cbe3
阿乐卡MF650高级后台.zip,阿乐卡MF650高级后台/ALKMF650.zip,7c38e958b0c55d5fbb7527ac457eb1509c8d855768b8dd2c711edfe4b05ee579,battery,utf-8,0x2cc1b
阿乐卡MF650高级后台.zip,阿乐卡MF650高级后台/ALKMF650.zip,7c38e958b0c55d5fbb7527ac457eb1509c8d855768b8dd2c711edfe4b05ee579,battery,utf-8,0x2ddb2
阿乐卡MF650高级后台.zip,阿乐卡MF650高级后台/ALKMF650.zip,7c38e958b0c55d5fbb7527ac457eb1509c8d855768b8dd2c711edfe4b05ee579,battery,utf-8,0x2ddba
阿乐卡MF650高级后台.zip,阿乐卡MF650高级后台/ALKMF650.zip,7c38e958b0c55d5fbb7527ac457eb1509c8d855768b8dd2c711edfe4b05ee579,battery,utf-8,0x2e3dd
阿乐卡MF650高级后台.zip,阿乐卡MF650高级后台/ALKMF650.zip,7c38e958b0c55d5fbb7527ac457eb1509c8d855768b8dd2c711edfe4b05ee579,battery,utf-8,0x2e3e5
阿乐卡MF650高级后台.zip,阿乐卡MF650高级后台/ALKMF650.zip,7c38e958b0c55d5fbb7527ac457eb1509c8d855768b8dd2c711edfe4b05ee579,battery,utf-8,0x2eb89
阿乐卡MF650高级后台.zip,阿乐卡MF650高级后台/ALKMF650.zip,7c38e958b0c55d5fbb7527ac457eb1509c8d855768b8dd2c711edfe4b05ee579,battery,utf-8,0x2eb91
阿乐卡MF650高级后台.zip,阿乐卡MF650高级后台/ALKMF650.zip,7c38e958b0c55d5fbb7527ac457eb1509c8d855768b8dd2c711edfe4b05ee579,battery,utf-8,0x2f3ee
阿乐卡MF650高级后台.zip,阿乐卡MF650高级后台/ALKMF650.zip,7c38e958b0c55d5fbb7527ac457eb1509c8d855768b8dd2c711edfe4b05ee579,battery,utf-8,0x2f3f6
阿乐卡MF650高级后台.zip,阿乐卡MF650高级后台/ALKMF650.zip,7c38e958b0c55d5fbb7527ac457eb1509c8d855768b8dd2c711edfe4b05ee579,battery,utf-8,0x2fcb0
阿乐卡MF650高级后台.zip,阿乐卡MF650高级后台/ALKMF650.zip,7c38e958b0c55d5fbb7527ac457eb1509c8d855768b8dd2c711edfe4b05ee579,battery,utf-8,0x2fcb8
阿乐卡MF650高级后台.zip,阿乐卡MF650高级后台/ALKMF650.zip,7c38e958b0c55d5fbb7527ac457eb1509c8d855768b8dd2c711edfe4b05ee579,battery,utf-8,0x3059c
阿乐卡MF650高级后台.zip,阿乐卡MF650高级后台/ALKMF650.zip,7c38e958b0c55d5fbb7527ac457eb1509c8d855768b8dd2c711edfe4b05ee579,battery,utf-8,0x305a4
阿乐卡MF650高级后台.zip,阿乐卡MF650高级后台/ALKMF650.zip,7c38e958b0c55d5fbb7527ac457eb1509c8d855768b8dd2c711edfe4b05ee579,battery,utf-8,0x30c06
阿乐卡MF650高级后台.zip,阿乐卡MF650高级后台/ALKMF650.zip,7c38e958b0c55d5fbb7527ac457eb1509c8d855768b8dd2c711edfe4b05ee579,battery,utf-8,0x30c0e
阿乐卡MF650高级后台.zip,阿乐卡MF650高级后台/ALKMF650.zip,7c38e958b0c55d5fbb7527ac457eb1509c8d855768b8dd2c711edfe4b05ee579,battery,utf-8,0x1171aa
阿乐卡MF650高级后台.zip,阿乐卡MF650高级后台/ALKMF650.zip,7c38e958b0c55d5fbb7527ac457eb1509c8d855768b8dd2c711edfe4b05ee579,battery,utf-8,0x117216
阿乐卡MF650高级后台.zip,阿乐卡MF650高级后台/ALKMF650.zip,7c38e958b0c55d5fbb7527ac457eb1509c8d855768b8dd2c711edfe4b05ee579,battery,utf-8,0x11728b
阿乐卡MF650高级后台.zip,阿乐卡MF650高级后台/ALKMF650.zip,7c38e958b0c55d5fbb7527ac457eb1509c8d855768b8dd2c711edfe4b05ee579,battery,utf-8,0x117293
阿乐卡MF650高级后台.zip,阿乐卡MF650高级后台/ALKMF650.zip,7c38e958b0c55d5fbb7527ac457eb1509c8d855768b8dd2c711edfe4b05ee579,battery,utf-8,0x117304
阿乐卡MF650高级后台.zip,阿乐卡MF650高级后台/ALKMF650.zip,7c38e958b0c55d5fbb7527ac457eb1509c8d855768b8dd2c711edfe4b05ee579,battery,utf-8,0x11730c
阿乐卡MF650高级后台.zip,阿乐卡MF650高级后台/ALKMF650.zip,7c38e958b0c55d5fbb7527ac457eb1509c8d855768b8dd2c711edfe4b05ee579,battery,utf-8,0x11737d
阿乐卡MF650高级后台.zip,阿乐卡MF650高级后台/ALKMF650.zip,7c38e958b0c55d5fbb7527ac457eb1509c8d855768b8dd2c711edfe4b05ee579,battery,utf-8,0x117385
阿乐卡MF650高级后台.zip,阿乐卡MF650高级后台/ALKMF650.zip,7c38e958b0c55d5fbb7527ac457eb1509c8d855768b8dd2c711edfe4b05ee579,battery,utf-8,0x1173f6
阿乐卡MF650高级后台.zip,阿乐卡MF650高级后台/ALKMF650.zip,7c38e958b0c55d5fbb7527ac457eb1509c8d855768b8dd2c711edfe4b05ee579,battery,utf-8,0x1173fe
阿乐卡MF650高级后台.zip,阿乐卡MF650高级后台/ALKMF650.zip,7c38e958b0c55d5fbb7527ac457eb1509c8d855768b8dd2c711edfe4b05ee579,battery,utf-8,0x11746f
阿乐卡MF650高级后台.zip,阿乐卡MF650高级后台/ALKMF650.zip,7c38e958b0c55d5fbb7527ac457eb1509c8d855768b8dd2c711edfe4b05ee579,battery,utf-8,0x117477
阿乐卡MF650高级后台.zip,阿乐卡MF650高级后台/ALKMF650.zip,7c38e958b0c55d5fbb7527ac457eb1509c8d855768b8dd2c711edfe4b05ee579,battery,utf-8,0x1174e8
阿乐卡MF650高级后台.zip,阿乐卡MF650高级后台/ALKMF650.zip,7c38e958b0c55d5fbb7527ac457eb1509c8d855768b8dd2c711edfe4b05ee579,battery,utf-8,0x1174f0
阿乐卡MF650高级后台.zip,阿乐卡MF650高级后台/ALKMF650.zip,7c38e958b0c55d5fbb7527ac457eb1509c8d855768b8dd2c711edfe4b05ee579,battery,utf-8,0x117563
阿乐卡MF650高级后台.zip,阿乐卡MF650高级后台/ALKMF650.zip,7c38e958b0c55d5fbb7527ac457eb1509c8d855768b8dd2c711edfe4b05ee579,battery,utf-8,0x11756b
阿乐卡MF650高级后台.zip,阿乐卡MF650高级后台/ALKMF650.zip,7c38e958b0c55d5fbb7527ac457eb1509c8d855768b8dd2c711edfe4b05ee579,sysinfo,utf-8,0x611fa
阿乐卡MF650高级后台.zip,阿乐卡MF650高级后台/ALKMF650.zip,7c38e958b0c55d5fbb7527ac457eb1509c8d855768b8dd2c711edfe4b05ee579,sysinfo,utf-8,0x11925b
阿乐卡MF650高级后台.zip,阿乐卡MF650高级后台/ALKMF650.zip!kasb/www/charge_xf,d1646f4b2a167444a02d6d4584efb47b6a41a5d713ec25a6eaf100face5a1624,battery,utf-8,0x1de
阿乐卡MF650高级后台.zip,阿乐卡MF650高级后台/ALKMF650.zip!kasb/www/charge_xf,d1646f4b2a167444a02d6d4584efb47b6a41a5d713ec25a6eaf100face5a1624,battery,utf-8,0x230
阿乐卡MF650高级后台.zip,阿乐卡MF650高级后台/ALKMF650.zip!kasb/www/charge_xf,d1646f4b2a167444a02d6d4584efb47b6a41a5d713ec25a6eaf100face5a1624,battery,utf-8,0x2ba
阿乐卡MF650高级后台.zip,阿乐卡MF650高级后台/ALKMF650.zip!kasb/www/charge_xf,d1646f4b2a167444a02d6d4584efb47b6a41a5d713ec25a6eaf100face5a1624,battery,utf-8,0x33b
阿乐卡MF650高级后台.zip,阿乐卡MF650高级后台/ALKMF650.zip!kasb/www/charge_xf,d1646f4b2a167444a02d6d4584efb47b6a41a5d713ec25a6eaf100face5a1624,battery,utf-8,0x40b
阿乐卡MF650高级后台.zip,阿乐卡MF650高级后台/ALKMF650.zip!kasb/www/charge_xf,d1646f4b2a167444a02d6d4584efb47b6a41a5d713ec25a6eaf100face5a1624,battery,utf-8,0x4db
阿乐卡MF650高级后台.zip,阿乐卡MF650高级后台/ALKMF650.zip!kasb/www/charge_xf,d1646f4b2a167444a02d6d4584efb47b6a41a5d713ec25a6eaf100face5a1624,battery,utf-8,0x5ab
阿乐卡MF650高级后台.zip,阿乐卡MF650高级后台/ALKMF650.zip!kasb/www/charge_xf,d1646f4b2a167444a02d6d4584efb47b6a41a5d713ec25a6eaf100face5a1624,battery,utf-8,0x67b
阿乐卡MF650高级后台.zip,阿乐卡MF650高级后台/ALKMF650.zip!systemd/kasb_cgi.service,269a6ed2c6d175877acd30100d72ba3554e299e5ebe9176a1396bb57564e2bb1,8081,utf-8,0x89
阿乐卡MF650高级后台.zip,阿乐卡MF650高级后台/ALKMF650.zip!www/bootstrap/css/bootstrap.min.css,cb23d5cd418509152e3f216b80e28edc3f54ab5f7a9c040112dfd9491656740a,5555,utf-8,0xc689
阿乐卡MF650高级后台.zip,阿乐卡MF650高级后台/ALKMF650.zip!www/bootstrap/css/main.css,3e4583d39eeb9ef8f3e9eaba8e4a33e32cf92a9e118801023bf35c274f8295a2,5555,utf-8,0x576c
阿乐卡MF650高级后台.zip,阿乐卡MF650高级后台/ALKMF650.zip!www/bootstrap/img/battery/battery_0.png,495032d5e8d0909e863b12b16f378aa644343431c69671545619facdefc32190,battery,utf-8,0x68
阿乐卡MF650高级后台.zip,阿乐卡MF650高级后台/ALKMF650.zip!www/bootstrap/img/battery/battery_1.png,001bff930ad7459498b0746da4d049bb73071ee4f9b722a76622c93a2c212718,battery,utf-8,0x68
阿乐卡MF650高级后台.zip,阿乐卡MF650高级后台/ALKMF650.zip!www/bootstrap/img/battery/battery_2.png,e1807abf19727a1c93894538304ee5fb1f6a7aa03e6d5c100bd7ec002997c5df,battery,utf-8,0x68
阿乐卡MF650高级后台.zip,阿乐卡MF650高级后台/ALKMF650.zip!www/bootstrap/img/battery/battery_3.png,d8b2f7d427a3dc3e4c97afe96695964a2a13e886e11ec17c2eb4afc973a26c27,battery,utf-8,0x68
阿乐卡MF650高级后台.zip,阿乐卡MF650高级后台/ALKMF650.zip!www/bootstrap/img/battery/battery_4.png,47e7836daf4b3bfb30523f81159008fd774e78bad7ba6532d50de56b693a2a6d,battery,utf-8,0x68
阿乐卡MF650高级后台.zip,阿乐卡MF650高级后台/ALKMF650.zip!www/bootstrap/img/battery/battery_low.png,77324ae8450a33a4ffc730f878b71de0cc023743459e3953e10fa4963dd60fc8,battery,utf-8,0x68
阿乐卡MF650高级后台.zip,阿乐卡MF650高级后台/ALKMF650.zip!www/bootstrap/img/battery/battery_null.png,4df3e66f7f6144c0b0d96cb8aab5b1eddb94897d2da1ff1a2011a8fdf0ad2a56,battery,utf-8,0x68
阿乐卡MF650高级后台.zip,阿乐卡MF650高级后台/ALKMF650.zip!www/bootstrap/js/highcharts.js,9b3c3bd2e3ef63b93c371383a912535e47032c256d9fc651ac440ea6b98f13fb,5555,utf-8,0x2910
阿乐卡MF650高级后台.zip,阿乐卡MF650高级后台/ALKMF650.zip!www/www_bak/3/www/Advanced_ChargeCtl.asp,296cc29639b4610773a830d3ae96df2aa8d7d4cee9e218ccee4d930a4c17ed5b,battery,utf-8,0x641
阿乐卡MF650高级后台.zip,阿乐卡MF650高级后台/ALKMF650.zip!www/www_bak/3/www/Advanced_ChargeCtl.asp,296cc29639b4610773a830d3ae96df2aa8d7d4cee9e218ccee4d930a4c17ed5b,battery,utf-8,0xaaf
阿乐卡MF650高级后台.zip,阿乐卡MF650高级后台/ALKMF650.zip!www/www_bak/3/www/Advanced_ChargeCtl.asp,296cc29639b4610773a830d3ae96df2aa8d7d4cee9e218ccee4d930a4c17ed5b,battery,utf-8,0x1a07
阿乐卡MF650高级后台.zip,阿乐卡MF650高级后台/ALKMF650.zip!www/www_bak/3/www/Advanced_ChargeCtl.asp,296cc29639b4610773a830d3ae96df2aa8d7d4cee9e218ccee4d930a4c17ed5b,sysinfo,utf-8,0xadb
阿乐卡MF650高级后台.zip,阿乐卡MF650高级后台/ALKMF650.zip!www/www_bak/3/www/Advanced_Charge_Control.asp,f4ac5dac5edfd1f1c4bcbc41569a3a689fdb5d55e373a91e86e299be211307bf,192.168.100.1,utf-8,0x2951
阿乐卡MF650高级后台.zip,阿乐卡MF650高级后台/ALKMF650.zip!www/www_bak/3/www/Advanced_FlowCtl_Content.asp,326ac5019c392872eca6f3f01e834c393414bf4942e3ae56667a7961a6ba062a,system_status,utf-8,0x6ac
阿乐卡MF650高级后台.zip,阿乐卡MF650高级后台/ALKMF650.zip!www/www_bak/3/www/Advanced_FlowCtl_Content.asp,326ac5019c392872eca6f3f01e834c393414bf4942e3ae56667a7961a6ba062a,system_status,utf-8,0x762
阿乐卡MF650高级后台.zip,阿乐卡MF650高级后台/ALKMF650.zip!www/www_bak/3/www/Advanced_FlowCtl_Content.asp,326ac5019c392872eca6f3f01e834c393414bf4942e3ae56667a7961a6ba062a,system_status,utf-8,0x86e
阿乐卡MF650高级后台.zip,阿乐卡MF650高级后台/ALKMF650.zip!www/www_bak/3/www/Advanced_FlowCtl_Content.asp,326ac5019c392872eca6f3f01e834c393414bf4942e3ae56667a7961a6ba062a,system_status,utf-8,0x8fb
阿乐卡MF650高级后台.zip,阿乐卡MF650高级后台/ALKMF650.zip!www/www_bak/3/www/Advanced_FlowCtl_Content.asp,326ac5019c392872eca6f3f01e834c393414bf4942e3ae56667a7961a6ba062a,system_status,utf-8,0x139e
阿乐卡MF650高级后台.zip,阿乐卡MF650高级后台/ALKMF650.zip!www/www_bak/3/www/Advanced_FlowCtl_Content.asp,326ac5019c392872eca6f3f01e834c393414bf4942e3ae56667a7961a6ba062a,temperature,utf-8,0x11ad
阿乐卡MF650高级后台.zip,阿乐卡MF650高级后台/ALKMF650.zip!www/www_bak/3/www/Advanced_FlowCtl_Content.asp,326ac5019c392872eca6f3f01e834c393414bf4942e3ae56667a7961a6ba062a,temperature,utf-8,0x15b3
阿乐卡MF650高级后台.zip,阿乐卡MF650高级后台/ALKMF650.zip!www/www_bak/3/www/Advanced_Switch_Sim.asp,b8a82a9022a3344048bea2825bbbbca4e0fe245d3b8d8ce79f2985c0990a2634,sysinfo,utf-8,0xbc0
阿乐卡MF650高级后台.zip,阿乐卡MF650高级后台/ALKMF650.zip!www/www_bak/3/www/Advanced_SysInfo.asp,a1d5ae544b13d1f67d30be7d90e5dd78c9a5ef6f5dd10d36326ca3d6031f9bba,cpu_usage,utf-8,0x11ca
阿乐卡MF650高级后台.zip,阿乐卡MF650高级后台/ALKMF650.zip!www/www_bak/3/www/Advanced_SysInfo.asp,a1d5ae544b13d1f67d30be7d90e5dd78c9a5ef6f5dd10d36326ca3d6031f9bba,cpu_usage,utf-8,0x1df4
阿乐卡MF650高级后台.zip,阿乐卡MF650高级后台/ALKMF650.zip!www/www_bak/3/www/Advanced_SysInfo.asp,a1d5ae544b13d1f67d30be7d90e5dd78c9a5ef6f5dd10d36326ca3d6031f9bba,cpu_usage,utf-8,0x1e2b
阿乐卡MF650高级后台.zip,阿乐卡MF650高级后台/ALKMF650.zip!www/www_bak/3/www/Advanced_SysInfo.asp,a1d5ae544b13d1f67d30be7d90e5dd78c9a5ef6f5dd10d36326ca3d6031f9bba,temperature,utf-8,0x6e3
阿乐卡MF650高级后台.zip,阿乐卡MF650高级后台/ALKMF650.zip!www/www_bak/3/www/Advanced_SysInfo.asp,a1d5ae544b13d1f67d30be7d90e5dd78c9a5ef6f5dd10d36326ca3d6031f9bba,temperature,utf-8,0x2429
阿乐卡MF650高级后台.zip,阿乐卡MF650高级后台/ALKMF650.zip!www/www_bak/3/www/Advanced_SysInfo.asp,a1d5ae544b13d1f67d30be7d90e5dd78c9a5ef6f5dd10d36326ca3d6031f9bba,temperature,utf-8,0x2722
阿乐卡MF650高级后台.zip,阿乐卡MF650高级后台/ALKMF650.zip!www/www_bak/3/www/Advanced_SysInfo.asp,a1d5ae544b13d1f67d30be7d90e5dd78c9a5ef6f5dd10d36326ca3d6031f9bba,temperature,utf-8,0x295f
阿乐卡MF650高级后台.zip,阿乐卡MF650高级后台/ALKMF650.zip!www/www_bak/3/www/Advanced_SysInfo.asp,a1d5ae544b13d1f67d30be7d90e5dd78c9a5ef6f5dd10d36326ca3d6031f9bba,mem_usage,utf-8,0x120b
阿乐卡MF650高级后台.zip,阿乐卡MF650高级后台/ALKMF650.zip!www/www_bak/3/www/Advanced_SysInfo.asp,a1d5ae544b13d1f67d30be7d90e5dd78c9a5ef6f5dd10d36326ca3d6031f9bba,mem_usage,utf-8,0x1eac
阿乐卡MF650高级后台.zip,阿乐卡MF650高级后台/ALKMF650.zip!www/www_bak/3/www/Advanced_SysInfo.asp,a1d5ae544b13d1f67d30be7d90e5dd78c9a5ef6f5dd10d36326ca3d6031f9bba,mem_usage,utf-8,0x1ee3
阿乐卡MF650高级后台.zip,阿乐卡MF650高级后台/ALKMF650.zip!www/www_bak/3/www/Advanced_SysInfo.asp,a1d5ae544b13d1f67d30be7d90e5dd78c9a5ef6f5dd10d36326ca3d6031f9bba,sysinfo,utf-8,0x6c2
阿乐卡MF650高级后台.zip,阿乐卡MF650高级后台/ALKMF650.zip!www/www_bak/3/www/Advanced_SysInfo.asp,a1d5ae544b13d1f67d30be7d90e5dd78c9a5ef6f5dd10d36326ca3d6031f9bba,sysinfo,utf-8,0x795
阿乐卡MF650高级后台.zip,阿乐卡MF650高级后台/ALKMF650.zip!www/www_bak/3/www/Advanced_SysInfo.asp,a1d5ae544b13d1f67d30be7d90e5dd78c9a5ef6f5dd10d36326ca3d6031f9bba,sysinfo,utf-8,0xf5d
阿乐卡MF650高级后台.zip,阿乐卡MF650高级后台/ALKMF650.zip!www/www_bak/3/www/Advanced_SysInfo.asp,a1d5ae544b13d1f67d30be7d90e5dd78c9a5ef6f5dd10d36326ca3d6031f9bba,sysinfo,utf-8,0x10dc
阿乐卡MF650高级后台.zip,阿乐卡MF650高级后台/ALKMF650.zip!www/www_bak/3/www/Advanced_SysInfo.asp,a1d5ae544b13d1f67d30be7d90e5dd78c9a5ef6f5dd10d36326ca3d6031f9bba,sysinfo,utf-8,0x110a
阿乐卡MF650高级后台.zip,阿乐卡MF650高级后台/ALKMF650.zip!www/www_bak/3/www/Advanced_SysInfo.asp,a1d5ae544b13d1f67d30be7d90e5dd78c9a5ef6f5dd10d36326ca3d6031f9bba,sysinfo,utf-8,0x2935
阿乐卡MF650高级后台.zip,阿乐卡MF650高级后台/ALKMF650.zip!www/www_bak/3/www/Advanced_SysInfo.asp,a1d5ae544b13d1f67d30be7d90e5dd78c9a5ef6f5dd10d36326ca3d6031f9bba,sysinfo,utf-8,0x3747
阿乐卡MF650高级后台.zip,阿乐卡MF650高级后台/ALKMF650.zip!www/www_bak/3/www/Advanced_System_Status.asp,57ea88ee3cb8a65ca8dfa555b027fe8eeb989541eecc52e81bbfbcf9ca92ed7a,system_status,utf-8,0x78d
阿乐卡MF650高级后台.zip,阿乐卡MF650高级后台/ALKMF650.zip!www/www_bak/3/www/Advanced_System_Status.asp,57ea88ee3cb8a65ca8dfa555b027fe8eeb989541eecc52e81bbfbcf9ca92ed7a,system_status,utf-8,0x1589
阿乐卡MF650高级后台.zip,阿乐卡MF650高级后台/ALKMF650.zip!www/www_bak/3/www/Advanced_System_Status.asp,57ea88ee3cb8a65ca8dfa555b027fe8eeb989541eecc52e81bbfbcf9ca92ed7a,system_status,utf-8,0x1616
阿乐卡MF650高级后台.zip,阿乐卡MF650高级后台/ALKMF650.zip!www/www_bak/3/www/Advanced_System_Status.asp,57ea88ee3cb8a65ca8dfa555b027fe8eeb989541eecc52e81bbfbcf9ca92ed7a,system_status,utf-8,0x29fd
阿乐卡MF650高级后台.zip,阿乐卡MF650高级后台/ALKMF650.zip!www/www_bak/3/www/Advanced_System_Status.asp,57ea88ee3cb8a65ca8dfa555b027fe8eeb989541eecc52e81bbfbcf9ca92ed7a,system_status,utf-8,0x2afb
阿乐卡MF650高级后台.zip,阿乐卡MF650高级后台/ALKMF650.zip!www/www_bak/3/www/Advanced_System_Status.asp,57ea88ee3cb8a65ca8dfa555b027fe8eeb989541eecc52e81bbfbcf9ca92ed7a,cpu_usage,utf-8,0x1ac4
阿乐卡MF650高级后台.zip,阿乐卡MF650高级后台/ALKMF650.zip!www/www_bak/3/www/Advanced_System_Status.asp,57ea88ee3cb8a65ca8dfa555b027fe8eeb989541eecc52e81bbfbcf9ca92ed7a,temperature,utf-8,0x152a
阿乐卡MF650高级后台.zip,阿乐卡MF650高级后台/ALKMF650.zip!www/www_bak/3/www/Advanced_System_Status.asp,57ea88ee3cb8a65ca8dfa555b027fe8eeb989541eecc52e81bbfbcf9ca92ed7a,temperature,utf-8,0x23cd
阿乐卡MF650高级后台.zip,阿乐卡MF650高级后台/ALKMF650.zip!www/www_bak/3/www/Advanced_System_Status.asp,57ea88ee3cb8a65ca8dfa555b027fe8eeb989541eecc52e81bbfbcf9ca92ed7a,temperature,utf-8,0x27b5
阿乐卡MF650高级后台.zip,阿乐卡MF650高级后台/ALKMF650.zip!www/www_bak/3/www/Advanced_System_Status.asp,57ea88ee3cb8a65ca8dfa555b027fe8eeb989541eecc52e81bbfbcf9ca92ed7a,mem_usage,utf-8,0x1b0f
阿乐卡MF650高级后台.zip,阿乐卡MF650高级后台/ALKMF650.zip!www/www_bak/3/www/Advanced_TrafficLimit.asp,0ced1ef759e4668a37c28191577bbe5b032725ca4fe5eebbe18402e39dc75686,sysinfo,utf-8,0xd7c
阿乐卡MF650高级后台.zip,阿乐卡MF650高级后台/ALKMF650.zip!www/www_bak/3/www/echarts.js,ad4855da4513fe036a068ff0df6f98054b81b1c11e4ca21ce522fd82507d017b,sysinfo,utf-8,0x11b5d8
阿乐卡MF650高级后台.zip,阿乐卡MF650高级后台/ALKMF650.zip!www/www_bak/3/www/echarts.js,ad4855da4513fe036a068ff0df6f98054b81b1c11e4ca21ce522fd82507d017b,sysinfo,utf-8,0x11b611
阿乐卡MF650高级后台.zip,阿乐卡MF650高级后台/ALKMF650.zip!www/www_bak/3/www/echarts.js,ad4855da4513fe036a068ff0df6f98054b81b1c11e4ca21ce522fd82507d017b,sysinfo,utf-8,0x11b6e5
阿乐卡MF650高级后台.zip,阿乐卡MF650高级后台/ALKMF650.zip!www/www_bak/3/www/echarts.js,ad4855da4513fe036a068ff0df6f98054b81b1c11e4ca21ce522fd82507d017b,sysinfo,utf-8,0x11b70c
阿乐卡MF650高级后台.zip,阿乐卡MF650高级后台/ALKMF650.zip!www/www_bak/3/www/echarts.js,ad4855da4513fe036a068ff0df6f98054b81b1c11e4ca21ce522fd82507d017b,sysinfo,utf-8,0x11b785
阿乐卡MF650高级后台.zip,阿乐卡MF650高级后台/ALKMF650.zip!www/www_bak/3/www/echarts.js,ad4855da4513fe036a068ff0df6f98054b81b1c11e4ca21ce522fd82507d017b,sysinfo,utf-8,0x11df01
阿乐卡MF650高级后台.zip,阿乐卡MF650高级后台/ALKMF650.zip!www/www_bak/3/www/echarts.js,ad4855da4513fe036a068ff0df6f98054b81b1c11e4ca21ce522fd82507d017b,sysinfo,utf-8,0x11dfbe
阿乐卡MF650高级后台.zip,阿乐卡MF650高级后台/ALKMF650.zip!www/www_bak/3/www/echarts.js,ad4855da4513fe036a068ff0df6f98054b81b1c11e4ca21ce522fd82507d017b,sysinfo,utf-8,0x11dfce
阿乐卡MF650高级后台.zip,阿乐卡MF650高级后台/ALKMF650.zip!www/www_bak/3/www/echarts.js,ad4855da4513fe036a068ff0df6f98054b81b1c11e4ca21ce522fd82507d017b,sysinfo,utf-8,0x11e009
阿乐卡MF650高级后台.zip,阿乐卡MF650高级后台/ALKMF650.zip!www/www_bak/3/www/echarts.js,ad4855da4513fe036a068ff0df6f98054b81b1c11e4ca21ce522fd82507d017b,sysinfo,utf-8,0x11e08c
阿乐卡MF650高级后台.zip,阿乐卡MF650高级后台/ALKMF650.zip!www/www_bak/3/www/echarts.js,ad4855da4513fe036a068ff0df6f98054b81b1c11e4ca21ce522fd82507d017b,sysinfo,utf-8,0x11e2ef
阿乐卡MF650高级后台.zip,阿乐卡MF650高级后台/ALKMF650.zip!www/www_bak/3/www/echarts.js,ad4855da4513fe036a068ff0df6f98054b81b1c11e4ca21ce522fd82507d017b,sysinfo,utf-8,0x11e33f
阿乐卡MF650高级后台.zip,阿乐卡MF650高级后台/ALKMF650.zip!www/www_bak/3/www/echarts.js,ad4855da4513fe036a068ff0df6f98054b81b1c11e4ca21ce522fd82507d017b,sysinfo,utf-8,0x11e3c9
阿乐卡MF650高级后台.zip,阿乐卡MF650高级后台/ALKMF650.zip!www/www_bak/3/www/echarts.js,ad4855da4513fe036a068ff0df6f98054b81b1c11e4ca21ce522fd82507d017b,sysinfo,utf-8,0x11e8e1
阿乐卡MF650高级后台.zip,阿乐卡MF650高级后台/ALKMF650.zip!www/www_bak/3/www/echarts.js,ad4855da4513fe036a068ff0df6f98054b81b1c11e4ca21ce522fd82507d017b,sysinfo,utf-8,0x11e8f3
阿乐卡MF650高级后台.zip,阿乐卡MF650高级后台/ALKMF650.zip!www/www_bak/3/www/echarts.js,ad4855da4513fe036a068ff0df6f98054b81b1c11e4ca21ce522fd82507d017b,sysinfo,utf-8,0x11e952
阿乐卡MF650高级后台.zip,阿乐卡MF650高级后台/ALKMF650.zip!www/www_bak/3/www/echarts.js,ad4855da4513fe036a068ff0df6f98054b81b1c11e4ca21ce522fd82507d017b,sysinfo,utf-8,0x11ec08
阿乐卡MF650高级后台.zip,阿乐卡MF650高级后台/ALKMF650.zip!www/www_bak/3/www/echarts.js,ad4855da4513fe036a068ff0df6f98054b81b1c11e4ca21ce522fd82507d017b,sysinfo,utf-8,0x2a5d23
阿乐卡MF650高级后台.zip,阿乐卡MF650高级后台/ALKMF650.zip!www/www_bak/3/www/echarts.js,ad4855da4513fe036a068ff0df6f98054b81b1c11e4ca21ce522fd82507d017b,sysinfo,utf-8,0x2a5ef1
阿乐卡MF650高级后台.zip,阿乐卡MF650高级后台/ALKMF650.zip!www/www_bak/3/www/echarts.js,ad4855da4513fe036a068ff0df6f98054b81b1c11e4ca21ce522fd82507d017b,sysinfo,utf-8,0x2a5f00
阿乐卡MF650高级后台.zip,阿乐卡MF650高级后台/ALKMF650.zip!www/www_bak/3/www/echarts.js,ad4855da4513fe036a068ff0df6f98054b81b1c11e4ca21ce522fd82507d017b,sysinfo,utf-8,0x2a5f38
阿乐卡MF650高级后台.zip,阿乐卡MF650高级后台/ALKMF650.zip!www/www_bak/3/www/echarts.js,ad4855da4513fe036a068ff0df6f98054b81b1c11e4ca21ce522fd82507d017b,sysinfo,utf-8,0x2a5f52
阿乐卡MF650高级后台.zip,阿乐卡MF650高级后台/ALKMF650.zip!www/www_bak/3/www/echarts.js,ad4855da4513fe036a068ff0df6f98054b81b1c11e4ca21ce522fd82507d017b,sysinfo,utf-8,0x2a5fb7
阿乐卡MF650高级后台.zip,阿乐卡MF650高级后台/ALKMF650.zip!www/www_bak/3/www/echarts.js,ad4855da4513fe036a068ff0df6f98054b81b1c11e4ca21ce522fd82507d017b,sysinfo,utf-8,0x2a5fd6
阿乐卡MF650高级后台.zip,阿乐卡MF650高级后台/ALKMF650.zip!www/www_bak/3/www/echarts.js,ad4855da4513fe036a068ff0df6f98054b81b1c11e4ca21ce522fd82507d017b,sysinfo,utf-8,0x2a5fef
阿乐卡MF650高级后台.zip,阿乐卡MF650高级后台/ALKMF650.zip!www/www_bak/3/www/echarts.js,ad4855da4513fe036a068ff0df6f98054b81b1c11e4ca21ce522fd82507d017b,sysinfo,utf-8,0x2a6019
阿乐卡MF650高级后台.zip,阿乐卡MF650高级后台/ALKMF650.zip!www/www_bak/3/www/echarts.js,ad4855da4513fe036a068ff0df6f98054b81b1c11e4ca21ce522fd82507d017b,sysinfo,utf-8,0x2a603a
阿乐卡MF650高级后台.zip,阿乐卡MF650高级后台/ALKMF650.zip!www/www_bak/3/www/echarts.js,ad4855da4513fe036a068ff0df6f98054b81b1c11e4ca21ce522fd82507d017b,sysinfo,utf-8,0x2a607a
阿乐卡MF650高级后台.zip,阿乐卡MF650高级后台/ALKMF650.zip!www/www_bak/3/www/echarts.js,ad4855da4513fe036a068ff0df6f98054b81b1c11e4ca21ce522fd82507d017b,sysinfo,utf-8,0x2fb8da
阿乐卡MF650高级后台.zip,阿乐卡MF650高级后台/ALKMF650.zip!www/www_bak/3/www/echarts.js,ad4855da4513fe036a068ff0df6f98054b81b1c11e4ca21ce522fd82507d017b,sysinfo,utf-8,0x2fc62b
阿乐卡MF650高级后台.zip,阿乐卡MF650高级后台/ALKMF650.zip!www/www_bak/3/www/echarts.js,ad4855da4513fe036a068ff0df6f98054b81b1c11e4ca21ce522fd82507d017b,sysinfo,utf-8,0x2fc65b
阿乐卡MF650高级后台.zip,阿乐卡MF650高级后台/ALKMF650.zip!www/www_bak/3/www/echarts.js,ad4855da4513fe036a068ff0df6f98054b81b1c11e4ca21ce522fd82507d017b,sysinfo,utf-8,0x2fc6f9
阿乐卡MF650高级后台.zip,阿乐卡MF650高级后台/ALKMF650.zip!www/www_bak/3/www/echarts.js,ad4855da4513fe036a068ff0df6f98054b81b1c11e4ca21ce522fd82507d017b,sysinfo,utf-8,0x2fc82a
阿乐卡MF650高级后台.zip,阿乐卡MF650高级后台/ALKMF650.zip!www/www_bak/3/www/echarts.js,ad4855da4513fe036a068ff0df6f98054b81b1c11e4ca21ce522fd82507d017b,sysinfo,utf-8,0x2fc83a
阿乐卡MF650高级后台.zip,阿乐卡MF650高级后台/ALKMF650.zip!www/www_bak/3/www/echarts.js,ad4855da4513fe036a068ff0df6f98054b81b1c11e4ca21ce522fd82507d017b,sysinfo,utf-8,0x2fd29f
阿乐卡MF650高级后台.zip,阿乐卡MF650高级后台/ALKMF650.zip!www/www_bak/3/www/echarts.js,ad4855da4513fe036a068ff0df6f98054b81b1c11e4ca21ce522fd82507d017b,sysinfo,utf-8,0x2fd365
阿乐卡MF650高级后台.zip,阿乐卡MF650高级后台/ALKMF650.zip!www/www_bak/3/www/echarts.js,ad4855da4513fe036a068ff0df6f98054b81b1c11e4ca21ce522fd82507d017b,sysinfo,utf-8,0x2fd42b
阿乐卡MF650高级后台.zip,阿乐卡MF650高级后台/ALKMF650.zip!www/www_bak/3/www/echarts.js,ad4855da4513fe036a068ff0df6f98054b81b1c11e4ca21ce522fd82507d017b,sysinfo,utf-8,0x2fd76d
阿乐卡MF650高级后台.zip,阿乐卡MF650高级后台/ALKMF650.zip!www/www_bak/3/www/echarts.js,ad4855da4513fe036a068ff0df6f98054b81b1c11e4ca21ce522fd82507d017b,sysinfo,utf-8,0x2fd818
阿乐卡MF650高级后台.zip,阿乐卡MF650高级后台/ALKMF650.zip!www/www_bak/3/www/echarts.js,ad4855da4513fe036a068ff0df6f98054b81b1c11e4ca21ce522fd82507d017b,sysinfo,utf-8,0x2fd8d8
阿乐卡MF650高级后台.zip,阿乐卡MF650高级后台/ALKMF650.zip!www/www_bak/3/www/echarts.js,ad4855da4513fe036a068ff0df6f98054b81b1c11e4ca21ce522fd82507d017b,sysinfo,utf-8,0x2fd987
阿乐卡MF650高级后台.zip,阿乐卡MF650高级后台/ALKMF650.zip!www/www_bak/3/www/echarts.js,ad4855da4513fe036a068ff0df6f98054b81b1c11e4ca21ce522fd82507d017b,sysinfo,utf-8,0x2fda34
阿乐卡MF650高级后台.zip,阿乐卡MF650高级后台/ALKMF650.zip!www/www_bak/3/www/echarts.js,ad4855da4513fe036a068ff0df6f98054b81b1c11e4ca21ce522fd82507d017b,sysinfo,utf-8,0x2fdafa
阿乐卡MF650高级后台.zip,阿乐卡MF650高级后台/ALKMF650.zip!www/www_bak/3/www/echarts.js,ad4855da4513fe036a068ff0df6f98054b81b1c11e4ca21ce522fd82507d017b,sysinfo,utf-8,0x2fdb89
阿乐卡MF650高级后台.zip,阿乐卡MF650高级后台/ALKMF650.zip!www/www_bak/3/www/echarts.js,ad4855da4513fe036a068ff0df6f98054b81b1c11e4ca21ce522fd82507d017b,sysinfo,utf-8,0x2fdce4
阿乐卡MF650高级后台.zip,阿乐卡MF650高级后台/ALKMF650.zip!www/www_bak/3/www/echarts.js,ad4855da4513fe036a068ff0df6f98054b81b1c11e4ca21ce522fd82507d017b,sysinfo,utf-8,0x2fdd40
阿乐卡MF650高级后台.zip,阿乐卡MF650高级后台/ALKMF650.zip!www/www_bak/3/www/echarts.js,ad4855da4513fe036a068ff0df6f98054b81b1c11e4ca21ce522fd82507d017b,sysinfo,utf-8,0x2fdfa3
阿乐卡MF650高级后台.zip,阿乐卡MF650高级后台/ALKMF650.zip!www/www_bak/3/www/echarts.js,ad4855da4513fe036a068ff0df6f98054b81b1c11e4ca21ce522fd82507d017b,sysinfo,utf-8,0x2fe000
阿乐卡MF650高级后台.zip,阿乐卡MF650高级后台/ALKMF650.zip!www/www_bak/3/www/echarts.js,ad4855da4513fe036a068ff0df6f98054b81b1c11e4ca21ce522fd82507d017b,sysinfo,utf-8,0x2fe499
阿乐卡MF650高级后台.zip,阿乐卡MF650高级后台/ALKMF650.zip!www/www_bak/3/www/echarts.js,ad4855da4513fe036a068ff0df6f98054b81b1c11e4ca21ce522fd82507d017b,sysinfo,utf-8,0x2fe4df
阿乐卡MF650高级后台.zip,阿乐卡MF650高级后台/ALKMF650.zip!www/www_bak/3/www/echarts.js,ad4855da4513fe036a068ff0df6f98054b81b1c11e4ca21ce522fd82507d017b,sysinfo,utf-8,0x306d24
阿乐卡MF650高级后台.zip,阿乐卡MF650高级后台/ALKMF650.zip!www/www_bak/3/www/echarts.js,ad4855da4513fe036a068ff0df6f98054b81b1c11e4ca21ce522fd82507d017b,sysinfo,utf-8,0x306d88
阿乐卡MF650高级后台.zip,阿乐卡MF650高级后台/ALKMF650.zip!www/www_bak/3/www/echarts.js,ad4855da4513fe036a068ff0df6f98054b81b1c11e4ca21ce522fd82507d017b,sysinfo,utf-8,0x306dbc
阿乐卡MF650高级后台.zip,阿乐卡MF650高级后台/ALKMF650.zip!www/www_bak/3/www/echarts.js,ad4855da4513fe036a068ff0df6f98054b81b1c11e4ca21ce522fd82507d017b,5555,utf-8,0x1252c3
阿乐卡MF650高级后台.zip,阿乐卡MF650高级后台/ALKMF650.zip!www/www_bak/3/www/echarts.js,ad4855da4513fe036a068ff0df6f98054b81b1c11e4ca21ce522fd82507d017b,5555,utf-8,0x125318
阿乐卡MF650高级后台.zip,阿乐卡MF650高级后台/ALKMF650.zip!www/www_bak/3/www/state.js,790fdd550d6effff99348663f8ed791837b530d470c0e9fe0cc8f0baf5e60222,system_status,utf-8,0x141
阿乐卡MF650高级后台.zip,阿乐卡MF650高级后台/ALKMF650.zip!www/www_bak/3/www/state.js,790fdd550d6effff99348663f8ed791837b530d470c0e9fe0cc8f0baf5e60222,system_status,utf-8,0xdd2
阿乐卡MF650高级后台.zip,阿乐卡MF650高级后台/ALKMF650.zip!www/www_bak/3/www/state.js,790fdd550d6effff99348663f8ed791837b530d470c0e9fe0cc8f0baf5e60222,cpu_usage,utf-8,0x1e26
阿乐卡MF650高级后台.zip,阿乐卡MF650高级后台/ALKMF650.zip!www/www_bak/3/www/state.js,790fdd550d6effff99348663f8ed791837b530d470c0e9fe0cc8f0baf5e60222,cpu_usage,utf-8,0x1e72
阿乐卡MF650高级后台.zip,阿乐卡MF650高级后台/ALKMF650.zip!www/www_bak/3/www/state.js,790fdd550d6effff99348663f8ed791837b530d470c0e9fe0cc8f0baf5e60222,cpu_usage,utf-8,0x1ebe
阿乐卡MF650高级后台.zip,阿乐卡MF650高级后台/ALKMF650.zip!www/www_bak/3/www/state.js,790fdd550d6effff99348663f8ed791837b530d470c0e9fe0cc8f0baf5e60222,cpu_usage,utf-8,0x1f0d
阿乐卡MF650高级后台.zip,阿乐卡MF650高级后台/ALKMF650.zip!www/www_bak/3/www/state.js,790fdd550d6effff99348663f8ed791837b530d470c0e9fe0cc8f0baf5e60222,cpu_usage,utf-8,0x1f59
阿乐卡MF650高级后台.zip,阿乐卡MF650高级后台/ALKMF650.zip!www/www_bak/3/www/state.js,790fdd550d6effff99348663f8ed791837b530d470c0e9fe0cc8f0baf5e60222,cpu_usage,utf-8,0x1fa2
阿乐卡MF650高级后台.zip,阿乐卡MF650高级后台/ALKMF650.zip!www/www_bak/3/www/state.js,790fdd550d6effff99348663f8ed791837b530d470c0e9fe0cc8f0baf5e60222,cpu_usage,utf-8,0x1fee
阿乐卡MF650高级后台.zip,阿乐卡MF650高级后台/ALKMF650.zip!www/www_bak/3/www/state.js,790fdd550d6effff99348663f8ed791837b530d470c0e9fe0cc8f0baf5e60222,cpu_usage,utf-8,0x3750
阿乐卡MF650高级后台.zip,阿乐卡MF650高级后台/ALKMF650.zip!www/www_bak/3/www/state.js,790fdd550d6effff99348663f8ed791837b530d470c0e9fe0cc8f0baf5e60222,cpu_usage,utf-8,0x78d5
阿乐卡MF650高级后台.zip,阿乐卡MF650高级后台/ALKMF650.zip!www/www_bak/3/www/state.js,790fdd550d6effff99348663f8ed791837b530d470c0e9fe0cc8f0baf5e60222,cpu_usage,utf-8,0x84d1
阿乐卡MF650高级后台.zip,阿乐卡MF650高级后台/ALKMF650.zip!www/www_bak/3/www/state.js,790fdd550d6effff99348663f8ed791837b530d470c0e9fe0cc8f0baf5e60222,battery,utf-8,0x11a7
阿乐卡MF650高级后台.zip,阿乐卡MF650高级后台/ALKMF650.zip!www/www_bak/3/www/state.js,790fdd550d6effff99348663f8ed791837b530d470c0e9fe0cc8f0baf5e60222,battery,utf-8,0x1462
阿乐卡MF650高级后台.zip,阿乐卡MF650高级后台/ALKMF650.zip!www/www_bak/3/www/state.js,790fdd550d6effff99348663f8ed791837b530d470c0e9fe0cc8f0baf5e60222,battery,utf-8,0x149d
阿乐卡MF650高级后台.zip,阿乐卡MF650高级后台/ALKMF650.zip!www/www_bak/3/www/state.js,790fdd550d6effff99348663f8ed791837b530d470c0e9fe0cc8f0baf5e60222,battery,utf-8,0x14a5
阿乐卡MF650高级后台.zip,阿乐卡MF650高级后台/ALKMF650.zip!www/www_bak/3/www/state.js,790fdd550d6effff99348663f8ed791837b530d470c0e9fe0cc8f0baf5e60222,battery,utf-8,0x194b
阿乐卡MF650高级后台.zip,阿乐卡MF650高级后台/ALKMF650.zip!www/www_bak/3/www/state.js,790fdd550d6effff99348663f8ed791837b530d470c0e9fe0cc8f0baf5e60222,battery,utf-8,0x4315
阿乐卡MF650高级后台.zip,阿乐卡MF650高级后台/ALKMF650.zip!www/www_bak/3/www/state.js,790fdd550d6effff99348663f8ed791837b530d470c0e9fe0cc8f0baf5e60222,battery,utf-8,0x4345
阿乐卡MF650高级后台.zip,阿乐卡MF650高级后台/ALKMF650.zip!www/www_bak/3/www/state.js,790fdd550d6effff99348663f8ed791837b530d470c0e9fe0cc8f0baf5e60222,mem_usage,utf-8,0x203a
阿乐卡MF650高级后台.zip,阿乐卡MF650高级后台/ALKMF650.zip!www/www_bak/3/www/state.js,790fdd550d6effff99348663f8ed791837b530d470c0e9fe0cc8f0baf5e60222,mem_usage,utf-8,0x209d
阿乐卡MF650高级后台.zip,阿乐卡MF650高级后台/ALKMF650.zip!www/www_bak/3/www/state.js,790fdd550d6effff99348663f8ed791837b530d470c0e9fe0cc8f0baf5e60222,mem_usage,utf-8,0x20fe
阿乐卡MF650高级后台.zip,阿乐卡MF650高级后台/ALKMF650.zip!www/www_bak/3/www/state.js,790fdd550d6effff99348663f8ed791837b530d470c0e9fe0cc8f0baf5e60222,mem_usage,utf-8,0x215e
阿乐卡MF650高级后台.zip,阿乐卡MF650高级后台/ALKMF650.zip!www/www_bak/3/www/state.js,790fdd550d6effff99348663f8ed791837b530d470c0e9fe0cc8f0baf5e60222,mem_usage,utf-8,0x21c3
阿乐卡MF650高级后台.zip,阿乐卡MF650高级后台/ALKMF650.zip!www/www_bak/3/www/state.js,790fdd550d6effff99348663f8ed791837b530d470c0e9fe0cc8f0baf5e60222,mem_usage,utf-8,0x2229
阿乐卡MF650高级后台.zip,阿乐卡MF650高级后台/ALKMF650.zip!www/www_bak/3/www/state.js,790fdd550d6effff99348663f8ed791837b530d470c0e9fe0cc8f0baf5e60222,mem_usage,utf-8,0x228c
阿乐卡MF650高级后台.zip,阿乐卡MF650高级后台/ALKMF650.zip!www/www_bak/3/www/state.js,790fdd550d6effff99348663f8ed791837b530d470c0e9fe0cc8f0baf5e60222,mem_usage,utf-8,0x3a3b
阿乐卡MF650高级后台.zip,阿乐卡MF650高级后台/ALKMF650.zip!www/www_bak/3/www/state.js,790fdd550d6effff99348663f8ed791837b530d470c0e9fe0cc8f0baf5e60222,mem_usage,utf-8,0x7933
阿乐卡MF650高级后台.zip,阿乐卡MF650高级后台/ALKMF650.zip!www/www_bak/3/www/state.js,790fdd550d6effff99348663f8ed791837b530d470c0e9fe0cc8f0baf5e60222,mem_usage,utf-8,0x84eb
阿乐卡MF650高级后台.zip,阿乐卡MF650高级后台/ALKMF650.zip!www/www_bak/3/www/state.js,790fdd550d6effff99348663f8ed791837b530d470c0e9fe0cc8f0baf5e60222,sysinfo,utf-8,0x12f
阿乐卡MF650高级后台.zip,阿乐卡MF650高级后台/ALKMF650.zip!www/www_bak/3/www/state.js,790fdd550d6effff99348663f8ed791837b530d470c0e9fe0cc8f0baf5e60222,sysinfo,utf-8,0x154d
阿乐卡MF650高级后台.zip,阿乐卡MF650高级后台/ALKMF650.zip!www/www_bak/3/www/state.js,790fdd550d6effff99348663f8ed791837b530d470c0e9fe0cc8f0baf5e60222,sysinfo,utf-8,0x15b0
阿乐卡MF650高级后台.zip,阿乐卡MF650高级后台/ALKMF650.zip!www/www_bak/3/www/state.js,790fdd550d6effff99348663f8ed791837b530d470c0e9fe0cc8f0baf5e60222,sysinfo,utf-8,0x1602
阿乐卡MF650高级后台.zip,阿乐卡MF650高级后台/ALKMF650.zip!www/www_bak/3/www/state.js,790fdd550d6effff99348663f8ed791837b530d470c0e9fe0cc8f0baf5e60222,sysinfo,utf-8,0x1654
阿乐卡MF650高级后台.zip,阿乐卡MF650高级后台/ALKMF650.zip!www/www_bak/3/www/state.js,790fdd550d6effff99348663f8ed791837b530d470c0e9fe0cc8f0baf5e60222,sysinfo,utf-8,0x16aa
阿乐卡MF650高级后台.zip,阿乐卡MF650高级后台/ALKMF650.zip!www/www_bak/3/www/state.js,790fdd550d6effff99348663f8ed791837b530d470c0e9fe0cc8f0baf5e60222,sysinfo,utf-8,0x16fe
阿乐卡MF650高级后台.zip,阿乐卡MF650高级后台/ALKMF650.zip!www/www_bak/3/www/state.js,790fdd550d6effff99348663f8ed791837b530d470c0e9fe0cc8f0baf5e60222,sysinfo,utf-8,0x1754
阿乐卡MF650高级后台.zip,阿乐卡MF650高级后台/ALKMF650.zip!www/www_bak/3/www/state.js,790fdd550d6effff99348663f8ed791837b530d470c0e9fe0cc8f0baf5e60222,sysinfo,utf-8,0x17a6
阿乐卡MF650高级后台.zip,阿乐卡MF650高级后台/ALKMF650.zip!www/www_bak/3/www/state.js,790fdd550d6effff99348663f8ed791837b530d470c0e9fe0cc8f0baf5e60222,sysinfo,utf-8,0x17f7
阿乐卡MF650高级后台.zip,阿乐卡MF650高级后台/ALKMF650.zip!www/www_bak/3/www/state.js,790fdd550d6effff99348663f8ed791837b530d470c0e9fe0cc8f0baf5e60222,sysinfo,utf-8,0x181f
阿乐卡MF650高级后台.zip,阿乐卡MF650高级后台/ALKMF650.zip!www/www_bak/3/www/state.js,790fdd550d6effff99348663f8ed791837b530d470c0e9fe0cc8f0baf5e60222,sysinfo,utf-8,0x1842
阿乐卡MF650高级后台.zip,阿乐卡MF650高级后台/ALKMF650.zip!www/www_bak/3/www/state.js,790fdd550d6effff99348663f8ed791837b530d470c0e9fe0cc8f0baf5e60222,sysinfo,utf-8,0x185b
阿乐卡MF650高级后台.zip,阿乐卡MF650高级后台/ALKMF650.zip!www/www_bak/3/www/state.js,790fdd550d6effff99348663f8ed791837b530d470c0e9fe0cc8f0baf5e60222,sysinfo,utf-8,0x1869
阿乐卡MF650高级后台.zip,阿乐卡MF650高级后台/ALKMF650.zip!www/www_bak/3/www/state.js,790fdd550d6effff99348663f8ed791837b530d470c0e9fe0cc8f0baf5e60222,sysinfo,utf-8,0x1877
阿乐卡MF650高级后台.zip,阿乐卡MF650高级后台/ALKMF650.zip!www/www_bak/3/www/state.js,790fdd550d6effff99348663f8ed791837b530d470c0e9fe0cc8f0baf5e60222,sysinfo,utf-8,0x1893
阿乐卡MF650高级后台.zip,阿乐卡MF650高级后台/ALKMF650.zip!www/www_bak/3/www/state.js,790fdd550d6effff99348663f8ed791837b530d470c0e9fe0cc8f0baf5e60222,sysinfo,utf-8,0x18a4
阿乐卡MF650高级后台.zip,阿乐卡MF650高级后台/ALKMF650.zip!www/www_bak/3/www/state.js,790fdd550d6effff99348663f8ed791837b530d470c0e9fe0cc8f0baf5e60222,sysinfo,utf-8,0x18b4
阿乐卡MF650高级后台.zip,阿乐卡MF650高级后台/ALKMF650.zip!www/www_bak/3/www/state.js,790fdd550d6effff99348663f8ed791837b530d470c0e9fe0cc8f0baf5e60222,sysinfo,utf-8,0x18c4
阿乐卡MF650高级后台.zip,阿乐卡MF650高级后台/ALKMF650.zip!www/www_bak/3/www/state.js,790fdd550d6effff99348663f8ed791837b530d470c0e9fe0cc8f0baf5e60222,sysinfo,utf-8,0x18df
阿乐卡MF650高级后台.zip,阿乐卡MF650高级后台/ALKMF650.zip!www/www_bak/3/www/state.js,790fdd550d6effff99348663f8ed791837b530d470c0e9fe0cc8f0baf5e60222,sysinfo,utf-8,0x18f4
阿乐卡MF650高级后台.zip,阿乐卡MF650高级后台/ALKMF650.zip!www/www_bak/3/www/state.js,790fdd550d6effff99348663f8ed791837b530d470c0e9fe0cc8f0baf5e60222,sysinfo,utf-8,0x190b
阿乐卡MF650高级后台.zip,阿乐卡MF650高级后台/ALKMF650.zip!www/www_bak/3/www/state.js,790fdd550d6effff99348663f8ed791837b530d470c0e9fe0cc8f0baf5e60222,sysinfo,utf-8,0x1953
阿乐卡MF650高级后台.zip,阿乐卡MF650高级后台/ALKMF650.zip!www/www_bak/3/www/state.js,790fdd550d6effff99348663f8ed791837b530d470c0e9fe0cc8f0baf5e60222,sysinfo,utf-8,0x1967
阿乐卡MF650高级后台.zip,阿乐卡MF650高级后台/ALKMF650.zip!www/www_bak/3/www/state.js,790fdd550d6effff99348663f8ed791837b530d470c0e9fe0cc8f0baf5e60222,sysinfo,utf-8,0x19d2
阿乐卡MF650高级后台.zip,阿乐卡MF650高级后台/ALKMF650.zip!www/www_bak/3/www/state.js,790fdd550d6effff99348663f8ed791837b530d470c0e9fe0cc8f0baf5e60222,sysinfo,utf-8,0x19f4
阿乐卡MF650高级后台.zip,阿乐卡MF650高级后台/ALKMF650.zip!www/www_bak/3/www/state.js,790fdd550d6effff99348663f8ed791837b530d470c0e9fe0cc8f0baf5e60222,sysinfo,utf-8,0x1a15
阿乐卡MF650高级后台.zip,阿乐卡MF650高级后台/ALKMF650.zip!www/www_bak/3/www/state.js,790fdd550d6effff99348663f8ed791837b530d470c0e9fe0cc8f0baf5e60222,sysinfo,utf-8,0x1a2d
阿乐卡MF650高级后台.zip,阿乐卡MF650高级后台/ALKMF650.zip!www/www_bak/3/www/state.js,790fdd550d6effff99348663f8ed791837b530d470c0e9fe0cc8f0baf5e60222,sysinfo,utf-8,0x1a4c
阿乐卡MF650高级后台.zip,阿乐卡MF650高级后台/ALKMF650.zip!www/www_bak/3/www/state.js,790fdd550d6effff99348663f8ed791837b530d470c0e9fe0cc8f0baf5e60222,sysinfo,utf-8,0x1a6f
阿乐卡MF650高级后台.zip,阿乐卡MF650高级后台/ALKMF650.zip!www/www_bak/3/www/state.js,790fdd550d6effff99348663f8ed791837b530d470c0e9fe0cc8f0baf5e60222,sysinfo,utf-8,0x1a89
阿乐卡MF650高级后台.zip,阿乐卡MF650高级后台/ALKMF650.zip!www/www_bak/3/www/state.js,790fdd550d6effff99348663f8ed791837b530d470c0e9fe0cc8f0baf5e60222,sysinfo,utf-8,0x1bf9
阿乐卡MF650高级后台.zip,阿乐卡MF650高级后台/ALKMF650.zip!www/www_bak/3/www/state.js,790fdd550d6effff99348663f8ed791837b530d470c0e9fe0cc8f0baf5e60222,sysinfo,utf-8,0x1c29
阿乐卡MF650高级后台.zip,阿乐卡MF650高级后台/ALKMF650.zip!www/www_bak/3/www/state.js,790fdd550d6effff99348663f8ed791837b530d470c0e9fe0cc8f0baf5e60222,sysinfo,utf-8,0x1c5f
阿乐卡MF650高级后台.zip,阿乐卡MF650高级后台/ALKMF650.zip!www/www_bak/3/www/state.js,790fdd550d6effff99348663f8ed791837b530d470c0e9fe0cc8f0baf5e60222,sysinfo,utf-8,0x207a
阿乐卡MF650高级后台.zip,阿乐卡MF650高级后台/ALKMF650.zip!www/www_bak/3/www/state.js,790fdd550d6effff99348663f8ed791837b530d470c0e9fe0cc8f0baf5e60222,sysinfo,utf-8,0x20dc
阿乐卡MF650高级后台.zip,阿乐卡MF650高级后台/ALKMF650.zip!www/www_bak/3/www/state.js,790fdd550d6effff99348663f8ed791837b530d470c0e9fe0cc8f0baf5e60222,sysinfo,utf-8,0x213c
阿乐卡MF650高级后台.zip,阿乐卡MF650高级后台/ALKMF650.zip!www/www_bak/3/www/state.js,790fdd550d6effff99348663f8ed791837b530d470c0e9fe0cc8f0baf5e60222,sysinfo,utf-8,0x219f
阿乐卡MF650高级后台.zip,阿乐卡MF650高级后台/ALKMF650.zip!www/www_bak/3/www/state.js,790fdd550d6effff99348663f8ed791837b530d470c0e9fe0cc8f0baf5e60222,sysinfo,utf-8,0x2204
阿乐卡MF650高级后台.zip,阿乐卡MF650高级后台/ALKMF650.zip!www/www_bak/3/www/state.js,790fdd550d6effff99348663f8ed791837b530d470c0e9fe0cc8f0baf5e60222,sysinfo,utf-8,0x2268
阿乐卡MF650高级后台.zip,阿乐卡MF650高级后台/ALKMF650.zip!www/www_bak/3/www/state.js,790fdd550d6effff99348663f8ed791837b530d470c0e9fe0cc8f0baf5e60222,sysinfo,utf-8,0x22cf
阿乐卡MF650高级后台.zip,阿乐卡MF650高级后台/ALKMF650.zip!www/www_bak/3/www/state.js,790fdd550d6effff99348663f8ed791837b530d470c0e9fe0cc8f0baf5e60222,sysinfo,utf-8,0x22fa
阿乐卡MF650高级后台.zip,阿乐卡MF650高级后台/ALKMF650.zip!www/www_bak/3/www/state.js,790fdd550d6effff99348663f8ed791837b530d470c0e9fe0cc8f0baf5e60222,sysinfo,utf-8,0x2379
阿乐卡MF650高级后台.zip,阿乐卡MF650高级后台/ALKMF650.zip!www/www_bak/3/www/state.js,790fdd550d6effff99348663f8ed791837b530d470c0e9fe0cc8f0baf5e60222,sysinfo,utf-8,0x23f8
阿乐卡MF650高级后台.zip,阿乐卡MF650高级后台/ALKMF650.zip!www/www_bak/3/www/state.js,790fdd550d6effff99348663f8ed791837b530d470c0e9fe0cc8f0baf5e60222,sysinfo,utf-8,0x247b
阿乐卡MF650高级后台.zip,阿乐卡MF650高级后台/ALKMF650.zip!www/www_bak/3/www/state.js,790fdd550d6effff99348663f8ed791837b530d470c0e9fe0cc8f0baf5e60222,sysinfo,utf-8,0x24fe
阿乐卡MF650高级后台.zip,阿乐卡MF650高级后台/ALKMF650.zip!www/www_bak/3/www/state.js,790fdd550d6effff99348663f8ed791837b530d470c0e9fe0cc8f0baf5e60222,sysinfo,utf-8,0x256a
阿乐卡MF650高级后台.zip,阿乐卡MF650高级后台/ALKMF650.zip!www/www_bak/3/www/state.js,790fdd550d6effff99348663f8ed791837b530d470c0e9fe0cc8f0baf5e60222,sysinfo,utf-8,0x5ce0
阿乐卡MF650高级后台.zip,阿乐卡MF650高级后台/ALKMF650.zip!www/www_bak/3/www/state.js,790fdd550d6effff99348663f8ed791837b530d470c0e9fe0cc8f0baf5e60222,sysinfo,utf-8,0x662d
阿乐卡MF650高级后台.zip,阿乐卡MF650高级后台/adb.exe,bce1f6f6f6532266837b66d719bfbd177d406d6d7d8d5adfd5e7c59fcde651a5,8081,utf-8,0x4ca8d8
阿乐卡MF650高级后台.zip,阿乐卡MF650高级后台/adb.exe,bce1f6f6f6532266837b66d719bfbd177d406d6d7d8d5adfd5e7c59fcde651a5,battery,utf-8,0x4de08d
阿乐卡MF650高级后台.zip,阿乐卡MF650高级后台/adb.exe,bce1f6f6f6532266837b66d719bfbd177d406d6d7d8d5adfd5e7c59fcde651a5,temperature,utf-8,0x4e5652
阿乐卡MF650高级后台.zip,阿乐卡MF650高级后台/adb.exe,bce1f6f6f6532266837b66d719bfbd177d406d6d7d8d5adfd5e7c59fcde651a5,temperature,utf-8,0x4e8c3c
阿乐卡MF650高级后台.zip,阿乐卡MF650高级后台/adb.exe,bce1f6f6f6532266837b66d719bfbd177d406d6d7d8d5adfd5e7c59fcde651a5,5555,utf-8,0x45ebdc
阿乐卡MF650高级后台.zip,阿乐卡MF650高级后台/adb.exe,bce1f6f6f6532266837b66d719bfbd177d406d6d7d8d5adfd5e7c59fcde651a5,5555,utf-8,0x45ec33
阿乐卡MF650高级后台.zip,阿乐卡MF650高级后台/adb.exe,bce1f6f6f6532266837b66d719bfbd177d406d6d7d8d5adfd5e7c59fcde651a5,5555,utf-8,0x482465
高级后台断网修复包-1.zip,高级后台断网修复包1/adb.exe,bce1f6f6f6532266837b66d719bfbd177d406d6d7d8d5adfd5e7c59fcde651a5,8081,utf-8,0x4ca8d8
高级后台断网修复包-1.zip,高级后台断网修复包1/adb.exe,bce1f6f6f6532266837b66d719bfbd177d406d6d7d8d5adfd5e7c59fcde651a5,battery,utf-8,0x4de08d
高级后台断网修复包-1.zip,高级后台断网修复包1/adb.exe,bce1f6f6f6532266837b66d719bfbd177d406d6d7d8d5adfd5e7c59fcde651a5,temperature,utf-8,0x4e5652
高级后台断网修复包-1.zip,高级后台断网修复包1/adb.exe,bce1f6f6f6532266837b66d719bfbd177d406d6d7d8d5adfd5e7c59fcde651a5,temperature,utf-8,0x4e8c3c
高级后台断网修复包-1.zip,高级后台断网修复包1/adb.exe,bce1f6f6f6532266837b66d719bfbd177d406d6d7d8d5adfd5e7c59fcde651a5,5555,utf-8,0x45ebdc
高级后台断网修复包-1.zip,高级后台断网修复包1/adb.exe,bce1f6f6f6532266837b66d719bfbd177d406d6d7d8d5adfd5e7c59fcde651a5,5555,utf-8,0x45ec33
高级后台断网修复包-1.zip,高级后台断网修复包1/adb.exe,bce1f6f6f6532266837b66d719bfbd177d406d6d7d8d5adfd5e7c59fcde651a5,5555,utf-8,0x482465
高级后台断网修复包-1.zip,高级后台断网修复包1/www/Advanced_Charge_Control.asp,e8499a1e4931763b41859c7bee5da79a3e836df547709557cc8cdec45037aead,192.168.100.1,utf-8,0x2951
高级后台断网修复包-1.zip,高级后台断网修复包1/www/Advanced_Charge_Cron.asp,94593c03af7d69ae247c280d82afcd5ad06c375becef9b8306303be21098105b,192.168.100.1,utf-8,0x4171
高级后台断网修复包-1.zip,高级后台断网修复包1/www/Advanced_Charge_Cron.asp,94593c03af7d69ae247c280d82afcd5ad06c375becef9b8306303be21098105b,192.168.100.1,utf-8,0x4719
高级后台断网修复包-1.zip,高级后台断网修复包1/www/Advanced_Charge_Cron.asp,94593c03af7d69ae247c280d82afcd5ad06c375becef9b8306303be21098105b,192.168.100.1,utf-8,0x498a
高级后台断网修复包-1.zip,高级后台断网修复包1/www/Advanced_FirmwareUpgrade_OTA.asp,2f99d0a2aace5c307cee03e1def800c791c4f41f7fca298444f5330dd22ea48f,192.168.100.1,utf-8,0x834
高级后台断网修复包-1.zip,高级后台断网修复包1/www/Advanced_FlowCtl_Content.asp,a108b75f73142a2db5e9019231b96b7bd7cd01129493d883ef32457ef7fcdca5,system_status,utf-8,0x6ac
高级后台断网修复包-1.zip,高级后台断网修复包1/www/Advanced_FlowCtl_Content.asp,a108b75f73142a2db5e9019231b96b7bd7cd01129493d883ef32457ef7fcdca5,system_status,utf-8,0x762
高级后台断网修复包-1.zip,高级后台断网修复包1/www/Advanced_FlowCtl_Content.asp,a108b75f73142a2db5e9019231b96b7bd7cd01129493d883ef32457ef7fcdca5,system_status,utf-8,0x86e
高级后台断网修复包-1.zip,高级后台断网修复包1/www/Advanced_FlowCtl_Content.asp,a108b75f73142a2db5e9019231b96b7bd7cd01129493d883ef32457ef7fcdca5,system_status,utf-8,0x8fb
高级后台断网修复包-1.zip,高级后台断网修复包1/www/Advanced_FlowCtl_Content.asp,a108b75f73142a2db5e9019231b96b7bd7cd01129493d883ef32457ef7fcdca5,system_status,utf-8,0x139e
高级后台断网修复包-1.zip,高级后台断网修复包1/www/Advanced_FlowCtl_Content.asp,a108b75f73142a2db5e9019231b96b7bd7cd01129493d883ef32457ef7fcdca5,temperature,utf-8,0x11ad
高级后台断网修复包-1.zip,高级后台断网修复包1/www/Advanced_FlowCtl_Content.asp,a108b75f73142a2db5e9019231b96b7bd7cd01129493d883ef32457ef7fcdca5,temperature,utf-8,0x15b3
高级后台断网修复包-1.zip,高级后台断网修复包1/www/Advanced_SettingBackup_Content.asp,0cf9c4a50a21f7cedcd6ca64d76e0ca0e971e8dfe6fa2f5f68daec8c903f1fa3,192.168.100.1,utf-8,0xba9
高级后台断网修复包-1.zip,高级后台断网修复包1/www/Advanced_System_Status.asp,ac98b3a314876854bb3f0df9e3c306c6a5a912eb91dce021573d5a62f5fc00fc,system_status,utf-8,0x799
高级后台断网修复包-1.zip,高级后台断网修复包1/www/Advanced_System_Status.asp,ac98b3a314876854bb3f0df9e3c306c6a5a912eb91dce021573d5a62f5fc00fc,system_status,utf-8,0x158e
高级后台断网修复包-1.zip,高级后台断网修复包1/www/Advanced_System_Status.asp,ac98b3a314876854bb3f0df9e3c306c6a5a912eb91dce021573d5a62f5fc00fc,system_status,utf-8,0x160b
高级后台断网修复包-1.zip,高级后台断网修复包1/www/Advanced_System_Status.asp,ac98b3a314876854bb3f0df9e3c306c6a5a912eb91dce021573d5a62f5fc00fc,system_status,utf-8,0x2b2a
高级后台断网修复包-1.zip,高级后台断网修复包1/www/Advanced_System_Status.asp,ac98b3a314876854bb3f0df9e3c306c6a5a912eb91dce021573d5a62f5fc00fc,system_status,utf-8,0x2fd5
高级后台断网修复包-1.zip,高级后台断网修复包1/www/Advanced_System_Status.asp,ac98b3a314876854bb3f0df9e3c306c6a5a912eb91dce021573d5a62f5fc00fc,cpu_usage,utf-8,0x1a31
高级后台断网修复包-1.zip,高级后台断网修复包1/www/Advanced_System_Status.asp,ac98b3a314876854bb3f0df9e3c306c6a5a912eb91dce021573d5a62f5fc00fc,temperature,utf-8,0x1536
高级后台断网修复包-1.zip,高级后台断网修复包1/www/Advanced_System_Status.asp,ac98b3a314876854bb3f0df9e3c306c6a5a912eb91dce021573d5a62f5fc00fc,temperature,utf-8,0x2214
高级后台断网修复包-1.zip,高级后台断网修复包1/www/Advanced_System_Status.asp,ac98b3a314876854bb3f0df9e3c306c6a5a912eb91dce021573d5a62f5fc00fc,temperature,utf-8,0x28f5
高级后台断网修复包-1.zip,高级后台断网修复包1/www/Advanced_System_Status.asp,ac98b3a314876854bb3f0df9e3c306c6a5a912eb91dce021573d5a62f5fc00fc,mem_usage,utf-8,0x1a74
高级后台断网修复包-1.zip,高级后台断网修复包1/www/CN.dict,a304b3e37602e7af30d78c3cca50284b4d65f58996e5b32e9637cd996255d9b9,battery,utf-8,0x17944
高级后台断网修复包-1.zip,高级后台断网修复包1/www/CN.dict,a304b3e37602e7af30d78c3cca50284b4d65f58996e5b32e9637cd996255d9b9,192.168.100.1,utf-8,0xee35
高级后台断网修复包-1.zip,高级后台断网修复包1/www/CN.dict,a304b3e37602e7af30d78c3cca50284b4d65f58996e5b32e9637cd996255d9b9,192.168.100.1,utf-8,0x172a8
高级后台断网修复包-1.zip,高级后台断网修复包1/www/EN.dict,9a6a01137c471b3e1c36205cf61adca0cb55ec5d4cb798f4cdce05789b7e7fa3,battery,utf-8,0x1a4aa
高级后台断网修复包-1.zip,高级后台断网修复包1/www/EN.dict,9a6a01137c471b3e1c36205cf61adca0cb55ec5d4cb798f4cdce05789b7e7fa3,battery,utf-8,0x1a4b8
高级后台断网修复包-1.zip,高级后台断网修复包1/www/EN.dict,9a6a01137c471b3e1c36205cf61adca0cb55ec5d4cb798f4cdce05789b7e7fa3,192.168.100.1,utf-8,0x1060d
高级后台断网修复包-1.zip,高级后台断网修复包1/www/EN.dict,9a6a01137c471b3e1c36205cf61adca0cb55ec5d4cb798f4cdce05789b7e7fa3,192.168.100.1,utf-8,0x19b6b
高级后台断网修复包-1.zip,高级后台断网修复包1/www/Restarting.asp,0ec74d40c33d2e33d477193b515fe86b3c8b26080fbccd33ad3c25d316b6be50,192.168.100.1,utf-8,0x23e
高级后台断网修复包-1.zip,高级后台断网修复包1/www/adv-utils/api.js,7a1d119df4966d9bc0aa649ccd4054518bf6695922363dbe861fed5685f1c57a,sysinfo,utf-8,0x54b
高级后台断网修复包-1.zip,高级后台断网修复包1/www/adv-utils/api.js,7a1d119df4966d9bc0aa649ccd4054518bf6695922363dbe861fed5685f1c57a,sysinfo,utf-8,0x585
高级后台断网修复包-1.zip,高级后台断网修复包1/www/adv-utils/api.js,7a1d119df4966d9bc0aa649ccd4054518bf6695922363dbe861fed5685f1c57a,sysinfo,utf-8,0x5e7
高级后台断网修复包-1.zip,高级后台断网修复包1/www/adv-utils/charge.asp,5f81afbca092d0f45e082e8cc614c653394cb60c92d637f9bbae94c2a31c3cf9,sysinfo,utf-8,0x3b7
高级后台断网修复包-1.zip,高级后台断网修复包1/www/adv-utils/status.asp,5e4da282317127f5a902fc649c77cec3639b0242f183ddd4a16ddc1aeaf458f1,cpu_usage,utf-8,0x87e
高级后台断网修复包-1.zip,高级后台断网修复包1/www/adv-utils/status.asp,5e4da282317127f5a902fc649c77cec3639b0242f183ddd4a16ddc1aeaf458f1,cpu_usage,utf-8,0xa69
高级后台断网修复包-1.zip,高级后台断网修复包1/www/adv-utils/status.asp,5e4da282317127f5a902fc649c77cec3639b0242f183ddd4a16ddc1aeaf458f1,cpu_usage,utf-8,0x152d
高级后台断网修复包-1.zip,高级后台断网修复包1/www/adv-utils/status.asp,5e4da282317127f5a902fc649c77cec3639b0242f183ddd4a16ddc1aeaf458f1,cpu_usage,utf-8,0x153c
高级后台断网修复包-1.zip,高级后台断网修复包1/www/adv-utils/status.asp,5e4da282317127f5a902fc649c77cec3639b0242f183ddd4a16ddc1aeaf458f1,mem_usage,utf-8,0x8f4
高级后台断网修复包-1.zip,高级后台断网修复包1/www/adv-utils/status.asp,5e4da282317127f5a902fc649c77cec3639b0242f183ddd4a16ddc1aeaf458f1,mem_usage,utf-8,0x99a
高级后台断网修复包-1.zip,高级后台断网修复包1/www/adv-utils/status.asp,5e4da282317127f5a902fc649c77cec3639b0242f183ddd4a16ddc1aeaf458f1,mem_usage,utf-8,0xacd
高级后台断网修复包-1.zip,高级后台断网修复包1/www/adv-utils/status.asp,5e4da282317127f5a902fc649c77cec3639b0242f183ddd4a16ddc1aeaf458f1,mem_usage,utf-8,0xae2
高级后台断网修复包-1.zip,高级后台断网修复包1/www/adv-utils/status.asp,5e4da282317127f5a902fc649c77cec3639b0242f183ddd4a16ddc1aeaf458f1,mem_usage,utf-8,0xafa
高级后台断网修复包-1.zip,高级后台断网修复包1/www/adv-utils/status.asp,5e4da282317127f5a902fc649c77cec3639b0242f183ddd4a16ddc1aeaf458f1,mem_usage,utf-8,0x16a8
高级后台断网修复包-1.zip,高级后台断网修复包1/www/adv-utils/status.asp,5e4da282317127f5a902fc649c77cec3639b0242f183ddd4a16ddc1aeaf458f1,mem_usage,utf-8,0x16b7
高级后台断网修复包-1.zip,高级后台断网修复包1/www/adv-utils/status.asp,5e4da282317127f5a902fc649c77cec3639b0242f183ddd4a16ddc1aeaf458f1,sysinfo,utf-8,0x69b
高级后台断网修复包-1.zip,高级后台断网修复包1/www/bootstrap/css/bootstrap.min.css,b4e6916ca1c16cca5675341878929550f1f2eb2128503c9d3307963b2bf6bbc4,5555,utf-8,0xa381
高级后台断网修复包-1.zip,高级后台断网修复包1/www/bootstrap/css/main.css,dfa2f3c6f38e12de82fde8f543c7e2577be8f6df35fcb4690845e94dc2995cf1,5555,utf-8,0x564f
高级后台断网修复包-1.zip,高级后台断网修复包1/www/bootstrap/img/battery/battery_0.png,495032d5e8d0909e863b12b16f378aa644343431c69671545619facdefc32190,battery,utf-8,0x68
高级后台断网修复包-1.zip,高级后台断网修复包1/www/bootstrap/img/battery/battery_1.png,001bff930ad7459498b0746da4d049bb73071ee4f9b722a76622c93a2c212718,battery,utf-8,0x68
高级后台断网修复包-1.zip,高级后台断网修复包1/www/bootstrap/img/battery/battery_2.png,e1807abf19727a1c93894538304ee5fb1f6a7aa03e6d5c100bd7ec002997c5df,battery,utf-8,0x68
高级后台断网修复包-1.zip,高级后台断网修复包1/www/bootstrap/img/battery/battery_3.png,d8b2f7d427a3dc3e4c97afe96695964a2a13e886e11ec17c2eb4afc973a26c27,battery,utf-8,0x68
高级后台断网修复包-1.zip,高级后台断网修复包1/www/bootstrap/img/battery/battery_4.png,47e7836daf4b3bfb30523f81159008fd774e78bad7ba6532d50de56b693a2a6d,battery,utf-8,0x68
高级后台断网修复包-1.zip,高级后台断网修复包1/www/bootstrap/img/battery/battery_low.png,77324ae8450a33a4ffc730f878b71de0cc023743459e3953e10fa4963dd60fc8,battery,utf-8,0x68
高级后台断网修复包-1.zip,高级后台断网修复包1/www/bootstrap/img/battery/battery_null.png,4df3e66f7f6144c0b0d96cb8aab5b1eddb94897d2da1ff1a2011a8fdf0ad2a56,battery,utf-8,0x68
高级后台断网修复包-1.zip,高级后台断网修复包1/www/bootstrap/js/highcharts.js,9b3c3bd2e3ef63b93c371383a912535e47032c256d9fc651ac440ea6b98f13fb,5555,utf-8,0x2910
高级后台断网修复包-1.zip,高级后台断网修复包1/www/feiliu.asp,32b0c10a5886c6d5d2b3958f1acd46b8e7011247978a3b58e0152fd18c3ea04a,7689,utf-8,0xfe9
高级后台断网修复包-1.zip,高级后台断网修复包1/www/state.js,97e1ac34c4a485264c9786bbd386bc5972078fb7732d0c5469e107a60aa4a10b,system_status,utf-8,0x141
高级后台断网修复包-1.zip,高级后台断网修复包1/www/state.js,97e1ac34c4a485264c9786bbd386bc5972078fb7732d0c5469e107a60aa4a10b,system_status,utf-8,0xdd2
高级后台断网修复包-1.zip,高级后台断网修复包1/www/state.js,97e1ac34c4a485264c9786bbd386bc5972078fb7732d0c5469e107a60aa4a10b,system_status,utf-8,0x5aea
高级后台断网修复包-1.zip,高级后台断网修复包1/www/state.js,97e1ac34c4a485264c9786bbd386bc5972078fb7732d0c5469e107a60aa4a10b,system_status,utf-8,0x683b
高级后台断网修复包-1.zip,高级后台断网修复包1/www/state.js,97e1ac34c4a485264c9786bbd386bc5972078fb7732d0c5469e107a60aa4a10b,cpu_usage,utf-8,0x1e26
高级后台断网修复包-1.zip,高级后台断网修复包1/www/state.js,97e1ac34c4a485264c9786bbd386bc5972078fb7732d0c5469e107a60aa4a10b,cpu_usage,utf-8,0x1e72
高级后台断网修复包-1.zip,高级后台断网修复包1/www/state.js,97e1ac34c4a485264c9786bbd386bc5972078fb7732d0c5469e107a60aa4a10b,cpu_usage,utf-8,0x1ebe
高级后台断网修复包-1.zip,高级后台断网修复包1/www/state.js,97e1ac34c4a485264c9786bbd386bc5972078fb7732d0c5469e107a60aa4a10b,cpu_usage,utf-8,0x1f0d
高级后台断网修复包-1.zip,高级后台断网修复包1/www/state.js,97e1ac34c4a485264c9786bbd386bc5972078fb7732d0c5469e107a60aa4a10b,cpu_usage,utf-8,0x1f59
高级后台断网修复包-1.zip,高级后台断网修复包1/www/state.js,97e1ac34c4a485264c9786bbd386bc5972078fb7732d0c5469e107a60aa4a10b,cpu_usage,utf-8,0x1fa2
高级后台断网修复包-1.zip,高级后台断网修复包1/www/state.js,97e1ac34c4a485264c9786bbd386bc5972078fb7732d0c5469e107a60aa4a10b,cpu_usage,utf-8,0x1fee
高级后台断网修复包-1.zip,高级后台断网修复包1/www/state.js,97e1ac34c4a485264c9786bbd386bc5972078fb7732d0c5469e107a60aa4a10b,cpu_usage,utf-8,0x3a1b
高级后台断网修复包-1.zip,高级后台断网修复包1/www/state.js,97e1ac34c4a485264c9786bbd386bc5972078fb7732d0c5469e107a60aa4a10b,cpu_usage,utf-8,0x7add
高级后台断网修复包-1.zip,高级后台断网修复包1/www/state.js,97e1ac34c4a485264c9786bbd386bc5972078fb7732d0c5469e107a60aa4a10b,cpu_usage,utf-8,0x86d9
高级后台断网修复包-1.zip,高级后台断网修复包1/www/state.js,97e1ac34c4a485264c9786bbd386bc5972078fb7732d0c5469e107a60aa4a10b,battery,utf-8,0x11a7
高级后台断网修复包-1.zip,高级后台断网修复包1/www/state.js,97e1ac34c4a485264c9786bbd386bc5972078fb7732d0c5469e107a60aa4a10b,battery,utf-8,0x1462
高级后台断网修复包-1.zip,高级后台断网修复包1/www/state.js,97e1ac34c4a485264c9786bbd386bc5972078fb7732d0c5469e107a60aa4a10b,battery,utf-8,0x149d
高级后台断网修复包-1.zip,高级后台断网修复包1/www/state.js,97e1ac34c4a485264c9786bbd386bc5972078fb7732d0c5469e107a60aa4a10b,battery,utf-8,0x14a5
高级后台断网修复包-1.zip,高级后台断网修复包1/www/state.js,97e1ac34c4a485264c9786bbd386bc5972078fb7732d0c5469e107a60aa4a10b,battery,utf-8,0x194b
高级后台断网修复包-1.zip,高级后台断网修复包1/www/state.js,97e1ac34c4a485264c9786bbd386bc5972078fb7732d0c5469e107a60aa4a10b,battery,utf-8,0x45e0
高级后台断网修复包-1.zip,高级后台断网修复包1/www/state.js,97e1ac34c4a485264c9786bbd386bc5972078fb7732d0c5469e107a60aa4a10b,battery,utf-8,0x4610
高级后台断网修复包-1.zip,高级后台断网修复包1/www/state.js,97e1ac34c4a485264c9786bbd386bc5972078fb7732d0c5469e107a60aa4a10b,mem_usage,utf-8,0x203a
高级后台断网修复包-1.zip,高级后台断网修复包1/www/state.js,97e1ac34c4a485264c9786bbd386bc5972078fb7732d0c5469e107a60aa4a10b,mem_usage,utf-8,0x209d
高级后台断网修复包-1.zip,高级后台断网修复包1/www/state.js,97e1ac34c4a485264c9786bbd386bc5972078fb7732d0c5469e107a60aa4a10b,mem_usage,utf-8,0x20fe
高级后台断网修复包-1.zip,高级后台断网修复包1/www/state.js,97e1ac34c4a485264c9786bbd386bc5972078fb7732d0c5469e107a60aa4a10b,mem_usage,utf-8,0x215e
高级后台断网修复包-1.zip,高级后台断网修复包1/www/state.js,97e1ac34c4a485264c9786bbd386bc5972078fb7732d0c5469e107a60aa4a10b,mem_usage,utf-8,0x21c3
高级后台断网修复包-1.zip,高级后台断网修复包1/www/state.js,97e1ac34c4a485264c9786bbd386bc5972078fb7732d0c5469e107a60aa4a10b,mem_usage,utf-8,0x2229
高级后台断网修复包-1.zip,高级后台断网修复包1/www/state.js,97e1ac34c4a485264c9786bbd386bc5972078fb7732d0c5469e107a60aa4a10b,mem_usage,utf-8,0x228c
高级后台断网修复包-1.zip,高级后台断网修复包1/www/state.js,97e1ac34c4a485264c9786bbd386bc5972078fb7732d0c5469e107a60aa4a10b,mem_usage,utf-8,0x3d06
高级后台断网修复包-1.zip,高级后台断网修复包1/www/state.js,97e1ac34c4a485264c9786bbd386bc5972078fb7732d0c5469e107a60aa4a10b,mem_usage,utf-8,0x7b3b
高级后台断网修复包-1.zip,高级后台断网修复包1/www/state.js,97e1ac34c4a485264c9786bbd386bc5972078fb7732d0c5469e107a60aa4a10b,mem_usage,utf-8,0x86f3
高级后台断网修复包-1.zip,高级后台断网修复包1/www/state.js,97e1ac34c4a485264c9786bbd386bc5972078fb7732d0c5469e107a60aa4a10b,sysinfo,utf-8,0x12f
高级后台断网修复包-1.zip,高级后台断网修复包1/www/state.js,97e1ac34c4a485264c9786bbd386bc5972078fb7732d0c5469e107a60aa4a10b,sysinfo,utf-8,0x154d
高级后台断网修复包-1.zip,高级后台断网修复包1/www/state.js,97e1ac34c4a485264c9786bbd386bc5972078fb7732d0c5469e107a60aa4a10b,sysinfo,utf-8,0x15b0
高级后台断网修复包-1.zip,高级后台断网修复包1/www/state.js,97e1ac34c4a485264c9786bbd386bc5972078fb7732d0c5469e107a60aa4a10b,sysinfo,utf-8,0x1602
高级后台断网修复包-1.zip,高级后台断网修复包1/www/state.js,97e1ac34c4a485264c9786bbd386bc5972078fb7732d0c5469e107a60aa4a10b,sysinfo,utf-8,0x1654
高级后台断网修复包-1.zip,高级后台断网修复包1/www/state.js,97e1ac34c4a485264c9786bbd386bc5972078fb7732d0c5469e107a60aa4a10b,sysinfo,utf-8,0x16aa
高级后台断网修复包-1.zip,高级后台断网修复包1/www/state.js,97e1ac34c4a485264c9786bbd386bc5972078fb7732d0c5469e107a60aa4a10b,sysinfo,utf-8,0x16fe
高级后台断网修复包-1.zip,高级后台断网修复包1/www/state.js,97e1ac34c4a485264c9786bbd386bc5972078fb7732d0c5469e107a60aa4a10b,sysinfo,utf-8,0x1754
高级后台断网修复包-1.zip,高级后台断网修复包1/www/state.js,97e1ac34c4a485264c9786bbd386bc5972078fb7732d0c5469e107a60aa4a10b,sysinfo,utf-8,0x17a6
高级后台断网修复包-1.zip,高级后台断网修复包1/www/state.js,97e1ac34c4a485264c9786bbd386bc5972078fb7732d0c5469e107a60aa4a10b,sysinfo,utf-8,0x17f7
高级后台断网修复包-1.zip,高级后台断网修复包1/www/state.js,97e1ac34c4a485264c9786bbd386bc5972078fb7732d0c5469e107a60aa4a10b,sysinfo,utf-8,0x181f
高级后台断网修复包-1.zip,高级后台断网修复包1/www/state.js,97e1ac34c4a485264c9786bbd386bc5972078fb7732d0c5469e107a60aa4a10b,sysinfo,utf-8,0x1842
高级后台断网修复包-1.zip,高级后台断网修复包1/www/state.js,97e1ac34c4a485264c9786bbd386bc5972078fb7732d0c5469e107a60aa4a10b,sysinfo,utf-8,0x185b
高级后台断网修复包-1.zip,高级后台断网修复包1/www/state.js,97e1ac34c4a485264c9786bbd386bc5972078fb7732d0c5469e107a60aa4a10b,sysinfo,utf-8,0x1869
高级后台断网修复包-1.zip,高级后台断网修复包1/www/state.js,97e1ac34c4a485264c9786bbd386bc5972078fb7732d0c5469e107a60aa4a10b,sysinfo,utf-8,0x1877
高级后台断网修复包-1.zip,高级后台断网修复包1/www/state.js,97e1ac34c4a485264c9786bbd386bc5972078fb7732d0c5469e107a60aa4a10b,sysinfo,utf-8,0x1893
高级后台断网修复包-1.zip,高级后台断网修复包1/www/state.js,97e1ac34c4a485264c9786bbd386bc5972078fb7732d0c5469e107a60aa4a10b,sysinfo,utf-8,0x18a4
高级后台断网修复包-1.zip,高级后台断网修复包1/www/state.js,97e1ac34c4a485264c9786bbd386bc5972078fb7732d0c5469e107a60aa4a10b,sysinfo,utf-8,0x18b4
高级后台断网修复包-1.zip,高级后台断网修复包1/www/state.js,97e1ac34c4a485264c9786bbd386bc5972078fb7732d0c5469e107a60aa4a10b,sysinfo,utf-8,0x18c4
高级后台断网修复包-1.zip,高级后台断网修复包1/www/state.js,97e1ac34c4a485264c9786bbd386bc5972078fb7732d0c5469e107a60aa4a10b,sysinfo,utf-8,0x18df
高级后台断网修复包-1.zip,高级后台断网修复包1/www/state.js,97e1ac34c4a485264c9786bbd386bc5972078fb7732d0c5469e107a60aa4a10b,sysinfo,utf-8,0x18f4
高级后台断网修复包-1.zip,高级后台断网修复包1/www/state.js,97e1ac34c4a485264c9786bbd386bc5972078fb7732d0c5469e107a60aa4a10b,sysinfo,utf-8,0x190b
高级后台断网修复包-1.zip,高级后台断网修复包1/www/state.js,97e1ac34c4a485264c9786bbd386bc5972078fb7732d0c5469e107a60aa4a10b,sysinfo,utf-8,0x1953
高级后台断网修复包-1.zip,高级后台断网修复包1/www/state.js,97e1ac34c4a485264c9786bbd386bc5972078fb7732d0c5469e107a60aa4a10b,sysinfo,utf-8,0x1967
高级后台断网修复包-1.zip,高级后台断网修复包1/www/state.js,97e1ac34c4a485264c9786bbd386bc5972078fb7732d0c5469e107a60aa4a10b,sysinfo,utf-8,0x19d2
高级后台断网修复包-1.zip,高级后台断网修复包1/www/state.js,97e1ac34c4a485264c9786bbd386bc5972078fb7732d0c5469e107a60aa4a10b,sysinfo,utf-8,0x19f4
高级后台断网修复包-1.zip,高级后台断网修复包1/www/state.js,97e1ac34c4a485264c9786bbd386bc5972078fb7732d0c5469e107a60aa4a10b,sysinfo,utf-8,0x1a15
高级后台断网修复包-1.zip,高级后台断网修复包1/www/state.js,97e1ac34c4a485264c9786bbd386bc5972078fb7732d0c5469e107a60aa4a10b,sysinfo,utf-8,0x1a2d
高级后台断网修复包-1.zip,高级后台断网修复包1/www/state.js,97e1ac34c4a485264c9786bbd386bc5972078fb7732d0c5469e107a60aa4a10b,sysinfo,utf-8,0x1a4c
高级后台断网修复包-1.zip,高级后台断网修复包1/www/state.js,97e1ac34c4a485264c9786bbd386bc5972078fb7732d0c5469e107a60aa4a10b,sysinfo,utf-8,0x1a6f
高级后台断网修复包-1.zip,高级后台断网修复包1/www/state.js,97e1ac34c4a485264c9786bbd386bc5972078fb7732d0c5469e107a60aa4a10b,sysinfo,utf-8,0x1a89
高级后台断网修复包-1.zip,高级后台断网修复包1/www/state.js,97e1ac34c4a485264c9786bbd386bc5972078fb7732d0c5469e107a60aa4a10b,sysinfo,utf-8,0x1bf9
高级后台断网修复包-1.zip,高级后台断网修复包1/www/state.js,97e1ac34c4a485264c9786bbd386bc5972078fb7732d0c5469e107a60aa4a10b,sysinfo,utf-8,0x1c29
高级后台断网修复包-1.zip,高级后台断网修复包1/www/state.js,97e1ac34c4a485264c9786bbd386bc5972078fb7732d0c5469e107a60aa4a10b,sysinfo,utf-8,0x1c5f
高级后台断网修复包-1.zip,高级后台断网修复包1/www/state.js,97e1ac34c4a485264c9786bbd386bc5972078fb7732d0c5469e107a60aa4a10b,sysinfo,utf-8,0x207a
高级后台断网修复包-1.zip,高级后台断网修复包1/www/state.js,97e1ac34c4a485264c9786bbd386bc5972078fb7732d0c5469e107a60aa4a10b,sysinfo,utf-8,0x20dc
高级后台断网修复包-1.zip,高级后台断网修复包1/www/state.js,97e1ac34c4a485264c9786bbd386bc5972078fb7732d0c5469e107a60aa4a10b,sysinfo,utf-8,0x213c
高级后台断网修复包-1.zip,高级后台断网修复包1/www/state.js,97e1ac34c4a485264c9786bbd386bc5972078fb7732d0c5469e107a60aa4a10b,sysinfo,utf-8,0x219f
高级后台断网修复包-1.zip,高级后台断网修复包1/www/state.js,97e1ac34c4a485264c9786bbd386bc5972078fb7732d0c5469e107a60aa4a10b,sysinfo,utf-8,0x2204
高级后台断网修复包-1.zip,高级后台断网修复包1/www/state.js,97e1ac34c4a485264c9786bbd386bc5972078fb7732d0c5469e107a60aa4a10b,sysinfo,utf-8,0x2268
高级后台断网修复包-1.zip,高级后台断网修复包1/www/state.js,97e1ac34c4a485264c9786bbd386bc5972078fb7732d0c5469e107a60aa4a10b,sysinfo,utf-8,0x22cf
高级后台断网修复包-1.zip,高级后台断网修复包1/www/state.js,97e1ac34c4a485264c9786bbd386bc5972078fb7732d0c5469e107a60aa4a10b,sysinfo,utf-8,0x22fa
高级后台断网修复包-1.zip,高级后台断网修复包1/www/state.js,97e1ac34c4a485264c9786bbd386bc5972078fb7732d0c5469e107a60aa4a10b,sysinfo,utf-8,0x2379
高级后台断网修复包-1.zip,高级后台断网修复包1/www/state.js,97e1ac34c4a485264c9786bbd386bc5972078fb7732d0c5469e107a60aa4a10b,sysinfo,utf-8,0x23f8
高级后台断网修复包-1.zip,高级后台断网修复包1/www/state.js,97e1ac34c4a485264c9786bbd386bc5972078fb7732d0c5469e107a60aa4a10b,sysinfo,utf-8,0x247b
高级后台断网修复包-1.zip,高级后台断网修复包1/www/state.js,97e1ac34c4a485264c9786bbd386bc5972078fb7732d0c5469e107a60aa4a10b,sysinfo,utf-8,0x24fe
高级后台断网修复包-1.zip,高级后台断网修复包1/www/state.js,97e1ac34c4a485264c9786bbd386bc5972078fb7732d0c5469e107a60aa4a10b,sysinfo,utf-8,0x256a
高级后台断网修复包-1.zip,高级后台断网修复包1/www/statistic.asp,2e94299e9518e98d1ee750d9e2f86aa184232c44e6b83aeff2345f337f0eceb4,system_status,utf-8,0x521
高级后台断网修复包-1.zip,高级后台断网修复包1/www/statistic.asp,2e94299e9518e98d1ee750d9e2f86aa184232c44e6b83aeff2345f337f0eceb4,sysinfo,utf-8,0x50f
高级后台断网修复包-1.zip,高级后台断网修复包1/www/statistic.asp,2e94299e9518e98d1ee750d9e2f86aa184232c44e6b83aeff2345f337f0eceb4,sysinfo,utf-8,0xfda
高级后台断网修复包-1.zip,高级后台断网修复包1/www/statistic.asp,2e94299e9518e98d1ee750d9e2f86aa184232c44e6b83aeff2345f337f0eceb4,sysinfo,utf-8,0xffb
高级后台断网修复包-1.zip,高级后台断网修复包1/www/statistic.asp,2e94299e9518e98d1ee750d9e2f86aa184232c44e6b83aeff2345f337f0eceb4,sysinfo,utf-8,0x1013
高级后台断网修复包-1.zip,高级后台断网修复包1/www/statistic.asp,2e94299e9518e98d1ee750d9e2f86aa184232c44e6b83aeff2345f337f0eceb4,sysinfo,utf-8,0x1032
高级后台断网修复包-1.zip,高级后台断网修复包1/www/statistic.asp,2e94299e9518e98d1ee750d9e2f86aa184232c44e6b83aeff2345f337f0eceb4,sysinfo,utf-8,0x1055
高级后台断网修复包-1.zip,高级后台断网修复包1/www/statistic.asp,2e94299e9518e98d1ee750d9e2f86aa184232c44e6b83aeff2345f337f0eceb4,sysinfo,utf-8,0x106f
高级后台断网修复包-1.zip,高级后台断网修复包1/www/statistic.asp,2e94299e9518e98d1ee750d9e2f86aa184232c44e6b83aeff2345f337f0eceb4,sysinfo,utf-8,0x10d6
高级后台断网修复包-1.zip,高级后台断网修复包1/www/statistic.asp,2e94299e9518e98d1ee750d9e2f86aa184232c44e6b83aeff2345f337f0eceb4,sysinfo,utf-8,0x1c72
高级后台断网修复包-1.zip,高级后台断网修复包1/www/statistic.asp,2e94299e9518e98d1ee750d9e2f86aa184232c44e6b83aeff2345f337f0eceb4,sysinfo,utf-8,0x1cab
高级后台断网修复包-1.zip,高级后台断网修复包1/www/system_status_data.asp,6d3dbd0c6da44d47e09e46a4e02f47672d16004015b1d6601c3dd1059932a593,system_status,utf-8,0x13
高级后台断网修复包-1.zip,高级后台断网修复包1/www/www_bak/1/www/state.js,d93aaf5de17e8b7b04befa620a1454e69d294cd1b12b3dd570115c745ca27727,system_status,utf-8,0x141
高级后台断网修复包-1.zip,高级后台断网修复包1/www/www_bak/1/www/state.js,d93aaf5de17e8b7b04befa620a1454e69d294cd1b12b3dd570115c745ca27727,system_status,utf-8,0xdd2
高级后台断网修复包-1.zip,高级后台断网修复包1/www/www_bak/1/www/state.js,d93aaf5de17e8b7b04befa620a1454e69d294cd1b12b3dd570115c745ca27727,cpu_usage,utf-8,0x1e26
高级后台断网修复包-1.zip,高级后台断网修复包1/www/www_bak/1/www/state.js,d93aaf5de17e8b7b04befa620a1454e69d294cd1b12b3dd570115c745ca27727,cpu_usage,utf-8,0x1e72
高级后台断网修复包-1.zip,高级后台断网修复包1/www/www_bak/1/www/state.js,d93aaf5de17e8b7b04befa620a1454e69d294cd1b12b3dd570115c745ca27727,cpu_usage,utf-8,0x1ebe
高级后台断网修复包-1.zip,高级后台断网修复包1/www/www_bak/1/www/state.js,d93aaf5de17e8b7b04befa620a1454e69d294cd1b12b3dd570115c745ca27727,cpu_usage,utf-8,0x1f0d
高级后台断网修复包-1.zip,高级后台断网修复包1/www/www_bak/1/www/state.js,d93aaf5de17e8b7b04befa620a1454e69d294cd1b12b3dd570115c745ca27727,cpu_usage,utf-8,0x1f59
高级后台断网修复包-1.zip,高级后台断网修复包1/www/www_bak/1/www/state.js,d93aaf5de17e8b7b04befa620a1454e69d294cd1b12b3dd570115c745ca27727,cpu_usage,utf-8,0x1fa2
高级后台断网修复包-1.zip,高级后台断网修复包1/www/www_bak/1/www/state.js,d93aaf5de17e8b7b04befa620a1454e69d294cd1b12b3dd570115c745ca27727,cpu_usage,utf-8,0x1fee
高级后台断网修复包-1.zip,高级后台断网修复包1/www/www_bak/1/www/state.js,d93aaf5de17e8b7b04befa620a1454e69d294cd1b12b3dd570115c745ca27727,cpu_usage,utf-8,0x3a1b
高级后台断网修复包-1.zip,高级后台断网修复包1/www/www_bak/1/www/state.js,d93aaf5de17e8b7b04befa620a1454e69d294cd1b12b3dd570115c745ca27727,cpu_usage,utf-8,0x79d6
高级后台断网修复包-1.zip,高级后台断网修复包1/www/www_bak/1/www/state.js,d93aaf5de17e8b7b04befa620a1454e69d294cd1b12b3dd570115c745ca27727,cpu_usage,utf-8,0x85d2
高级后台断网修复包-1.zip,高级后台断网修复包1/www/www_bak/1/www/state.js,d93aaf5de17e8b7b04befa620a1454e69d294cd1b12b3dd570115c745ca27727,battery,utf-8,0x11a7
高级后台断网修复包-1.zip,高级后台断网修复包1/www/www_bak/1/www/state.js,d93aaf5de17e8b7b04befa620a1454e69d294cd1b12b3dd570115c745ca27727,battery,utf-8,0x1462
高级后台断网修复包-1.zip,高级后台断网修复包1/www/www_bak/1/www/state.js,d93aaf5de17e8b7b04befa620a1454e69d294cd1b12b3dd570115c745ca27727,battery,utf-8,0x149d
高级后台断网修复包-1.zip,高级后台断网修复包1/www/www_bak/1/www/state.js,d93aaf5de17e8b7b04befa620a1454e69d294cd1b12b3dd570115c745ca27727,battery,utf-8,0x14a5
高级后台断网修复包-1.zip,高级后台断网修复包1/www/www_bak/1/www/state.js,d93aaf5de17e8b7b04befa620a1454e69d294cd1b12b3dd570115c745ca27727,battery,utf-8,0x194b
高级后台断网修复包-1.zip,高级后台断网修复包1/www/www_bak/1/www/state.js,d93aaf5de17e8b7b04befa620a1454e69d294cd1b12b3dd570115c745ca27727,battery,utf-8,0x45e0
高级后台断网修复包-1.zip,高级后台断网修复包1/www/www_bak/1/www/state.js,d93aaf5de17e8b7b04befa620a1454e69d294cd1b12b3dd570115c745ca27727,battery,utf-8,0x4610
高级后台断网修复包-1.zip,高级后台断网修复包1/www/www_bak/1/www/state.js,d93aaf5de17e8b7b04befa620a1454e69d294cd1b12b3dd570115c745ca27727,mem_usage,utf-8,0x203a
高级后台断网修复包-1.zip,高级后台断网修复包1/www/www_bak/1/www/state.js,d93aaf5de17e8b7b04befa620a1454e69d294cd1b12b3dd570115c745ca27727,mem_usage,utf-8,0x209d
高级后台断网修复包-1.zip,高级后台断网修复包1/www/www_bak/1/www/state.js,d93aaf5de17e8b7b04befa620a1454e69d294cd1b12b3dd570115c745ca27727,mem_usage,utf-8,0x20fe
高级后台断网修复包-1.zip,高级后台断网修复包1/www/www_bak/1/www/state.js,d93aaf5de17e8b7b04befa620a1454e69d294cd1b12b3dd570115c745ca27727,mem_usage,utf-8,0x215e
高级后台断网修复包-1.zip,高级后台断网修复包1/www/www_bak/1/www/state.js,d93aaf5de17e8b7b04befa620a1454e69d294cd1b12b3dd570115c745ca27727,mem_usage,utf-8,0x21c3
高级后台断网修复包-1.zip,高级后台断网修复包1/www/www_bak/1/www/state.js,d93aaf5de17e8b7b04befa620a1454e69d294cd1b12b3dd570115c745ca27727,mem_usage,utf-8,0x2229
高级后台断网修复包-1.zip,高级后台断网修复包1/www/www_bak/1/www/state.js,d93aaf5de17e8b7b04befa620a1454e69d294cd1b12b3dd570115c745ca27727,mem_usage,utf-8,0x228c
高级后台断网修复包-1.zip,高级后台断网修复包1/www/www_bak/1/www/state.js,d93aaf5de17e8b7b04befa620a1454e69d294cd1b12b3dd570115c745ca27727,mem_usage,utf-8,0x3d06
高级后台断网修复包-1.zip,高级后台断网修复包1/www/www_bak/1/www/state.js,d93aaf5de17e8b7b04befa620a1454e69d294cd1b12b3dd570115c745ca27727,mem_usage,utf-8,0x7a34
高级后台断网修复包-1.zip,高级后台断网修复包1/www/www_bak/1/www/state.js,d93aaf5de17e8b7b04befa620a1454e69d294cd1b12b3dd570115c745ca27727,mem_usage,utf-8,0x85ec
高级后台断网修复包-1.zip,高级后台断网修复包1/www/www_bak/1/www/state.js,d93aaf5de17e8b7b04befa620a1454e69d294cd1b12b3dd570115c745ca27727,sysinfo,utf-8,0x12f
高级后台断网修复包-1.zip,高级后台断网修复包1/www/www_bak/1/www/state.js,d93aaf5de17e8b7b04befa620a1454e69d294cd1b12b3dd570115c745ca27727,sysinfo,utf-8,0x154d
高级后台断网修复包-1.zip,高级后台断网修复包1/www/www_bak/1/www/state.js,d93aaf5de17e8b7b04befa620a1454e69d294cd1b12b3dd570115c745ca27727,sysinfo,utf-8,0x15b0
高级后台断网修复包-1.zip,高级后台断网修复包1/www/www_bak/1/www/state.js,d93aaf5de17e8b7b04befa620a1454e69d294cd1b12b3dd570115c745ca27727,sysinfo,utf-8,0x1602
高级后台断网修复包-1.zip,高级后台断网修复包1/www/www_bak/1/www/state.js,d93aaf5de17e8b7b04befa620a1454e69d294cd1b12b3dd570115c745ca27727,sysinfo,utf-8,0x1654
高级后台断网修复包-1.zip,高级后台断网修复包1/www/www_bak/1/www/state.js,d93aaf5de17e8b7b04befa620a1454e69d294cd1b12b3dd570115c745ca27727,sysinfo,utf-8,0x16aa
高级后台断网修复包-1.zip,高级后台断网修复包1/www/www_bak/1/www/state.js,d93aaf5de17e8b7b04befa620a1454e69d294cd1b12b3dd570115c745ca27727,sysinfo,utf-8,0x16fe
高级后台断网修复包-1.zip,高级后台断网修复包1/www/www_bak/1/www/state.js,d93aaf5de17e8b7b04befa620a1454e69d294cd1b12b3dd570115c745ca27727,sysinfo,utf-8,0x1754
高级后台断网修复包-1.zip,高级后台断网修复包1/www/www_bak/1/www/state.js,d93aaf5de17e8b7b04befa620a1454e69d294cd1b12b3dd570115c745ca27727,sysinfo,utf-8,0x17a6
高级后台断网修复包-1.zip,高级后台断网修复包1/www/www_bak/1/www/state.js,d93aaf5de17e8b7b04befa620a1454e69d294cd1b12b3dd570115c745ca27727,sysinfo,utf-8,0x17f7
高级后台断网修复包-1.zip,高级后台断网修复包1/www/www_bak/1/www/state.js,d93aaf5de17e8b7b04befa620a1454e69d294cd1b12b3dd570115c745ca27727,sysinfo,utf-8,0x181f
高级后台断网修复包-1.zip,高级后台断网修复包1/www/www_bak/1/www/state.js,d93aaf5de17e8b7b04befa620a1454e69d294cd1b12b3dd570115c745ca27727,sysinfo,utf-8,0x1842
高级后台断网修复包-1.zip,高级后台断网修复包1/www/www_bak/1/www/state.js,d93aaf5de17e8b7b04befa620a1454e69d294cd1b12b3dd570115c745ca27727,sysinfo,utf-8,0x185b
高级后台断网修复包-1.zip,高级后台断网修复包1/www/www_bak/1/www/state.js,d93aaf5de17e8b7b04befa620a1454e69d294cd1b12b3dd570115c745ca27727,sysinfo,utf-8,0x1869
高级后台断网修复包-1.zip,高级后台断网修复包1/www/www_bak/1/www/state.js,d93aaf5de17e8b7b04befa620a1454e69d294cd1b12b3dd570115c745ca27727,sysinfo,utf-8,0x1877
高级后台断网修复包-1.zip,高级后台断网修复包1/www/www_bak/1/www/state.js,d93aaf5de17e8b7b04befa620a1454e69d294cd1b12b3dd570115c745ca27727,sysinfo,utf-8,0x1893
高级后台断网修复包-1.zip,高级后台断网修复包1/www/www_bak/1/www/state.js,d93aaf5de17e8b7b04befa620a1454e69d294cd1b12b3dd570115c745ca27727,sysinfo,utf-8,0x18a4
高级后台断网修复包-1.zip,高级后台断网修复包1/www/www_bak/1/www/state.js,d93aaf5de17e8b7b04befa620a1454e69d294cd1b12b3dd570115c745ca27727,sysinfo,utf-8,0x18b4
高级后台断网修复包-1.zip,高级后台断网修复包1/www/www_bak/1/www/state.js,d93aaf5de17e8b7b04befa620a1454e69d294cd1b12b3dd570115c745ca27727,sysinfo,utf-8,0x18c4
高级后台断网修复包-1.zip,高级后台断网修复包1/www/www_bak/1/www/state.js,d93aaf5de17e8b7b04befa620a1454e69d294cd1b12b3dd570115c745ca27727,sysinfo,utf-8,0x18df
高级后台断网修复包-1.zip,高级后台断网修复包1/www/www_bak/1/www/state.js,d93aaf5de17e8b7b04befa620a1454e69d294cd1b12b3dd570115c745ca27727,sysinfo,utf-8,0x18f4
高级后台断网修复包-1.zip,高级后台断网修复包1/www/www_bak/1/www/state.js,d93aaf5de17e8b7b04befa620a1454e69d294cd1b12b3dd570115c745ca27727,sysinfo,utf-8,0x190b
高级后台断网修复包-1.zip,高级后台断网修复包1/www/www_bak/1/www/state.js,d93aaf5de17e8b7b04befa620a1454e69d294cd1b12b3dd570115c745ca27727,sysinfo,utf-8,0x1953
高级后台断网修复包-1.zip,高级后台断网修复包1/www/www_bak/1/www/state.js,d93aaf5de17e8b7b04befa620a1454e69d294cd1b12b3dd570115c745ca27727,sysinfo,utf-8,0x1967
高级后台断网修复包-1.zip,高级后台断网修复包1/www/www_bak/1/www/state.js,d93aaf5de17e8b7b04befa620a1454e69d294cd1b12b3dd570115c745ca27727,sysinfo,utf-8,0x19d2
高级后台断网修复包-1.zip,高级后台断网修复包1/www/www_bak/1/www/state.js,d93aaf5de17e8b7b04befa620a1454e69d294cd1b12b3dd570115c745ca27727,sysinfo,utf-8,0x19f4
高级后台断网修复包-1.zip,高级后台断网修复包1/www/www_bak/1/www/state.js,d93aaf5de17e8b7b04befa620a1454e69d294cd1b12b3dd570115c745ca27727,sysinfo,utf-8,0x1a15
高级后台断网修复包-1.zip,高级后台断网修复包1/www/www_bak/1/www/state.js,d93aaf5de17e8b7b04befa620a1454e69d294cd1b12b3dd570115c745ca27727,sysinfo,utf-8,0x1a2d
高级后台断网修复包-1.zip,高级后台断网修复包1/www/www_bak/1/www/state.js,d93aaf5de17e8b7b04befa620a1454e69d294cd1b12b3dd570115c745ca27727,sysinfo,utf-8,0x1a4c
高级后台断网修复包-1.zip,高级后台断网修复包1/www/www_bak/1/www/state.js,d93aaf5de17e8b7b04befa620a1454e69d294cd1b12b3dd570115c745ca27727,sysinfo,utf-8,0x1a6f
高级后台断网修复包-1.zip,高级后台断网修复包1/www/www_bak/1/www/state.js,d93aaf5de17e8b7b04befa620a1454e69d294cd1b12b3dd570115c745ca27727,sysinfo,utf-8,0x1a89
高级后台断网修复包-1.zip,高级后台断网修复包1/www/www_bak/1/www/state.js,d93aaf5de17e8b7b04befa620a1454e69d294cd1b12b3dd570115c745ca27727,sysinfo,utf-8,0x1bf9
高级后台断网修复包-1.zip,高级后台断网修复包1/www/www_bak/1/www/state.js,d93aaf5de17e8b7b04befa620a1454e69d294cd1b12b3dd570115c745ca27727,sysinfo,utf-8,0x1c29
高级后台断网修复包-1.zip,高级后台断网修复包1/www/www_bak/1/www/state.js,d93aaf5de17e8b7b04befa620a1454e69d294cd1b12b3dd570115c745ca27727,sysinfo,utf-8,0x1c5f
高级后台断网修复包-1.zip,高级后台断网修复包1/www/www_bak/1/www/state.js,d93aaf5de17e8b7b04befa620a1454e69d294cd1b12b3dd570115c745ca27727,sysinfo,utf-8,0x207a
高级后台断网修复包-1.zip,高级后台断网修复包1/www/www_bak/1/www/state.js,d93aaf5de17e8b7b04befa620a1454e69d294cd1b12b3dd570115c745ca27727,sysinfo,utf-8,0x20dc
高级后台断网修复包-1.zip,高级后台断网修复包1/www/www_bak/1/www/state.js,d93aaf5de17e8b7b04befa620a1454e69d294cd1b12b3dd570115c745ca27727,sysinfo,utf-8,0x213c
高级后台断网修复包-1.zip,高级后台断网修复包1/www/www_bak/1/www/state.js,d93aaf5de17e8b7b04befa620a1454e69d294cd1b12b3dd570115c745ca27727,sysinfo,utf-8,0x219f
高级后台断网修复包-1.zip,高级后台断网修复包1/www/www_bak/1/www/state.js,d93aaf5de17e8b7b04befa620a1454e69d294cd1b12b3dd570115c745ca27727,sysinfo,utf-8,0x2204
高级后台断网修复包-1.zip,高级后台断网修复包1/www/www_bak/1/www/state.js,d93aaf5de17e8b7b04befa620a1454e69d294cd1b12b3dd570115c745ca27727,sysinfo,utf-8,0x2268
高级后台断网修复包-1.zip,高级后台断网修复包1/www/www_bak/1/www/state.js,d93aaf5de17e8b7b04befa620a1454e69d294cd1b12b3dd570115c745ca27727,sysinfo,utf-8,0x22cf
高级后台断网修复包-1.zip,高级后台断网修复包1/www/www_bak/1/www/state.js,d93aaf5de17e8b7b04befa620a1454e69d294cd1b12b3dd570115c745ca27727,sysinfo,utf-8,0x22fa
高级后台断网修复包-1.zip,高级后台断网修复包1/www/www_bak/1/www/state.js,d93aaf5de17e8b7b04befa620a1454e69d294cd1b12b3dd570115c745ca27727,sysinfo,utf-8,0x2379
高级后台断网修复包-1.zip,高级后台断网修复包1/www/www_bak/1/www/state.js,d93aaf5de17e8b7b04befa620a1454e69d294cd1b12b3dd570115c745ca27727,sysinfo,utf-8,0x23f8
高级后台断网修复包-1.zip,高级后台断网修复包1/www/www_bak/1/www/state.js,d93aaf5de17e8b7b04befa620a1454e69d294cd1b12b3dd570115c745ca27727,sysinfo,utf-8,0x247b
高级后台断网修复包-1.zip,高级后台断网修复包1/www/www_bak/1/www/state.js,d93aaf5de17e8b7b04befa620a1454e69d294cd1b12b3dd570115c745ca27727,sysinfo,utf-8,0x24fe
高级后台断网修复包-1.zip,高级后台断网修复包1/www/www_bak/1/www/state.js,d93aaf5de17e8b7b04befa620a1454e69d294cd1b12b3dd570115c745ca27727,sysinfo,utf-8,0x256a
高级后台断网修复包-1.zip,高级后台断网修复包1/www/www_bak/2/www/Advanced_Charge_Control.asp,bd22a8aa650ce50ba0f21ef17124ccbb989968c02d8072444ea5093c733dd011,192.168.100.1,utf-8,0x2950
高级后台断网修复包-1.zip,高级后台断网修复包1/www/www_bak/2/www/Advanced_FlowCtl_Content.asp,2d12c8a320e1851b19d373b265392f53cb293f836d7a375be00b87484c600c23,system_status,utf-8,0x6ac
高级后台断网修复包-1.zip,高级后台断网修复包1/www/www_bak/2/www/Advanced_FlowCtl_Content.asp,2d12c8a320e1851b19d373b265392f53cb293f836d7a375be00b87484c600c23,system_status,utf-8,0x762
高级后台断网修复包-1.zip,高级后台断网修复包1/www/www_bak/2/www/Advanced_FlowCtl_Content.asp,2d12c8a320e1851b19d373b265392f53cb293f836d7a375be00b87484c600c23,system_status,utf-8,0x86e
高级后台断网修复包-1.zip,高级后台断网修复包1/www/www_bak/2/www/Advanced_FlowCtl_Content.asp,2d12c8a320e1851b19d373b265392f53cb293f836d7a375be00b87484c600c23,system_status,utf-8,0x8fb
高级后台断网修复包-1.zip,高级后台断网修复包1/www/www_bak/2/www/Advanced_FlowCtl_Content.asp,2d12c8a320e1851b19d373b265392f53cb293f836d7a375be00b87484c600c23,system_status,utf-8,0x139e
高级后台断网修复包-1.zip,高级后台断网修复包1/www/www_bak/2/www/Advanced_FlowCtl_Content.asp,2d12c8a320e1851b19d373b265392f53cb293f836d7a375be00b87484c600c23,temperature,utf-8,0x11ad
高级后台断网修复包-1.zip,高级后台断网修复包1/www/www_bak/2/www/Advanced_FlowCtl_Content.asp,2d12c8a320e1851b19d373b265392f53cb293f836d7a375be00b87484c600c23,temperature,utf-8,0x15b3
高级后台断网修复包-1.zip,高级后台断网修复包1/www/www_bak/2/www/Advanced_System_Status.asp,bb1214b51380258da5761d39238bf30b4939bc8978d3297f13ff21e1057afeeb,system_status,utf-8,0x78d
高级后台断网修复包-1.zip,高级后台断网修复包1/www/www_bak/2/www/Advanced_System_Status.asp,bb1214b51380258da5761d39238bf30b4939bc8978d3297f13ff21e1057afeeb,system_status,utf-8,0x1589
高级后台断网修复包-1.zip,高级后台断网修复包1/www/www_bak/2/www/Advanced_System_Status.asp,bb1214b51380258da5761d39238bf30b4939bc8978d3297f13ff21e1057afeeb,system_status,utf-8,0x1616
高级后台断网修复包-1.zip,高级后台断网修复包1/www/www_bak/2/www/Advanced_System_Status.asp,bb1214b51380258da5761d39238bf30b4939bc8978d3297f13ff21e1057afeeb,system_status,utf-8,0x29fd
高级后台断网修复包-1.zip,高级后台断网修复包1/www/www_bak/2/www/Advanced_System_Status.asp,bb1214b51380258da5761d39238bf30b4939bc8978d3297f13ff21e1057afeeb,system_status,utf-8,0x2afb
高级后台断网修复包-1.zip,高级后台断网修复包1/www/www_bak/2/www/Advanced_System_Status.asp,bb1214b51380258da5761d39238bf30b4939bc8978d3297f13ff21e1057afeeb,cpu_usage,utf-8,0x1ac4
高级后台断网修复包-1.zip,高级后台断网修复包1/www/www_bak/2/www/Advanced_System_Status.asp,bb1214b51380258da5761d39238bf30b4939bc8978d3297f13ff21e1057afeeb,temperature,utf-8,0x152a
高级后台断网修复包-1.zip,高级后台断网修复包1/www/www_bak/2/www/Advanced_System_Status.asp,bb1214b51380258da5761d39238bf30b4939bc8978d3297f13ff21e1057afeeb,temperature,utf-8,0x23cd
高级后台断网修复包-1.zip,高级后台断网修复包1/www/www_bak/2/www/Advanced_System_Status.asp,bb1214b51380258da5761d39238bf30b4939bc8978d3297f13ff21e1057afeeb,temperature,utf-8,0x27b5
高级后台断网修复包-1.zip,高级后台断网修复包1/www/www_bak/2/www/Advanced_System_Status.asp,bb1214b51380258da5761d39238bf30b4939bc8978d3297f13ff21e1057afeeb,mem_usage,utf-8,0x1b0f
高级后台断网修复包-1.zip,高级后台断网修复包1/www/www_bak/2/www/feiliu.asp,46b1a07f0a05cd1605641f48db41704f1e1eafe6c77ef9721a6b9249e964cf43,8081,utf-8,0x452
高级后台断网修复包-1.zip,高级后台断网修复包1/www/www_bak/2/www/feiliu.asp,46b1a07f0a05cd1605641f48db41704f1e1eafe6c77ef9721a6b9249e964cf43,8081,utf-8,0x495
高级后台断网修复包-1.zip,高级后台断网修复包1/www/www_bak/2/www/feiliu.asp,46b1a07f0a05cd1605641f48db41704f1e1eafe6c77ef9721a6b9249e964cf43,8081,utf-8,0x4d1
高级后台断网修复包-1.zip,高级后台断网修复包1/www/www_bak/2/www/feiliu.asp,46b1a07f0a05cd1605641f48db41704f1e1eafe6c77ef9721a6b9249e964cf43,7689,utf-8,0x41f
高级后台断网修复包-1.zip,高级后台断网修复包1/www/www_bak/2/www/state.js,97e1ac34c4a485264c9786bbd386bc5972078fb7732d0c5469e107a60aa4a10b,system_status,utf-8,0x141
高级后台断网修复包-1.zip,高级后台断网修复包1/www/www_bak/2/www/state.js,97e1ac34c4a485264c9786bbd386bc5972078fb7732d0c5469e107a60aa4a10b,system_status,utf-8,0xdd2
高级后台断网修复包-1.zip,高级后台断网修复包1/www/www_bak/2/www/state.js,97e1ac34c4a485264c9786bbd386bc5972078fb7732d0c5469e107a60aa4a10b,system_status,utf-8,0x5aea
高级后台断网修复包-1.zip,高级后台断网修复包1/www/www_bak/2/www/state.js,97e1ac34c4a485264c9786bbd386bc5972078fb7732d0c5469e107a60aa4a10b,system_status,utf-8,0x683b
高级后台断网修复包-1.zip,高级后台断网修复包1/www/www_bak/2/www/state.js,97e1ac34c4a485264c9786bbd386bc5972078fb7732d0c5469e107a60aa4a10b,cpu_usage,utf-8,0x1e26
高级后台断网修复包-1.zip,高级后台断网修复包1/www/www_bak/2/www/state.js,97e1ac34c4a485264c9786bbd386bc5972078fb7732d0c5469e107a60aa4a10b,cpu_usage,utf-8,0x1e72
高级后台断网修复包-1.zip,高级后台断网修复包1/www/www_bak/2/www/state.js,97e1ac34c4a485264c9786bbd386bc5972078fb7732d0c5469e107a60aa4a10b,cpu_usage,utf-8,0x1ebe
高级后台断网修复包-1.zip,高级后台断网修复包1/www/www_bak/2/www/state.js,97e1ac34c4a485264c9786bbd386bc5972078fb7732d0c5469e107a60aa4a10b,cpu_usage,utf-8,0x1f0d
高级后台断网修复包-1.zip,高级后台断网修复包1/www/www_bak/2/www/state.js,97e1ac34c4a485264c9786bbd386bc5972078fb7732d0c5469e107a60aa4a10b,cpu_usage,utf-8,0x1f59
高级后台断网修复包-1.zip,高级后台断网修复包1/www/www_bak/2/www/state.js,97e1ac34c4a485264c9786bbd386bc5972078fb7732d0c5469e107a60aa4a10b,cpu_usage,utf-8,0x1fa2
高级后台断网修复包-1.zip,高级后台断网修复包1/www/www_bak/2/www/state.js,97e1ac34c4a485264c9786bbd386bc5972078fb7732d0c5469e107a60aa4a10b,cpu_usage,utf-8,0x1fee
高级后台断网修复包-1.zip,高级后台断网修复包1/www/www_bak/2/www/state.js,97e1ac34c4a485264c9786bbd386bc5972078fb7732d0c5469e107a60aa4a10b,cpu_usage,utf-8,0x3a1b
高级后台断网修复包-1.zip,高级后台断网修复包1/www/www_bak/2/www/state.js,97e1ac34c4a485264c9786bbd386bc5972078fb7732d0c5469e107a60aa4a10b,cpu_usage,utf-8,0x7add
高级后台断网修复包-1.zip,高级后台断网修复包1/www/www_bak/2/www/state.js,97e1ac34c4a485264c9786bbd386bc5972078fb7732d0c5469e107a60aa4a10b,cpu_usage,utf-8,0x86d9
高级后台断网修复包-1.zip,高级后台断网修复包1/www/www_bak/2/www/state.js,97e1ac34c4a485264c9786bbd386bc5972078fb7732d0c5469e107a60aa4a10b,battery,utf-8,0x11a7
高级后台断网修复包-1.zip,高级后台断网修复包1/www/www_bak/2/www/state.js,97e1ac34c4a485264c9786bbd386bc5972078fb7732d0c5469e107a60aa4a10b,battery,utf-8,0x1462
高级后台断网修复包-1.zip,高级后台断网修复包1/www/www_bak/2/www/state.js,97e1ac34c4a485264c9786bbd386bc5972078fb7732d0c5469e107a60aa4a10b,battery,utf-8,0x149d
高级后台断网修复包-1.zip,高级后台断网修复包1/www/www_bak/2/www/state.js,97e1ac34c4a485264c9786bbd386bc5972078fb7732d0c5469e107a60aa4a10b,battery,utf-8,0x14a5
高级后台断网修复包-1.zip,高级后台断网修复包1/www/www_bak/2/www/state.js,97e1ac34c4a485264c9786bbd386bc5972078fb7732d0c5469e107a60aa4a10b,battery,utf-8,0x194b
高级后台断网修复包-1.zip,高级后台断网修复包1/www/www_bak/2/www/state.js,97e1ac34c4a485264c9786bbd386bc5972078fb7732d0c5469e107a60aa4a10b,battery,utf-8,0x45e0
高级后台断网修复包-1.zip,高级后台断网修复包1/www/www_bak/2/www/state.js,97e1ac34c4a485264c9786bbd386bc5972078fb7732d0c5469e107a60aa4a10b,battery,utf-8,0x4610
高级后台断网修复包-1.zip,高级后台断网修复包1/www/www_bak/2/www/state.js,97e1ac34c4a485264c9786bbd386bc5972078fb7732d0c5469e107a60aa4a10b,mem_usage,utf-8,0x203a
高级后台断网修复包-1.zip,高级后台断网修复包1/www/www_bak/2/www/state.js,97e1ac34c4a485264c9786bbd386bc5972078fb7732d0c5469e107a60aa4a10b,mem_usage,utf-8,0x209d
高级后台断网修复包-1.zip,高级后台断网修复包1/www/www_bak/2/www/state.js,97e1ac34c4a485264c9786bbd386bc5972078fb7732d0c5469e107a60aa4a10b,mem_usage,utf-8,0x20fe
高级后台断网修复包-1.zip,高级后台断网修复包1/www/www_bak/2/www/state.js,97e1ac34c4a485264c9786bbd386bc5972078fb7732d0c5469e107a60aa4a10b,mem_usage,utf-8,0x215e
高级后台断网修复包-1.zip,高级后台断网修复包1/www/www_bak/2/www/state.js,97e1ac34c4a485264c9786bbd386bc5972078fb7732d0c5469e107a60aa4a10b,mem_usage,utf-8,0x21c3
高级后台断网修复包-1.zip,高级后台断网修复包1/www/www_bak/2/www/state.js,97e1ac34c4a485264c9786bbd386bc5972078fb7732d0c5469e107a60aa4a10b,mem_usage,utf-8,0x2229
高级后台断网修复包-1.zip,高级后台断网修复包1/www/www_bak/2/www/state.js,97e1ac34c4a485264c9786bbd386bc5972078fb7732d0c5469e107a60aa4a10b,mem_usage,utf-8,0x228c
高级后台断网修复包-1.zip,高级后台断网修复包1/www/www_bak/2/www/state.js,97e1ac34c4a485264c9786bbd386bc5972078fb7732d0c5469e107a60aa4a10b,mem_usage,utf-8,0x3d06
高级后台断网修复包-1.zip,高级后台断网修复包1/www/www_bak/2/www/state.js,97e1ac34c4a485264c9786bbd386bc5972078fb7732d0c5469e107a60aa4a10b,mem_usage,utf-8,0x7b3b
高级后台断网修复包-1.zip,高级后台断网修复包1/www/www_bak/2/www/state.js,97e1ac34c4a485264c9786bbd386bc5972078fb7732d0c5469e107a60aa4a10b,mem_usage,utf-8,0x86f3
高级后台断网修复包-1.zip,高级后台断网修复包1/www/www_bak/2/www/state.js,97e1ac34c4a485264c9786bbd386bc5972078fb7732d0c5469e107a60aa4a10b,sysinfo,utf-8,0x12f
高级后台断网修复包-1.zip,高级后台断网修复包1/www/www_bak/2/www/state.js,97e1ac34c4a485264c9786bbd386bc5972078fb7732d0c5469e107a60aa4a10b,sysinfo,utf-8,0x154d
高级后台断网修复包-1.zip,高级后台断网修复包1/www/www_bak/2/www/state.js,97e1ac34c4a485264c9786bbd386bc5972078fb7732d0c5469e107a60aa4a10b,sysinfo,utf-8,0x15b0
高级后台断网修复包-1.zip,高级后台断网修复包1/www/www_bak/2/www/state.js,97e1ac34c4a485264c9786bbd386bc5972078fb7732d0c5469e107a60aa4a10b,sysinfo,utf-8,0x1602
高级后台断网修复包-1.zip,高级后台断网修复包1/www/www_bak/2/www/state.js,97e1ac34c4a485264c9786bbd386bc5972078fb7732d0c5469e107a60aa4a10b,sysinfo,utf-8,0x1654
高级后台断网修复包-1.zip,高级后台断网修复包1/www/www_bak/2/www/state.js,97e1ac34c4a485264c9786bbd386bc5972078fb7732d0c5469e107a60aa4a10b,sysinfo,utf-8,0x16aa
高级后台断网修复包-1.zip,高级后台断网修复包1/www/www_bak/2/www/state.js,97e1ac34c4a485264c9786bbd386bc5972078fb7732d0c5469e107a60aa4a10b,sysinfo,utf-8,0x16fe
高级后台断网修复包-1.zip,高级后台断网修复包1/www/www_bak/2/www/state.js,97e1ac34c4a485264c9786bbd386bc5972078fb7732d0c5469e107a60aa4a10b,sysinfo,utf-8,0x1754
高级后台断网修复包-1.zip,高级后台断网修复包1/www/www_bak/2/www/state.js,97e1ac34c4a485264c9786bbd386bc5972078fb7732d0c5469e107a60aa4a10b,sysinfo,utf-8,0x17a6
高级后台断网修复包-1.zip,高级后台断网修复包1/www/www_bak/2/www/state.js,97e1ac34c4a485264c9786bbd386bc5972078fb7732d0c5469e107a60aa4a10b,sysinfo,utf-8,0x17f7
高级后台断网修复包-1.zip,高级后台断网修复包1/www/www_bak/2/www/state.js,97e1ac34c4a485264c9786bbd386bc5972078fb7732d0c5469e107a60aa4a10b,sysinfo,utf-8,0x181f
高级后台断网修复包-1.zip,高级后台断网修复包1/www/www_bak/2/www/state.js,97e1ac34c4a485264c9786bbd386bc5972078fb7732d0c5469e107a60aa4a10b,sysinfo,utf-8,0x1842
高级后台断网修复包-1.zip,高级后台断网修复包1/www/www_bak/2/www/state.js,97e1ac34c4a485264c9786bbd386bc5972078fb7732d0c5469e107a60aa4a10b,sysinfo,utf-8,0x185b
高级后台断网修复包-1.zip,高级后台断网修复包1/www/www_bak/2/www/state.js,97e1ac34c4a485264c9786bbd386bc5972078fb7732d0c5469e107a60aa4a10b,sysinfo,utf-8,0x1869
高级后台断网修复包-1.zip,高级后台断网修复包1/www/www_bak/2/www/state.js,97e1ac34c4a485264c9786bbd386bc5972078fb7732d0c5469e107a60aa4a10b,sysinfo,utf-8,0x1877
高级后台断网修复包-1.zip,高级后台断网修复包1/www/www_bak/2/www/state.js,97e1ac34c4a485264c9786bbd386bc5972078fb7732d0c5469e107a60aa4a10b,sysinfo,utf-8,0x1893
高级后台断网修复包-1.zip,高级后台断网修复包1/www/www_bak/2/www/state.js,97e1ac34c4a485264c9786bbd386bc5972078fb7732d0c5469e107a60aa4a10b,sysinfo,utf-8,0x18a4
高级后台断网修复包-1.zip,高级后台断网修复包1/www/www_bak/2/www/state.js,97e1ac34c4a485264c9786bbd386bc5972078fb7732d0c5469e107a60aa4a10b,sysinfo,utf-8,0x18b4
高级后台断网修复包-1.zip,高级后台断网修复包1/www/www_bak/2/www/state.js,97e1ac34c4a485264c9786bbd386bc5972078fb7732d0c5469e107a60aa4a10b,sysinfo,utf-8,0x18c4
高级后台断网修复包-1.zip,高级后台断网修复包1/www/www_bak/2/www/state.js,97e1ac34c4a485264c9786bbd386bc5972078fb7732d0c5469e107a60aa4a10b,sysinfo,utf-8,0x18df
高级后台断网修复包-1.zip,高级后台断网修复包1/www/www_bak/2/www/state.js,97e1ac34c4a485264c9786bbd386bc5972078fb7732d0c5469e107a60aa4a10b,sysinfo,utf-8,0x18f4
高级后台断网修复包-1.zip,高级后台断网修复包1/www/www_bak/2/www/state.js,97e1ac34c4a485264c9786bbd386bc5972078fb7732d0c5469e107a60aa4a10b,sysinfo,utf-8,0x190b
高级后台断网修复包-1.zip,高级后台断网修复包1/www/www_bak/2/www/state.js,97e1ac34c4a485264c9786bbd386bc5972078fb7732d0c5469e107a60aa4a10b,sysinfo,utf-8,0x1953
高级后台断网修复包-1.zip,高级后台断网修复包1/www/www_bak/2/www/state.js,97e1ac34c4a485264c9786bbd386bc5972078fb7732d0c5469e107a60aa4a10b,sysinfo,utf-8,0x1967
高级后台断网修复包-1.zip,高级后台断网修复包1/www/www_bak/2/www/state.js,97e1ac34c4a485264c9786bbd386bc5972078fb7732d0c5469e107a60aa4a10b,sysinfo,utf-8,0x19d2
高级后台断网修复包-1.zip,高级后台断网修复包1/www/www_bak/2/www/state.js,97e1ac34c4a485264c9786bbd386bc5972078fb7732d0c5469e107a60aa4a10b,sysinfo,utf-8,0x19f4
高级后台断网修复包-1.zip,高级后台断网修复包1/www/www_bak/2/www/state.js,97e1ac34c4a485264c9786bbd386bc5972078fb7732d0c5469e107a60aa4a10b,sysinfo,utf-8,0x1a15
高级后台断网修复包-1.zip,高级后台断网修复包1/www/www_bak/2/www/state.js,97e1ac34c4a485264c9786bbd386bc5972078fb7732d0c5469e107a60aa4a10b,sysinfo,utf-8,0x1a2d
高级后台断网修复包-1.zip,高级后台断网修复包1/www/www_bak/2/www/state.js,97e1ac34c4a485264c9786bbd386bc5972078fb7732d0c5469e107a60aa4a10b,sysinfo,utf-8,0x1a4c
高级后台断网修复包-1.zip,高级后台断网修复包1/www/www_bak/2/www/state.js,97e1ac34c4a485264c9786bbd386bc5972078fb7732d0c5469e107a60aa4a10b,sysinfo,utf-8,0x1a6f
高级后台断网修复包-1.zip,高级后台断网修复包1/www/www_bak/2/www/state.js,97e1ac34c4a485264c9786bbd386bc5972078fb7732d0c5469e107a60aa4a10b,sysinfo,utf-8,0x1a89
高级后台断网修复包-1.zip,高级后台断网修复包1/www/www_bak/2/www/state.js,97e1ac34c4a485264c9786bbd386bc5972078fb7732d0c5469e107a60aa4a10b,sysinfo,utf-8,0x1bf9
高级后台断网修复包-1.zip,高级后台断网修复包1/www/www_bak/2/www/state.js,97e1ac34c4a485264c9786bbd386bc5972078fb7732d0c5469e107a60aa4a10b,sysinfo,utf-8,0x1c29
高级后台断网修复包-1.zip,高级后台断网修复包1/www/www_bak/2/www/state.js,97e1ac34c4a485264c9786bbd386bc5972078fb7732d0c5469e107a60aa4a10b,sysinfo,utf-8,0x1c5f
高级后台断网修复包-1.zip,高级后台断网修复包1/www/www_bak/2/www/state.js,97e1ac34c4a485264c9786bbd386bc5972078fb7732d0c5469e107a60aa4a10b,sysinfo,utf-8,0x207a
高级后台断网修复包-1.zip,高级后台断网修复包1/www/www_bak/2/www/state.js,97e1ac34c4a485264c9786bbd386bc5972078fb7732d0c5469e107a60aa4a10b,sysinfo,utf-8,0x20dc
高级后台断网修复包-1.zip,高级后台断网修复包1/www/www_bak/2/www/state.js,97e1ac34c4a485264c9786bbd386bc5972078fb7732d0c5469e107a60aa4a10b,sysinfo,utf-8,0x213c
高级后台断网修复包-1.zip,高级后台断网修复包1/www/www_bak/2/www/state.js,97e1ac34c4a485264c9786bbd386bc5972078fb7732d0c5469e107a60aa4a10b,sysinfo,utf-8,0x219f
高级后台断网修复包-1.zip,高级后台断网修复包1/www/www_bak/2/www/state.js,97e1ac34c4a485264c9786bbd386bc5972078fb7732d0c5469e107a60aa4a10b,sysinfo,utf-8,0x2204
高级后台断网修复包-1.zip,高级后台断网修复包1/www/www_bak/2/www/state.js,97e1ac34c4a485264c9786bbd386bc5972078fb7732d0c5469e107a60aa4a10b,sysinfo,utf-8,0x2268
高级后台断网修复包-1.zip,高级后台断网修复包1/www/www_bak/2/www/state.js,97e1ac34c4a485264c9786bbd386bc5972078fb7732d0c5469e107a60aa4a10b,sysinfo,utf-8,0x22cf
高级后台断网修复包-1.zip,高级后台断网修复包1/www/www_bak/2/www/state.js,97e1ac34c4a485264c9786bbd386bc5972078fb7732d0c5469e107a60aa4a10b,sysinfo,utf-8,0x22fa
高级后台断网修复包-1.zip,高级后台断网修复包1/www/www_bak/2/www/state.js,97e1ac34c4a485264c9786bbd386bc5972078fb7732d0c5469e107a60aa4a10b,sysinfo,utf-8,0x2379
高级后台断网修复包-1.zip,高级后台断网修复包1/www/www_bak/2/www/state.js,97e1ac34c4a485264c9786bbd386bc5972078fb7732d0c5469e107a60aa4a10b,sysinfo,utf-8,0x23f8
高级后台断网修复包-1.zip,高级后台断网修复包1/www/www_bak/2/www/state.js,97e1ac34c4a485264c9786bbd386bc5972078fb7732d0c5469e107a60aa4a10b,sysinfo,utf-8,0x247b
高级后台断网修复包-1.zip,高级后台断网修复包1/www/www_bak/2/www/state.js,97e1ac34c4a485264c9786bbd386bc5972078fb7732d0c5469e107a60aa4a10b,sysinfo,utf-8,0x24fe
高级后台断网修复包-1.zip,高级后台断网修复包1/www/www_bak/2/www/state.js,97e1ac34c4a485264c9786bbd386bc5972078fb7732d0c5469e107a60aa4a10b,sysinfo,utf-8,0x256a
高级后台断网修复包-1.zip,高级后台断网修复包1/www/www_bak/3/www/Advanced_ChargeCtl.asp,296cc29639b4610773a830d3ae96df2aa8d7d4cee9e218ccee4d930a4c17ed5b,battery,utf-8,0x641
高级后台断网修复包-1.zip,高级后台断网修复包1/www/www_bak/3/www/Advanced_ChargeCtl.asp,296cc29639b4610773a830d3ae96df2aa8d7d4cee9e218ccee4d930a4c17ed5b,battery,utf-8,0xaaf
高级后台断网修复包-1.zip,高级后台断网修复包1/www/www_bak/3/www/Advanced_ChargeCtl.asp,296cc29639b4610773a830d3ae96df2aa8d7d4cee9e218ccee4d930a4c17ed5b,battery,utf-8,0x1a07
高级后台断网修复包-1.zip,高级后台断网修复包1/www/www_bak/3/www/Advanced_ChargeCtl.asp,296cc29639b4610773a830d3ae96df2aa8d7d4cee9e218ccee4d930a4c17ed5b,sysinfo,utf-8,0xadb
高级后台断网修复包-1.zip,高级后台断网修复包1/www/www_bak/3/www/Advanced_Charge_Control.asp,f4ac5dac5edfd1f1c4bcbc41569a3a689fdb5d55e373a91e86e299be211307bf,192.168.100.1,utf-8,0x2951
高级后台断网修复包-1.zip,高级后台断网修复包1/www/www_bak/3/www/Advanced_FlowCtl_Content.asp,326ac5019c392872eca6f3f01e834c393414bf4942e3ae56667a7961a6ba062a,system_status,utf-8,0x6ac
高级后台断网修复包-1.zip,高级后台断网修复包1/www/www_bak/3/www/Advanced_FlowCtl_Content.asp,326ac5019c392872eca6f3f01e834c393414bf4942e3ae56667a7961a6ba062a,system_status,utf-8,0x762
高级后台断网修复包-1.zip,高级后台断网修复包1/www/www_bak/3/www/Advanced_FlowCtl_Content.asp,326ac5019c392872eca6f3f01e834c393414bf4942e3ae56667a7961a6ba062a,system_status,utf-8,0x86e
高级后台断网修复包-1.zip,高级后台断网修复包1/www/www_bak/3/www/Advanced_FlowCtl_Content.asp,326ac5019c392872eca6f3f01e834c393414bf4942e3ae56667a7961a6ba062a,system_status,utf-8,0x8fb
高级后台断网修复包-1.zip,高级后台断网修复包1/www/www_bak/3/www/Advanced_FlowCtl_Content.asp,326ac5019c392872eca6f3f01e834c393414bf4942e3ae56667a7961a6ba062a,system_status,utf-8,0x139e
高级后台断网修复包-1.zip,高级后台断网修复包1/www/www_bak/3/www/Advanced_FlowCtl_Content.asp,326ac5019c392872eca6f3f01e834c393414bf4942e3ae56667a7961a6ba062a,temperature,utf-8,0x11ad
高级后台断网修复包-1.zip,高级后台断网修复包1/www/www_bak/3/www/Advanced_FlowCtl_Content.asp,326ac5019c392872eca6f3f01e834c393414bf4942e3ae56667a7961a6ba062a,temperature,utf-8,0x15b3
高级后台断网修复包-1.zip,高级后台断网修复包1/www/www_bak/3/www/Advanced_Switch_Sim.asp,b8a82a9022a3344048bea2825bbbbca4e0fe245d3b8d8ce79f2985c0990a2634,sysinfo,utf-8,0xbc0
高级后台断网修复包-1.zip,高级后台断网修复包1/www/www_bak/3/www/Advanced_SysInfo.asp,a1d5ae544b13d1f67d30be7d90e5dd78c9a5ef6f5dd10d36326ca3d6031f9bba,cpu_usage,utf-8,0x11ca
高级后台断网修复包-1.zip,高级后台断网修复包1/www/www_bak/3/www/Advanced_SysInfo.asp,a1d5ae544b13d1f67d30be7d90e5dd78c9a5ef6f5dd10d36326ca3d6031f9bba,cpu_usage,utf-8,0x1df4
高级后台断网修复包-1.zip,高级后台断网修复包1/www/www_bak/3/www/Advanced_SysInfo.asp,a1d5ae544b13d1f67d30be7d90e5dd78c9a5ef6f5dd10d36326ca3d6031f9bba,cpu_usage,utf-8,0x1e2b
高级后台断网修复包-1.zip,高级后台断网修复包1/www/www_bak/3/www/Advanced_SysInfo.asp,a1d5ae544b13d1f67d30be7d90e5dd78c9a5ef6f5dd10d36326ca3d6031f9bba,temperature,utf-8,0x6e3
高级后台断网修复包-1.zip,高级后台断网修复包1/www/www_bak/3/www/Advanced_SysInfo.asp,a1d5ae544b13d1f67d30be7d90e5dd78c9a5ef6f5dd10d36326ca3d6031f9bba,temperature,utf-8,0x2429
高级后台断网修复包-1.zip,高级后台断网修复包1/www/www_bak/3/www/Advanced_SysInfo.asp,a1d5ae544b13d1f67d30be7d90e5dd78c9a5ef6f5dd10d36326ca3d6031f9bba,temperature,utf-8,0x2722
高级后台断网修复包-1.zip,高级后台断网修复包1/www/www_bak/3/www/Advanced_SysInfo.asp,a1d5ae544b13d1f67d30be7d90e5dd78c9a5ef6f5dd10d36326ca3d6031f9bba,temperature,utf-8,0x295f
高级后台断网修复包-1.zip,高级后台断网修复包1/www/www_bak/3/www/Advanced_SysInfo.asp,a1d5ae544b13d1f67d30be7d90e5dd78c9a5ef6f5dd10d36326ca3d6031f9bba,mem_usage,utf-8,0x120b
高级后台断网修复包-1.zip,高级后台断网修复包1/www/www_bak/3/www/Advanced_SysInfo.asp,a1d5ae544b13d1f67d30be7d90e5dd78c9a5ef6f5dd10d36326ca3d6031f9bba,mem_usage,utf-8,0x1eac
高级后台断网修复包-1.zip,高级后台断网修复包1/www/www_bak/3/www/Advanced_SysInfo.asp,a1d5ae544b13d1f67d30be7d90e5dd78c9a5ef6f5dd10d36326ca3d6031f9bba,mem_usage,utf-8,0x1ee3
高级后台断网修复包-1.zip,高级后台断网修复包1/www/www_bak/3/www/Advanced_SysInfo.asp,a1d5ae544b13d1f67d30be7d90e5dd78c9a5ef6f5dd10d36326ca3d6031f9bba,sysinfo,utf-8,0x6c2
高级后台断网修复包-1.zip,高级后台断网修复包1/www/www_bak/3/www/Advanced_SysInfo.asp,a1d5ae544b13d1f67d30be7d90e5dd78c9a5ef6f5dd10d36326ca3d6031f9bba,sysinfo,utf-8,0x795
高级后台断网修复包-1.zip,高级后台断网修复包1/www/www_bak/3/www/Advanced_SysInfo.asp,a1d5ae544b13d1f67d30be7d90e5dd78c9a5ef6f5dd10d36326ca3d6031f9bba,sysinfo,utf-8,0xf5d
高级后台断网修复包-1.zip,高级后台断网修复包1/www/www_bak/3/www/Advanced_SysInfo.asp,a1d5ae544b13d1f67d30be7d90e5dd78c9a5ef6f5dd10d36326ca3d6031f9bba,sysinfo,utf-8,0x10dc
高级后台断网修复包-1.zip,高级后台断网修复包1/www/www_bak/3/www/Advanced_SysInfo.asp,a1d5ae544b13d1f67d30be7d90e5dd78c9a5ef6f5dd10d36326ca3d6031f9bba,sysinfo,utf-8,0x110a
高级后台断网修复包-1.zip,高级后台断网修复包1/www/www_bak/3/www/Advanced_SysInfo.asp,a1d5ae544b13d1f67d30be7d90e5dd78c9a5ef6f5dd10d36326ca3d6031f9bba,sysinfo,utf-8,0x2935
高级后台断网修复包-1.zip,高级后台断网修复包1/www/www_bak/3/www/Advanced_SysInfo.asp,a1d5ae544b13d1f67d30be7d90e5dd78c9a5ef6f5dd10d36326ca3d6031f9bba,sysinfo,utf-8,0x3747
高级后台断网修复包-1.zip,高级后台断网修复包1/www/www_bak/3/www/Advanced_System_Status.asp,57ea88ee3cb8a65ca8dfa555b027fe8eeb989541eecc52e81bbfbcf9ca92ed7a,system_status,utf-8,0x78d
高级后台断网修复包-1.zip,高级后台断网修复包1/www/www_bak/3/www/Advanced_System_Status.asp,57ea88ee3cb8a65ca8dfa555b027fe8eeb989541eecc52e81bbfbcf9ca92ed7a,system_status,utf-8,0x1589
高级后台断网修复包-1.zip,高级后台断网修复包1/www/www_bak/3/www/Advanced_System_Status.asp,57ea88ee3cb8a65ca8dfa555b027fe8eeb989541eecc52e81bbfbcf9ca92ed7a,system_status,utf-8,0x1616
高级后台断网修复包-1.zip,高级后台断网修复包1/www/www_bak/3/www/Advanced_System_Status.asp,57ea88ee3cb8a65ca8dfa555b027fe8eeb989541eecc52e81bbfbcf9ca92ed7a,system_status,utf-8,0x29fd
高级后台断网修复包-1.zip,高级后台断网修复包1/www/www_bak/3/www/Advanced_System_Status.asp,57ea88ee3cb8a65ca8dfa555b027fe8eeb989541eecc52e81bbfbcf9ca92ed7a,system_status,utf-8,0x2afb
高级后台断网修复包-1.zip,高级后台断网修复包1/www/www_bak/3/www/Advanced_System_Status.asp,57ea88ee3cb8a65ca8dfa555b027fe8eeb989541eecc52e81bbfbcf9ca92ed7a,cpu_usage,utf-8,0x1ac4
高级后台断网修复包-1.zip,高级后台断网修复包1/www/www_bak/3/www/Advanced_System_Status.asp,57ea88ee3cb8a65ca8dfa555b027fe8eeb989541eecc52e81bbfbcf9ca92ed7a,temperature,utf-8,0x152a
高级后台断网修复包-1.zip,高级后台断网修复包1/www/www_bak/3/www/Advanced_System_Status.asp,57ea88ee3cb8a65ca8dfa555b027fe8eeb989541eecc52e81bbfbcf9ca92ed7a,temperature,utf-8,0x23cd
高级后台断网修复包-1.zip,高级后台断网修复包1/www/www_bak/3/www/Advanced_System_Status.asp,57ea88ee3cb8a65ca8dfa555b027fe8eeb989541eecc52e81bbfbcf9ca92ed7a,temperature,utf-8,0x27b5
高级后台断网修复包-1.zip,高级后台断网修复包1/www/www_bak/3/www/Advanced_System_Status.asp,57ea88ee3cb8a65ca8dfa555b027fe8eeb989541eecc52e81bbfbcf9ca92ed7a,mem_usage,utf-8,0x1b0f
高级后台断网修复包-1.zip,高级后台断网修复包1/www/www_bak/3/www/Advanced_TrafficLimit.asp,0ced1ef759e4668a37c28191577bbe5b032725ca4fe5eebbe18402e39dc75686,sysinfo,utf-8,0xd7c
高级后台断网修复包-1.zip,高级后台断网修复包1/www/www_bak/3/www/echarts.js,ad4855da4513fe036a068ff0df6f98054b81b1c11e4ca21ce522fd82507d017b,sysinfo,utf-8,0x11b5d8
高级后台断网修复包-1.zip,高级后台断网修复包1/www/www_bak/3/www/echarts.js,ad4855da4513fe036a068ff0df6f98054b81b1c11e4ca21ce522fd82507d017b,sysinfo,utf-8,0x11b611
高级后台断网修复包-1.zip,高级后台断网修复包1/www/www_bak/3/www/echarts.js,ad4855da4513fe036a068ff0df6f98054b81b1c11e4ca21ce522fd82507d017b,sysinfo,utf-8,0x11b6e5
高级后台断网修复包-1.zip,高级后台断网修复包1/www/www_bak/3/www/echarts.js,ad4855da4513fe036a068ff0df6f98054b81b1c11e4ca21ce522fd82507d017b,sysinfo,utf-8,0x11b70c
高级后台断网修复包-1.zip,高级后台断网修复包1/www/www_bak/3/www/echarts.js,ad4855da4513fe036a068ff0df6f98054b81b1c11e4ca21ce522fd82507d017b,sysinfo,utf-8,0x11b785
高级后台断网修复包-1.zip,高级后台断网修复包1/www/www_bak/3/www/echarts.js,ad4855da4513fe036a068ff0df6f98054b81b1c11e4ca21ce522fd82507d017b,sysinfo,utf-8,0x11df01
高级后台断网修复包-1.zip,高级后台断网修复包1/www/www_bak/3/www/echarts.js,ad4855da4513fe036a068ff0df6f98054b81b1c11e4ca21ce522fd82507d017b,sysinfo,utf-8,0x11dfbe
高级后台断网修复包-1.zip,高级后台断网修复包1/www/www_bak/3/www/echarts.js,ad4855da4513fe036a068ff0df6f98054b81b1c11e4ca21ce522fd82507d017b,sysinfo,utf-8,0x11dfce
高级后台断网修复包-1.zip,高级后台断网修复包1/www/www_bak/3/www/echarts.js,ad4855da4513fe036a068ff0df6f98054b81b1c11e4ca21ce522fd82507d017b,sysinfo,utf-8,0x11e009
高级后台断网修复包-1.zip,高级后台断网修复包1/www/www_bak/3/www/echarts.js,ad4855da4513fe036a068ff0df6f98054b81b1c11e4ca21ce522fd82507d017b,sysinfo,utf-8,0x11e08c
高级后台断网修复包-1.zip,高级后台断网修复包1/www/www_bak/3/www/echarts.js,ad4855da4513fe036a068ff0df6f98054b81b1c11e4ca21ce522fd82507d017b,sysinfo,utf-8,0x11e2ef
高级后台断网修复包-1.zip,高级后台断网修复包1/www/www_bak/3/www/echarts.js,ad4855da4513fe036a068ff0df6f98054b81b1c11e4ca21ce522fd82507d017b,sysinfo,utf-8,0x11e33f
高级后台断网修复包-1.zip,高级后台断网修复包1/www/www_bak/3/www/echarts.js,ad4855da4513fe036a068ff0df6f98054b81b1c11e4ca21ce522fd82507d017b,sysinfo,utf-8,0x11e3c9
高级后台断网修复包-1.zip,高级后台断网修复包1/www/www_bak/3/www/echarts.js,ad4855da4513fe036a068ff0df6f98054b81b1c11e4ca21ce522fd82507d017b,sysinfo,utf-8,0x11e8e1
高级后台断网修复包-1.zip,高级后台断网修复包1/www/www_bak/3/www/echarts.js,ad4855da4513fe036a068ff0df6f98054b81b1c11e4ca21ce522fd82507d017b,sysinfo,utf-8,0x11e8f3
高级后台断网修复包-1.zip,高级后台断网修复包1/www/www_bak/3/www/echarts.js,ad4855da4513fe036a068ff0df6f98054b81b1c11e4ca21ce522fd82507d017b,sysinfo,utf-8,0x11e952
高级后台断网修复包-1.zip,高级后台断网修复包1/www/www_bak/3/www/echarts.js,ad4855da4513fe036a068ff0df6f98054b81b1c11e4ca21ce522fd82507d017b,sysinfo,utf-8,0x11ec08
高级后台断网修复包-1.zip,高级后台断网修复包1/www/www_bak/3/www/echarts.js,ad4855da4513fe036a068ff0df6f98054b81b1c11e4ca21ce522fd82507d017b,sysinfo,utf-8,0x2a5d23
高级后台断网修复包-1.zip,高级后台断网修复包1/www/www_bak/3/www/echarts.js,ad4855da4513fe036a068ff0df6f98054b81b1c11e4ca21ce522fd82507d017b,sysinfo,utf-8,0x2a5ef1
高级后台断网修复包-1.zip,高级后台断网修复包1/www/www_bak/3/www/echarts.js,ad4855da4513fe036a068ff0df6f98054b81b1c11e4ca21ce522fd82507d017b,sysinfo,utf-8,0x2a5f00
高级后台断网修复包-1.zip,高级后台断网修复包1/www/www_bak/3/www/echarts.js,ad4855da4513fe036a068ff0df6f98054b81b1c11e4ca21ce522fd82507d017b,sysinfo,utf-8,0x2a5f38
高级后台断网修复包-1.zip,高级后台断网修复包1/www/www_bak/3/www/echarts.js,ad4855da4513fe036a068ff0df6f98054b81b1c11e4ca21ce522fd82507d017b,sysinfo,utf-8,0x2a5f52
高级后台断网修复包-1.zip,高级后台断网修复包1/www/www_bak/3/www/echarts.js,ad4855da4513fe036a068ff0df6f98054b81b1c11e4ca21ce522fd82507d017b,sysinfo,utf-8,0x2a5fb7
高级后台断网修复包-1.zip,高级后台断网修复包1/www/www_bak/3/www/echarts.js,ad4855da4513fe036a068ff0df6f98054b81b1c11e4ca21ce522fd82507d017b,sysinfo,utf-8,0x2a5fd6
高级后台断网修复包-1.zip,高级后台断网修复包1/www/www_bak/3/www/echarts.js,ad4855da4513fe036a068ff0df6f98054b81b1c11e4ca21ce522fd82507d017b,sysinfo,utf-8,0x2a5fef
高级后台断网修复包-1.zip,高级后台断网修复包1/www/www_bak/3/www/echarts.js,ad4855da4513fe036a068ff0df6f98054b81b1c11e4ca21ce522fd82507d017b,sysinfo,utf-8,0x2a6019
高级后台断网修复包-1.zip,高级后台断网修复包1/www/www_bak/3/www/echarts.js,ad4855da4513fe036a068ff0df6f98054b81b1c11e4ca21ce522fd82507d017b,sysinfo,utf-8,0x2a603a
高级后台断网修复包-1.zip,高级后台断网修复包1/www/www_bak/3/www/echarts.js,ad4855da4513fe036a068ff0df6f98054b81b1c11e4ca21ce522fd82507d017b,sysinfo,utf-8,0x2a607a
高级后台断网修复包-1.zip,高级后台断网修复包1/www/www_bak/3/www/echarts.js,ad4855da4513fe036a068ff0df6f98054b81b1c11e4ca21ce522fd82507d017b,sysinfo,utf-8,0x2fb8da
高级后台断网修复包-1.zip,高级后台断网修复包1/www/www_bak/3/www/echarts.js,ad4855da4513fe036a068ff0df6f98054b81b1c11e4ca21ce522fd82507d017b,sysinfo,utf-8,0x2fc62b
高级后台断网修复包-1.zip,高级后台断网修复包1/www/www_bak/3/www/echarts.js,ad4855da4513fe036a068ff0df6f98054b81b1c11e4ca21ce522fd82507d017b,sysinfo,utf-8,0x2fc65b
高级后台断网修复包-1.zip,高级后台断网修复包1/www/www_bak/3/www/echarts.js,ad4855da4513fe036a068ff0df6f98054b81b1c11e4ca21ce522fd82507d017b,sysinfo,utf-8,0x2fc6f9
高级后台断网修复包-1.zip,高级后台断网修复包1/www/www_bak/3/www/echarts.js,ad4855da4513fe036a068ff0df6f98054b81b1c11e4ca21ce522fd82507d017b,sysinfo,utf-8,0x2fc82a
高级后台断网修复包-1.zip,高级后台断网修复包1/www/www_bak/3/www/echarts.js,ad4855da4513fe036a068ff0df6f98054b81b1c11e4ca21ce522fd82507d017b,sysinfo,utf-8,0x2fc83a
高级后台断网修复包-1.zip,高级后台断网修复包1/www/www_bak/3/www/echarts.js,ad4855da4513fe036a068ff0df6f98054b81b1c11e4ca21ce522fd82507d017b,sysinfo,utf-8,0x2fd29f
高级后台断网修复包-1.zip,高级后台断网修复包1/www/www_bak/3/www/echarts.js,ad4855da4513fe036a068ff0df6f98054b81b1c11e4ca21ce522fd82507d017b,sysinfo,utf-8,0x2fd365
高级后台断网修复包-1.zip,高级后台断网修复包1/www/www_bak/3/www/echarts.js,ad4855da4513fe036a068ff0df6f98054b81b1c11e4ca21ce522fd82507d017b,sysinfo,utf-8,0x2fd42b
高级后台断网修复包-1.zip,高级后台断网修复包1/www/www_bak/3/www/echarts.js,ad4855da4513fe036a068ff0df6f98054b81b1c11e4ca21ce522fd82507d017b,sysinfo,utf-8,0x2fd76d
高级后台断网修复包-1.zip,高级后台断网修复包1/www/www_bak/3/www/echarts.js,ad4855da4513fe036a068ff0df6f98054b81b1c11e4ca21ce522fd82507d017b,sysinfo,utf-8,0x2fd818
高级后台断网修复包-1.zip,高级后台断网修复包1/www/www_bak/3/www/echarts.js,ad4855da4513fe036a068ff0df6f98054b81b1c11e4ca21ce522fd82507d017b,sysinfo,utf-8,0x2fd8d8
高级后台断网修复包-1.zip,高级后台断网修复包1/www/www_bak/3/www/echarts.js,ad4855da4513fe036a068ff0df6f98054b81b1c11e4ca21ce522fd82507d017b,sysinfo,utf-8,0x2fd987
高级后台断网修复包-1.zip,高级后台断网修复包1/www/www_bak/3/www/echarts.js,ad4855da4513fe036a068ff0df6f98054b81b1c11e4ca21ce522fd82507d017b,sysinfo,utf-8,0x2fda34
高级后台断网修复包-1.zip,高级后台断网修复包1/www/www_bak/3/www/echarts.js,ad4855da4513fe036a068ff0df6f98054b81b1c11e4ca21ce522fd82507d017b,sysinfo,utf-8,0x2fdafa
高级后台断网修复包-1.zip,高级后台断网修复包1/www/www_bak/3/www/echarts.js,ad4855da4513fe036a068ff0df6f98054b81b1c11e4ca21ce522fd82507d017b,sysinfo,utf-8,0x2fdb89
高级后台断网修复包-1.zip,高级后台断网修复包1/www/www_bak/3/www/echarts.js,ad4855da4513fe036a068ff0df6f98054b81b1c11e4ca21ce522fd82507d017b,sysinfo,utf-8,0x2fdce4
高级后台断网修复包-1.zip,高级后台断网修复包1/www/www_bak/3/www/echarts.js,ad4855da4513fe036a068ff0df6f98054b81b1c11e4ca21ce522fd82507d017b,sysinfo,utf-8,0x2fdd40
高级后台断网修复包-1.zip,高级后台断网修复包1/www/www_bak/3/www/echarts.js,ad4855da4513fe036a068ff0df6f98054b81b1c11e4ca21ce522fd82507d017b,sysinfo,utf-8,0x2fdfa3
高级后台断网修复包-1.zip,高级后台断网修复包1/www/www_bak/3/www/echarts.js,ad4855da4513fe036a068ff0df6f98054b81b1c11e4ca21ce522fd82507d017b,sysinfo,utf-8,0x2fe000
高级后台断网修复包-1.zip,高级后台断网修复包1/www/www_bak/3/www/echarts.js,ad4855da4513fe036a068ff0df6f98054b81b1c11e4ca21ce522fd82507d017b,sysinfo,utf-8,0x2fe499
高级后台断网修复包-1.zip,高级后台断网修复包1/www/www_bak/3/www/echarts.js,ad4855da4513fe036a068ff0df6f98054b81b1c11e4ca21ce522fd82507d017b,sysinfo,utf-8,0x2fe4df
高级后台断网修复包-1.zip,高级后台断网修复包1/www/www_bak/3/www/echarts.js,ad4855da4513fe036a068ff0df6f98054b81b1c11e4ca21ce522fd82507d017b,sysinfo,utf-8,0x306d24
高级后台断网修复包-1.zip,高级后台断网修复包1/www/www_bak/3/www/echarts.js,ad4855da4513fe036a068ff0df6f98054b81b1c11e4ca21ce522fd82507d017b,sysinfo,utf-8,0x306d88
高级后台断网修复包-1.zip,高级后台断网修复包1/www/www_bak/3/www/echarts.js,ad4855da4513fe036a068ff0df6f98054b81b1c11e4ca21ce522fd82507d017b,sysinfo,utf-8,0x306dbc
高级后台断网修复包-1.zip,高级后台断网修复包1/www/www_bak/3/www/echarts.js,ad4855da4513fe036a068ff0df6f98054b81b1c11e4ca21ce522fd82507d017b,5555,utf-8,0x1252c3
高级后台断网修复包-1.zip,高级后台断网修复包1/www/www_bak/3/www/echarts.js,ad4855da4513fe036a068ff0df6f98054b81b1c11e4ca21ce522fd82507d017b,5555,utf-8,0x125318
高级后台断网修复包-1.zip,高级后台断网修复包1/www/www_bak/3/www/feiliu.asp,3b950e908353d3d625ee5d42a470c78d4eba9e5bbb11c27db66ada7b8e7a7a7a,8081,utf-8,0x452
高级后台断网修复包-1.zip,高级后台断网修复包1/www/www_bak/3/www/feiliu.asp,3b950e908353d3d625ee5d42a470c78d4eba9e5bbb11c27db66ada7b8e7a7a7a,8081,utf-8,0x495
高级后台断网修复包-1.zip,高级后台断网修复包1/www/www_bak/3/www/feiliu.asp,3b950e908353d3d625ee5d42a470c78d4eba9e5bbb11c27db66ada7b8e7a7a7a,8081,utf-8,0x4d1
高级后台断网修复包-1.zip,高级后台断网修复包1/www/www_bak/3/www/feiliu.asp,3b950e908353d3d625ee5d42a470c78d4eba9e5bbb11c27db66ada7b8e7a7a7a,7689,utf-8,0x41f
高级后台断网修复包-1.zip,高级后台断网修复包1/www/www_bak/3/www/state.js,2394cbfb6a398a62cef68b9021a3e6ab43e5f025cfb5ec6ee098cd675f2f9ef8,system_status,utf-8,0x141
高级后台断网修复包-1.zip,高级后台断网修复包1/www/www_bak/3/www/state.js,2394cbfb6a398a62cef68b9021a3e6ab43e5f025cfb5ec6ee098cd675f2f9ef8,system_status,utf-8,0xdd2
高级后台断网修复包-1.zip,高级后台断网修复包1/www/www_bak/3/www/state.js,2394cbfb6a398a62cef68b9021a3e6ab43e5f025cfb5ec6ee098cd675f2f9ef8,cpu_usage,utf-8,0x1e26
高级后台断网修复包-1.zip,高级后台断网修复包1/www/www_bak/3/www/state.js,2394cbfb6a398a62cef68b9021a3e6ab43e5f025cfb5ec6ee098cd675f2f9ef8,cpu_usage,utf-8,0x1e72
高级后台断网修复包-1.zip,高级后台断网修复包1/www/www_bak/3/www/state.js,2394cbfb6a398a62cef68b9021a3e6ab43e5f025cfb5ec6ee098cd675f2f9ef8,cpu_usage,utf-8,0x1ebe
高级后台断网修复包-1.zip,高级后台断网修复包1/www/www_bak/3/www/state.js,2394cbfb6a398a62cef68b9021a3e6ab43e5f025cfb5ec6ee098cd675f2f9ef8,cpu_usage,utf-8,0x1f0d
高级后台断网修复包-1.zip,高级后台断网修复包1/www/www_bak/3/www/state.js,2394cbfb6a398a62cef68b9021a3e6ab43e5f025cfb5ec6ee098cd675f2f9ef8,cpu_usage,utf-8,0x1f59
高级后台断网修复包-1.zip,高级后台断网修复包1/www/www_bak/3/www/state.js,2394cbfb6a398a62cef68b9021a3e6ab43e5f025cfb5ec6ee098cd675f2f9ef8,cpu_usage,utf-8,0x1fa2
高级后台断网修复包-1.zip,高级后台断网修复包1/www/www_bak/3/www/state.js,2394cbfb6a398a62cef68b9021a3e6ab43e5f025cfb5ec6ee098cd675f2f9ef8,cpu_usage,utf-8,0x1fee
高级后台断网修复包-1.zip,高级后台断网修复包1/www/www_bak/3/www/state.js,2394cbfb6a398a62cef68b9021a3e6ab43e5f025cfb5ec6ee098cd675f2f9ef8,cpu_usage,utf-8,0x3750
高级后台断网修复包-1.zip,高级后台断网修复包1/www/www_bak/3/www/state.js,2394cbfb6a398a62cef68b9021a3e6ab43e5f025cfb5ec6ee098cd675f2f9ef8,cpu_usage,utf-8,0x78fb
高级后台断网修复包-1.zip,高级后台断网修复包1/www/www_bak/3/www/state.js,2394cbfb6a398a62cef68b9021a3e6ab43e5f025cfb5ec6ee098cd675f2f9ef8,cpu_usage,utf-8,0x84f7
高级后台断网修复包-1.zip,高级后台断网修复包1/www/www_bak/3/www/state.js,2394cbfb6a398a62cef68b9021a3e6ab43e5f025cfb5ec6ee098cd675f2f9ef8,battery,utf-8,0x11a7
高级后台断网修复包-1.zip,高级后台断网修复包1/www/www_bak/3/www/state.js,2394cbfb6a398a62cef68b9021a3e6ab43e5f025cfb5ec6ee098cd675f2f9ef8,battery,utf-8,0x1462
高级后台断网修复包-1.zip,高级后台断网修复包1/www/www_bak/3/www/state.js,2394cbfb6a398a62cef68b9021a3e6ab43e5f025cfb5ec6ee098cd675f2f9ef8,battery,utf-8,0x149d
高级后台断网修复包-1.zip,高级后台断网修复包1/www/www_bak/3/www/state.js,2394cbfb6a398a62cef68b9021a3e6ab43e5f025cfb5ec6ee098cd675f2f9ef8,battery,utf-8,0x14a5
高级后台断网修复包-1.zip,高级后台断网修复包1/www/www_bak/3/www/state.js,2394cbfb6a398a62cef68b9021a3e6ab43e5f025cfb5ec6ee098cd675f2f9ef8,battery,utf-8,0x194b
高级后台断网修复包-1.zip,高级后台断网修复包1/www/www_bak/3/www/state.js,2394cbfb6a398a62cef68b9021a3e6ab43e5f025cfb5ec6ee098cd675f2f9ef8,battery,utf-8,0x4315
高级后台断网修复包-1.zip,高级后台断网修复包1/www/www_bak/3/www/state.js,2394cbfb6a398a62cef68b9021a3e6ab43e5f025cfb5ec6ee098cd675f2f9ef8,battery,utf-8,0x4345
高级后台断网修复包-1.zip,高级后台断网修复包1/www/www_bak/3/www/state.js,2394cbfb6a398a62cef68b9021a3e6ab43e5f025cfb5ec6ee098cd675f2f9ef8,mem_usage,utf-8,0x203a
高级后台断网修复包-1.zip,高级后台断网修复包1/www/www_bak/3/www/state.js,2394cbfb6a398a62cef68b9021a3e6ab43e5f025cfb5ec6ee098cd675f2f9ef8,mem_usage,utf-8,0x209d
高级后台断网修复包-1.zip,高级后台断网修复包1/www/www_bak/3/www/state.js,2394cbfb6a398a62cef68b9021a3e6ab43e5f025cfb5ec6ee098cd675f2f9ef8,mem_usage,utf-8,0x20fe
高级后台断网修复包-1.zip,高级后台断网修复包1/www/www_bak/3/www/state.js,2394cbfb6a398a62cef68b9021a3e6ab43e5f025cfb5ec6ee098cd675f2f9ef8,mem_usage,utf-8,0x215e
高级后台断网修复包-1.zip,高级后台断网修复包1/www/www_bak/3/www/state.js,2394cbfb6a398a62cef68b9021a3e6ab43e5f025cfb5ec6ee098cd675f2f9ef8,mem_usage,utf-8,0x21c3
高级后台断网修复包-1.zip,高级后台断网修复包1/www/www_bak/3/www/state.js,2394cbfb6a398a62cef68b9021a3e6ab43e5f025cfb5ec6ee098cd675f2f9ef8,mem_usage,utf-8,0x2229
高级后台断网修复包-1.zip,高级后台断网修复包1/www/www_bak/3/www/state.js,2394cbfb6a398a62cef68b9021a3e6ab43e5f025cfb5ec6ee098cd675f2f9ef8,mem_usage,utf-8,0x228c
高级后台断网修复包-1.zip,高级后台断网修复包1/www/www_bak/3/www/state.js,2394cbfb6a398a62cef68b9021a3e6ab43e5f025cfb5ec6ee098cd675f2f9ef8,mem_usage,utf-8,0x3a3b
高级后台断网修复包-1.zip,高级后台断网修复包1/www/www_bak/3/www/state.js,2394cbfb6a398a62cef68b9021a3e6ab43e5f025cfb5ec6ee098cd675f2f9ef8,mem_usage,utf-8,0x7959
高级后台断网修复包-1.zip,高级后台断网修复包1/www/www_bak/3/www/state.js,2394cbfb6a398a62cef68b9021a3e6ab43e5f025cfb5ec6ee098cd675f2f9ef8,mem_usage,utf-8,0x8511
高级后台断网修复包-1.zip,高级后台断网修复包1/www/www_bak/3/www/state.js,2394cbfb6a398a62cef68b9021a3e6ab43e5f025cfb5ec6ee098cd675f2f9ef8,sysinfo,utf-8,0x12f
高级后台断网修复包-1.zip,高级后台断网修复包1/www/www_bak/3/www/state.js,2394cbfb6a398a62cef68b9021a3e6ab43e5f025cfb5ec6ee098cd675f2f9ef8,sysinfo,utf-8,0x154d
高级后台断网修复包-1.zip,高级后台断网修复包1/www/www_bak/3/www/state.js,2394cbfb6a398a62cef68b9021a3e6ab43e5f025cfb5ec6ee098cd675f2f9ef8,sysinfo,utf-8,0x15b0
高级后台断网修复包-1.zip,高级后台断网修复包1/www/www_bak/3/www/state.js,2394cbfb6a398a62cef68b9021a3e6ab43e5f025cfb5ec6ee098cd675f2f9ef8,sysinfo,utf-8,0x1602
高级后台断网修复包-1.zip,高级后台断网修复包1/www/www_bak/3/www/state.js,2394cbfb6a398a62cef68b9021a3e6ab43e5f025cfb5ec6ee098cd675f2f9ef8,sysinfo,utf-8,0x1654
高级后台断网修复包-1.zip,高级后台断网修复包1/www/www_bak/3/www/state.js,2394cbfb6a398a62cef68b9021a3e6ab43e5f025cfb5ec6ee098cd675f2f9ef8,sysinfo,utf-8,0x16aa
高级后台断网修复包-1.zip,高级后台断网修复包1/www/www_bak/3/www/state.js,2394cbfb6a398a62cef68b9021a3e6ab43e5f025cfb5ec6ee098cd675f2f9ef8,sysinfo,utf-8,0x16fe
高级后台断网修复包-1.zip,高级后台断网修复包1/www/www_bak/3/www/state.js,2394cbfb6a398a62cef68b9021a3e6ab43e5f025cfb5ec6ee098cd675f2f9ef8,sysinfo,utf-8,0x1754
高级后台断网修复包-1.zip,高级后台断网修复包1/www/www_bak/3/www/state.js,2394cbfb6a398a62cef68b9021a3e6ab43e5f025cfb5ec6ee098cd675f2f9ef8,sysinfo,utf-8,0x17a6
高级后台断网修复包-1.zip,高级后台断网修复包1/www/www_bak/3/www/state.js,2394cbfb6a398a62cef68b9021a3e6ab43e5f025cfb5ec6ee098cd675f2f9ef8,sysinfo,utf-8,0x17f7
高级后台断网修复包-1.zip,高级后台断网修复包1/www/www_bak/3/www/state.js,2394cbfb6a398a62cef68b9021a3e6ab43e5f025cfb5ec6ee098cd675f2f9ef8,sysinfo,utf-8,0x181f
高级后台断网修复包-1.zip,高级后台断网修复包1/www/www_bak/3/www/state.js,2394cbfb6a398a62cef68b9021a3e6ab43e5f025cfb5ec6ee098cd675f2f9ef8,sysinfo,utf-8,0x1842
高级后台断网修复包-1.zip,高级后台断网修复包1/www/www_bak/3/www/state.js,2394cbfb6a398a62cef68b9021a3e6ab43e5f025cfb5ec6ee098cd675f2f9ef8,sysinfo,utf-8,0x185b
高级后台断网修复包-1.zip,高级后台断网修复包1/www/www_bak/3/www/state.js,2394cbfb6a398a62cef68b9021a3e6ab43e5f025cfb5ec6ee098cd675f2f9ef8,sysinfo,utf-8,0x1869
高级后台断网修复包-1.zip,高级后台断网修复包1/www/www_bak/3/www/state.js,2394cbfb6a398a62cef68b9021a3e6ab43e5f025cfb5ec6ee098cd675f2f9ef8,sysinfo,utf-8,0x1877
高级后台断网修复包-1.zip,高级后台断网修复包1/www/www_bak/3/www/state.js,2394cbfb6a398a62cef68b9021a3e6ab43e5f025cfb5ec6ee098cd675f2f9ef8,sysinfo,utf-8,0x1893
高级后台断网修复包-1.zip,高级后台断网修复包1/www/www_bak/3/www/state.js,2394cbfb6a398a62cef68b9021a3e6ab43e5f025cfb5ec6ee098cd675f2f9ef8,sysinfo,utf-8,0x18a4
高级后台断网修复包-1.zip,高级后台断网修复包1/www/www_bak/3/www/state.js,2394cbfb6a398a62cef68b9021a3e6ab43e5f025cfb5ec6ee098cd675f2f9ef8,sysinfo,utf-8,0x18b4
高级后台断网修复包-1.zip,高级后台断网修复包1/www/www_bak/3/www/state.js,2394cbfb6a398a62cef68b9021a3e6ab43e5f025cfb5ec6ee098cd675f2f9ef8,sysinfo,utf-8,0x18c4
高级后台断网修复包-1.zip,高级后台断网修复包1/www/www_bak/3/www/state.js,2394cbfb6a398a62cef68b9021a3e6ab43e5f025cfb5ec6ee098cd675f2f9ef8,sysinfo,utf-8,0x18df
高级后台断网修复包-1.zip,高级后台断网修复包1/www/www_bak/3/www/state.js,2394cbfb6a398a62cef68b9021a3e6ab43e5f025cfb5ec6ee098cd675f2f9ef8,sysinfo,utf-8,0x18f4
高级后台断网修复包-1.zip,高级后台断网修复包1/www/www_bak/3/www/state.js,2394cbfb6a398a62cef68b9021a3e6ab43e5f025cfb5ec6ee098cd675f2f9ef8,sysinfo,utf-8,0x190b
高级后台断网修复包-1.zip,高级后台断网修复包1/www/www_bak/3/www/state.js,2394cbfb6a398a62cef68b9021a3e6ab43e5f025cfb5ec6ee098cd675f2f9ef8,sysinfo,utf-8,0x1953
高级后台断网修复包-1.zip,高级后台断网修复包1/www/www_bak/3/www/state.js,2394cbfb6a398a62cef68b9021a3e6ab43e5f025cfb5ec6ee098cd675f2f9ef8,sysinfo,utf-8,0x1967
高级后台断网修复包-1.zip,高级后台断网修复包1/www/www_bak/3/www/state.js,2394cbfb6a398a62cef68b9021a3e6ab43e5f025cfb5ec6ee098cd675f2f9ef8,sysinfo,utf-8,0x19d2
高级后台断网修复包-1.zip,高级后台断网修复包1/www/www_bak/3/www/state.js,2394cbfb6a398a62cef68b9021a3e6ab43e5f025cfb5ec6ee098cd675f2f9ef8,sysinfo,utf-8,0x19f4
高级后台断网修复包-1.zip,高级后台断网修复包1/www/www_bak/3/www/state.js,2394cbfb6a398a62cef68b9021a3e6ab43e5f025cfb5ec6ee098cd675f2f9ef8,sysinfo,utf-8,0x1a15
高级后台断网修复包-1.zip,高级后台断网修复包1/www/www_bak/3/www/state.js,2394cbfb6a398a62cef68b9021a3e6ab43e5f025cfb5ec6ee098cd675f2f9ef8,sysinfo,utf-8,0x1a2d
高级后台断网修复包-1.zip,高级后台断网修复包1/www/www_bak/3/www/state.js,2394cbfb6a398a62cef68b9021a3e6ab43e5f025cfb5ec6ee098cd675f2f9ef8,sysinfo,utf-8,0x1a4c
高级后台断网修复包-1.zip,高级后台断网修复包1/www/www_bak/3/www/state.js,2394cbfb6a398a62cef68b9021a3e6ab43e5f025cfb5ec6ee098cd675f2f9ef8,sysinfo,utf-8,0x1a6f
高级后台断网修复包-1.zip,高级后台断网修复包1/www/www_bak/3/www/state.js,2394cbfb6a398a62cef68b9021a3e6ab43e5f025cfb5ec6ee098cd675f2f9ef8,sysinfo,utf-8,0x1a89
高级后台断网修复包-1.zip,高级后台断网修复包1/www/www_bak/3/www/state.js,2394cbfb6a398a62cef68b9021a3e6ab43e5f025cfb5ec6ee098cd675f2f9ef8,sysinfo,utf-8,0x1bf9
高级后台断网修复包-1.zip,高级后台断网修复包1/www/www_bak/3/www/state.js,2394cbfb6a398a62cef68b9021a3e6ab43e5f025cfb5ec6ee098cd675f2f9ef8,sysinfo,utf-8,0x1c29
高级后台断网修复包-1.zip,高级后台断网修复包1/www/www_bak/3/www/state.js,2394cbfb6a398a62cef68b9021a3e6ab43e5f025cfb5ec6ee098cd675f2f9ef8,sysinfo,utf-8,0x1c5f
高级后台断网修复包-1.zip,高级后台断网修复包1/www/www_bak/3/www/state.js,2394cbfb6a398a62cef68b9021a3e6ab43e5f025cfb5ec6ee098cd675f2f9ef8,sysinfo,utf-8,0x207a
高级后台断网修复包-1.zip,高级后台断网修复包1/www/www_bak/3/www/state.js,2394cbfb6a398a62cef68b9021a3e6ab43e5f025cfb5ec6ee098cd675f2f9ef8,sysinfo,utf-8,0x20dc
高级后台断网修复包-1.zip,高级后台断网修复包1/www/www_bak/3/www/state.js,2394cbfb6a398a62cef68b9021a3e6ab43e5f025cfb5ec6ee098cd675f2f9ef8,sysinfo,utf-8,0x213c
高级后台断网修复包-1.zip,高级后台断网修复包1/www/www_bak/3/www/state.js,2394cbfb6a398a62cef68b9021a3e6ab43e5f025cfb5ec6ee098cd675f2f9ef8,sysinfo,utf-8,0x219f
高级后台断网修复包-1.zip,高级后台断网修复包1/www/www_bak/3/www/state.js,2394cbfb6a398a62cef68b9021a3e6ab43e5f025cfb5ec6ee098cd675f2f9ef8,sysinfo,utf-8,0x2204
高级后台断网修复包-1.zip,高级后台断网修复包1/www/www_bak/3/www/state.js,2394cbfb6a398a62cef68b9021a3e6ab43e5f025cfb5ec6ee098cd675f2f9ef8,sysinfo,utf-8,0x2268
高级后台断网修复包-1.zip,高级后台断网修复包1/www/www_bak/3/www/state.js,2394cbfb6a398a62cef68b9021a3e6ab43e5f025cfb5ec6ee098cd675f2f9ef8,sysinfo,utf-8,0x22cf
高级后台断网修复包-1.zip,高级后台断网修复包1/www/www_bak/3/www/state.js,2394cbfb6a398a62cef68b9021a3e6ab43e5f025cfb5ec6ee098cd675f2f9ef8,sysinfo,utf-8,0x22fa
高级后台断网修复包-1.zip,高级后台断网修复包1/www/www_bak/3/www/state.js,2394cbfb6a398a62cef68b9021a3e6ab43e5f025cfb5ec6ee098cd675f2f9ef8,sysinfo,utf-8,0x2379
高级后台断网修复包-1.zip,高级后台断网修复包1/www/www_bak/3/www/state.js,2394cbfb6a398a62cef68b9021a3e6ab43e5f025cfb5ec6ee098cd675f2f9ef8,sysinfo,utf-8,0x23f8
高级后台断网修复包-1.zip,高级后台断网修复包1/www/www_bak/3/www/state.js,2394cbfb6a398a62cef68b9021a3e6ab43e5f025cfb5ec6ee098cd675f2f9ef8,sysinfo,utf-8,0x247b
高级后台断网修复包-1.zip,高级后台断网修复包1/www/www_bak/3/www/state.js,2394cbfb6a398a62cef68b9021a3e6ab43e5f025cfb5ec6ee098cd675f2f9ef8,sysinfo,utf-8,0x24fe
高级后台断网修复包-1.zip,高级后台断网修复包1/www/www_bak/3/www/state.js,2394cbfb6a398a62cef68b9021a3e6ab43e5f025cfb5ec6ee098cd675f2f9ef8,sysinfo,utf-8,0x256a
高级后台断网修复包-1.zip,高级后台断网修复包1/www/www_bak/3/www/state.js,2394cbfb6a398a62cef68b9021a3e6ab43e5f025cfb5ec6ee098cd675f2f9ef8,sysinfo,utf-8,0x5ce0
高级后台断网修复包-1.zip,高级后台断网修复包1/www/www_bak/3/www/state.js,2394cbfb6a398a62cef68b9021a3e6ab43e5f025cfb5ec6ee098cd675f2f9ef8,sysinfo,utf-8,0x6646
