archive,relative_path,size,sha256,file_type,extension,executable,text_binary,zip_crc32,zip_mtime,local_path
web后台备份工具.zip,web后台备份工具/AdbWinApi.dll,97792,d60103a5e99bc9888f786ee916f5d6e45493c3247972cb053833803de7e95cf9,PE/MZ,.dll,True,BINARY,308605dd,"(2008, 1, 1, 0, 0, 0)",analysis/vendor-artifacts/backup-tool/web后台备份工具/AdbWinApi.dll
web后台备份工具.zip,web后台备份工具/AdbWinUsbApi.dll,62976,25207c506d29c4e8dceb61b4bd50e8669ba26012988a43fbf26a890b1e60fc97,PE/MZ,.dll,True,BINARY,7283b8f8,"(2008, 1, 1, 0, 0, 0)",analysis/vendor-artifacts/backup-tool/web后台备份工具/AdbWinUsbApi.dll
web后台备份工具.zip,web后台备份工具/adb.exe,5992960,bce1f6f6f6532266837b66d719bfbd177d406d6d7d8d5adfd5e7c59fcde651a5,PE/MZ,.exe,True,BINARY,5910ae30,"(2008, 1, 1, 0, 0, 0)",analysis/vendor-artifacts/backup-tool/web后台备份工具/adb.exe
web后台备份工具.zip,web后台备份工具/双击备份www.bat,446,780497ef629e45107d3b3c5eeaaec7cef7ae78928d8f8d260bddad13713223a4,TEXT/gb18030,.bat,True,TEXT,47a076d3,"(2008, 1, 1, 2, 39, 44)",analysis/vendor-artifacts/backup-tool/web后台备份工具/双击备份www.bat
阿乐卡MF650高级后台.zip,阿乐卡MF650高级后台/ALKMF650.zip,1152949,7c38e958b0c55d5fbb7527ac457eb1509c8d855768b8dd2c711edfe4b05ee579,ZIP,.zip,False,BINARY,41c9c9fa,"(2008, 1, 1, 0, 2, 14)",analysis/vendor-artifacts/advanced-backend/阿乐卡MF650高级后台/ALKMF650.zip
阿乐卡MF650高级后台.zip,阿乐卡MF650高级后台/ALKMF650.zip!bin/forwards,63600,299fe42affab306b35e06aec36b0185cbea7ba39986a87dfd061de78bb4b0111,ELF32 machine=40 endian=1,,True,BINARY,1e8b060b,"(2024, 12, 1, 13, 3, 22)",analysis/vendor-artifacts/extracted/advanced-backend/ALKMF650/bin/forwards
阿乐卡MF650高级后台.zip,阿乐卡MF650高级后台/ALKMF650.zip!bin/webservers,69664,27d12ed84c9a19cfc3361c30faf8acb3d3983bda2be617a7ce212f79926b5b2e,ELF32 machine=40 endian=1,,True,BINARY,c5d9b725,"(2024, 12, 1, 13, 3, 22)",analysis/vendor-artifacts/extracted/advanced-backend/ALKMF650/bin/webservers
阿乐卡MF650高级后台.zip,阿乐卡MF650高级后台/ALKMF650.zip!cron/crontabs/root,83,c8545e80e51ceacd941a65bdc9cf2622e546b9b320776235c468cc44fc611649,TEXT/utf-8-sig,,False,TEXT,f8df2f15,"(2024, 12, 1, 23, 17, 44)",analysis/vendor-artifacts/extracted/advanced-backend/ALKMF650/cron/crontabs/root
阿乐卡MF650高级后台.zip,阿乐卡MF650高级后台/ALKMF650.zip!install.sh,4003,d18204bdd7d4da3233b6630fef3e91753191c3bd321adae04757ed9412f015b7,TEXT/utf-8-sig,.sh,True,TEXT,460f5aa1,"(2008, 1, 1, 0, 0, 4)",analysis/vendor-artifacts/extracted/advanced-backend/ALKMF650/install.sh
阿乐卡MF650高级后台.zip,阿乐卡MF650高级后台/ALKMF650.zip!kasb/kasb_poweroff.sh,2092,b09c5a7e4dabee4a922971509275c6ddef9e018925e7f9d1f16bdc5891cf6f8e,TEXT/utf-8-sig,.sh,True,TEXT,6b357d9e,"(2025, 7, 27, 9, 50, 12)",analysis/vendor-artifacts/extracted/advanced-backend/ALKMF650/kasb/kasb_poweroff.sh
阿乐卡MF650高级后台.zip,阿乐卡MF650高级后台/ALKMF650.zip!kasb/kasb_re_po.sh,1399,ebbe59694e4a0c6e3f9bf07a7aa69c9c6802454bd87bb973e0ad524b4fac809c,TEXT/utf-8-sig,.sh,True,TEXT,ff4c210b,"(2025, 7, 26, 17, 44, 40)",analysis/vendor-artifacts/extracted/advanced-backend/ALKMF650/kasb/kasb_re_po.sh
阿乐卡MF650高级后台.zip,阿乐卡MF650高级后台/ALKMF650.zip!kasb/kasb_reboot.sh,927,141d6b0e1e803fe6bd9d5c9de1e306217a6f34e65de85d12ce453327a6a55d5c,TEXT/utf-8-sig,.sh,True,TEXT,e42faa0d,"(2024, 12, 6, 11, 48, 24)",analysis/vendor-artifacts/extracted/advanced-backend/ALKMF650/kasb/kasb_reboot.sh
阿乐卡MF650高级后台.zip,阿乐卡MF650高级后台/ALKMF650.zip!kasb/www/charge.sh,3963,89db03a8326d87bed28f01dbe50614ca7357ce0cab82b2e34755007d0e204a0c,TEXT/utf-8-sig,.sh,True,TEXT,192f3a49,"(2025, 8, 29, 16, 38, 20)",analysis/vendor-artifacts/extracted/advanced-backend/ALKMF650/kasb/www/charge.sh
阿乐卡MF650高级后台.zip,阿乐卡MF650高级后台/ALKMF650.zip!kasb/www/charge_xf,2039,d1646f4b2a167444a02d6d4584efb47b6a41a5d713ec25a6eaf100face5a1624,TEXT/utf-8-sig,,True,TEXT,522b7f2f,"(2025, 8, 29, 22, 6, 38)",analysis/vendor-artifacts/extracted/advanced-backend/ALKMF650/kasb/www/charge_xf
阿乐卡MF650高级后台.zip,阿乐卡MF650高级后台/ALKMF650.zip!sbin/adbd,30380,e545cde0feedeb1deb2aa97ffe062b54caf522d4996e0db404b4fb0e7552f1c8,ELF32 machine=40 endian=1,,True,BINARY,4f8ae8d7,"(2025, 6, 13, 0, 9, 44)",analysis/vendor-artifacts/extracted/advanced-backend/ALKMF650/sbin/adbd
阿乐卡MF650高级后台.zip,阿乐卡MF650高级后台/ALKMF650.zip!systemd/crond.service,297,54d7f2991fbe48d7e4b70a26580ba8974b81c2176909066ba4ba3a81b399ff68,TEXT/utf-8-sig,.service,False,TEXT,c35bbdff,"(2024, 12, 1, 13, 3, 22)",analysis/vendor-artifacts/extracted/advanced-backend/ALKMF650/systemd/crond.service
阿乐卡MF650高级后台.zip,阿乐卡MF650高级后台/ALKMF650.zip!systemd/forwards.service,355,6454411acc2e1647bf62077669a3a99577ee98aa9fe1dfe4133b4ae6eb4a0096,TEXT/utf-8-sig,.service,False,TEXT,46acd848,"(2024, 12, 3, 22, 24, 48)",analysis/vendor-artifacts/extracted/advanced-backend/ALKMF650/systemd/forwards.service
阿乐卡MF650高级后台.zip,阿乐卡MF650高级后台/ALKMF650.zip!systemd/kasb_cgi.service,263,269a6ed2c6d175877acd30100d72ba3554e299e5ebe9176a1396bb57564e2bb1,TEXT/utf-8-sig,.service,False,TEXT,1e108276,"(2025, 7, 26, 21, 22, 8)",analysis/vendor-artifacts/extracted/advanced-backend/ALKMF650/systemd/kasb_cgi.service
阿乐卡MF650高级后台.zip,阿乐卡MF650高级后台/ALKMF650.zip!systemd/kasb_charge,223,9dac925ca028f91ef1308d01c3725eadb923710fa8dda0586c35b8e6bec5c18c,TEXT/utf-8-sig,,False,TEXT,2d43bd14,"(2025, 8, 10, 13, 20, 40)",analysis/vendor-artifacts/extracted/advanced-backend/ALKMF650/systemd/kasb_charge
阿乐卡MF650高级后台.zip,阿乐卡MF650高级后台/ALKMF650.zip!systemd/kasb_charge_xf.service,226,526ce9ee706848f2280ee1adaa881e445e2f4c29f091c09899e4b2050bfef0ea,TEXT/utf-8-sig,.service,False,TEXT,41e61115,"(2025, 8, 28, 17, 13, 20)",analysis/vendor-artifacts/extracted/advanced-backend/ALKMF650/systemd/kasb_charge_xf.service
阿乐卡MF650高级后台.zip,阿乐卡MF650高级后台/ALKMF650.zip!systemd/kasb_poweroff.service,226,eabacd8181c40cbf152e40dbe28de27982db33b5e5c0d261f50dff6a3ac8bf0c,TEXT/utf-8-sig,.service,False,TEXT,95ded1e9,"(2024, 12, 6, 10, 18, 34)",analysis/vendor-artifacts/extracted/advanced-backend/ALKMF650/systemd/kasb_poweroff.service
阿乐卡MF650高级后台.zip,阿乐卡MF650高级后台/ALKMF650.zip!systemd/kasb_re_po.service,223,e02fbd67adbdf3cbf3ac8e1489b73700b7f254dcdf9841a0dcc7db363ebd6538,TEXT/utf-8-sig,.service,False,TEXT,296c7ce7,"(2024, 12, 6, 10, 21, 42)",analysis/vendor-artifacts/extracted/advanced-backend/ALKMF650/systemd/kasb_re_po.service
阿乐卡MF650高级后台.zip,阿乐卡MF650高级后台/ALKMF650.zip!systemd/kasb_reboot.service,224,bfaa69447e4ee7b01283c876b5fd0c92b0c1ba9d107b62ca30eb89b7787e4679,TEXT/utf-8-sig,.service,False,TEXT,3267d2d8,"(2024, 12, 6, 10, 20, 48)",analysis/vendor-artifacts/extracted/advanced-backend/ALKMF650/systemd/kasb_reboot.service
阿乐卡MF650高级后台.zip,阿乐卡MF650高级后台/ALKMF650.zip!systemd/webserver.service,287,3d7e8119db69d7a621dbfd0e48146cc99498995d5016a8cc62e67e876eb18a8e,TEXT/utf-8-sig,.service,False,TEXT,088fa0fd,"(2024, 12, 15, 23, 16, 14)",analysis/vendor-artifacts/extracted/advanced-backend/ALKMF650/systemd/webserver.service
阿乐卡MF650高级后台.zip,阿乐卡MF650高级后台/ALKMF650.zip!systemd/webservers.service,287,008a7d6290ab11ddafe7b65857a569e10372b29a72177583ade52f1e87435229,TEXT/utf-8-sig,.service,False,TEXT,63e27da6,"(2024, 12, 15, 23, 16, 24)",analysis/vendor-artifacts/extracted/advanced-backend/ALKMF650/systemd/webservers.service
阿乐卡MF650高级后台.zip,阿乐卡MF650高级后台/ALKMF650.zip!www/bootstrap/css/bootstrap.min.css,98856,cb23d5cd418509152e3f216b80e28edc3f54ab5f7a9c040112dfd9491656740a,TEXT/utf-8-sig,.css,False,TEXT,b30a841c,"(2025, 2, 28, 11, 37, 28)",analysis/vendor-artifacts/extracted/advanced-backend/ALKMF650/www/bootstrap/css/bootstrap.min.css
阿乐卡MF650高级后台.zip,阿乐卡MF650高级后台/ALKMF650.zip!www/bootstrap/css/engage.itoggle.css,1323,161f7fb97a4a3230f97d11ed15d77632fa1ae38a2226d8d66fbceb923b4c24dd,TEXT/utf-8-sig,.css,False,TEXT,adb52dac,"(2025, 2, 28, 11, 37, 28)",analysis/vendor-artifacts/extracted/advanced-backend/ALKMF650/www/bootstrap/css/engage.itoggle.css
阿乐卡MF650高级后台.zip,阿乐卡MF650高级后台/ALKMF650.zip!www/bootstrap/css/main.css,24354,3e4583d39eeb9ef8f3e9eaba8e4a33e32cf92a9e118801023bf35c274f8295a2,TEXT/utf-8-sig,.css,False,TEXT,f1e0a61e,"(2025, 2, 28, 11, 37, 28)",analysis/vendor-artifacts/extracted/advanced-backend/ALKMF650/www/bootstrap/css/main.css
阿乐卡MF650高级后台.zip,阿乐卡MF650高级后台/ALKMF650.zip!www/bootstrap/img/ajax-loader.gif,723,82086ad24fc67786d4bd793729d3298602527b4fb510bd93ca4c30516d4bf302,GIF,.gif,False,BINARY,42ee55de,"(2025, 2, 28, 11, 37, 28)",analysis/vendor-artifacts/extracted/advanced-backend/ALKMF650/www/bootstrap/img/ajax-loader.gif
阿乐卡MF650高级后台.zip,阿乐卡MF650高级后台/ALKMF650.zip!www/bootstrap/img/arrow-right.png,1233,a9175a8ca7939ab3791112fc6e33a4cf2535ddf60512e62459fa51966d4287c3,PNG,.png,False,BINARY,8d82c18e,"(2025, 2, 28, 11, 37, 28)",analysis/vendor-artifacts/extracted/advanced-backend/ALKMF650/www/bootstrap/img/arrow-right.png
阿乐卡MF650高级后台.zip,阿乐卡MF650高级后台/ALKMF650.zip!www/bootstrap/img/asus_logo.png,19619,d4254b1820d8c7040e4c410b84979c04298033e9f547aa31edc3a9748e5b1b18,PNG,.png,False,BINARY,4b217229,"(2024, 2, 2, 11, 17, 48)",analysis/vendor-artifacts/extracted/advanced-backend/ALKMF650/www/bootstrap/img/asus_logo.png
阿乐卡MF650高级后台.zip,阿乐卡MF650高级后台/ALKMF650.zip!www/bootstrap/img/battery/Thumbs.db,7168,608a219325ab693ee8fb368ea2692b4a58dcbc9ff0e0534ea17f66b4b1b53dbd,DATA,.db,False,BINARY,167c43b8,"(2025, 2, 28, 11, 37, 28)",analysis/vendor-artifacts/extracted/advanced-backend/ALKMF650/www/bootstrap/img/battery/Thumbs.db
阿乐卡MF650高级后台.zip,阿乐卡MF650高级后台/ALKMF650.zip!www/bootstrap/img/battery/battery_0.png,14949,495032d5e8d0909e863b12b16f378aa644343431c69671545619facdefc32190,PNG,.png,False,BINARY,37573400,"(2025, 2, 28, 11, 37, 28)",analysis/vendor-artifacts/extracted/advanced-backend/ALKMF650/www/bootstrap/img/battery/battery_0.png
阿乐卡MF650高级后台.zip,阿乐卡MF650高级后台/ALKMF650.zip!www/bootstrap/img/battery/battery_1.png,15302,001bff930ad7459498b0746da4d049bb73071ee4f9b722a76622c93a2c212718,PNG,.png,False,BINARY,0818ce92,"(2025, 2, 28, 11, 37, 28)",analysis/vendor-artifacts/extracted/advanced-backend/ALKMF650/www/bootstrap/img/battery/battery_1.png
阿乐卡MF650高级后台.zip,阿乐卡MF650高级后台/ALKMF650.zip!www/bootstrap/img/battery/battery_2.png,15468,e1807abf19727a1c93894538304ee5fb1f6a7aa03e6d5c100bd7ec002997c5df,PNG,.png,False,BINARY,5d15e867,"(2025, 2, 28, 11, 37, 28)",analysis/vendor-artifacts/extracted/advanced-backend/ALKMF650/www/bootstrap/img/battery/battery_2.png
阿乐卡MF650高级后台.zip,阿乐卡MF650高级后台/ALKMF650.zip!www/bootstrap/img/battery/battery_3.png,15558,d8b2f7d427a3dc3e4c97afe96695964a2a13e886e11ec17c2eb4afc973a26c27,PNG,.png,False,BINARY,efd3b7fc,"(2025, 2, 28, 11, 37, 28)",analysis/vendor-artifacts/extracted/advanced-backend/ALKMF650/www/bootstrap/img/battery/battery_3.png
阿乐卡MF650高级后台.zip,阿乐卡MF650高级后台/ALKMF650.zip!www/bootstrap/img/battery/battery_4.png,15600,47e7836daf4b3bfb30523f81159008fd774e78bad7ba6532d50de56b693a2a6d,PNG,.png,False,BINARY,05856a37,"(2025, 2, 28, 11, 37, 28)",analysis/vendor-artifacts/extracted/advanced-backend/ALKMF650/www/bootstrap/img/battery/battery_4.png
阿乐卡MF650高级后台.zip,阿乐卡MF650高级后台/ALKMF650.zip!www/bootstrap/img/battery/battery_low.png,14998,77324ae8450a33a4ffc730f878b71de0cc023743459e3953e10fa4963dd60fc8,PNG,.png,False,BINARY,1d8af7f2,"(2025, 2, 28, 11, 37, 28)",analysis/vendor-artifacts/extracted/advanced-backend/ALKMF650/www/bootstrap/img/battery/battery_low.png
阿乐卡MF650高级后台.zip,阿乐卡MF650高级后台/ALKMF650.zip!www/bootstrap/img/battery/battery_null.png,14951,4df3e66f7f6144c0b0d96cb8aab5b1eddb94897d2da1ff1a2011a8fdf0ad2a56,PNG,.png,False,BINARY,63d19d07,"(2025, 2, 28, 11, 37, 28)",analysis/vendor-artifacts/extracted/advanced-backend/ALKMF650/www/bootstrap/img/battery/battery_null.png
阿乐卡MF650高级后台.zip,阿乐卡MF650高级后台/ALKMF650.zip!www/bootstrap/img/glyphicons-halflings-white.png,8777,f0e0d95a9c8abcdfabf46348e2d4285829bb0491f5f6af0e05af52bffb6324c4,PNG,.png,False,BINARY,43808ba4,"(2025, 2, 28, 11, 37, 30)",analysis/vendor-artifacts/extracted/advanced-backend/ALKMF650/www/bootstrap/img/glyphicons-halflings-white.png
阿乐卡MF650高级后台.zip,阿乐卡MF650高级后台/ALKMF650.zip!www/bootstrap/img/glyphicons-halflings.png,13826,86924cd006db30b9d4f1418e06cd7bd83eef2be768a10f27d2cff26e6977cced,PNG,.png,False,BINARY,1117b3e3,"(2025, 2, 28, 11, 37, 30)",analysis/vendor-artifacts/extracted/advanced-backend/ALKMF650/www/bootstrap/img/glyphicons-halflings.png
阿乐卡MF650高级后台.zip,阿乐卡MF650高级后台/ALKMF650.zip!www/bootstrap/img/icons/Thumbs.db,5120,22c9a1ec1d24c5a8b28624f3037646fa824eb2156131bc0d775c5c839d5fcdb3,DATA,.db,False,BINARY,0a6c9352,"(2025, 2, 28, 11, 37, 30)",analysis/vendor-artifacts/extracted/advanced-backend/ALKMF650/www/bootstrap/img/icons/Thumbs.db
阿乐卡MF650高级后台.zip,阿乐卡MF650高级后台/ALKMF650.zip!www/bootstrap/img/icons/aidisk/Thumbs.db,8192,6a95265cbcf46b2c3aa5d0d98833060dd7e3c161dd73fc87565417e3724e3b83,DATA,.db,False,BINARY,17a7a05b,"(2025, 2, 28, 11, 37, 30)",analysis/vendor-artifacts/extracted/advanced-backend/ALKMF650/www/bootstrap/img/icons/aidisk/Thumbs.db
阿乐卡MF650高级后台.zip,阿乐卡MF650高级后台/ALKMF650.zip!www/bootstrap/img/icons/aidisk/edit.png,259,43d82f679a93bf88cc339d2ff73e34af4e1ab46734dbd4e457ed44b907e869b6,PNG,.png,False,BINARY,208e658d,"(2025, 2, 28, 11, 37, 30)",analysis/vendor-artifacts/extracted/advanced-backend/ALKMF650/www/bootstrap/img/icons/aidisk/edit.png
阿乐卡MF650高级后台.zip,阿乐卡MF650高级后台/ALKMF650.zip!www/bootstrap/img/icons/aidisk/folder_minus.png,205,ff57a20dc4ca11844fff1277bd5de22c1843352bebc901e82c1a86d0518537c4,PNG,.png,False,BINARY,4a619314,"(2025, 2, 28, 11, 37, 30)",analysis/vendor-artifacts/extracted/advanced-backend/ALKMF650/www/bootstrap/img/icons/aidisk/folder_minus.png
阿乐卡MF650高级后台.zip,阿乐卡MF650高级后台/ALKMF650.zip!www/bootstrap/img/icons/aidisk/folder_plus.png,211,84931e7d5f21c37857b4544648193df2539f68606ee40c2bc1b28ba1e8004db6,PNG,.png,False,BINARY,00a061af,"(2025, 2, 28, 11, 37, 30)",analysis/vendor-artifacts/extracted/advanced-backend/ALKMF650/www/bootstrap/img/icons/aidisk/folder_plus.png
阿乐卡MF650高级后台.zip,阿乐卡MF650高级后台/ALKMF650.zip!www/bootstrap/img/icons/aidisk/user_add.png,201,5fce8e23777e59b635ae86800555c69adcdf800fce90133d0f46e7159ea9d70a,PNG,.png,False,BINARY,b4ea4293,"(2025, 2, 28, 11, 37, 30)",analysis/vendor-artifacts/extracted/advanced-backend/ALKMF650/www/bootstrap/img/icons/aidisk/user_add.png
阿乐卡MF650高级后台.zip,阿乐卡MF650高级后台/ALKMF650.zip!www/bootstrap/img/icons/aidisk/user_remove.png,194,5ff8b5a7a43ddec2e806668fe36c388cca08623e49b3b9f9c83b54f5b9536012,PNG,.png,False,BINARY,4ed7063f,"(2025, 2, 28, 11, 37, 30)",analysis/vendor-artifacts/extracted/advanced-backend/ALKMF650/www/bootstrap/img/icons/aidisk/user_remove.png
阿乐卡MF650高级后台.zip,阿乐卡MF650高级后台/ALKMF650.zip!www/bootstrap/img/icons/big-icons.png,7546,9b29aa51ed4a80216887ddbdbe2c9cbc77f7b26b5077d31ac05ce434b57697f4,PNG,.png,False,BINARY,d080f861,"(2025, 2, 28, 11, 37, 30)",analysis/vendor-artifacts/extracted/advanced-backend/ALKMF650/www/bootstrap/img/icons/big-icons.png
阿乐卡MF650高级后台.zip,阿乐卡MF650高级后台/ALKMF650.zip!www/bootstrap/img/itoggle.png,1770,a1983d29eb8c80eb9283882c2cda57c0868190a3f7d2c02cacb5a3127c553c85,PNG,.png,False,BINARY,1497ad16,"(2025, 2, 28, 11, 37, 30)",analysis/vendor-artifacts/extracted/advanced-backend/ALKMF650/www/bootstrap/img/itoggle.png
阿乐卡MF650高级后台.zip,阿乐卡MF650高级后台/ALKMF650.zip!www/bootstrap/img/loading_bg.png,251,26d009d09ea27a9e08717c252c6451e473faf3fdabff911e6726c7d143a7afc1,PNG,.png,False,BINARY,8d14f4df,"(2025, 2, 28, 11, 37, 30)",analysis/vendor-artifacts/extracted/advanced-backend/ALKMF650/www/bootstrap/img/loading_bg.png
阿乐卡MF650高级后台.zip,阿乐卡MF650高级后台/ALKMF650.zip!www/bootstrap/img/signal/Signal0.gif,768,999235260402333e904f47939e40dfdd199d8b355b69fb2432a9c6309a43e8d7,GIF,.gif,False,BINARY,0cbbc472,"(2025, 2, 28, 11, 37, 32)",analysis/vendor-artifacts/extracted/advanced-backend/ALKMF650/www/bootstrap/img/signal/Signal0.gif
阿乐卡MF650高级后台.zip,阿乐卡MF650高级后台/ALKMF650.zip!www/bootstrap/img/signal/Signal1.gif,779,b844676dd538a31ecd61fdb139df1dc5cb5e432963829a8f40bcbd5ba45114b1,GIF,.gif,False,BINARY,b8075095,"(2025, 2, 28, 11, 37, 32)",analysis/vendor-artifacts/extracted/advanced-backend/ALKMF650/www/bootstrap/img/signal/Signal1.gif
阿乐卡MF650高级后台.zip,阿乐卡MF650高级后台/ALKMF650.zip!www/bootstrap/img/signal/Signal2.gif,1204,40b50769e7554fb92e4fc0f782d83e4d41c9c44eb10f651b2844e5a3efc90e99,GIF,.gif,False,BINARY,2f4e719e,"(2025, 2, 28, 11, 37, 32)",analysis/vendor-artifacts/extracted/advanced-backend/ALKMF650/www/bootstrap/img/signal/Signal2.gif
阿乐卡MF650高级后台.zip,阿乐卡MF650高级后台/ALKMF650.zip!www/bootstrap/img/signal/Signal3.gif,1221,a43fa6c5e28d54d38d96104a77e2fc8f9fd06506b0004dfec5312d06fae33c96,GIF,.gif,False,BINARY,9e3bef10,"(2025, 2, 28, 11, 37, 32)",analysis/vendor-artifacts/extracted/advanced-backend/ALKMF650/www/bootstrap/img/signal/Signal3.gif
阿乐卡MF650高级后台.zip,阿乐卡MF650高级后台/ALKMF650.zip!www/bootstrap/img/signal/Signal4.gif,1227,1fc4682e467444c4c2a674917defaa1ec3e8a674fe636aafd829e779fbda64e8,GIF,.gif,False,BINARY,4319d2d5,"(2025, 2, 28, 11, 37, 32)",analysis/vendor-artifacts/extracted/advanced-backend/ALKMF650/www/bootstrap/img/signal/Signal4.gif
阿乐卡MF650高级后台.zip,阿乐卡MF650高级后台/ALKMF650.zip!www/bootstrap/img/signal/Signal5.gif,1235,bc5f2c1bacf963fdfaa048f96cbba6bdc7c0ee0428ba1630391305e2e96298ac,GIF,.gif,False,BINARY,5adac72e,"(2025, 2, 28, 11, 37, 32)",analysis/vendor-artifacts/extracted/advanced-backend/ALKMF650/www/bootstrap/img/signal/Signal5.gif
阿乐卡MF650高级后台.zip,阿乐卡MF650高级后台/ALKMF650.zip!www/bootstrap/img/signal/Thumbs.db,7168,39eb6a79bdcf2f562e8c5454b3cead165176832104455364e7f6be514ed40123,DATA,.db,False,BINARY,12801e6d,"(2025, 2, 28, 11, 37, 32)",analysis/vendor-artifacts/extracted/advanced-backend/ALKMF650/www/bootstrap/img/signal/Thumbs.db
阿乐卡MF650高级后台.zip,阿乐卡MF650高级后台/ALKMF650.zip!www/bootstrap/img/wl_device/0.gif,913,5a3bb1567ffd3cf6269b276f47563078b2d0a846156bca648d9624eb9ef6af1d,GIF,.gif,False,BINARY,4022c1b8,"(2025, 2, 28, 11, 37, 32)",analysis/vendor-artifacts/extracted/advanced-backend/ALKMF650/www/bootstrap/img/wl_device/0.gif
阿乐卡MF650高级后台.zip,阿乐卡MF650高级后台/ALKMF650.zip!www/bootstrap/img/wl_device/1.gif,383,5b77e164a6c218db447fc172c6f4416df49e5fc1a79a2ff28c5b64ad1a8c833b,GIF,.gif,False,BINARY,d826c549,"(2025, 2, 28, 11, 37, 32)",analysis/vendor-artifacts/extracted/advanced-backend/ALKMF650/www/bootstrap/img/wl_device/1.gif
阿乐卡MF650高级后台.zip,阿乐卡MF650高级后台/ALKMF650.zip!www/bootstrap/img/wl_device/10.gif,161,fde6685db2247a2394e7d9e9c07249da3cce6862c55a5d9cc0ac4c36088a9ac1,GIF,.gif,False,BINARY,8184c93c,"(2025, 2, 28, 11, 37, 34)",analysis/vendor-artifacts/extracted/advanced-backend/ALKMF650/www/bootstrap/img/wl_device/10.gif
阿乐卡MF650高级后台.zip,阿乐卡MF650高级后台/ALKMF650.zip!www/bootstrap/img/wl_device/2.gif,385,8e9820db52b189fb2d193c42eaa551e440aac206c179408d45adde57adc48184,GIF,.gif,False,BINARY,c5fcc2ce,"(2025, 2, 28, 11, 37, 34)",analysis/vendor-artifacts/extracted/advanced-backend/ALKMF650/www/bootstrap/img/wl_device/2.gif
阿乐卡MF650高级后台.zip,阿乐卡MF650高级后台/ALKMF650.zip!www/bootstrap/img/wl_device/3.gif,2060,1c6986e32829fce46f959800218d084c32f35bff98e136d6097802ff1aae3cf5,GIF,.gif,False,BINARY,f53e2216,"(2025, 2, 28, 11, 37, 34)",analysis/vendor-artifacts/extracted/advanced-backend/ALKMF650/www/bootstrap/img/wl_device/3.gif
阿乐卡MF650高级后台.zip,阿乐卡MF650高级后台/ALKMF650.zip!www/bootstrap/img/wl_device/4.gif,406,933eb02b4e7c21033850cc4bcda25a547f139b16da4b3142f109105067f22ee2,GIF,.gif,False,BINARY,d75cf66c,"(2025, 2, 28, 11, 37, 34)",analysis/vendor-artifacts/extracted/advanced-backend/ALKMF650/www/bootstrap/img/wl_device/4.gif
阿乐卡MF650高级后台.zip,阿乐卡MF650高级后台/ALKMF650.zip!www/bootstrap/img/wl_device/5.gif,387,8455ab87ca39dc00ea620c5cbeb22935187f98f123e52294de7e60416b7dc626,GIF,.gif,False,BINARY,7f26ae38,"(2025, 2, 28, 11, 37, 34)",analysis/vendor-artifacts/extracted/advanced-backend/ALKMF650/www/bootstrap/img/wl_device/5.gif
阿乐卡MF650高级后台.zip,阿乐卡MF650高级后台/ALKMF650.zip!www/bootstrap/img/wl_device/6.gif,372,5d3ace509d07091439f29346a1c7cfef75ce753321c3540fa8247f3322b9edc9,GIF,.gif,False,BINARY,2ac55ac4,"(2025, 2, 28, 11, 37, 34)",analysis/vendor-artifacts/extracted/advanced-backend/ALKMF650/www/bootstrap/img/wl_device/6.gif
阿乐卡MF650高级后台.zip,阿乐卡MF650高级后台/ALKMF650.zip!www/bootstrap/img/wl_device/7.gif,377,09453f1839bd099083c412ab13d8212a45ce23d938dc337a4f7850f950626846,GIF,.gif,False,BINARY,5b1b7578,"(2025, 2, 28, 11, 37, 34)",analysis/vendor-artifacts/extracted/advanced-backend/ALKMF650/www/bootstrap/img/wl_device/7.gif
阿乐卡MF650高级后台.zip,阿乐卡MF650高级后台/ALKMF650.zip!www/bootstrap/img/wl_device/8.gif,374,456f5bd03adfd645c8cc1f7fb8b2c9c3cd4e11ebb970e7193994b66e741a87d2,GIF,.gif,False,BINARY,de9c960f,"(2025, 2, 28, 11, 37, 34)",analysis/vendor-artifacts/extracted/advanced-backend/ALKMF650/www/bootstrap/img/wl_device/8.gif
阿乐卡MF650高级后台.zip,阿乐卡MF650高级后台/ALKMF650.zip!www/bootstrap/img/wl_device/9.gif,221,78443f3d20bc47571df95bd3ad5c99c139aeaa6d1cf3eec76f707291fb47d20f,GIF,.gif,False,BINARY,e01f165c,"(2025, 2, 28, 11, 37, 34)",analysis/vendor-artifacts/extracted/advanced-backend/ALKMF650/www/bootstrap/img/wl_device/9.gif
阿乐卡MF650高级后台.zip,阿乐卡MF650高级后台/ALKMF650.zip!www/bootstrap/img/wl_device/Thumbs.db,8192,e9d8bd128076a28b862d13a412c5da17bbf766f9c87bd10cfdcb9b678270998e,DATA,.db,False,BINARY,e6533f63,"(2025, 2, 28, 11, 37, 36)",analysis/vendor-artifacts/extracted/advanced-backend/ALKMF650/www/bootstrap/img/wl_device/Thumbs.db
阿乐卡MF650高级后台.zip,阿乐卡MF650高级后台/ALKMF650.zip!www/bootstrap/img/wl_device/arrow-left.png,1367,23665a512613ed2f6b43734a387e07260e7bc6aee3cb30af0f39f1a243355500,PNG,.png,False,BINARY,9c3f35e1,"(2025, 2, 28, 11, 37, 34)",analysis/vendor-artifacts/extracted/advanced-backend/ALKMF650/www/bootstrap/img/wl_device/arrow-left.png
阿乐卡MF650高级后台.zip,阿乐卡MF650高级后台/ALKMF650.zip!www/bootstrap/img/wl_device/clients.png,524,796a41d3f4ae8f45276a90f7a32e4b7d0e7e9cc20a41a0a17b0ee707772c94e3,PNG,.png,False,BINARY,3c7dd84a,"(2025, 2, 28, 11, 37, 34)",analysis/vendor-artifacts/extracted/advanced-backend/ALKMF650/www/bootstrap/img/wl_device/clients.png
阿乐卡MF650高级后台.zip,阿乐卡MF650高级后台/ALKMF650.zip!www/bootstrap/img/wl_device/globe.png,1243,504c503fc53b917e6ce7201c0745f118784245fce8aafba5e9c86cb2ab8aa6e2,PNG,.png,False,BINARY,b4f12df5,"(2025, 2, 28, 11, 37, 34)",analysis/vendor-artifacts/extracted/advanced-backend/ALKMF650/www/bootstrap/img/wl_device/globe.png
阿乐卡MF650高级后台.zip,阿乐卡MF650高级后台/ALKMF650.zip!www/bootstrap/img/wl_device/n56u.gif,3809,2b60e326b38f968a82ed41ff2f0abbe1a7eb4fdd5d694781a30126eda304e9d9,GIF,.gif,False,BINARY,76311bf2,"(2025, 2, 28, 11, 37, 34)",analysis/vendor-artifacts/extracted/advanced-backend/ALKMF650/www/bootstrap/img/wl_device/n56u.gif
阿乐卡MF650高级后台.zip,阿乐卡MF650高级后台/ALKMF650.zip!www/bootstrap/img/wl_device/n56u.png,886,08a4e29123f94f3f0aca4274aadd78efddacd274ff626f73131ffaf69cd1eafd,PNG,.png,False,BINARY,39eb3fb6,"(2025, 2, 28, 11, 37, 34)",analysis/vendor-artifacts/extracted/advanced-backend/ALKMF650/www/bootstrap/img/wl_device/n56u.png
阿乐卡MF650高级后台.zip,阿乐卡MF650高级后台/ALKMF650.zip!www/bootstrap/img/wl_device/server.png,418,0eb4f5786d39f2f9c42d82bfd5e60478733dbca3f4049b9463f98a3bb1b2d229,PNG,.png,False,BINARY,afa01ceb,"(2025, 2, 28, 11, 37, 34)",analysis/vendor-artifacts/extracted/advanced-backend/ALKMF650/www/bootstrap/img/wl_device/server.png
阿乐卡MF650高级后台.zip,阿乐卡MF650高级后台/ALKMF650.zip!www/bootstrap/js/bootstrap.min.js,22323,01540655b3bec61b857cbf67445d08be0665c039525ae54bfee0f10fa7aa91e5,TEXT/utf-8-sig,.js,False,TEXT,95c3754b,"(2025, 2, 28, 11, 37, 36)",analysis/vendor-artifacts/extracted/advanced-backend/ALKMF650/www/bootstrap/js/bootstrap.min.js
阿乐卡MF650高级后台.zip,阿乐卡MF650高级后台/ALKMF650.zip!www/bootstrap/js/engage.itoggle.min.js,6510,523dd03ee5b81bdef2f275412dd201cae7d2ef3b0a3ddbb04dccef36df2e262b,TEXT/utf-8-sig,.js,False,TEXT,84a6095d,"(2025, 2, 28, 11, 37, 36)",analysis/vendor-artifacts/extracted/advanced-backend/ALKMF650/www/bootstrap/js/engage.itoggle.min.js
阿乐卡MF650高级后台.zip,阿乐卡MF650高级后台/ALKMF650.zip!www/bootstrap/js/highcharts.js,164346,9b3c3bd2e3ef63b93c371383a912535e47032c256d9fc651ac440ea6b98f13fb,TEXT/utf-8-sig,.js,False,TEXT,9e60b79c,"(2025, 2, 28, 11, 37, 36)",analysis/vendor-artifacts/extracted/advanced-backend/ALKMF650/www/bootstrap/js/highcharts.js
阿乐卡MF650高级后台.zip,阿乐卡MF650高级后台/ALKMF650.zip!www/bootstrap/js/highcharts_theme.js,3096,4973830f428f26c1b07d52b02ed060577ca189d136fe514cfff61ece891459f5,TEXT/utf-8-sig,.js,False,TEXT,0c676834,"(2025, 2, 28, 11, 37, 36)",analysis/vendor-artifacts/extracted/advanced-backend/ALKMF650/www/bootstrap/js/highcharts_theme.js
阿乐卡MF650高级后台.zip,阿乐卡MF650高级后台/ALKMF650.zip!www/bootstrap/js/jquery.maskedinput-1.3.min.js,3343,08d555968dc50552fad649a4324fe1bb50f3682fe5df37fad1425ef37f7c0665,TEXT/utf-8-sig,.js,False,TEXT,0bb058dc,"(2025, 2, 28, 11, 37, 36)",analysis/vendor-artifacts/extracted/advanced-backend/ALKMF650/www/bootstrap/js/jquery.maskedinput-1.3.min.js
阿乐卡MF650高级后台.zip,阿乐卡MF650高级后台/ALKMF650.zip!www/bootstrap/js/jquery.min.js,86659,87083882cc6015984eb0411a99d3981817f5dc5c90ba24f0940420c5548d82de,TEXT/utf-8-sig,.js,False,TEXT,1413ff29,"(2025, 2, 28, 11, 37, 36)",analysis/vendor-artifacts/extracted/advanced-backend/ALKMF650/www/bootstrap/js/jquery.min.js
阿乐卡MF650高级后台.zip,阿乐卡MF650高级后台/ALKMF650.zip!www/bootstrap/js/jquery.xdomainajax.js,2138,868b54e90ae7d56ba11406c5cf71d2d0d932d217bc0599a70dd0b4fbc6e59e52,TEXT/utf-8-sig,.js,False,TEXT,64dd42ce,"(2025, 2, 28, 11, 37, 36)",analysis/vendor-artifacts/extracted/advanced-backend/ALKMF650/www/bootstrap/js/jquery.xdomainajax.js
阿乐卡MF650高级后台.zip,阿乐卡MF650高级后台/ALKMF650.zip!www/www_bak/3/www/Advanced_AtCmd.asp,6545,348a8ca22166b5819aff7382befc469c2a27bfb525301b9ca106f5ac048d1891,TEXT/utf-8-sig,.asp,False,TEXT,9a32ab44,"(2024, 12, 4, 11, 12, 42)",analysis/vendor-artifacts/extracted/advanced-backend/ALKMF650/www/www_bak/3/www/Advanced_AtCmd.asp
阿乐卡MF650高级后台.zip,阿乐卡MF650高级后台/ALKMF650.zip!www/www_bak/3/www/Advanced_ChargeCtl.asp,13305,296cc29639b4610773a830d3ae96df2aa8d7d4cee9e218ccee4d930a4c17ed5b,TEXT/utf-8-sig,.asp,False,TEXT,d7a094dc,"(2024, 12, 4, 10, 52, 52)",analysis/vendor-artifacts/extracted/advanced-backend/ALKMF650/www/www_bak/3/www/Advanced_ChargeCtl.asp
阿乐卡MF650高级后台.zip,阿乐卡MF650高级后台/ALKMF650.zip!www/www_bak/3/www/Advanced_Charge_Control.asp,17429,f4ac5dac5edfd1f1c4bcbc41569a3a689fdb5d55e373a91e86e299be211307bf,TEXT/utf-8-sig,.asp,False,TEXT,f30dbddb,"(2024, 9, 12, 21, 12, 56)",analysis/vendor-artifacts/extracted/advanced-backend/ALKMF650/www/www_bak/3/www/Advanced_Charge_Control.asp
阿乐卡MF650高级后台.zip,阿乐卡MF650高级后台/ALKMF650.zip!www/www_bak/3/www/Advanced_FlowCtl_Content.asp,28197,326ac5019c392872eca6f3f01e834c393414bf4942e3ae56667a7961a6ba062a,TEXT/utf-8-sig,.asp,False,TEXT,d90efe00,"(2024, 9, 12, 21, 12, 56)",analysis/vendor-artifacts/extracted/advanced-backend/ALKMF650/www/www_bak/3/www/Advanced_FlowCtl_Content.asp
阿乐卡MF650高级后台.zip,阿乐卡MF650高级后台/ALKMF650.zip!www/www_bak/3/www/Advanced_MIMEI_Content.asp,6029,2b8b3441401bea1deef492c6c9c59af6b493fc46ff38021da78d87a11f9af06e,TEXT/utf-8-sig,.asp,False,TEXT,5b4fa038,"(2024, 12, 1, 13, 3, 22)",analysis/vendor-artifacts/extracted/advanced-backend/ALKMF650/www/www_bak/3/www/Advanced_MIMEI_Content.asp
阿乐卡MF650高级后台.zip,阿乐卡MF650高级后台/ALKMF650.zip!www/www_bak/3/www/Advanced_SMS_Fwd.asp,14385,b50986a7eeeb648a18f9e7545e4841286561a0dc98b05f0cab3d936a8e05e053,TEXT/utf-8-sig,.asp,False,TEXT,451959c8,"(2024, 12, 4, 11, 20, 24)",analysis/vendor-artifacts/extracted/advanced-backend/ALKMF650/www/www_bak/3/www/Advanced_SMS_Fwd.asp
阿乐卡MF650高级后台.zip,阿乐卡MF650高级后台/ALKMF650.zip!www/www_bak/3/www/Advanced_Settings_Band.asp,19167,1b072348ca561a35c828a9e8265afe1d954c5fb247694797869ff14dece83c62,TEXT/utf-8-sig,.asp,False,TEXT,6d6fe11c,"(2024, 10, 4, 15, 10, 54)",analysis/vendor-artifacts/extracted/advanced-backend/ALKMF650/www/www_bak/3/www/Advanced_Settings_Band.asp
阿乐卡MF650高级后台.zip,阿乐卡MF650高级后台/ALKMF650.zip!www/www_bak/3/www/Advanced_Settings_Content.asp,14442,fc6a6d5836e9c491dc4cc23c50c6f9ee0ae1e4785e378a2807d77f2e5e9316a1,TEXT/utf-8-sig,.asp,False,TEXT,6b37cf1b,"(2024, 12, 1, 13, 3, 22)",analysis/vendor-artifacts/extracted/advanced-backend/ALKMF650/www/www_bak/3/www/Advanced_Settings_Content.asp
阿乐卡MF650高级后台.zip,阿乐卡MF650高级后台/ALKMF650.zip!www/www_bak/3/www/Advanced_Switch_Sim.asp,13362,b8a82a9022a3344048bea2825bbbbca4e0fe245d3b8d8ce79f2985c0990a2634,TEXT/utf-8-sig,.asp,False,TEXT,be5c9f7e,"(2024, 12, 4, 11, 14, 20)",analysis/vendor-artifacts/extracted/advanced-backend/ALKMF650/www/www_bak/3/www/Advanced_Switch_Sim.asp
阿乐卡MF650高级后台.zip,阿乐卡MF650高级后台/ALKMF650.zip!www/www_bak/3/www/Advanced_SysCtl.asp,5542,b404dc2eab6d76ceaf8182223b3dce383228e68cdad0d96447fa47f9ddce2302,TEXT/utf-8-sig,.asp,False,TEXT,5a8c4484,"(2025, 6, 17, 15, 34, 16)",analysis/vendor-artifacts/extracted/advanced-backend/ALKMF650/www/www_bak/3/www/Advanced_SysCtl.asp
阿乐卡MF650高级后台.zip,阿乐卡MF650高级后台/ALKMF650.zip!www/www_bak/3/www/Advanced_SysInfo.asp,23722,a1d5ae544b13d1f67d30be7d90e5dd78c9a5ef6f5dd10d36326ca3d6031f9bba,TEXT/utf-8-sig,.asp,False,TEXT,d33e39c2,"(2024, 12, 4, 10, 47, 24)",analysis/vendor-artifacts/extracted/advanced-backend/ALKMF650/www/www_bak/3/www/Advanced_SysInfo.asp
阿乐卡MF650高级后台.zip,阿乐卡MF650高级后台/ALKMF650.zip!www/www_bak/3/www/Advanced_System_Info.asp,11735,115492905eabe7b113614c759a11463ab99d3764e01fcaa007f8ae4c24a406ab,TEXT/utf-8-sig,.asp,False,TEXT,2e9c74e4,"(2024, 12, 1, 13, 3, 22)",analysis/vendor-artifacts/extracted/advanced-backend/ALKMF650/www/www_bak/3/www/Advanced_System_Info.asp
阿乐卡MF650高级后台.zip,阿乐卡MF650高级后台/ALKMF650.zip!www/www_bak/3/www/Advanced_System_Status.asp,28244,57ea88ee3cb8a65ca8dfa555b027fe8eeb989541eecc52e81bbfbcf9ca92ed7a,TEXT/utf-8-sig,.asp,False,TEXT,7993738a,"(2024, 9, 12, 21, 12, 56)",analysis/vendor-artifacts/extracted/advanced-backend/ALKMF650/www/www_bak/3/www/Advanced_System_Status.asp
阿乐卡MF650高级后台.zip,阿乐卡MF650高级后台/ALKMF650.zip!www/www_bak/3/www/Advanced_TimedReboot.asp,14713,1977290652388ee650e82d51ff9cf5489e2cd4956398a6d9f72888deb62a4579,TEXT/utf-8-sig,.asp,False,TEXT,3a48d6fe,"(2024, 12, 4, 11, 8, 48)",analysis/vendor-artifacts/extracted/advanced-backend/ALKMF650/www/www_bak/3/www/Advanced_TimedReboot.asp
阿乐卡MF650高级后台.zip,阿乐卡MF650高级后台/ALKMF650.zip!www/www_bak/3/www/Advanced_TrafficLimit.asp,16607,0ced1ef759e4668a37c28191577bbe5b032725ca4fe5eebbe18402e39dc75686,TEXT/utf-8-sig,.asp,False,TEXT,ee9a52d8,"(2024, 12, 4, 11, 0, 38)",analysis/vendor-artifacts/extracted/advanced-backend/ALKMF650/www/www_bak/3/www/Advanced_TrafficLimit.asp
阿乐卡MF650高级后台.zip,阿乐卡MF650高级后台/ALKMF650.zip!www/www_bak/3/www/Advanced_WebShell.asp,4504,cee93459596500e1a11b5760ce5339b6ac6de884987e5ecfc0459d692287134d,TEXT/utf-8-sig,.asp,False,TEXT,0af38e19,"(2024, 12, 8, 14, 59, 22)",analysis/vendor-artifacts/extracted/advanced-backend/ALKMF650/www/www_bak/3/www/Advanced_WebShell.asp
阿乐卡MF650高级后台.zip,阿乐卡MF650高级后台/ALKMF650.zip!www/www_bak/3/www/Advanced_jisuanqi.asp,4878,819cac17eb0048c93ed2414a135048c72029ecacd4b8adf6a1a26bcd1d8a7982,TEXT/utf-8-sig,.asp,False,TEXT,27f57f22,"(2025, 2, 28, 17, 28, 12)",analysis/vendor-artifacts/extracted/advanced-backend/ALKMF650/www/www_bak/3/www/Advanced_jisuanqi.asp
阿乐卡MF650高级后台.zip,阿乐卡MF650高级后台/ALKMF650.zip!www/www_bak/3/www/device-map/system.asp,16362,8938e924bb1b7b93af0fc54d05e3afbc15cbba34fdc721b512b2c90330974ebc,TEXT/utf-8-sig,.asp,False,TEXT,07060742,"(2024, 9, 12, 21, 12, 56)",analysis/vendor-artifacts/extracted/advanced-backend/ALKMF650/www/www_bak/3/www/device-map/system.asp
阿乐卡MF650高级后台.zip,阿乐卡MF650高级后台/ALKMF650.zip!www/www_bak/3/www/echarts.js,3365973,ad4855da4513fe036a068ff0df6f98054b81b1c11e4ca21ce522fd82507d017b,TEXT/utf-8-sig,.js,False,TEXT,92b4c2fc,"(2024, 12, 1, 13, 3, 22)",analysis/vendor-artifacts/extracted/advanced-backend/ALKMF650/www/www_bak/3/www/echarts.js
阿乐卡MF650高级后台.zip,阿乐卡MF650高级后台/ALKMF650.zip!www/www_bak/3/www/general.js,41465,a38fcd52fceb151e278e78b3d1cd6230e4940f48c35e99de9fe519aea45f8c6f,TEXT/utf-8-sig,.js,False,TEXT,5ca3df91,"(2024, 9, 12, 21, 12, 56)",analysis/vendor-artifacts/extracted/advanced-backend/ALKMF650/www/www_bak/3/www/general.js
阿乐卡MF650高级后台.zip,阿乐卡MF650高级后台/ALKMF650.zip!www/www_bak/3/www/state.js,53640,790fdd550d6effff99348663f8ed791837b530d470c0e9fe0cc8f0baf5e60222,TEXT/utf-8-sig,.js,False,TEXT,bd6a18ad,"(2025, 8, 30, 21, 10, 8)",analysis/vendor-artifacts/extracted/advanced-backend/ALKMF650/www/www_bak/3/www/state.js
阿乐卡MF650高级后台.zip,阿乐卡MF650高级后台/AdbWinApi.dll,97792,d60103a5e99bc9888f786ee916f5d6e45493c3247972cb053833803de7e95cf9,PE/MZ,.dll,True,BINARY,308605dd,"(2008, 1, 1, 0, 0, 0)",analysis/vendor-artifacts/advanced-backend/阿乐卡MF650高级后台/AdbWinApi.dll
阿乐卡MF650高级后台.zip,阿乐卡MF650高级后台/AdbWinUsbApi.dll,62976,25207c506d29c4e8dceb61b4bd50e8669ba26012988a43fbf26a890b1e60fc97,PE/MZ,.dll,True,BINARY,7283b8f8,"(2008, 1, 1, 0, 0, 0)",analysis/vendor-artifacts/advanced-backend/阿乐卡MF650高级后台/AdbWinUsbApi.dll
阿乐卡MF650高级后台.zip,阿乐卡MF650高级后台/adb.exe,5992960,bce1f6f6f6532266837b66d719bfbd177d406d6d7d8d5adfd5e7c59fcde651a5,PE/MZ,.exe,True,BINARY,5910ae30,"(2008, 1, 1, 0, 0, 0)",analysis/vendor-artifacts/advanced-backend/阿乐卡MF650高级后台/adb.exe
阿乐卡MF650高级后台.zip,阿乐卡MF650高级后台/双击一键刷入高级后台.exe,59392,04f96673066698e011f9c80c7062841f9840ccd067ce86e54eeb4dfa3e87bcdc,PE/MZ,.exe,True,BINARY,403bf5ce,"(2008, 1, 1, 0, 1, 14)",analysis/vendor-artifacts/advanced-backend/阿乐卡MF650高级后台/双击一键刷入高级后台.exe
高级后台断网修复包-1.zip,高级后台断网修复包1/AdbWinApi.dll,97792,d60103a5e99bc9888f786ee916f5d6e45493c3247972cb053833803de7e95cf9,PE/MZ,.dll,True,BINARY,308605dd,"(2008, 1, 1, 0, 0, 0)",analysis/vendor-artifacts/network-fix/高级后台断网修复包1/AdbWinApi.dll
高级后台断网修复包-1.zip,高级后台断网修复包1/AdbWinUsbApi.dll,62976,25207c506d29c4e8dceb61b4bd50e8669ba26012988a43fbf26a890b1e60fc97,PE/MZ,.dll,True,BINARY,7283b8f8,"(2008, 1, 1, 0, 0, 0)",analysis/vendor-artifacts/network-fix/高级后台断网修复包1/AdbWinUsbApi.dll
高级后台断网修复包-1.zip,高级后台断网修复包1/adb.exe,5992960,bce1f6f6f6532266837b66d719bfbd177d406d6d7d8d5adfd5e7c59fcde651a5,PE/MZ,.exe,True,BINARY,5910ae30,"(2008, 1, 1, 0, 0, 0)",analysis/vendor-artifacts/network-fix/高级后台断网修复包1/adb.exe
高级后台断网修复包-1.zip,高级后台断网修复包1/main,118412,124b7bf3274d7a125da4a8ab28725c6088114dd850565fe3be00ecd449159494,ELF32 machine=40 endian=1,,True,BINARY,da88c910,"(2024, 6, 19, 8, 19, 52)",analysis/vendor-artifacts/network-fix/高级后台断网修复包1/main
高级后台断网修复包-1.zip,高级后台断网修复包1/main.service,192,9a4143316beed9405d84eb65633f5503a7308a1c5724e37b4d866ab40c2821e5,TEXT/utf-8-sig,.service,False,TEXT,74aa9579,"(2024, 6, 27, 16, 2, 50)",analysis/vendor-artifacts/network-fix/高级后台断网修复包1/main.service
高级后台断网修复包-1.zip,高级后台断网修复包1/www/Advanced_BasicFirewall_Content.asp,31618,d20910fea2719298f32d52fb2cd25fdac78dc70c116cab6bf70b99952d7091e8,TEXT/utf-8-sig,.asp,False,TEXT,357902d5,"(2024, 11, 6, 21, 31, 18)",analysis/vendor-artifacts/network-fix/高级后台断网修复包1/www/Advanced_BasicFirewall_Content.asp
高级后台断网修复包-1.zip,高级后台断网修复包1/www/Advanced_CellLock_Content.asp,4878,985f95b078c5e26a22a3fd57a6aab9e4fcc731332e4796ad08edc5f65ce44c41,TEXT/utf-8-sig,.asp,False,TEXT,a3148679,"(2024, 11, 17, 17, 53, 26)",analysis/vendor-artifacts/network-fix/高级后台断网修复包1/www/Advanced_CellLock_Content.asp
高级后台断网修复包-1.zip,高级后台断网修复包1/www/Advanced_Charge_Control.asp,17429,e8499a1e4931763b41859c7bee5da79a3e836df547709557cc8cdec45037aead,TEXT/utf-8-sig,.asp,False,TEXT,5ec382ff,"(2024, 11, 6, 21, 31, 18)",analysis/vendor-artifacts/network-fix/高级后台断网修复包1/www/Advanced_Charge_Control.asp
高级后台断网修复包-1.zip,高级后台断网修复包1/www/Advanced_Charge_Cron.asp,20831,94593c03af7d69ae247c280d82afcd5ad06c375becef9b8306303be21098105b,TEXT/utf-8-sig,.asp,False,TEXT,720fb287,"(2024, 11, 4, 21, 50, 12)",analysis/vendor-artifacts/network-fix/高级后台断网修复包1/www/Advanced_Charge_Cron.asp
高级后台断网修复包-1.zip,高级后台断网修复包1/www/Advanced_Exposed_Content.asp,13745,169c35801c008d0456c6db56e748e2d470dfd4149b364a4b56526a77d011a9b8,TEXT/utf-8-sig,.asp,False,TEXT,ef4ec786,"(2024, 11, 6, 21, 31, 18)",analysis/vendor-artifacts/network-fix/高级后台断网修复包1/www/Advanced_Exposed_Content.asp
高级后台断网修复包-1.zip,高级后台断网修复包1/www/Advanced_FirmwareUpgrade_Content.asp,9283,06fc035a2e7c7e654a2a9243da4b8a52d01f28a79376fcb943828271c45b05ef,TEXT/utf-8-sig,.asp,False,TEXT,64d8b5cc,"(2008, 8, 1, 20, 0, 0)",analysis/vendor-artifacts/network-fix/高级后台断网修复包1/www/Advanced_FirmwareUpgrade_Content.asp
高级后台断网修复包-1.zip,高级后台断网修复包1/www/Advanced_FirmwareUpgrade_OTA.asp,9916,2f99d0a2aace5c307cee03e1def800c791c4f41f7fca298444f5330dd22ea48f,TEXT/utf-8-sig,.asp,False,TEXT,e73d653c,"(2024, 11, 6, 21, 31, 18)",analysis/vendor-artifacts/network-fix/高级后台断网修复包1/www/Advanced_FirmwareUpgrade_OTA.asp
高级后台断网修复包-1.zip,高级后台断网修复包1/www/Advanced_FlowCtl_Content.asp,28197,a108b75f73142a2db5e9019231b96b7bd7cd01129493d883ef32457ef7fcdca5,TEXT/utf-8-sig,.asp,False,TEXT,cada8eed,"(2024, 11, 6, 19, 18, 42)",analysis/vendor-artifacts/network-fix/高级后台断网修复包1/www/Advanced_FlowCtl_Content.asp
高级后台断网修复包-1.zip,高级后台断网修复包1/www/Advanced_IPFiltering.asp,13748,355a3ebb0083987275d4a048a5c64f32033b684284481b8aa832704445366e88,TEXT/utf-8-sig,.asp,False,TEXT,3f5ba874,"(2024, 11, 6, 21, 31, 18)",analysis/vendor-artifacts/network-fix/高级后台断网修复包1/www/Advanced_IPFiltering.asp
高级后台断网修复包-1.zip,高级后台断网修复包1/www/Advanced_LAN_Content.asp,40197,37e41f7b37334b4de0212b21ce2c15c2a4ba2253d5e5d3810d3ba49d273371a2,TEXT/utf-8-sig,.asp,False,TEXT,d493bf12,"(2024, 11, 6, 21, 31, 18)",analysis/vendor-artifacts/network-fix/高级后台断网修复包1/www/Advanced_LAN_Content.asp
高级后台断网修复包-1.zip,高级后台断网修复包1/www/Advanced_MACFilter_Content.asp,22016,4f71ca3225671d430089426fb8c6951d3371998a3d79fd5021f3007c7a289ee8,TEXT/utf-8-sig,.asp,False,TEXT,61d2d6f1,"(2024, 11, 6, 21, 31, 18)",analysis/vendor-artifacts/network-fix/高级后台断网修复包1/www/Advanced_MACFilter_Content.asp
高级后台断网修复包-1.zip,高级后台断网修复包1/www/Advanced_MIMEI_Content.asp,7907,28d7c1dcaff06e1cbed9b96126439e26162a1deddd347f6a3bbc5c4528c68e5f,TEXT/utf-8-sig,.asp,False,TEXT,e9614115,"(2024, 11, 17, 17, 53, 26)",analysis/vendor-artifacts/network-fix/高级后台断网修复包1/www/Advanced_MIMEI_Content.asp
高级后台断网修复包-1.zip,高级后台断网修复包1/www/Advanced_Modify3726_Imei.asp,6033,50298a8d2c2ec7c270ec110ea1555cb42a26a8732ab066b7623b69a587a35f54,TEXT/utf-8-sig,.asp,False,TEXT,c3a11a80,"(2024, 11, 6, 21, 31, 18)",analysis/vendor-artifacts/network-fix/高级后台断网修复包1/www/Advanced_Modify3726_Imei.asp
高级后台断网修复包-1.zip,高级后台断网修复包1/www/Advanced_NMS_Content.asp,10656,0528391fec231192070684b7f83e6d6015c50823a51f9e0e3955790a81b1106b,TEXT/utf-8-sig,.asp,False,TEXT,76f35eec,"(2024, 11, 6, 21, 31, 18)",analysis/vendor-artifacts/network-fix/高级后台断网修复包1/www/Advanced_NMS_Content.asp
高级后台断网修复包-1.zip,高级后台断网修复包1/www/Advanced_PortFiltering.asp,19734,5d9658c43616b7a475af9de3b6612412283857ec3ac9754883cdd1210173f5aa,TEXT/utf-8-sig,.asp,False,TEXT,8cff5550,"(2024, 11, 6, 21, 31, 18)",analysis/vendor-artifacts/network-fix/高级后台断网修复包1/www/Advanced_PortFiltering.asp
高级后台断网修复包-1.zip,高级后台断网修复包1/www/Advanced_SMS_Forward.asp,11663,1a6c5d14d79b433a1e57fde2c27209a19279868cbe2d62e0441eff20c78123ca,TEXT/utf-8-sig,.asp,False,TEXT,f27420d2,"(2024, 11, 17, 17, 53, 26)",analysis/vendor-artifacts/network-fix/高级后台断网修复包1/www/Advanced_SMS_Forward.asp
高级后台断网修复包-1.zip,高级后台断网修复包1/www/Advanced_SettingBackup_Content.asp,22313,0cf9c4a50a21f7cedcd6ca64d76e0ca0e971e8dfe6fa2f5f68daec8c903f1fa3,TEXT/utf-8-sig,.asp,False,TEXT,f40b4038,"(2024, 11, 6, 21, 31, 18)",analysis/vendor-artifacts/network-fix/高级后台断网修复包1/www/Advanced_SettingBackup_Content.asp
高级后台断网修复包-1.zip,高级后台断网修复包1/www/Advanced_Settings_AT.asp,8957,39e1b8cb96b4679164460d7ca83f65dd8ed25ac5a108e0646937c6e20edc6d70,TEXT/utf-8-sig,.asp,False,TEXT,13b908bc,"(2024, 11, 17, 17, 53, 26)",analysis/vendor-artifacts/network-fix/高级后台断网修复包1/www/Advanced_Settings_AT.asp
高级后台断网修复包-1.zip,高级后台断网修复包1/www/Advanced_Settings_Band.asp,19167,33520c27a325362385d093d871da3630ec1e43f9f871f15df276cf80976a03af,TEXT/utf-8-sig,.asp,False,TEXT,159626fa,"(2024, 11, 17, 17, 53, 26)",analysis/vendor-artifacts/network-fix/高级后台断网修复包1/www/Advanced_Settings_Band.asp
高级后台断网修复包-1.zip,高级后台断网修复包1/www/Advanced_Settings_Content.asp,12788,2f66ddedac201bc0f8f479a9e7ac754eee5b7ce8a5ff785187527fe3b5880ff1,TEXT/utf-8-sig,.asp,False,TEXT,e6f4c9f3,"(2024, 11, 17, 17, 53, 26)",analysis/vendor-artifacts/network-fix/高级后台断网修复包1/www/Advanced_Settings_Content.asp
高级后台断网修复包-1.zip,高级后台断网修复包1/www/Advanced_Settings_OTA.asp,12788,2f66ddedac201bc0f8f479a9e7ac754eee5b7ce8a5ff785187527fe3b5880ff1,TEXT/utf-8-sig,.asp,False,TEXT,e6f4c9f3,"(2024, 11, 6, 21, 31, 18)",analysis/vendor-artifacts/network-fix/高级后台断网修复包1/www/Advanced_Settings_OTA.asp
高级后台断网修复包-1.zip,高级后台断网修复包1/www/Advanced_System_AutoSleep.asp,7851,f8013d9b2985cd6460faf613c5f43220bcb1762e4469c05f0e6941001301231f,TEXT/utf-8-sig,.asp,False,TEXT,09d347dd,"(2024, 11, 6, 21, 31, 18)",analysis/vendor-artifacts/network-fix/高级后台断网修复包1/www/Advanced_System_AutoSleep.asp
高级后台断网修复包-1.zip,高级后台断网修复包1/www/Advanced_System_Content.asp,13891,cc48218cd8000f8abacafa645fcb7895ea83e4141890601fe37d2c78b2cb891a,TEXT/utf-8-sig,.asp,False,TEXT,455442b7,"(2024, 11, 6, 21, 31, 18)",analysis/vendor-artifacts/network-fix/高级后台断网修复包1/www/Advanced_System_Content.asp
高级后台断网修复包-1.zip,高级后台断网修复包1/www/Advanced_System_Info.asp,11735,1bf05791795431b0ddecc13dc7462a40cc22dd9b62c9bf33a169269c1124768f,TEXT/utf-8-sig,.asp,False,TEXT,76dc8ff3,"(2024, 11, 6, 21, 31, 18)",analysis/vendor-artifacts/network-fix/高级后台断网修复包1/www/Advanced_System_Info.asp
高级后台断网修复包-1.zip,高级后台断网修复包1/www/Advanced_System_Status.asp,31103,ac98b3a314876854bb3f0df9e3c306c6a5a912eb91dce021573d5a62f5fc00fc,TEXT/utf-8-sig,.asp,False,TEXT,2ad0a7f5,"(2024, 11, 6, 21, 31, 18)",analysis/vendor-artifacts/network-fix/高级后台断网修复包1/www/Advanced_System_Status.asp
高级后台断网修复包-1.zip,高级后台断网修复包1/www/Advanced_URLFilter_Content.asp,18503,6df8fdd8c225b0a3688936b70ee42f34f9b64f364c63036bb900c05f66d03b91,TEXT/utf-8-sig,.asp,False,TEXT,7f031a3f,"(2024, 11, 6, 21, 31, 18)",analysis/vendor-artifacts/network-fix/高级后台断网修复包1/www/Advanced_URLFilter_Content.asp
高级后台断网修复包-1.zip,高级后台断网修复包1/www/Advanced_VPN_Content.asp,14690,58122d7e356c96e23ac00853ba1e8cc8a14b5210c46905a74c3b125c12559f58,TEXT/utf-8-sig,.asp,False,TEXT,a7f11812,"(2024, 11, 6, 21, 31, 18)",analysis/vendor-artifacts/network-fix/高级后台断网修复包1/www/Advanced_VPN_Content.asp
高级后台断网修复包-1.zip,高级后台断网修复包1/www/Advanced_VirtualServer_Content.asp,32668,d765cfcd15ee9d7966a812b4af54fd7d47de2b2a9a59c0bf01b41f426d650f08,TEXT/utf-8-sig,.asp,False,TEXT,6636bf66,"(2024, 11, 6, 21, 31, 18)",analysis/vendor-artifacts/network-fix/高级后台断网修复包1/www/Advanced_VirtualServer_Content.asp
高级后台断网修复包-1.zip,高级后台断网修复包1/www/Advanced_WAN_Content.asp,74181,d2bc91f8a33615086228a1d70a345fd2bfd2485823b47af7aa6636909ff848da,TEXT/utf-8-sig,.asp,False,TEXT,b0e6e48b,"(2024, 11, 6, 21, 31, 18)",analysis/vendor-artifacts/network-fix/高级后台断网修复包1/www/Advanced_WAN_Content.asp
高级后台断网修复包-1.zip,高级后台断网修复包1/www/Advanced_Wireless2g_Content.asp,42205,bbf89ea011eb8e937c714c74e59d3fc32a5a50f5b3725a27720fc4ef3e6ef376,TEXT/utf-8-sig,.asp,False,TEXT,d1597bb7,"(2024, 11, 6, 21, 31, 18)",analysis/vendor-artifacts/network-fix/高级后台断网修复包1/www/Advanced_Wireless2g_Content.asp
高级后台断网修复包-1.zip,高级后台断网修复包1/www/Advanced_Wireless_Content.asp,44127,a9578571e264daecf9ffc0016a02fd828dae27de59eccb5ddb5e43eebf53328c,TEXT/utf-8-sig,.asp,False,TEXT,3093ab24,"(2024, 11, 6, 21, 31, 18)",analysis/vendor-artifacts/network-fix/高级后台断网修复包1/www/Advanced_Wireless_Content.asp
高级后台断网修复包-1.zip,高级后台断网修复包1/www/Advanced_Wireless_Content2.asp,43886,c7b404d52e13c435df2696543c265844fe99cc03caa296174fa0239c89cc740d,TEXT/utf-8-sig,.asp,False,TEXT,c4a36e5a,"(2024, 11, 6, 21, 31, 18)",analysis/vendor-artifacts/network-fix/高级后台断网修复包1/www/Advanced_Wireless_Content2.asp
高级后台断网修复包-1.zip,高级后台断网修复包1/www/CN.dict,99216,a304b3e37602e7af30d78c3cca50284b4d65f58996e5b32e9637cd996255d9b9,TEXT/utf-8-sig,.dict,False,TEXT,bb8d7df3,"(2024, 11, 6, 19, 18, 42)",analysis/vendor-artifacts/network-fix/高级后台断网修复包1/www/CN.dict
高级后台断网修复包-1.zip,高级后台断网修复包1/www/EN.dict,110295,9a6a01137c471b3e1c36205cf61adca0cb55ec5d4cb798f4cdce05789b7e7fa3,TEXT/utf-8-sig,.dict,False,TEXT,ac84d47d,"(2024, 11, 6, 19, 18, 42)",analysis/vendor-artifacts/network-fix/高级后台断网修复包1/www/EN.dict
高级后台断网修复包-1.zip,高级后台断网修复包1/www/Logout.asp,1082,afc246341ee858d6a28163a89c6fc56330593902b311272473e5e9aeb93cf370,TEXT/utf-8-sig,.asp,False,TEXT,60ff6028,"(2008, 8, 1, 20, 0, 0)",analysis/vendor-artifacts/network-fix/高级后台断网修复包1/www/Logout.asp
高级后台断网修复包-1.zip,高级后台断网修复包1/www/Main_LogStatus_Content.asp,7716,38d1539b5c72e796769238632744b09fe309fcdf6710b675f5b615af66b0bc10,TEXT/utf-8-sig,.asp,False,TEXT,88dd2fac,"(2008, 8, 1, 20, 0, 0)",analysis/vendor-artifacts/network-fix/高级后台断网修复包1/www/Main_LogStatus_Content.asp
高级后台断网修复包-1.zip,高级后台断网修复包1/www/Main_TrafficMonitor_daily.asp,12557,7fd4847a2e1ac3dd4a4577572bef4635dcebcf3342b37fefe04a1e3d10d3d571,TEXT/utf-8-sig,.asp,False,TEXT,aa23543c,"(2008, 8, 1, 20, 0, 0)",analysis/vendor-artifacts/network-fix/高级后台断网修复包1/www/Main_TrafficMonitor_daily.asp
高级后台断网修复包-1.zip,高级后台断网修复包1/www/Main_TrafficMonitor_last24.asp,12913,34acb1e7be9b3ee42c7406c387ab122be97312fa52d3b832543ab56f3ff38674,TEXT/utf-8-sig,.asp,False,TEXT,1c7980fe,"(2008, 8, 1, 20, 0, 0)",analysis/vendor-artifacts/network-fix/高级后台断网修复包1/www/Main_TrafficMonitor_last24.asp
高级后台断网修复包-1.zip,高级后台断网修复包1/www/Main_TrafficMonitor_realtime.asp,15255,92076e3e8483b47b3df69ec12bd67daec56cd59db51600278a841e48af78859e,TEXT/utf-8-sig,.asp,False,TEXT,53d74de2,"(2008, 8, 1, 20, 0, 0)",analysis/vendor-artifacts/network-fix/高级后台断网修复包1/www/Main_TrafficMonitor_realtime.asp
高级后台断网修复包-1.zip,高级后台断网修复包1/www/Nologin.asp,1340,f28780d7a37f9dbbeec2cdc44c9a699c2799b65f6bfe6ff8eaea3a2036f03fbb,TEXT/utf-8-sig,.asp,False,TEXT,2393bda4,"(2008, 8, 1, 20, 0, 0)",analysis/vendor-artifacts/network-fix/高级后台断网修复包1/www/Nologin.asp
高级后台断网修复包-1.zip,高级后台断网修复包1/www/Restarting.asp,776,0ec74d40c33d2e33d477193b515fe86b3c8b26080fbccd33ad3c25d316b6be50,TEXT/utf-8-sig,.asp,False,TEXT,cec44a02,"(2008, 8, 1, 20, 0, 0)",analysis/vendor-artifacts/network-fix/高级后台断网修复包1/www/Restarting.asp
高级后台断网修复包-1.zip,高级后台断网修复包1/www/UpdateError.asp,379,b0ec35f7fe08dd0fa15c0999bef13f64dfc11d4b2bcc2b39f0ea2577eabcf68b,TEXT/utf-8-sig,.asp,False,TEXT,2b6512a1,"(2008, 8, 1, 20, 0, 0)",analysis/vendor-artifacts/network-fix/高级后台断网修复包1/www/UpdateError.asp
高级后台断网修复包-1.zip,高级后台断网修复包1/www/Updating.asp,375,6fd1e59168baea839e67dab4ca488833c5dbc0a89a22ebd5e872d1fdca810d9e,TEXT/utf-8-sig,.asp,False,TEXT,85f119a8,"(2008, 8, 1, 20, 0, 0)",analysis/vendor-artifacts/network-fix/高级后台断网修复包1/www/Updating.asp
高级后台断网修复包-1.zip,高级后台断网修复包1/www/UploadDone.asp,375,f329800161f7bf9f98f2340d8ac16cc151ca9cfd78304ff86766c7abd70caedc,TEXT/utf-8-sig,.asp,False,TEXT,5a951f48,"(2008, 8, 1, 20, 0, 0)",analysis/vendor-artifacts/network-fix/高级后台断网修复包1/www/UploadDone.asp
高级后台断网修复包-1.zip,高级后台断网修复包1/www/UploadError.asp,378,13475567e3ea0e58408d56d01db4a6d8af7aeca78ee4c4e465db9e080c887eb3,TEXT/utf-8-sig,.asp,False,TEXT,08fa24da,"(2008, 8, 1, 20, 0, 0)",analysis/vendor-artifacts/network-fix/高级后台断网修复包1/www/UploadError.asp
高级后台断网修复包-1.zip,高级后台断网修复包1/www/Uploading.asp,373,f4de444cd322e7cd225cb6fb7ad1f1bdb1282118cfb277382381a565cad9b0a6,TEXT/utf-8-sig,.asp,False,TEXT,ff3b97c5,"(2008, 8, 1, 20, 0, 0)",analysis/vendor-artifacts/network-fix/高级后台断网修复包1/www/Uploading.asp
高级后台断网修复包-1.zip,高级后台断网修复包1/www/adv-utils/._charge.asp,176,d39dd273145f667b4be7c2d3425e472501468cf3a78507ca995f5e8c4cdde20d,DATA,.asp,False,BINARY,8ad4cad9,"(2024, 7, 10, 22, 25, 18)",analysis/vendor-artifacts/network-fix/高级后台断网修复包1/www/adv-utils/._charge.asp
高级后台断网修复包-1.zip,高级后台断网修复包1/www/adv-utils/._easypiechart.min.js,176,5f59260078481ca0b5abeb4be2a9b72b9746feeb39b87fbd9fed382bccfe12d2,DATA,.js,False,BINARY,e24de61c,"(2024, 7, 10, 22, 25, 18)",analysis/vendor-artifacts/network-fix/高级后台断网修复包1/www/adv-utils/._easypiechart.min.js
高级后台断网修复包-1.zip,高级后台断网修复包1/www/adv-utils/api.js,8642,7a1d119df4966d9bc0aa649ccd4054518bf6695922363dbe861fed5685f1c57a,TEXT/utf-8-sig,.js,False,TEXT,1efa84fa,"(2024, 7, 10, 22, 25, 18)",analysis/vendor-artifacts/network-fix/高级后台断网修复包1/www/adv-utils/api.js
高级后台断网修复包-1.zip,高级后台断网修复包1/www/adv-utils/atcmd.asp,3628,ffba46c349441c73562f2e65ec30e1a983e234df7edd06cfad273b5328df079f,TEXT/utf-8-sig,.asp,False,TEXT,ba0ed1ed,"(2024, 7, 10, 22, 25, 18)",analysis/vendor-artifacts/network-fix/高级后台断网修复包1/www/adv-utils/atcmd.asp
高级后台断网修复包-1.zip,高级后台断网修复包1/www/adv-utils/charge.asp,4406,5f81afbca092d0f45e082e8cc614c653394cb60c92d637f9bbae94c2a31c3cf9,TEXT/utf-8-sig,.asp,False,TEXT,fe15921e,"(2024, 7, 10, 22, 25, 18)",analysis/vendor-artifacts/network-fix/高级后台断网修复包1/www/adv-utils/charge.asp
高级后台断网修复包-1.zip,高级后台断网修复包1/www/adv-utils/easypiechart.min.js,3768,b2ba47aa4315858ec8db015e466465274842d0c462e5ff95edcc851e0f6cdb82,TEXT/utf-8-sig,.js,False,TEXT,97ed1167,"(2024, 7, 10, 22, 25, 18)",analysis/vendor-artifacts/network-fix/高级后台断网修复包1/www/adv-utils/easypiechart.min.js
高级后台断网修复包-1.zip,高级后台断网修复包1/www/adv-utils/flowctl.asp,7395,00b31609b19a3b20ca713cecd6e9407ff6ee127f85442e4ccf42f786c4229ff3,TEXT/utf-8-sig,.asp,False,TEXT,019291c9,"(2024, 7, 10, 22, 25, 18)",analysis/vendor-artifacts/network-fix/高级后台断网修复包1/www/adv-utils/flowctl.asp
高级后台断网修复包-1.zip,高级后台断网修复包1/www/adv-utils/menu.js,1308,4824d282b4c9986ae0ce8169bc1ccf1e56c546b1e0d8ee3f6354de3831f708a9,TEXT/utf-8-sig,.js,False,TEXT,e0f419e8,"(2024, 7, 10, 22, 25, 18)",analysis/vendor-artifacts/network-fix/高级后台断网修复包1/www/adv-utils/menu.js
高级后台断网修复包-1.zip,高级后台断网修复包1/www/adv-utils/mimei.asp,5588,b4e0fb022347dd7d284641af7715e87e7b75ed13ca123bd9e036c7cf8f044a32,TEXT/utf-8-sig,.asp,False,TEXT,5eca49b0,"(2024, 7, 10, 22, 25, 18)",analysis/vendor-artifacts/network-fix/高级后台断网修复包1/www/adv-utils/mimei.asp
高级后台断网修复包-1.zip,高级后台断网修复包1/www/adv-utils/powersupply.asp,5392,f11c4b645e6a9fc0216af9c89ee63942f1a070e33bcd7668dcd4a377461271b3,TEXT/utf-8-sig,.asp,False,TEXT,9aa7eee5,"(2024, 7, 10, 22, 25, 18)",analysis/vendor-artifacts/network-fix/高级后台断网修复包1/www/adv-utils/powersupply.asp
高级后台断网修复包-1.zip,高级后台断网修复包1/www/adv-utils/start_apply.htm,2493,f2685829c2ecf10ba25a10ab630d145cbdf987b7525e0833a7933d9af6f871c5,TEXT/utf-8-sig,.htm,False,TEXT,7be525c6,"(2024, 7, 10, 22, 25, 18)",analysis/vendor-artifacts/network-fix/高级后台断网修复包1/www/adv-utils/start_apply.htm
高级后台断网修复包-1.zip,高级后台断网修复包1/www/adv-utils/status.asp,7323,5e4da282317127f5a902fc649c77cec3639b0242f183ddd4a16ddc1aeaf458f1,TEXT/utf-8-sig,.asp,False,TEXT,486c84be,"(2024, 7, 10, 22, 25, 18)",analysis/vendor-artifacts/network-fix/高级后台断网修复包1/www/adv-utils/status.asp
高级后台断网修复包-1.zip,高级后台断网修复包1/www/adv-utils/switchsim.asp,4187,82541b733791076b24f3a4c38a045169aebd059d3b0ca434ffb10445643204b5,TEXT/utf-8-sig,.asp,False,TEXT,dd3d1fe1,"(2024, 7, 10, 22, 25, 18)",analysis/vendor-artifacts/network-fix/高级后台断网修复包1/www/adv-utils/switchsim.asp
高级后台断网修复包-1.zip,高级后台断网修复包1/www/adv-utils/system.asp,3950,85aa5af610b1c1f946fd44ba1e2b0150b5eaef2fb6ed985a661e87638d28f78b,TEXT/utf-8-sig,.asp,False,TEXT,3df4d13e,"(2024, 7, 10, 22, 25, 18)",analysis/vendor-artifacts/network-fix/高级后台断网修复包1/www/adv-utils/system.asp
高级后台断网修复包-1.zip,高级后台断网修复包1/www/ajax_ddnscode.asp,64,a74cfa63e9ecfec315cb7668fdd46ee80ed37e651afdbc111494aae4891acc4e,TEXT/utf-8-sig,.asp,False,TEXT,c2b501b4,"(2024, 11, 6, 21, 31, 18)",analysis/vendor-artifacts/network-fix/高级后台断网修复包1/www/ajax_ddnscode.asp
高级后台断网修复包-1.zip,高级后台断网修复包1/www/aplist.asp,111,9d68039ffb4e94fa3fd306b0a4734dc9232b795fab345ca01ddfa1371a975ab1,TEXT/utf-8-sig,.asp,False,TEXT,5afe7d7f,"(2008, 8, 1, 20, 0, 0)",analysis/vendor-artifacts/network-fix/高级后台断网修复包1/www/aplist.asp
高级后台断网修复包-1.zip,高级后台断网修复包1/www/as.asp,5129,268231bc855d280ab3fa107bb1ff00067e7c29a0adf986995bed78f8a99caf40,TEXT/utf-8-sig,.asp,False,TEXT,f1cd95bc,"(2024, 7, 10, 22, 25, 18)",analysis/vendor-artifacts/network-fix/高级后台断网修复包1/www/as.asp
高级后台断网修复包-1.zip,高级后台断网修复包1/www/bootstrap/css/bootstrap.min.css,81953,b4e6916ca1c16cca5675341878929550f1f2eb2128503c9d3307963b2bf6bbc4,TEXT/utf-8-sig,.css,False,TEXT,2b73afe4,"(2024, 11, 6, 19, 18, 42)",analysis/vendor-artifacts/network-fix/高级后台断网修复包1/www/bootstrap/css/bootstrap.min.css
高级后台断网修复包-1.zip,高级后台断网修复包1/www/bootstrap/css/engage.itoggle.css,1323,161f7fb97a4a3230f97d11ed15d77632fa1ae38a2226d8d66fbceb923b4c24dd,TEXT/utf-8-sig,.css,False,TEXT,adb52dac,"(2024, 11, 6, 19, 18, 42)",analysis/vendor-artifacts/network-fix/高级后台断网修复包1/www/bootstrap/css/engage.itoggle.css
高级后台断网修复包-1.zip,高级后台断网修复包1/www/bootstrap/css/main.css,24071,dfa2f3c6f38e12de82fde8f543c7e2577be8f6df35fcb4690845e94dc2995cf1,TEXT/utf-8-sig,.css,False,TEXT,4668e616,"(2024, 11, 6, 19, 18, 42)",analysis/vendor-artifacts/network-fix/高级后台断网修复包1/www/bootstrap/css/main.css
高级后台断网修复包-1.zip,高级后台断网修复包1/www/bootstrap/img/ajax-loader.gif,723,82086ad24fc67786d4bd793729d3298602527b4fb510bd93ca4c30516d4bf302,GIF,.gif,False,BINARY,42ee55de,"(2008, 8, 1, 20, 0, 0)",analysis/vendor-artifacts/network-fix/高级后台断网修复包1/www/bootstrap/img/ajax-loader.gif
高级后台断网修复包-1.zip,高级后台断网修复包1/www/bootstrap/img/arrow-right.png,1233,a9175a8ca7939ab3791112fc6e33a4cf2535ddf60512e62459fa51966d4287c3,PNG,.png,False,BINARY,8d82c18e,"(2008, 8, 1, 20, 0, 0)",analysis/vendor-artifacts/network-fix/高级后台断网修复包1/www/bootstrap/img/arrow-right.png
高级后台断网修复包-1.zip,高级后台断网修复包1/www/bootstrap/img/asus_logo.png,19619,d4254b1820d8c7040e4c410b84979c04298033e9f547aa31edc3a9748e5b1b18,PNG,.png,False,BINARY,4b217229,"(2024, 2, 2, 11, 17, 48)",analysis/vendor-artifacts/network-fix/高级后台断网修复包1/www/bootstrap/img/asus_logo.png
高级后台断网修复包-1.zip,高级后台断网修复包1/www/bootstrap/img/battery/Thumbs.db,7168,608a219325ab693ee8fb368ea2692b4a58dcbc9ff0e0534ea17f66b4b1b53dbd,DATA,.db,False,BINARY,167c43b8,"(2008, 8, 1, 20, 0, 0)",analysis/vendor-artifacts/network-fix/高级后台断网修复包1/www/bootstrap/img/battery/Thumbs.db
高级后台断网修复包-1.zip,高级后台断网修复包1/www/bootstrap/img/battery/battery_0.png,14949,495032d5e8d0909e863b12b16f378aa644343431c69671545619facdefc32190,PNG,.png,False,BINARY,37573400,"(2008, 8, 1, 20, 0, 0)",analysis/vendor-artifacts/network-fix/高级后台断网修复包1/www/bootstrap/img/battery/battery_0.png
高级后台断网修复包-1.zip,高级后台断网修复包1/www/bootstrap/img/battery/battery_1.png,15302,001bff930ad7459498b0746da4d049bb73071ee4f9b722a76622c93a2c212718,PNG,.png,False,BINARY,0818ce92,"(2008, 8, 1, 20, 0, 0)",analysis/vendor-artifacts/network-fix/高级后台断网修复包1/www/bootstrap/img/battery/battery_1.png
高级后台断网修复包-1.zip,高级后台断网修复包1/www/bootstrap/img/battery/battery_2.png,15468,e1807abf19727a1c93894538304ee5fb1f6a7aa03e6d5c100bd7ec002997c5df,PNG,.png,False,BINARY,5d15e867,"(2008, 8, 1, 20, 0, 0)",analysis/vendor-artifacts/network-fix/高级后台断网修复包1/www/bootstrap/img/battery/battery_2.png
高级后台断网修复包-1.zip,高级后台断网修复包1/www/bootstrap/img/battery/battery_3.png,15558,d8b2f7d427a3dc3e4c97afe96695964a2a13e886e11ec17c2eb4afc973a26c27,PNG,.png,False,BINARY,efd3b7fc,"(2008, 8, 1, 20, 0, 0)",analysis/vendor-artifacts/network-fix/高级后台断网修复包1/www/bootstrap/img/battery/battery_3.png
高级后台断网修复包-1.zip,高级后台断网修复包1/www/bootstrap/img/battery/battery_4.png,15600,47e7836daf4b3bfb30523f81159008fd774e78bad7ba6532d50de56b693a2a6d,PNG,.png,False,BINARY,05856a37,"(2008, 8, 1, 20, 0, 0)",analysis/vendor-artifacts/network-fix/高级后台断网修复包1/www/bootstrap/img/battery/battery_4.png
高级后台断网修复包-1.zip,高级后台断网修复包1/www/bootstrap/img/battery/battery_low.png,14998,77324ae8450a33a4ffc730f878b71de0cc023743459e3953e10fa4963dd60fc8,PNG,.png,False,BINARY,1d8af7f2,"(2008, 8, 1, 20, 0, 0)",analysis/vendor-artifacts/network-fix/高级后台断网修复包1/www/bootstrap/img/battery/battery_low.png
高级后台断网修复包-1.zip,高级后台断网修复包1/www/bootstrap/img/battery/battery_null.png,14951,4df3e66f7f6144c0b0d96cb8aab5b1eddb94897d2da1ff1a2011a8fdf0ad2a56,PNG,.png,False,BINARY,63d19d07,"(2008, 8, 1, 20, 0, 0)",analysis/vendor-artifacts/network-fix/高级后台断网修复包1/www/bootstrap/img/battery/battery_null.png
高级后台断网修复包-1.zip,高级后台断网修复包1/www/bootstrap/img/glyphicons-halflings-white.png,8777,f0e0d95a9c8abcdfabf46348e2d4285829bb0491f5f6af0e05af52bffb6324c4,PNG,.png,False,BINARY,43808ba4,"(2008, 8, 1, 20, 0, 0)",analysis/vendor-artifacts/network-fix/高级后台断网修复包1/www/bootstrap/img/glyphicons-halflings-white.png
高级后台断网修复包-1.zip,高级后台断网修复包1/www/bootstrap/img/glyphicons-halflings.png,13826,86924cd006db30b9d4f1418e06cd7bd83eef2be768a10f27d2cff26e6977cced,PNG,.png,False,BINARY,1117b3e3,"(2008, 8, 1, 20, 0, 0)",analysis/vendor-artifacts/network-fix/高级后台断网修复包1/www/bootstrap/img/glyphicons-halflings.png
高级后台断网修复包-1.zip,高级后台断网修复包1/www/bootstrap/img/icons/Thumbs.db,5120,22c9a1ec1d24c5a8b28624f3037646fa824eb2156131bc0d775c5c839d5fcdb3,DATA,.db,False,BINARY,0a6c9352,"(2008, 8, 1, 20, 0, 0)",analysis/vendor-artifacts/network-fix/高级后台断网修复包1/www/bootstrap/img/icons/Thumbs.db
高级后台断网修复包-1.zip,高级后台断网修复包1/www/bootstrap/img/icons/aidisk/Thumbs.db,8192,6a95265cbcf46b2c3aa5d0d98833060dd7e3c161dd73fc87565417e3724e3b83,DATA,.db,False,BINARY,17a7a05b,"(2008, 8, 1, 20, 0, 0)",analysis/vendor-artifacts/network-fix/高级后台断网修复包1/www/bootstrap/img/icons/aidisk/Thumbs.db
高级后台断网修复包-1.zip,高级后台断网修复包1/www/bootstrap/img/icons/aidisk/edit.png,259,43d82f679a93bf88cc339d2ff73e34af4e1ab46734dbd4e457ed44b907e869b6,PNG,.png,False,BINARY,208e658d,"(2008, 8, 1, 20, 0, 0)",analysis/vendor-artifacts/network-fix/高级后台断网修复包1/www/bootstrap/img/icons/aidisk/edit.png
高级后台断网修复包-1.zip,高级后台断网修复包1/www/bootstrap/img/icons/aidisk/folder_minus.png,205,ff57a20dc4ca11844fff1277bd5de22c1843352bebc901e82c1a86d0518537c4,PNG,.png,False,BINARY,4a619314,"(2008, 8, 1, 20, 0, 0)",analysis/vendor-artifacts/network-fix/高级后台断网修复包1/www/bootstrap/img/icons/aidisk/folder_minus.png
高级后台断网修复包-1.zip,高级后台断网修复包1/www/bootstrap/img/icons/aidisk/folder_plus.png,211,84931e7d5f21c37857b4544648193df2539f68606ee40c2bc1b28ba1e8004db6,PNG,.png,False,BINARY,00a061af,"(2008, 8, 1, 20, 0, 0)",analysis/vendor-artifacts/network-fix/高级后台断网修复包1/www/bootstrap/img/icons/aidisk/folder_plus.png
高级后台断网修复包-1.zip,高级后台断网修复包1/www/bootstrap/img/icons/aidisk/user_add.png,201,5fce8e23777e59b635ae86800555c69adcdf800fce90133d0f46e7159ea9d70a,PNG,.png,False,BINARY,b4ea4293,"(2008, 8, 1, 20, 0, 0)",analysis/vendor-artifacts/network-fix/高级后台断网修复包1/www/bootstrap/img/icons/aidisk/user_add.png
高级后台断网修复包-1.zip,高级后台断网修复包1/www/bootstrap/img/icons/aidisk/user_remove.png,194,5ff8b5a7a43ddec2e806668fe36c388cca08623e49b3b9f9c83b54f5b9536012,PNG,.png,False,BINARY,4ed7063f,"(2008, 8, 1, 20, 0, 0)",analysis/vendor-artifacts/network-fix/高级后台断网修复包1/www/bootstrap/img/icons/aidisk/user_remove.png
高级后台断网修复包-1.zip,高级后台断网修复包1/www/bootstrap/img/icons/big-icons.png,61797,c69c839262b39e0cf08d8c709767b8757f701e40d135bb5c48aeeb7ac0bfd3bd,PNG,.png,False,BINARY,0feb579c,"(2008, 8, 1, 20, 0, 0)",analysis/vendor-artifacts/network-fix/高级后台断网修复包1/www/bootstrap/img/icons/big-icons.png
高级后台断网修复包-1.zip,高级后台断网修复包1/www/bootstrap/img/itoggle.png,2981,acbbb235884f57e263ed795709dde1e730b704c2fe99a3485320882e42803257,PNG,.png,False,BINARY,d9811743,"(2008, 8, 1, 20, 0, 0)",analysis/vendor-artifacts/network-fix/高级后台断网修复包1/www/bootstrap/img/itoggle.png
高级后台断网修复包-1.zip,高级后台断网修复包1/www/bootstrap/img/loading_bg.png,251,26d009d09ea27a9e08717c252c6451e473faf3fdabff911e6726c7d143a7afc1,PNG,.png,False,BINARY,8d14f4df,"(2008, 8, 1, 20, 0, 0)",analysis/vendor-artifacts/network-fix/高级后台断网修复包1/www/bootstrap/img/loading_bg.png
高级后台断网修复包-1.zip,高级后台断网修复包1/www/bootstrap/img/signal/Signal0.gif,768,999235260402333e904f47939e40dfdd199d8b355b69fb2432a9c6309a43e8d7,GIF,.gif,False,BINARY,0cbbc472,"(2008, 8, 1, 20, 0, 0)",analysis/vendor-artifacts/network-fix/高级后台断网修复包1/www/bootstrap/img/signal/Signal0.gif
高级后台断网修复包-1.zip,高级后台断网修复包1/www/bootstrap/img/signal/Signal1.gif,779,b844676dd538a31ecd61fdb139df1dc5cb5e432963829a8f40bcbd5ba45114b1,GIF,.gif,False,BINARY,b8075095,"(2008, 8, 1, 20, 0, 0)",analysis/vendor-artifacts/network-fix/高级后台断网修复包1/www/bootstrap/img/signal/Signal1.gif
高级后台断网修复包-1.zip,高级后台断网修复包1/www/bootstrap/img/signal/Signal2.gif,1204,40b50769e7554fb92e4fc0f782d83e4d41c9c44eb10f651b2844e5a3efc90e99,GIF,.gif,False,BINARY,2f4e719e,"(2008, 8, 1, 20, 0, 0)",analysis/vendor-artifacts/network-fix/高级后台断网修复包1/www/bootstrap/img/signal/Signal2.gif
高级后台断网修复包-1.zip,高级后台断网修复包1/www/bootstrap/img/signal/Signal3.gif,1221,a43fa6c5e28d54d38d96104a77e2fc8f9fd06506b0004dfec5312d06fae33c96,GIF,.gif,False,BINARY,9e3bef10,"(2008, 8, 1, 20, 0, 0)",analysis/vendor-artifacts/network-fix/高级后台断网修复包1/www/bootstrap/img/signal/Signal3.gif
高级后台断网修复包-1.zip,高级后台断网修复包1/www/bootstrap/img/signal/Signal4.gif,1227,1fc4682e467444c4c2a674917defaa1ec3e8a674fe636aafd829e779fbda64e8,GIF,.gif,False,BINARY,4319d2d5,"(2008, 8, 1, 20, 0, 0)",analysis/vendor-artifacts/network-fix/高级后台断网修复包1/www/bootstrap/img/signal/Signal4.gif
高级后台断网修复包-1.zip,高级后台断网修复包1/www/bootstrap/img/signal/Signal5.gif,1235,bc5f2c1bacf963fdfaa048f96cbba6bdc7c0ee0428ba1630391305e2e96298ac,GIF,.gif,False,BINARY,5adac72e,"(2008, 8, 1, 20, 0, 0)",analysis/vendor-artifacts/network-fix/高级后台断网修复包1/www/bootstrap/img/signal/Signal5.gif
高级后台断网修复包-1.zip,高级后台断网修复包1/www/bootstrap/img/signal/Thumbs.db,7168,39eb6a79bdcf2f562e8c5454b3cead165176832104455364e7f6be514ed40123,DATA,.db,False,BINARY,12801e6d,"(2008, 8, 1, 20, 0, 0)",analysis/vendor-artifacts/network-fix/高级后台断网修复包1/www/bootstrap/img/signal/Thumbs.db
高级后台断网修复包-1.zip,高级后台断网修复包1/www/bootstrap/img/wl_device/0.gif,913,5a3bb1567ffd3cf6269b276f47563078b2d0a846156bca648d9624eb9ef6af1d,GIF,.gif,False,BINARY,4022c1b8,"(2008, 8, 1, 20, 0, 0)",analysis/vendor-artifacts/network-fix/高级后台断网修复包1/www/bootstrap/img/wl_device/0.gif
高级后台断网修复包-1.zip,高级后台断网修复包1/www/bootstrap/img/wl_device/1.gif,383,5b77e164a6c218db447fc172c6f4416df49e5fc1a79a2ff28c5b64ad1a8c833b,GIF,.gif,False,BINARY,d826c549,"(2008, 8, 1, 20, 0, 0)",analysis/vendor-artifacts/network-fix/高级后台断网修复包1/www/bootstrap/img/wl_device/1.gif
高级后台断网修复包-1.zip,高级后台断网修复包1/www/bootstrap/img/wl_device/10.gif,161,fde6685db2247a2394e7d9e9c07249da3cce6862c55a5d9cc0ac4c36088a9ac1,GIF,.gif,False,BINARY,8184c93c,"(2008, 8, 1, 20, 0, 0)",analysis/vendor-artifacts/network-fix/高级后台断网修复包1/www/bootstrap/img/wl_device/10.gif
高级后台断网修复包-1.zip,高级后台断网修复包1/www/bootstrap/img/wl_device/2.gif,385,8e9820db52b189fb2d193c42eaa551e440aac206c179408d45adde57adc48184,GIF,.gif,False,BINARY,c5fcc2ce,"(2008, 8, 1, 20, 0, 0)",analysis/vendor-artifacts/network-fix/高级后台断网修复包1/www/bootstrap/img/wl_device/2.gif
高级后台断网修复包-1.zip,高级后台断网修复包1/www/bootstrap/img/wl_device/3.gif,2060,1c6986e32829fce46f959800218d084c32f35bff98e136d6097802ff1aae3cf5,GIF,.gif,False,BINARY,f53e2216,"(2008, 8, 1, 20, 0, 0)",analysis/vendor-artifacts/network-fix/高级后台断网修复包1/www/bootstrap/img/wl_device/3.gif
高级后台断网修复包-1.zip,高级后台断网修复包1/www/bootstrap/img/wl_device/4.gif,406,933eb02b4e7c21033850cc4bcda25a547f139b16da4b3142f109105067f22ee2,GIF,.gif,False,BINARY,d75cf66c,"(2008, 8, 1, 20, 0, 0)",analysis/vendor-artifacts/network-fix/高级后台断网修复包1/www/bootstrap/img/wl_device/4.gif
高级后台断网修复包-1.zip,高级后台断网修复包1/www/bootstrap/img/wl_device/5.gif,387,8455ab87ca39dc00ea620c5cbeb22935187f98f123e52294de7e60416b7dc626,GIF,.gif,False,BINARY,7f26ae38,"(2008, 8, 1, 20, 0, 0)",analysis/vendor-artifacts/network-fix/高级后台断网修复包1/www/bootstrap/img/wl_device/5.gif
高级后台断网修复包-1.zip,高级后台断网修复包1/www/bootstrap/img/wl_device/6.gif,372,5d3ace509d07091439f29346a1c7cfef75ce753321c3540fa8247f3322b9edc9,GIF,.gif,False,BINARY,2ac55ac4,"(2008, 8, 1, 20, 0, 0)",analysis/vendor-artifacts/network-fix/高级后台断网修复包1/www/bootstrap/img/wl_device/6.gif
高级后台断网修复包-1.zip,高级后台断网修复包1/www/bootstrap/img/wl_device/7.gif,377,09453f1839bd099083c412ab13d8212a45ce23d938dc337a4f7850f950626846,GIF,.gif,False,BINARY,5b1b7578,"(2008, 8, 1, 20, 0, 0)",analysis/vendor-artifacts/network-fix/高级后台断网修复包1/www/bootstrap/img/wl_device/7.gif
高级后台断网修复包-1.zip,高级后台断网修复包1/www/bootstrap/img/wl_device/8.gif,374,456f5bd03adfd645c8cc1f7fb8b2c9c3cd4e11ebb970e7193994b66e741a87d2,GIF,.gif,False,BINARY,de9c960f,"(2008, 8, 1, 20, 0, 0)",analysis/vendor-artifacts/network-fix/高级后台断网修复包1/www/bootstrap/img/wl_device/8.gif
高级后台断网修复包-1.zip,高级后台断网修复包1/www/bootstrap/img/wl_device/9.gif,221,78443f3d20bc47571df95bd3ad5c99c139aeaa6d1cf3eec76f707291fb47d20f,GIF,.gif,False,BINARY,e01f165c,"(2008, 8, 1, 20, 0, 0)",analysis/vendor-artifacts/network-fix/高级后台断网修复包1/www/bootstrap/img/wl_device/9.gif
高级后台断网修复包-1.zip,高级后台断网修复包1/www/bootstrap/img/wl_device/Thumbs.db,8192,e9d8bd128076a28b862d13a412c5da17bbf766f9c87bd10cfdcb9b678270998e,DATA,.db,False,BINARY,e6533f63,"(2008, 8, 1, 20, 0, 0)",analysis/vendor-artifacts/network-fix/高级后台断网修复包1/www/bootstrap/img/wl_device/Thumbs.db
高级后台断网修复包-1.zip,高级后台断网修复包1/www/bootstrap/img/wl_device/arrow-left.png,1367,23665a512613ed2f6b43734a387e07260e7bc6aee3cb30af0f39f1a243355500,PNG,.png,False,BINARY,9c3f35e1,"(2008, 8, 1, 20, 0, 0)",analysis/vendor-artifacts/network-fix/高级后台断网修复包1/www/bootstrap/img/wl_device/arrow-left.png
高级后台断网修复包-1.zip,高级后台断网修复包1/www/bootstrap/img/wl_device/clients.png,524,796a41d3f4ae8f45276a90f7a32e4b7d0e7e9cc20a41a0a17b0ee707772c94e3,PNG,.png,False,BINARY,3c7dd84a,"(2008, 8, 1, 20, 0, 0)",analysis/vendor-artifacts/network-fix/高级后台断网修复包1/www/bootstrap/img/wl_device/clients.png
高级后台断网修复包-1.zip,高级后台断网修复包1/www/bootstrap/img/wl_device/globe.png,1243,504c503fc53b917e6ce7201c0745f118784245fce8aafba5e9c86cb2ab8aa6e2,PNG,.png,False,BINARY,b4f12df5,"(2008, 8, 1, 20, 0, 0)",analysis/vendor-artifacts/network-fix/高级后台断网修复包1/www/bootstrap/img/wl_device/globe.png
高级后台断网修复包-1.zip,高级后台断网修复包1/www/bootstrap/img/wl_device/n56u.gif,3809,2b60e326b38f968a82ed41ff2f0abbe1a7eb4fdd5d694781a30126eda304e9d9,GIF,.gif,False,BINARY,76311bf2,"(2008, 8, 1, 20, 0, 0)",analysis/vendor-artifacts/network-fix/高级后台断网修复包1/www/bootstrap/img/wl_device/n56u.gif
高级后台断网修复包-1.zip,高级后台断网修复包1/www/bootstrap/img/wl_device/n56u.png,886,08a4e29123f94f3f0aca4274aadd78efddacd274ff626f73131ffaf69cd1eafd,PNG,.png,False,BINARY,39eb3fb6,"(2008, 8, 1, 20, 0, 0)",analysis/vendor-artifacts/network-fix/高级后台断网修复包1/www/bootstrap/img/wl_device/n56u.png
高级后台断网修复包-1.zip,高级后台断网修复包1/www/bootstrap/img/wl_device/server.png,418,0eb4f5786d39f2f9c42d82bfd5e60478733dbca3f4049b9463f98a3bb1b2d229,PNG,.png,False,BINARY,afa01ceb,"(2008, 8, 1, 20, 0, 0)",analysis/vendor-artifacts/network-fix/高级后台断网修复包1/www/bootstrap/img/wl_device/server.png
高级后台断网修复包-1.zip,高级后台断网修复包1/www/bootstrap/js/bootstrap.min.js,22323,01540655b3bec61b857cbf67445d08be0665c039525ae54bfee0f10fa7aa91e5,TEXT/utf-8-sig,.js,False,TEXT,95c3754b,"(2008, 8, 1, 20, 0, 0)",analysis/vendor-artifacts/network-fix/高级后台断网修复包1/www/bootstrap/js/bootstrap.min.js
高级后台断网修复包-1.zip,高级后台断网修复包1/www/bootstrap/js/engage.itoggle.min.js,6510,523dd03ee5b81bdef2f275412dd201cae7d2ef3b0a3ddbb04dccef36df2e262b,TEXT/utf-8-sig,.js,False,TEXT,84a6095d,"(2008, 8, 1, 20, 0, 0)",analysis/vendor-artifacts/network-fix/高级后台断网修复包1/www/bootstrap/js/engage.itoggle.min.js
高级后台断网修复包-1.zip,高级后台断网修复包1/www/bootstrap/js/highcharts.js,164346,9b3c3bd2e3ef63b93c371383a912535e47032c256d9fc651ac440ea6b98f13fb,TEXT/utf-8-sig,.js,False,TEXT,9e60b79c,"(2008, 8, 1, 20, 0, 0)",analysis/vendor-artifacts/network-fix/高级后台断网修复包1/www/bootstrap/js/highcharts.js
高级后台断网修复包-1.zip,高级后台断网修复包1/www/bootstrap/js/highcharts_theme.js,3096,4973830f428f26c1b07d52b02ed060577ca189d136fe514cfff61ece891459f5,TEXT/utf-8-sig,.js,False,TEXT,0c676834,"(2008, 8, 1, 20, 0, 0)",analysis/vendor-artifacts/network-fix/高级后台断网修复包1/www/bootstrap/js/highcharts_theme.js
高级后台断网修复包-1.zip,高级后台断网修复包1/www/bootstrap/js/jquery.maskedinput-1.3.min.js,3343,08d555968dc50552fad649a4324fe1bb50f3682fe5df37fad1425ef37f7c0665,TEXT/utf-8-sig,.js,False,TEXT,0bb058dc,"(2008, 8, 1, 20, 0, 0)",analysis/vendor-artifacts/network-fix/高级后台断网修复包1/www/bootstrap/js/jquery.maskedinput-1.3.min.js
高级后台断网修复包-1.zip,高级后台断网修复包1/www/bootstrap/js/jquery.xdomainajax.js,2138,868b54e90ae7d56ba11406c5cf71d2d0d932d217bc0599a70dd0b4fbc6e59e52,TEXT/utf-8-sig,.js,False,TEXT,64dd42ce,"(2008, 8, 1, 20, 0, 0)",analysis/vendor-artifacts/network-fix/高级后台断网修复包1/www/bootstrap/js/jquery.xdomainajax.js
高级后台断网修复包-1.zip,高级后台断网修复包1/www/client_function.js,2624,6554e1c21f52349fc4184955b026612bf3a990891432d122979cde54b9095903,TEXT/utf-8-sig,.js,False,TEXT,a80f6f8c,"(2008, 8, 1, 20, 0, 0)",analysis/vendor-artifacts/network-fix/高级后台断网修复包1/www/client_function.js
高级后台断网修复包-1.zip,高级后台断网修复包1/www/console_response.asp,43,dbac5bdc33acdb6f8e96429eb2e440f48b5d51c35839a331c7b6db6b2e1a95d6,TEXT/utf-8-sig,.asp,False,TEXT,6f9cf8cd,"(2008, 8, 1, 20, 0, 0)",analysis/vendor-artifacts/network-fix/高级后台断网修复包1/www/console_response.asp
高级后台断网修复包-1.zip,高级后台断网修复包1/www/device-map/clients.asp,22811,b89298f862df31656531135352642a9d6db503c9539f5f636f3e84242163ba2d,TEXT/utf-8-sig,.asp,False,TEXT,4c196267,"(2008, 8, 1, 20, 0, 0)",analysis/vendor-artifacts/network-fix/高级后台断网修复包1/www/device-map/clients.asp
高级后台断网修复包-1.zip,高级后台断网修复包1/www/device-map/formcontrol.js,301,d990bfa12fcbeb2bdfc0cdf340af9271b1a65b1e1e0af1859324919c9a00084b,TEXT/utf-8-sig,.js,False,TEXT,8f0eb7fa,"(2008, 8, 1, 20, 0, 0)",analysis/vendor-artifacts/network-fix/高级后台断网修复包1/www/device-map/formcontrol.js
高级后台断网修复包-1.zip,高级后台断网修复包1/www/device-map/internet.asp,16030,cc1fb5b3d93ee1f4c204825785043439646a935b14080264955cfb2cc638cd68,TEXT/utf-8-sig,.asp,False,TEXT,3423a070,"(2024, 11, 17, 17, 53, 26)",analysis/vendor-artifacts/network-fix/高级后台断网修复包1/www/device-map/internet.asp
高级后台断网修复包-1.zip,高级后台断网修复包1/www/device-map/intranet.asp,3243,74c4b7d30aeae3f6c473198f474fbd960e92fc356d9932535ae744eb8f66d3ff,TEXT/utf-8-sig,.asp,False,TEXT,34907b9b,"(2008, 8, 1, 20, 0, 0)",analysis/vendor-artifacts/network-fix/高级后台断网修复包1/www/device-map/intranet.asp
高级后台断网修复包-1.zip,高级后台断网修复包1/www/device-map/system.asp,16362,8938e924bb1b7b93af0fc54d05e3afbc15cbba34fdc721b512b2c90330974ebc,TEXT/utf-8-sig,.asp,False,TEXT,07060742,"(2024, 11, 17, 17, 53, 26)",analysis/vendor-artifacts/network-fix/高级后台断网修复包1/www/device-map/system.asp
高级后台断网修复包-1.zip,高级后台断网修复包1/www/device-map/wan_action.asp,736,7875aa9345dd7585be2b149be944c8f8554a1c991804db2e2753f6fdb550b740,TEXT/utf-8-sig,.asp,False,TEXT,018c7029,"(2008, 8, 1, 20, 0, 0)",analysis/vendor-artifacts/network-fix/高级后台断网修复包1/www/device-map/wan_action.asp
高级后台断网修复包-1.zip,高级后台断网修复包1/www/disk_folder_tree.js,10859,10256c2c3f49fa5ed9a7bec43443fdf585c7b1efa184e3f3965459e318d38abe,TEXT/utf-8-sig,.js,False,TEXT,f7a645ee,"(2008, 8, 1, 20, 0, 0)",analysis/vendor-artifacts/network-fix/高级后台断网修复包1/www/disk_folder_tree.js
高级后台断网修复包-1.zip,高级后台断网修复包1/www/disk_functions.js,4784,94492dfb47c7283ab84efb38142bcf27016fec4982c6db198e32c0e391ef8f18,TEXT/utf-8-sig,.js,False,TEXT,ef99d1e9,"(2008, 8, 1, 20, 0, 0)",analysis/vendor-artifacts/network-fix/高级后台断网修复包1/www/disk_functions.js
高级后台断网修复包-1.zip,高级后台断网修复包1/www/feiliu.asp,4218,32b0c10a5886c6d5d2b3958f1acd46b8e7011247978a3b58e0152fd18c3ea04a,TEXT/utf-8-sig,.asp,False,TEXT,a6e6b222,"(2024, 11, 6, 19, 18, 42)",analysis/vendor-artifacts/network-fix/高级后台断网修复包1/www/feiliu.asp
高级后台断网修复包-1.zip,高级后台断网修复包1/www/general.js,41465,a38fcd52fceb151e278e78b3d1cd6230e4940f48c35e99de9fe519aea45f8c6f,TEXT/utf-8-sig,.js,False,TEXT,5ca3df91,"(2024, 11, 6, 19, 18, 42)",analysis/vendor-artifacts/network-fix/高级后台断网修复包1/www/general.js
高级后台断网修复包-1.zip,高级后台断网修复包1/www/help.js,7787,46df766f7fa431c7ccaff109b31f8d4839b35e3e06759610b2f8dd15a796a51c,TEXT/utf-8-sig,.js,False,TEXT,05c39a63,"(2008, 8, 1, 20, 0, 0)",analysis/vendor-artifacts/network-fix/高级后台断网修复包1/www/help.js
高级后台断网修复包-1.zip,高级后台断网修复包1/www/help_wl.js,3192,6fbaeacfeed326de1239dc163c040bf7a16bfad5fdf4451fbd454dbf18ab0c80,TEXT/utf-8-sig,.js,False,TEXT,ef413a68,"(2008, 8, 1, 20, 0, 0)",analysis/vendor-artifacts/network-fix/高级后台断网修复包1/www/help_wl.js
高级后台断网修复包-1.zip,高级后台断网修复包1/www/httpd_check.htm,8,6c539bad277da6dd4468825a9f161acd850b202e59754baa21213c4319c03309,TEXT/utf-8-sig,.htm,False,TEXT,48f32c81,"(2008, 8, 1, 20, 0, 0)",analysis/vendor-artifacts/network-fix/高级后台断网修复包1/www/httpd_check.htm
高级后台断网修复包-1.zip,高级后台断网修复包1/www/images/AiDisk/FolderAdd.gif,880,bf81d59265eebfd4fce74c6a6d4f952d0e0c5b0ce906347415f12989fbe194e7,GIF,.gif,False,BINARY,0756f513,"(2008, 8, 1, 20, 0, 0)",analysis/vendor-artifacts/network-fix/高级后台断网修复包1/www/images/AiDisk/FolderAdd.gif
高级后台断网修复包-1.zip,高级后台断网修复包1/www/images/AiDisk/FolderAdd_0.gif,1330,8bcba5d152c2ebbffc84203436c3c1d9fac380eaa3d85baf09e43bb40ee07259,GIF,.gif,False,BINARY,925a1199,"(2008, 8, 1, 20, 0, 0)",analysis/vendor-artifacts/network-fix/高级后台断网修复包1/www/images/AiDisk/FolderAdd_0.gif
高级后台断网修复包-1.zip,高级后台断网修复包1/www/images/AiDisk/FolderAdd_1.gif,1331,940a12995961eb5ff0acf17c56ef4d35d92e6fdc22be802b9c2a8f3779cdb11d,GIF,.gif,False,BINARY,78bdbf2d,"(2008, 8, 1, 20, 0, 0)",analysis/vendor-artifacts/network-fix/高级后台断网修复包1/www/images/AiDisk/FolderAdd_1.gif
高级后台断网修复包-1.zip,高级后台断网修复包1/www/images/AiDisk/FolderDel.gif,883,3cba31823b33cb9711ff526a5011ade4cbc6bcd7496a56c9496d615ec578e2d2,GIF,.gif,False,BINARY,9791a4f6,"(2008, 8, 1, 20, 0, 0)",analysis/vendor-artifacts/network-fix/高级后台断网修复包1/www/images/AiDisk/FolderDel.gif
高级后台断网修复包-1.zip,高级后台断网修复包1/www/images/AiDisk/FolderDel_0.gif,1342,890ec031a30dca1992d06d40fc3d929b72b5e54ca1a2248ca9d3294d4ec716a2,GIF,.gif,False,BINARY,d566bd25,"(2008, 8, 1, 20, 0, 0)",analysis/vendor-artifacts/network-fix/高级后台断网修复包1/www/images/AiDisk/FolderDel_0.gif
高级后台断网修复包-1.zip,高级后台断网修复包1/www/images/AiDisk/FolderDel_1.gif,1343,6a64e645502e2b0ea759eeb0899b40ce1fcfb05926aee56c71923ae597c14c3e,GIF,.gif,False,BINARY,c2c6c3c8,"(2008, 8, 1, 20, 0, 0)",analysis/vendor-artifacts/network-fix/高级后台断网修复包1/www/images/AiDisk/FolderDel_1.gif
高级后台断网修复包-1.zip,高级后台断网修复包1/www/images/AiDisk/FolderMod.gif,911,4e98a5a016b0abd8643dbd8b9d28d762d640a6a810728b4c1811c4aac8cf4de4,GIF,.gif,False,BINARY,e9457ad9,"(2008, 8, 1, 20, 0, 0)",analysis/vendor-artifacts/network-fix/高级后台断网修复包1/www/images/AiDisk/FolderMod.gif
高级后台断网修复包-1.zip,高级后台断网修复包1/www/images/AiDisk/FolderMod_0.gif,1373,4aab917a6a86f56fad3a549cea798c169d26af97ab3f4434fc44589f17149485,GIF,.gif,False,BINARY,e3dc7c1a,"(2008, 8, 1, 20, 0, 0)",analysis/vendor-artifacts/network-fix/高级后台断网修复包1/www/images/AiDisk/FolderMod_0.gif
高级后台断网修复包-1.zip,高级后台断网修复包1/www/images/AiDisk/FolderMod_1.gif,1373,de2f0eb710685e3d4acae4f6a113f8fe5a4aa3665adac98b696bb9723486b000,GIF,.gif,False,BINARY,c3c8ff26,"(2008, 8, 1, 20, 0, 0)",analysis/vendor-artifacts/network-fix/高级后台断网修复包1/www/images/AiDisk/FolderMod_1.gif
高级后台断网修复包-1.zip,高级后台断网修复包1/www/images/AiDisk/Thumbs.db,8192,619dca503fe6024f6e166ca4a988d2eae855958d28d95f38d2130b736f18a254,DATA,.db,False,BINARY,64a596ee,"(2008, 8, 1, 20, 0, 0)",analysis/vendor-artifacts/network-fix/高级后台断网修复包1/www/images/AiDisk/Thumbs.db
高级后台断网修复包-1.zip,高级后台断网修复包1/www/images/AiDisk/UserAdd.gif,1025,5ce0006b831c3be0a381d85d6762365ba84415684c84cb80b8cae1dc871db02d,GIF,.gif,False,BINARY,8d768c9e,"(2008, 8, 1, 20, 0, 0)",analysis/vendor-artifacts/network-fix/高级后台断网修复包1/www/images/AiDisk/UserAdd.gif
高级后台断网修复包-1.zip,高级后台断网修复包1/www/images/AiDisk/UserAdd_0.gif,1482,92f34e0f82287b1d624d7bb853c32f0f7761795242d0778a38b6ee5692bb745a,GIF,.gif,False,BINARY,dc97a4d6,"(2008, 8, 1, 20, 0, 0)",analysis/vendor-artifacts/network-fix/高级后台断网修复包1/www/images/AiDisk/UserAdd_0.gif
高级后台断网修复包-1.zip,高级后台断网修复包1/www/images/AiDisk/UserAdd_1.gif,1477,1c8dc0e1ab71639fac2a241fcd62c77a47a9eed84ee9d03c8e9df93358999239,GIF,.gif,False,BINARY,f38decd0,"(2008, 8, 1, 20, 0, 0)",analysis/vendor-artifacts/network-fix/高级后台断网修复包1/www/images/AiDisk/UserAdd_1.gif
高级后台断网修复包-1.zip,高级后台断网修复包1/www/images/AiDisk/UserDel.gif,1024,8ca37cb3a91ea8002d45deba005dab5f83111c6fdb4d559c0e492062d21a6ddb,GIF,.gif,False,BINARY,a6b8c61e,"(2008, 8, 1, 20, 0, 0)",analysis/vendor-artifacts/network-fix/高级后台断网修复包1/www/images/AiDisk/UserDel.gif
高级后台断网修复包-1.zip,高级后台断网修复包1/www/images/AiDisk/UserDel_0.gif,1483,91d0899b6a941570582c3905ce81a98c876076fd6b24da68f3a33b80de0c587e,GIF,.gif,False,BINARY,3af7924a,"(2008, 8, 1, 20, 0, 0)",analysis/vendor-artifacts/network-fix/高级后台断网修复包1/www/images/AiDisk/UserDel_0.gif
高级后台断网修复包-1.zip,高级后台断网修复包1/www/images/AiDisk/UserDel_1.gif,1477,ce4bc1c9e71f18d6f9a27c6f31743471cf6fd3b49be32891815d9fbe0ab7c422,GIF,.gif,False,BINARY,3c0a43d1,"(2008, 8, 1, 20, 0, 0)",analysis/vendor-artifacts/network-fix/高级后台断网修复包1/www/images/AiDisk/UserDel_1.gif
高级后台断网修复包-1.zip,高级后台断网修复包1/www/images/AiDisk/UserMod.gif,1051,add5e222b73e42f034d618d5b938c5e96534f181b0b5047c27a6886502636d8a,GIF,.gif,False,BINARY,e7507c13,"(2008, 8, 1, 20, 0, 0)",analysis/vendor-artifacts/network-fix/高级后台断网修复包1/www/images/AiDisk/UserMod.gif
高级后台断网修复包-1.zip,高级后台断网修复包1/www/images/AiDisk/UserMod_0.gif,1503,c730590021aff14e913e53326355ea35bae80505a5b21b4a42948bc85c6d16a1,GIF,.gif,False,BINARY,b8ccf02a,"(2008, 8, 1, 20, 0, 0)",analysis/vendor-artifacts/network-fix/高级后台断网修复包1/www/images/AiDisk/UserMod_0.gif
高级后台断网修复包-1.zip,高级后台断网修复包1/www/images/AiDisk/UserMod_1.gif,1493,a2f163586d29ed4a28cd4b11765cecf5c1ed6e031ad3b7989f6d1d06f6e5c174,GIF,.gif,False,BINARY,5fe56be6,"(2008, 8, 1, 20, 0, 0)",analysis/vendor-artifacts/network-fix/高级后台断网修复包1/www/images/AiDisk/UserMod_1.gif
高级后台断网修复包-1.zip,高级后台断网修复包1/www/images/AiDisk/user_icon.gif,610,1b1fdb3194119b011046899450d083529bdf9ab07085afba1cd852b70fd37397,GIF,.gif,False,BINARY,28a94dcb,"(2008, 8, 1, 20, 0, 0)",analysis/vendor-artifacts/network-fix/高级后台断网修复包1/www/images/AiDisk/user_icon.gif
高级后台断网修复包-1.zip,高级后台断网修复包1/www/images/AiDisk/user_icon0.gif,1446,deff06235f008aa8a11b30b32455d64572937586a069452e9a7b6c0e321e7c7e,GIF,.gif,False,BINARY,5f31fd70,"(2008, 8, 1, 20, 0, 0)",analysis/vendor-artifacts/network-fix/高级后台断网修复包1/www/images/AiDisk/user_icon0.gif
高级后台断网修复包-1.zip,高级后台断网修复包1/www/images/AiDisk/user_icon1.gif,1448,92377deeced79fc25686689283b1ba3fabc38cfa13906cc81eee3a5222a1e036,GIF,.gif,False,BINARY,63134c1a,"(2008, 8, 1, 20, 0, 0)",analysis/vendor-artifacts/network-fix/高级后台断网修复包1/www/images/AiDisk/user_icon1.gif
高级后台断网修复包-1.zip,高级后台断网修复包1/www/images/SMS.png,15476,916088b6db43b56abd1f60ad16c135841fbd716e79c9d1d41f8b9d88451e65b5,PNG,.png,False,BINARY,f4ee7fcc,"(2008, 8, 1, 20, 0, 0)",analysis/vendor-artifacts/network-fix/高级后台断网修复包1/www/images/SMS.png
高级后台断网修复包-1.zip,高级后台断网修复包1/www/images/SMS2.png,15856,98a308a4b4d5a1f6a0d98f9bc78c4a106ed32bcd50508b0d77da8a9c8a5a40c4,PNG,.png,False,BINARY,c2e60a8f,"(2008, 8, 1, 20, 0, 0)",analysis/vendor-artifacts/network-fix/高级后台断网修复包1/www/images/SMS2.png
高级后台断网修复包-1.zip,高级后台断网修复包1/www/images/Tree/Thumbs.db,6144,0bb49105ac080d8d87e0b670a534a7b672acc5f1b1dc441e6dbcc1bba3dddbf3,DATA,.db,False,BINARY,8c2d0dde,"(2008, 8, 1, 20, 0, 0)",analysis/vendor-artifacts/network-fix/高级后台断网修复包1/www/images/Tree/Thumbs.db
高级后台断网修复包-1.zip,高级后台断网修复包1/www/images/Tree/disk.gif,134,b2e7a67492d5c5ae3a7acc254d49a4272333fa79ad3adcab0934ec7c9aa3ab74,GIF,.gif,False,BINARY,6dd6438d,"(2008, 8, 1, 20, 0, 0)",analysis/vendor-artifacts/network-fix/高级后台断网修复包1/www/images/Tree/disk.gif
高级后台断网修复包-1.zip,高级后台断网修复包1/www/images/Tree/folder.gif,371,0e40d689fd77b97c9706a306ce38307d6ebdcb908c1e27f8da3de2526778dbba,GIF,.gif,False,BINARY,a78e52ef,"(2008, 8, 1, 20, 0, 0)",analysis/vendor-artifacts/network-fix/高级后台断网修复包1/www/images/Tree/folder.gif
高级后台断网修复包-1.zip,高级后台断网修复包1/www/images/Tree/folder_wait.gif,673,e2579ed89b19694ca95b177d6c97e0bfb4c030e5635194c87094e3cac117a048,GIF,.gif,False,BINARY,991d0188,"(2008, 8, 1, 20, 0, 0)",analysis/vendor-artifacts/network-fix/高级后台断网修复包1/www/images/Tree/folder_wait.gif
高级后台断网修复包-1.zip,高级后台断网修复包1/www/images/Tree/join.gif,67,5ae3891e487feba1e026ed51d50ea3bd07b53bf18b611c4f296dcbcc0b4558d3,GIF,.gif,False,BINARY,69a85694,"(2008, 8, 1, 20, 0, 0)",analysis/vendor-artifacts/network-fix/高级后台断网修复包1/www/images/Tree/join.gif
高级后台断网修复包-1.zip,高级后台断网修复包1/www/images/Tree/part.gif,115,0b2561ff7d00b54bccf50ecb3c7de602079ac489f0c5d40f5509c91ff4be7d8c,GIF,.gif,False,BINARY,9392cfc0,"(2008, 8, 1, 20, 0, 0)",analysis/vendor-artifacts/network-fix/高级后台断网修复包1/www/images/Tree/part.gif
高级后台断网修复包-1.zip,高级后台断网修复包1/www/images/Tree/vert_line.gif,68,1e7c0ec2d9b214a481aaea2fbe27161142d2a6b9d02ffc9da8e1e22448816665,GIF,.gif,False,BINARY,cb286439,"(2008, 8, 1, 20, 0, 0)",analysis/vendor-artifacts/network-fix/高级后台断网修复包1/www/images/Tree/vert_line.gif
高级后台断网修复包-1.zip,高级后台断网修复包1/www/images/Tree/vert_line_n00.gif,70,5ab3faf2bb9ca5df06f4cb829f5f63e79f6fe9fe9408293ba92e1e4c03c8565f,GIF,.gif,False,BINARY,1225c011,"(2008, 8, 1, 20, 0, 0)",analysis/vendor-artifacts/network-fix/高级后台断网修复包1/www/images/Tree/vert_line_n00.gif
高级后台断网修复包-1.zip,高级后台断网修复包1/www/images/Tree/vert_line_n10.gif,67,a2041b4a326bb001f39b9b74bcbc16bfbb80f50d39fd54e9892a8e5509f9b9f8,GIF,.gif,False,BINARY,8fdfb53f,"(2008, 8, 1, 20, 0, 0)",analysis/vendor-artifacts/network-fix/高级后台断网修复包1/www/images/Tree/vert_line_n10.gif
高级后台断网修复包-1.zip,高级后台断网修复包1/www/images/Tree/vert_line_s00.gif,94,50643d0837ab53f870f03cdd60f305c41d275e164ef313a02577099b69936994,GIF,.gif,False,BINARY,a4795650,"(2008, 8, 1, 20, 0, 0)",analysis/vendor-artifacts/network-fix/高级后台断网修复包1/www/images/Tree/vert_line_s00.gif
高级后台断网修复包-1.zip,高级后台断网修复包1/www/images/Tree/vert_line_s01.gif,88,a9b252c557fbd4edca6ebbb866829c47d6d7a148f21e659a582ff6512db8481f,GIF,.gif,False,BINARY,3aaa70ae,"(2008, 8, 1, 20, 0, 0)",analysis/vendor-artifacts/network-fix/高级后台断网修复包1/www/images/Tree/vert_line_s01.gif
高级后台断网修复包-1.zip,高级后台断网修复包1/www/images/Tree/vert_line_s10.gif,93,3e3b3050f4a40584489dbc2c85f7e1b1ffaecae592c9d010d350690c9f04b442,GIF,.gif,False,BINARY,251bf485,"(2008, 8, 1, 20, 0, 0)",analysis/vendor-artifacts/network-fix/高级后台断网修复包1/www/images/Tree/vert_line_s10.gif
高级后台断网修复包-1.zip,高级后台断网修复包1/www/images/Tree/vert_line_s11.gif,86,c632ed7923b72563371cd8a8db511196d2c4136546cd469f471227e0c7387bd1,GIF,.gif,False,BINARY,2c6f5f19,"(2008, 8, 1, 20, 0, 0)",analysis/vendor-artifacts/network-fix/高级后台断网修复包1/www/images/Tree/vert_line_s11.gif
高级后台断网修复包-1.zip,高级后台断网修复包1/www/images/bgaibutton.gif,87,da65b0b94c17837958851980acea22976e2875408febc9055ddb3a868db4de72,GIF,.gif,False,BINARY,e00b3236,"(2008, 8, 1, 20, 0, 0)",analysis/vendor-artifacts/network-fix/高级后台断网修复包1/www/images/bgaibutton.gif
高级后台断网修复包-1.zip,高级后台断网修复包1/www/images/bgaibutton0.gif,87,4a2925726c5654c1f5eba4a4ffc0487632b7a48f0004c6504c496959b975b64a,GIF,.gif,False,BINARY,868678f9,"(2008, 8, 1, 20, 0, 0)",analysis/vendor-artifacts/network-fix/高级后台断网修复包1/www/images/bgaibutton0.gif
高级后台断网修复包-1.zip,高级后台断网修复包1/www/images/checked.gif,564,6e9faae9c7ec777ce2f80234ebb72df58d0b1a59850da76b623c23b280d05448,GIF,.gif,False,BINARY,700dd306,"(2008, 8, 1, 20, 0, 0)",analysis/vendor-artifacts/network-fix/高级后台断网修复包1/www/images/checked.gif
高级后台断网修复包-1.zip,高级后台断网修复包1/www/images/favicon.ico,1150,35e942af8c5ec34cc0821bbf0d621d0b3dd670a9560c5f24a5419141279f0d13,DATA,.ico,False,BINARY,4029842d,"(2008, 8, 1, 20, 0, 0)",analysis/vendor-artifacts/network-fix/高级后台断网修复包1/www/images/favicon.ico
高级后台断网修复包-1.zip,高级后台断网修复包1/www/images/favicon.png,4579,2c66be171f72b3855a651f732ca338c36324ea66932efa983be09e190f1c5f85,PNG,.png,False,BINARY,8ebdbb0f,"(2008, 8, 1, 20, 0, 0)",analysis/vendor-artifacts/network-fix/高级后台断网修复包1/www/images/favicon.png
高级后台断网修复包-1.zip,高级后台断网修复包1/www/images/management.png,15727,557a5dc46fe6b3283460671574ed446b7bb2c1c8a0090fd89106c17b9fa2a404,PNG,.png,False,BINARY,ae58942a,"(2008, 8, 1, 20, 0, 0)",analysis/vendor-artifacts/network-fix/高级后台断网修复包1/www/images/management.png
高级后台断网修复包-1.zip,高级后台断网修复包1/www/images/management2.png,15986,e0a5db529bc04d060737b8ea9f0bcd6664ff4ead75acfd26190208c1ed83ed5b,PNG,.png,False,BINARY,cd37f084,"(2008, 8, 1, 20, 0, 0)",analysis/vendor-artifacts/network-fix/高级后台断网修复包1/www/images/management2.png
高级后台断网修复包-1.zip,高级后台断网修复包1/www/index.asp,29754,3a5d376a11f0c53f6cf6c4596b15f1a88555ec4e3017236692bc7a63237a202b,TEXT/utf-8-sig,.asp,False,TEXT,b0e6728e,"(2008, 8, 1, 20, 0, 0)",analysis/vendor-artifacts/network-fix/高级后台断网修复包1/www/index.asp
高级后台断网修复包-1.zip,高级后台断网修复包1/www/itoggle.js,875,fed068364c0038c1c55281a3b8cb45ba45d168e04bdaebe6c4f1b5aeac634f1e,TEXT/utf-8-sig,.js,False,TEXT,6bf7c7da,"(2008, 8, 1, 20, 0, 0)",analysis/vendor-artifacts/network-fix/高级后台断网修复包1/www/itoggle.js
高级后台断网修复包-1.zip,高级后台断网修复包1/www/jquery.js,94839,0fb170f24675c84f8228ad6b61d69bf6705030949cc2fec316b3a006eab282f8,TEXT/utf-8-sig,.js,False,TEXT,e42df70e,"(2008, 8, 1, 20, 0, 0)",analysis/vendor-artifacts/network-fix/高级后台断网修复包1/www/jquery.js
高级后台断网修复包-1.zip,高级后台断网修复包1/www/jquery.tmpl.js,6121,af6592d435a34ae2cbc384c908b2000e3a33f3c3d7bace1a84ba7880a8a80d9e,TEXT/utf-8-sig,.js,False,TEXT,5579776d,"(2008, 8, 1, 20, 0, 0)",analysis/vendor-artifacts/network-fix/高级后台断网修复包1/www/jquery.tmpl.js
高级后台断网修复包-1.zip,高级后台断网修复包1/www/lan_clients.asp,124,864a24a65b3ad78285b965f505639d70071f6a29ee7b76d71cb49a33ccb4c862,TEXT/utf-8-sig,.asp,False,TEXT,4d1a1a2f,"(2008, 8, 1, 20, 0, 0)",analysis/vendor-artifacts/network-fix/高级后台断网修复包1/www/lan_clients.asp
高级后台断网修复包-1.zip,高级后台断网修复包1/www/log_content.asp,20,37ef4bb46f2b4160e4e05b0d5165678f062c5454a28704c38705b2c5059c22aa,TEXT/utf-8-sig,.asp,False,TEXT,9b75ebf1,"(2008, 8, 1, 20, 0, 0)",analysis/vendor-artifacts/network-fix/高级后台断网修复包1/www/log_content.asp
高级后台断网修复包-1.zip,高级后台断网修复包1/www/login_err.asp,1372,880c5d11c5e3726ef451c6993306a4092ec17bbdb24e23da4e3e7c5698efdb50,TEXT/utf-8-sig,.asp,False,TEXT,06a6e8c9,"(2008, 8, 1, 20, 0, 0)",analysis/vendor-artifacts/network-fix/高级后台断网修复包1/www/login_err.asp
高级后台断网修复包-1.zip,高级后台断网修复包1/www/md5.js,7087,2807f25db51e6cd940dfc8522958e75fd6f8757fd271c6ae23b6ecc97a75149e,TEXT/utf-8-sig,.js,False,TEXT,c09f5ac9,"(2008, 8, 1, 20, 0, 0)",analysis/vendor-artifacts/network-fix/高级后台断网修复包1/www/md5.js
高级后台断网修复包-1.zip,高级后台断网修复包1/www/modem_isp.js,22873,a806d624fad9a8891deb28649943ea7803df3dd18d653be1ac7b6d16272ce0b6,TEXT/utf-8-sig,.js,False,TEXT,767504f9,"(2008, 8, 1, 20, 0, 0)",analysis/vendor-artifacts/network-fix/高级后台断网修复包1/www/modem_isp.js
高级后台断网修复包-1.zip,高级后台断网修复包1/www/net_speed_tabs.js,4655,9cb9c464f857fe2b2b77c51ebd01fc0aea8c21d5683dd7a254562e42acc93bfe,TEXT/utf-8-sig,.js,False,TEXT,55b9a6d5,"(2008, 8, 1, 20, 0, 0)",analysis/vendor-artifacts/network-fix/高级后台断网修复包1/www/net_speed_tabs.js
高级后台断网修复包-1.zip,高级后台断网修复包1/www/popup.js,3343,35edcecde96558ca2ddb72057abd7fcaad0d00fe3e62660d08c49d8560883ed0,TEXT/utf-8-sig,.js,False,TEXT,e39dadeb,"(2008, 8, 1, 20, 0, 0)",analysis/vendor-artifacts/network-fix/高级后台断网修复包1/www/popup.js
高级后台断网修复包-1.zip,高级后台断网修复包1/www/require-jquery.js,332952,ac81d2feffbebe242c0009675b439e85fba1c980b524c2b63b6272af61cf06c9,TEXT/utf-8-sig,.js,False,TEXT,5b20cdbc,"(2008, 8, 1, 20, 0, 0)",analysis/vendor-artifacts/network-fix/高级后台断网修复包1/www/require-jquery.js
高级后台断网修复包-1.zip,高级后台断网修复包1/www/restart_adbd.asp,21,4b7d4fa1cbe074fc1ec19672353123a875a1d018a5dda07e29700fd9253dc37d,TEXT/utf-8-sig,.asp,False,TEXT,489e8f12,"(2008, 8, 1, 20, 0, 0)",analysis/vendor-artifacts/network-fix/高级后台断网修复包1/www/restart_adbd.asp
高级后台断网修复包-1.zip,高级后台断网修复包1/www/serialno.asp,21,0509657787f31bb2c5cd7f2f92ff923972a83755d49161e5076b013efd29e14a,TEXT/utf-8-sig,.asp,False,TEXT,a6354da9,"(2008, 8, 1, 20, 0, 0)",analysis/vendor-artifacts/network-fix/高级后台断网修复包1/www/serialno.asp
高级后台断网修复包-1.zip,高级后台断网修复包1/www/smsInbox.asp,27655,c71e58c145e2974ff1181a643532dcf33bbba7f64e553dd693b203c898137f89,TEXT/utf-8-sig,.asp,False,TEXT,4962c772,"(2008, 8, 1, 20, 0, 0)",analysis/vendor-artifacts/network-fix/高级后台断网修复包1/www/smsInbox.asp
高级后台断网修复包-1.zip,高级后台断网修复包1/www/smsNotSendbox.asp,28056,b69929b9354b51aea309c172580df3c9b536bf89d1e9c9f8d325b7172bd2c22e,TEXT/utf-8-sig,.asp,False,TEXT,7ef0e4a0,"(2008, 8, 1, 20, 0, 0)",analysis/vendor-artifacts/network-fix/高级后台断网修复包1/www/smsNotSendbox.asp
高级后台断网修复包-1.zip,高级后台断网修复包1/www/smsOutbox.asp,26190,ebbd93d1a3aba90ba063fe614bbb51d3dada7f35746d2d3a069770b8bb38d71f,TEXT/utf-8-sig,.asp,False,TEXT,431fcc41,"(2008, 8, 1, 20, 0, 0)",analysis/vendor-artifacts/network-fix/高级后台断网修复包1/www/smsOutbox.asp
高级后台断网修复包-1.zip,高级后台断网修复包1/www/smsSend.asp,13969,cba7c511810c77262631a4d5ecfbccf49fa13c0ecd5ce5a2065f2f555bf4c718,TEXT/utf-8-sig,.asp,False,TEXT,63dbb5fb,"(2008, 8, 1, 20, 0, 0)",analysis/vendor-artifacts/network-fix/高级后台断网修复包1/www/smsSend.asp
高级后台断网修复包-1.zip,高级后台断网修复包1/www/sms_in.asp,42,41ee04f3d25d1d42668d32351b62ce9e344a469c0cf34331ce41bbf127b2af99,TEXT/utf-8-sig,.asp,False,TEXT,322f09d6,"(2008, 8, 1, 20, 0, 0)",analysis/vendor-artifacts/network-fix/高级后台断网修复包1/www/sms_in.asp
高级后台断网修复包-1.zip,高级后台断网修复包1/www/sms_out.asp,42,532bec8f65b9e2b4dabdb1feb295c6778f73bb600984876e3b1333f07a11e538,TEXT/utf-8-sig,.asp,False,TEXT,fe850948,"(2008, 8, 1, 20, 0, 0)",analysis/vendor-artifacts/network-fix/高级后台断网修复包1/www/sms_out.asp
高级后台断网修复包-1.zip,高级后台断网修复包1/www/start_apply.htm,3472,ec6fbb600d3ee88d12772490dc6dfb7f94142ba7242efc61dbccdecdf1e59668,TEXT/utf-8-sig,.htm,False,TEXT,3000d727,"(2008, 8, 1, 20, 0, 0)",analysis/vendor-artifacts/network-fix/高级后台断网修复包1/www/start_apply.htm
高级后台断网修复包-1.zip,高级后台断网修复包1/www/state.js,54167,97e1ac34c4a485264c9786bbd386bc5972078fb7732d0c5469e107a60aa4a10b,TEXT/utf-8-sig,.js,False,TEXT,dbbc0575,"(2024, 11, 17, 17, 53, 26)",analysis/vendor-artifacts/network-fix/高级后台断网修复包1/www/state.js
高级后台断网修复包-1.zip,高级后台断网修复包1/www/statistic.asp,14475,2e94299e9518e98d1ee750d9e2f86aa184232c44e6b83aeff2345f337f0eceb4,TEXT/utf-8-sig,.asp,False,TEXT,ae329598,"(2008, 8, 1, 20, 0, 0)",analysis/vendor-artifacts/network-fix/高级后台断网修复包1/www/statistic.asp
高级后台断网修复包-1.zip,高级后台断网修复包1/www/status_eth_mib.asp,21,a3a3ec19b794180350df1fe71c910555c786ccdd4fd2b279db65a99bc552baeb,TEXT/utf-8-sig,.asp,False,TEXT,7f829931,"(2008, 8, 1, 20, 0, 0)",analysis/vendor-artifacts/network-fix/高级后台断网修复包1/www/status_eth_mib.asp
高级后台断网修复包-1.zip,高级后台断网修复包1/www/status_internet.asp,171,cf908af385f4b6b3bc462ddfcc24c0a05f5750a609f7678479b9a558399bf039,TEXT/utf-8-sig,.asp,False,TEXT,45470bbc,"(2008, 8, 1, 20, 0, 0)",analysis/vendor-artifacts/network-fix/高级后台断网修复包1/www/status_internet.asp
高级后台断网修复包-1.zip,高级后台断网修复包1/www/status_lanlink.asp,17,0a41577833b04d0fd769e339759f94950169e9b60c9b3a19d8c94fb562ccb550,TEXT/utf-8-sig,.asp,False,TEXT,6f30b60d,"(2008, 8, 1, 20, 0, 0)",analysis/vendor-artifacts/network-fix/高级后台断网修复包1/www/status_lanlink.asp
高级后台断网修复包-1.zip,高级后台断网修复包1/www/status_wanlink.asp,17,6d377a88afaee9746b11da53577afb5f847d851addd027017cceac09e7f12dda,TEXT/utf-8-sig,.asp,False,TEXT,46bab18c,"(2008, 8, 1, 20, 0, 0)",analysis/vendor-artifacts/network-fix/高级后台断网修复包1/www/status_wanlink.asp
高级后台断网修复包-1.zip,高级后台断网修复包1/www/system_status_data.asp,39,6d3dbd0c6da44d47e09e46a4e02f47672d16004015b1d6601c3dd1059932a593,TEXT/utf-8-sig,.asp,False,TEXT,30ed4b31,"(2008, 8, 1, 20, 0, 0)",analysis/vendor-artifacts/network-fix/高级后台断网修复包1/www/system_status_data.asp
高级后台断网修复包-1.zip,高级后台断网修复包1/www/underscore.base.js,16415,951349bd5206d7885ec9d7e299f2115618eeefdd9f9c53fdb834187aee291f03,TEXT/utf-8-sig,.js,False,TEXT,d7fd0ec4,"(2008, 8, 1, 20, 0, 0)",analysis/vendor-artifacts/network-fix/高级后台断网修复包1/www/underscore.base.js
高级后台断网修复包-1.zip,高级后台断网修复包1/www/util.js,4387,6a31e33323d92cc746e040891cea3ae7f83b8222568dfdf0130909e75119b866,TEXT/utf-8-sig,.js,False,TEXT,48d71b31,"(2008, 8, 1, 20, 0, 0)",analysis/vendor-artifacts/network-fix/高级后台断网修复包1/www/util.js
高级后台断网修复包-1.zip,高级后台断网修复包1/www/wds_aplist.asp,33,f2df5b3a27333841f3304778f8d8d15696dad3de8348ed0d3e97f6eab6b9cfb2,TEXT/utf-8-sig,.asp,False,TEXT,f7507b41,"(2008, 8, 1, 20, 0, 0)",analysis/vendor-artifacts/network-fix/高级后台断网修复包1/www/wds_aplist.asp
高级后台断网修复包-1.zip,高级后台断网修复包1/www/wds_aplist_2g.asp,33,0451b442bc27f3a79d4ad9b725a72906462f2222d01c2bc3d9fe0d66aa0b7b58,TEXT/utf-8-sig,.asp,False,TEXT,93311688,"(2008, 8, 1, 20, 0, 0)",analysis/vendor-artifacts/network-fix/高级后台断网修复包1/www/wds_aplist_2g.asp
高级后台断网修复包-1.zip,高级后台断网修复包1/www/webuibd,28,55e961d9b66bfe1d4c13ed69717d5a09aed2ec776246aaa64ab27ad6cefff31f,TEXT/utf-8-sig,,False,TEXT,213b7e55,"(2024, 11, 17, 17, 53, 20)",analysis/vendor-artifacts/network-fix/高级后台断网修复包1/www/webuibd
高级后台断网修复包-1.zip,高级后台断网修复包1/www/wireless.js,26508,5fd2f3f1732bf6048933001af0d321a3ff4230fe8687834199e97462f1ee61d8,TEXT/utf-8-sig,.js,False,TEXT,cc863241,"(2008, 8, 1, 20, 0, 0)",analysis/vendor-artifacts/network-fix/高级后台断网修复包1/www/wireless.js
高级后台断网修复包-1.zip,高级后台断网修复包1/www/wireless2.js,26984,eab23de1079a96838940d2226da4ca2a23bfc343eb89b9bf77b84d33aac88e8e,TEXT/utf-8-sig,.js,False,TEXT,d581e86f,"(2008, 8, 1, 20, 0, 0)",analysis/vendor-artifacts/network-fix/高级后台断网修复包1/www/wireless2.js
高级后台断网修复包-1.zip,高级后台断网修复包1/www/wireless_2g.js,26447,426d720a4d4b1eadaedb84402eda95b64fbca9dfd9f6fabc952549d5796effd2,TEXT/utf-8-sig,.js,False,TEXT,51121914,"(2008, 8, 1, 20, 0, 0)",analysis/vendor-artifacts/network-fix/高级后台断网修复包1/www/wireless_2g.js
高级后台断网修复包-1.zip,高级后台断网修复包1/www/www_bak/1/www/Advanced_CellLock_Content.asp,4878,819cac17eb0048c93ed2414a135048c72029ecacd4b8adf6a1a26bcd1d8a7982,TEXT/utf-8-sig,.asp,False,TEXT,27f57f22,"(2024, 10, 4, 15, 13, 34)",analysis/vendor-artifacts/network-fix/高级后台断网修复包1/www/www_bak/1/www/Advanced_CellLock_Content.asp
高级后台断网修复包-1.zip,高级后台断网修复包1/www/www_bak/1/www/Advanced_MIMEI_Content.asp,7907,7e8e223425050d6415cc17ff7e253ba9462d40cf1efc9b467b6e9bc89b9e1eeb,TEXT/utf-8-sig,.asp,False,TEXT,3425e88a,"(2024, 10, 4, 15, 11, 50)",analysis/vendor-artifacts/network-fix/高级后台断网修复包1/www/www_bak/1/www/Advanced_MIMEI_Content.asp
高级后台断网修复包-1.zip,高级后台断网修复包1/www/www_bak/1/www/Advanced_Settings_Band.asp,19167,1b072348ca561a35c828a9e8265afe1d954c5fb247694797869ff14dece83c62,TEXT/utf-8-sig,.asp,False,TEXT,6d6fe11c,"(2024, 10, 4, 15, 10, 54)",analysis/vendor-artifacts/network-fix/高级后台断网修复包1/www/www_bak/1/www/Advanced_Settings_Band.asp
高级后台断网修复包-1.zip,高级后台断网修复包1/www/www_bak/1/www/Advanced_Settings_Content.asp,12788,301be3a45db4a44d7889c6236e90c688ca4be25b85853c2581f954fc1e7c4cdc,TEXT/utf-8-sig,.asp,False,TEXT,2ecabc9d,"(2024, 10, 4, 15, 10, 12)",analysis/vendor-artifacts/network-fix/高级后台断网修复包1/www/www_bak/1/www/Advanced_Settings_Content.asp
高级后台断网修复包-1.zip,高级后台断网修复包1/www/www_bak/1/www/device-map/internet.asp,16030,cc1fb5b3d93ee1f4c204825785043439646a935b14080264955cfb2cc638cd68,TEXT/utf-8-sig,.asp,False,TEXT,3423a070,"(2024, 9, 20, 22, 10, 38)",analysis/vendor-artifacts/network-fix/高级后台断网修复包1/www/www_bak/1/www/device-map/internet.asp
高级后台断网修复包-1.zip,高级后台断网修复包1/www/www_bak/1/www/device-map/system.asp,16362,8938e924bb1b7b93af0fc54d05e3afbc15cbba34fdc721b512b2c90330974ebc,TEXT/utf-8-sig,.asp,False,TEXT,07060742,"(2024, 7, 24, 9, 48, 38)",analysis/vendor-artifacts/network-fix/高级后台断网修复包1/www/www_bak/1/www/device-map/system.asp
高级后台断网修复包-1.zip,高级后台断网修复包1/www/www_bak/1/www/state.js,53904,d93aaf5de17e8b7b04befa620a1454e69d294cd1b12b3dd570115c745ca27727,TEXT/utf-8-sig,.js,False,TEXT,a4990b4f,"(2024, 10, 6, 11, 30, 2)",analysis/vendor-artifacts/network-fix/高级后台断网修复包1/www/www_bak/1/www/state.js
高级后台断网修复包-1.zip,高级后台断网修复包1/www/www_bak/2/www/Advanced_CellLock_Content.asp,4878,985f95b078c5e26a22a3fd57a6aab9e4fcc731332e4796ad08edc5f65ce44c41,TEXT/utf-8-sig,.asp,False,TEXT,a3148679,"(2024, 9, 18, 23, 40, 28)",analysis/vendor-artifacts/network-fix/高级后台断网修复包1/www/www_bak/2/www/Advanced_CellLock_Content.asp
高级后台断网修复包-1.zip,高级后台断网修复包1/www/www_bak/2/www/Advanced_Charge_Control.asp,17428,bd22a8aa650ce50ba0f21ef17124ccbb989968c02d8072444ea5093c733dd011,TEXT/utf-8-sig,.asp,False,TEXT,f21a6cc0,"(2025, 6, 17, 16, 7, 58)",analysis/vendor-artifacts/network-fix/高级后台断网修复包1/www/www_bak/2/www/Advanced_Charge_Control.asp
高级后台断网修复包-1.zip,高级后台断网修复包1/www/www_bak/2/www/Advanced_FlowCtl_Content.asp,28197,2d12c8a320e1851b19d373b265392f53cb293f836d7a375be00b87484c600c23,TEXT/utf-8-sig,.asp,False,TEXT,3d48e530,"(2025, 6, 17, 16, 4, 56)",analysis/vendor-artifacts/network-fix/高级后台断网修复包1/www/www_bak/2/www/Advanced_FlowCtl_Content.asp
高级后台断网修复包-1.zip,高级后台断网修复包1/www/www_bak/2/www/Advanced_MIMEI_Content.asp,7907,c87f981095fb69a486456ffeb8c42d9bf06c0fd5db9ada7c9e392ca2338df825,TEXT/utf-8-sig,.asp,False,TEXT,63575e7b,"(2025, 6, 17, 16, 4, 2)",analysis/vendor-artifacts/network-fix/高级后台断网修复包1/www/www_bak/2/www/Advanced_MIMEI_Content.asp
高级后台断网修复包-1.zip,高级后台断网修复包1/www/www_bak/2/www/Advanced_SMS_Forward.asp,11663,1a6c5d14d79b433a1e57fde2c27209a19279868cbe2d62e0441eff20c78123ca,TEXT/utf-8-sig,.asp,False,TEXT,f27420d2,"(2024, 9, 10, 9, 8, 22)",analysis/vendor-artifacts/network-fix/高级后台断网修复包1/www/www_bak/2/www/Advanced_SMS_Forward.asp
高级后台断网修复包-1.zip,高级后台断网修复包1/www/www_bak/2/www/Advanced_Settings_AT.asp,8951,dce7f4286b5aadaf285c73ea1029fde4fd494fed5fe71bb03a8a78f51b7a15d4,TEXT/utf-8-sig,.asp,False,TEXT,7041cee2,"(2025, 6, 17, 16, 9, 0)",analysis/vendor-artifacts/network-fix/高级后台断网修复包1/www/www_bak/2/www/Advanced_Settings_AT.asp
高级后台断网修复包-1.zip,高级后台断网修复包1/www/www_bak/2/www/Advanced_Settings_Band.asp,19167,33520c27a325362385d093d871da3630ec1e43f9f871f15df276cf80976a03af,TEXT/utf-8-sig,.asp,False,TEXT,159626fa,"(2024, 9, 18, 23, 38, 14)",analysis/vendor-artifacts/network-fix/高级后台断网修复包1/www/www_bak/2/www/Advanced_Settings_Band.asp
高级后台断网修复包-1.zip,高级后台断网修复包1/www/www_bak/2/www/Advanced_Settings_Content.asp,12788,2f66ddedac201bc0f8f479a9e7ac754eee5b7ce8a5ff785187527fe3b5880ff1,TEXT/utf-8-sig,.asp,False,TEXT,e6f4c9f3,"(2024, 9, 18, 23, 37, 4)",analysis/vendor-artifacts/network-fix/高级后台断网修复包1/www/www_bak/2/www/Advanced_Settings_Content.asp
高级后台断网修复包-1.zip,高级后台断网修复包1/www/www_bak/2/www/Advanced_System_Info.asp,11735,4d47d6dda69a0bbb23f0ed19a9786e59629ddf430e156970a2cc8ede54a28058,TEXT/utf-8-sig,.asp,False,TEXT,ef048a4f,"(2025, 6, 17, 15, 53, 34)",analysis/vendor-artifacts/network-fix/高级后台断网修复包1/www/www_bak/2/www/Advanced_System_Info.asp
高级后台断网修复包-1.zip,高级后台断网修复包1/www/www_bak/2/www/Advanced_System_Status.asp,28242,bb1214b51380258da5761d39238bf30b4939bc8978d3297f13ff21e1057afeeb,TEXT/utf-8-sig,.asp,False,TEXT,758ab0a6,"(2025, 6, 17, 16, 1, 22)",analysis/vendor-artifacts/network-fix/高级后台断网修复包1/www/www_bak/2/www/Advanced_System_Status.asp
高级后台断网修复包-1.zip,高级后台断网修复包1/www/www_bak/2/www/device-map/internet.asp,16030,cc1fb5b3d93ee1f4c204825785043439646a935b14080264955cfb2cc638cd68,TEXT/utf-8-sig,.asp,False,TEXT,3423a070,"(2024, 9, 20, 22, 10, 38)",analysis/vendor-artifacts/network-fix/高级后台断网修复包1/www/www_bak/2/www/device-map/internet.asp
高级后台断网修复包-1.zip,高级后台断网修复包1/www/www_bak/2/www/device-map/system.asp,16362,8938e924bb1b7b93af0fc54d05e3afbc15cbba34fdc721b512b2c90330974ebc,TEXT/utf-8-sig,.asp,False,TEXT,07060742,"(2024, 7, 24, 9, 48, 38)",analysis/vendor-artifacts/network-fix/高级后台断网修复包1/www/www_bak/2/www/device-map/system.asp
高级后台断网修复包-1.zip,高级后台断网修复包1/www/www_bak/2/www/feiliu.asp,8090,46b1a07f0a05cd1605641f48db41704f1e1eafe6c77ef9721a6b9249e964cf43,TEXT/utf-8-sig,.asp,False,TEXT,dd847367,"(2025, 7, 26, 10, 46, 34)",analysis/vendor-artifacts/network-fix/高级后台断网修复包1/www/www_bak/2/www/feiliu.asp
高级后台断网修复包-1.zip,高级后台断网修复包1/www/www_bak/2/www/state.js,54167,97e1ac34c4a485264c9786bbd386bc5972078fb7732d0c5469e107a60aa4a10b,TEXT/utf-8-sig,.js,False,TEXT,dbbc0575,"(2025, 6, 17, 15, 53, 24)",analysis/vendor-artifacts/network-fix/高级后台断网修复包1/www/www_bak/2/www/state.js
高级后台断网修复包-1.zip,高级后台断网修复包1/www/www_bak/3/www/Advanced_AtCmd.asp,6545,348a8ca22166b5819aff7382befc469c2a27bfb525301b9ca106f5ac048d1891,TEXT/utf-8-sig,.asp,False,TEXT,9a32ab44,"(2024, 12, 4, 11, 12, 42)",analysis/vendor-artifacts/network-fix/高级后台断网修复包1/www/www_bak/3/www/Advanced_AtCmd.asp
高级后台断网修复包-1.zip,高级后台断网修复包1/www/www_bak/3/www/Advanced_ChargeCtl.asp,13305,296cc29639b4610773a830d3ae96df2aa8d7d4cee9e218ccee4d930a4c17ed5b,TEXT/utf-8-sig,.asp,False,TEXT,d7a094dc,"(2024, 12, 4, 10, 52, 52)",analysis/vendor-artifacts/network-fix/高级后台断网修复包1/www/www_bak/3/www/Advanced_ChargeCtl.asp
高级后台断网修复包-1.zip,高级后台断网修复包1/www/www_bak/3/www/Advanced_Charge_Control.asp,17429,f4ac5dac5edfd1f1c4bcbc41569a3a689fdb5d55e373a91e86e299be211307bf,TEXT/utf-8-sig,.asp,False,TEXT,f30dbddb,"(2024, 9, 12, 21, 12, 56)",analysis/vendor-artifacts/network-fix/高级后台断网修复包1/www/www_bak/3/www/Advanced_Charge_Control.asp
高级后台断网修复包-1.zip,高级后台断网修复包1/www/www_bak/3/www/Advanced_FlowCtl_Content.asp,28197,326ac5019c392872eca6f3f01e834c393414bf4942e3ae56667a7961a6ba062a,TEXT/utf-8-sig,.asp,False,TEXT,d90efe00,"(2024, 9, 12, 21, 12, 56)",analysis/vendor-artifacts/network-fix/高级后台断网修复包1/www/www_bak/3/www/Advanced_FlowCtl_Content.asp
高级后台断网修复包-1.zip,高级后台断网修复包1/www/www_bak/3/www/Advanced_MIMEI_Content.asp,6029,2b8b3441401bea1deef492c6c9c59af6b493fc46ff38021da78d87a11f9af06e,TEXT/utf-8-sig,.asp,False,TEXT,5b4fa038,"(2024, 12, 1, 13, 3, 22)",analysis/vendor-artifacts/network-fix/高级后台断网修复包1/www/www_bak/3/www/Advanced_MIMEI_Content.asp
高级后台断网修复包-1.zip,高级后台断网修复包1/www/www_bak/3/www/Advanced_SMS_Fwd.asp,14385,b50986a7eeeb648a18f9e7545e4841286561a0dc98b05f0cab3d936a8e05e053,TEXT/utf-8-sig,.asp,False,TEXT,451959c8,"(2024, 12, 4, 11, 20, 24)",analysis/vendor-artifacts/network-fix/高级后台断网修复包1/www/www_bak/3/www/Advanced_SMS_Fwd.asp
高级后台断网修复包-1.zip,高级后台断网修复包1/www/www_bak/3/www/Advanced_Settings_Band.asp,19167,1b072348ca561a35c828a9e8265afe1d954c5fb247694797869ff14dece83c62,TEXT/utf-8-sig,.asp,False,TEXT,6d6fe11c,"(2024, 10, 4, 15, 10, 54)",analysis/vendor-artifacts/network-fix/高级后台断网修复包1/www/www_bak/3/www/Advanced_Settings_Band.asp
高级后台断网修复包-1.zip,高级后台断网修复包1/www/www_bak/3/www/Advanced_Settings_Content.asp,14442,fc6a6d5836e9c491dc4cc23c50c6f9ee0ae1e4785e378a2807d77f2e5e9316a1,TEXT/utf-8-sig,.asp,False,TEXT,6b37cf1b,"(2024, 12, 1, 13, 3, 22)",analysis/vendor-artifacts/network-fix/高级后台断网修复包1/www/www_bak/3/www/Advanced_Settings_Content.asp
高级后台断网修复包-1.zip,高级后台断网修复包1/www/www_bak/3/www/Advanced_Switch_Sim.asp,13362,b8a82a9022a3344048bea2825bbbbca4e0fe245d3b8d8ce79f2985c0990a2634,TEXT/utf-8-sig,.asp,False,TEXT,be5c9f7e,"(2024, 12, 4, 11, 14, 20)",analysis/vendor-artifacts/network-fix/高级后台断网修复包1/www/www_bak/3/www/Advanced_Switch_Sim.asp
高级后台断网修复包-1.zip,高级后台断网修复包1/www/www_bak/3/www/Advanced_SysCtl.asp,5542,b404dc2eab6d76ceaf8182223b3dce383228e68cdad0d96447fa47f9ddce2302,TEXT/utf-8-sig,.asp,False,TEXT,5a8c4484,"(2025, 6, 17, 15, 34, 16)",analysis/vendor-artifacts/network-fix/高级后台断网修复包1/www/www_bak/3/www/Advanced_SysCtl.asp
高级后台断网修复包-1.zip,高级后台断网修复包1/www/www_bak/3/www/Advanced_SysInfo.asp,23722,a1d5ae544b13d1f67d30be7d90e5dd78c9a5ef6f5dd10d36326ca3d6031f9bba,TEXT/utf-8-sig,.asp,False,TEXT,d33e39c2,"(2024, 12, 4, 10, 47, 24)",analysis/vendor-artifacts/network-fix/高级后台断网修复包1/www/www_bak/3/www/Advanced_SysInfo.asp
高级后台断网修复包-1.zip,高级后台断网修复包1/www/www_bak/3/www/Advanced_System_Info.asp,11735,115492905eabe7b113614c759a11463ab99d3764e01fcaa007f8ae4c24a406ab,TEXT/utf-8-sig,.asp,False,TEXT,2e9c74e4,"(2024, 12, 1, 13, 3, 22)",analysis/vendor-artifacts/network-fix/高级后台断网修复包1/www/www_bak/3/www/Advanced_System_Info.asp
高级后台断网修复包-1.zip,高级后台断网修复包1/www/www_bak/3/www/Advanced_System_Status.asp,28244,57ea88ee3cb8a65ca8dfa555b027fe8eeb989541eecc52e81bbfbcf9ca92ed7a,TEXT/utf-8-sig,.asp,False,TEXT,7993738a,"(2024, 9, 12, 21, 12, 56)",analysis/vendor-artifacts/network-fix/高级后台断网修复包1/www/www_bak/3/www/Advanced_System_Status.asp
高级后台断网修复包-1.zip,高级后台断网修复包1/www/www_bak/3/www/Advanced_TimedReboot.asp,14713,1977290652388ee650e82d51ff9cf5489e2cd4956398a6d9f72888deb62a4579,TEXT/utf-8-sig,.asp,False,TEXT,3a48d6fe,"(2024, 12, 4, 11, 8, 48)",analysis/vendor-artifacts/network-fix/高级后台断网修复包1/www/www_bak/3/www/Advanced_TimedReboot.asp
高级后台断网修复包-1.zip,高级后台断网修复包1/www/www_bak/3/www/Advanced_TrafficLimit.asp,16607,0ced1ef759e4668a37c28191577bbe5b032725ca4fe5eebbe18402e39dc75686,TEXT/utf-8-sig,.asp,False,TEXT,ee9a52d8,"(2024, 12, 4, 11, 0, 38)",analysis/vendor-artifacts/network-fix/高级后台断网修复包1/www/www_bak/3/www/Advanced_TrafficLimit.asp
高级后台断网修复包-1.zip,高级后台断网修复包1/www/www_bak/3/www/Advanced_WebShell.asp,4504,cee93459596500e1a11b5760ce5339b6ac6de884987e5ecfc0459d692287134d,TEXT/utf-8-sig,.asp,False,TEXT,0af38e19,"(2024, 12, 8, 14, 59, 22)",analysis/vendor-artifacts/network-fix/高级后台断网修复包1/www/www_bak/3/www/Advanced_WebShell.asp
高级后台断网修复包-1.zip,高级后台断网修复包1/www/www_bak/3/www/Advanced_jisuanqi.asp,4878,819cac17eb0048c93ed2414a135048c72029ecacd4b8adf6a1a26bcd1d8a7982,TEXT/utf-8-sig,.asp,False,TEXT,27f57f22,"(2025, 2, 28, 17, 28, 12)",analysis/vendor-artifacts/network-fix/高级后台断网修复包1/www/www_bak/3/www/Advanced_jisuanqi.asp
高级后台断网修复包-1.zip,高级后台断网修复包1/www/www_bak/3/www/device-map/system.asp,16362,8938e924bb1b7b93af0fc54d05e3afbc15cbba34fdc721b512b2c90330974ebc,TEXT/utf-8-sig,.asp,False,TEXT,07060742,"(2024, 9, 12, 21, 12, 56)",analysis/vendor-artifacts/network-fix/高级后台断网修复包1/www/www_bak/3/www/device-map/system.asp
高级后台断网修复包-1.zip,高级后台断网修复包1/www/www_bak/3/www/echarts.js,3365973,ad4855da4513fe036a068ff0df6f98054b81b1c11e4ca21ce522fd82507d017b,TEXT/utf-8-sig,.js,False,TEXT,92b4c2fc,"(2024, 12, 1, 13, 3, 22)",analysis/vendor-artifacts/network-fix/高级后台断网修复包1/www/www_bak/3/www/echarts.js
高级后台断网修复包-1.zip,高级后台断网修复包1/www/www_bak/3/www/feiliu.asp,8090,3b950e908353d3d625ee5d42a470c78d4eba9e5bbb11c27db66ada7b8e7a7a7a,TEXT/utf-8-sig,.asp,False,TEXT,be99df65,"(2025, 7, 26, 10, 46, 52)",analysis/vendor-artifacts/network-fix/高级后台断网修复包1/www/www_bak/3/www/feiliu.asp
高级后台断网修复包-1.zip,高级后台断网修复包1/www/www_bak/3/www/general.js,41465,a38fcd52fceb151e278e78b3d1cd6230e4940f48c35e99de9fe519aea45f8c6f,TEXT/utf-8-sig,.js,False,TEXT,5ca3df91,"(2024, 9, 12, 21, 12, 56)",analysis/vendor-artifacts/network-fix/高级后台断网修复包1/www/www_bak/3/www/general.js
高级后台断网修复包-1.zip,高级后台断网修复包1/www/www_bak/3/www/state.js,53678,2394cbfb6a398a62cef68b9021a3e6ab43e5f025cfb5ec6ee098cd675f2f9ef8,TEXT/utf-8-sig,.js,False,TEXT,b4acc0db,"(2025, 6, 17, 15, 31, 44)",analysis/vendor-artifacts/network-fix/高级后台断网修复包1/www/www_bak/3/www/state.js
高级后台断网修复包-1.zip,高级后台断网修复包1/双击一键刷入www.bat,952,16480dec108c254fca7bbba9f226c193afc21a064a6f31f5d3dba45b7b20a5ba,TEXT/gb18030,.bat,True,TEXT,30960b63,"(2008, 1, 1, 2, 49, 6)",analysis/vendor-artifacts/network-fix/高级后台断网修复包1/双击一键刷入www.bat
